  0
SECTION
  2
HEADER
  9
$ACADVER
  1
AC1018
  9
$HANDSEED
  5
FFFFFFFF
  9
$ANGBASE
  50
0.0
  9
$ANGDIR
  70
1
  9
$MEASUREMENT
  70
0
  9
$INSUNITS
  70
1
  0
ENDSEC
  0
SECTION
  2
TABLES
  0
TABLE
  2
APPID
  5
1
330
0
100
AcDbSymbolTable
 70
1
  0
APPID
  5
2
330
1
100
AcDbSymbolTableRecord
100
AcDbRegAppTableRecord
  2
ACAD
 70
0
  0
ENDTAB
  0
TABLE
  2
LTYPE
  5
3
330
0
100
AcDbSymbolTable
 70
6
  0
LTYPE
  5
4
330
3
100
AcDbSymbolTableRecord
100
AcDbLinetypeTableRecord
  2
ByBlock
 70
0
  3

 72
65
 73
0
 40
0
  0
LTYPE
  5
5
330
3
100
AcDbSymbolTableRecord
100
AcDbLinetypeTableRecord
  2
ByLayer
 70
0
  3

 72
65
 73
0
 40
0
  0
LTYPE
  5
6
330
3
100
AcDbSymbolTableRecord
100
AcDbLinetypeTableRecord
  2
CONTINUOUS
 70
0
  3
Solid line
 72
65
 73
0
 40
0
  0
LTYPE
  5
7
330
3
100
AcDbSymbolTableRecord
100
AcDbLinetypeTableRecord
  2
DASHDOT
 70
0
  3
Dash Dot ____ _ ____ _
 72
65
 73
4
 40
2
 49
1.25
 74
0
 49
-0.25
 74
0
 49
0.25
 74
0
 49
-0.25
 74
0
  0
LTYPE
  5
8
330
3
100
AcDbSymbolTableRecord
100
AcDbLinetypeTableRecord
  2
DASHED
 70
0
  3
Dashed __ __ __ __ __
 72
65
 73
2
 40
0.75
 49
0.5
 74
0
 49
-0.25
 74
0
  0
LTYPE
  5
9
330
3
100
AcDbSymbolTableRecord
100
AcDbLinetypeTableRecord
  2
DOTTED
 70
0
  3
Dotted .  .  .  .
 72
65
 73
2
 40
0.2
 49
0.0
 74
0
 49
-0.2
 74
0
  0
ENDTAB
  0
TABLE
  2
STYLE
  5
A
330
0
100
AcDbSymbolTable
 70
4
  0
STYLE
  5
B
330
A
100
AcDbSymbolTableRecord
100
AcDbTextStyleTableRecord
  2
KICAD
 70
0
 40
0
 41
1
 42
1
 50
0
 71
0
  3
isocp.shx
  0
STYLE
  5
C
330
A
100
AcDbSymbolTableRecord
100
AcDbTextStyleTableRecord
  2
KICADB
 70
0
 40
0
 41
1
 42
1
 50
0
 71
0
  3
isocp.shx
  0
STYLE
  5
D
330
A
100
AcDbSymbolTableRecord
100
AcDbTextStyleTableRecord
  2
KICADI
 70
0
 40
0
 41
1
 42
1
 50
15
 71
0
  3
isocp.shx
  0
STYLE
  5
E
330
A
100
AcDbSymbolTableRecord
100
AcDbTextStyleTableRecord
  2
KICADBI
 70
0
 40
0
 41
1
 42
1
 50
15
 71
0
  3
isocp.shx
  0
ENDTAB
  0
TABLE
  2
LAYER
  5
F
330
0
100
AcDbSymbolTable
 70
2
  0
LAYER
  5
12
330
F
100
AcDbSymbolTableRecord
100
AcDbLayerTableRecord
  2
0
 70
0
 62
7
  6
CONTINUOUS
390
10
  0
LAYER
  5
13
330
F
100
AcDbSymbolTableRecord
100
AcDbLayerTableRecord
  2
BLACK
 70
0
 62
250
  6
CONTINUOUS
390
10
  0
ENDTAB
  0
TABLE
  2
VPORT
  5
14
330
0
100
AcDbSymbolTable
 70
0
  0
ENDTAB
  0
TABLE
  2
VIEW
  5
15
330
0
100
AcDbSymbolTable
 70
0
  0
ENDTAB
  0
TABLE
  2
UCS
  5
16
330
0
100
AcDbSymbolTable
 70
0
  0
ENDTAB
  0
TABLE
  2
DIMSTYLE
  5
17
330
0
100
AcDbSymbolTable
 70
1
100
AcDbDimStyleTable
 71
0
  0
DIMSTYLE
105
18
330
17
100
AcDbSymbolTableRecord
100
AcDbDimStyleTableRecord
  2
Standard
 70
0
  0
ENDTAB
  0
TABLE
  2
BLOCK_RECORD
  5
19
330
0
100
AcDbSymbolTable
 70
3
  0
BLOCK_RECORD
  5
1A
330
19
100
AcDbSymbolTableRecord
100
AcDbBlockTableRecord
  2
*Model_Space
340
1D
 70
0
280
1
281
0
  0
BLOCK_RECORD
  5
1B
330
19
100
AcDbSymbolTableRecord
100
AcDbBlockTableRecord
  2
*Paper_Space
340
1E
 70
0
280
1
281
0
  0
BLOCK_RECORD
  5
1C
330
19
100
AcDbSymbolTableRecord
100
AcDbBlockTableRecord
  2
*Paper_Space0
340
1F
 70
0
280
1
281
0
  0
ENDTAB
  0
ENDSEC
  0
SECTION
  2
BLOCKS
  0
BLOCK
  5
23
330
1A
100
AcDbEntity
  8
0
100
AcDbBlockBegin
  2
*Model_Space
 70
0
 10
0.0
 20
0.0
 30
0.0
  3
*Model_Space
  1

  0
ENDBLK
  5
22
330
1A
100
AcDbEntity
  8
0
100
AcDbBlockEnd
  0
BLOCK
  5
25
330
1B
100
AcDbEntity
 67
1
  8
0
100
AcDbBlockBegin
  2
*Paper_Space
 70
0
 10
0.0
 20
0.0
 30
0.0
  3
*Paper_Space
  1

  0
ENDBLK
  5
24
330
1B
100
AcDbEntity
 67
1
  8
0
100
AcDbBlockEnd
  0
BLOCK
  5
27
330
1C
100
AcDbEntity
 67
1
  8
0
100
AcDbBlockBegin
  2
*Paper_Space0
 70
0
 10
0.0
 20
0.0
 30
0.0
  3
*Paper_Space0
  1

  0
ENDBLK
  5
26
330
1C
100
AcDbEntity
 67
1
  8
0
100
AcDbBlockEnd
  0
ENDSEC
  0
SECTION
  2
ENTITIES
  0
LINE
  5
28
330
1A
100
AcDbEntity
  8
BLACK
  6
CONTINUOUS
100
AcDbLine
 10
0.7617429527559055
 20
0.5802507874015748
 30
0
 11
0.7649361023622047
 21
0.5781172047244094
 31
0
  0
LINE
  5
29
330
1A
100
AcDbEntity
  8
BLACK
  6
CONTINUOUS
100
AcDbLine
 10
0.7649361023622047
 20
0.5781172047244094
 30
0
 11
0.76706968503937
 21
0.5749240551181102
 31
0
  0
LINE
  5
2A
330
1A
100
AcDbEntity
  8
BLACK
  6
CONTINUOUS
100
AcDbLine
 10
0.76706968503937
 20
0.5749240551181102
 30
0
 11
0.7678188976377952
 21
0.5711574803149606
 31
0
  0
LINE
  5
2B
330
1A
100
AcDbEntity
  8
BLACK
  6
CONTINUOUS
100
AcDbLine
 10
0.7678188976377952
 20
0.5711574803149606
 30
0
 11
0.7678188976377952
 21
0.4845433070866141
 31
0
  0
LINE
  5
2C
330
1A
100
AcDbEntity
  8
BLACK
  6
CONTINUOUS
100
AcDbLine
 10
0.7678188976377952
 20
0.4845433070866141
 30
0
 11
0.76706968503937
 21
0.4807767322834646
 31
0
  0
LINE
  5
2D
330
1A
100
AcDbEntity
  8
BLACK
  6
CONTINUOUS
100
AcDbLine
 10
0.76706968503937
 20
0.4807767322834646
 30
0
 11
0.7649361023622047
 21
0.4775835826771653
 31
0
  0
LINE
  5
2E
330
1A
100
AcDbEntity
  8
BLACK
  6
CONTINUOUS
100
AcDbLine
 10
0.7649361023622047
 20
0.4775835826771653
 30
0
 11
0.7617429527559055
 21
0.47545
 31
0
  0
LINE
  5
2F
330
1A
100
AcDbEntity
  8
BLACK
  6
CONTINUOUS
100
AcDbLine
 10
0.7617429527559055
 20
0.47545
 30
0
 11
0.7579763779527559
 21
0.4747007874015748
 31
0
  0
LINE
  5
30
330
1A
100
AcDbEntity
  8
BLACK
  6
CONTINUOUS
100
AcDbLine
 10
0.7579763779527559
 20
0.4747007874015748
 30
0
 11
0.7382913385826771
 21
0.4747007874015748
 31
0
  0
LINE
  5
31
330
1A
100
AcDbEntity
  8
BLACK
  6
CONTINUOUS
100
AcDbLine
 10
0.7382913385826771
 20
0.4747007874015748
 30
0
 11
0.7345247637795276
 21
0.47545
 31
0
  0
LINE
  5
32
330
1A
100
AcDbEntity
  8
BLACK
  6
CONTINUOUS
100
AcDbLine
 10
0.7345247637795276
 20
0.47545
 30
0
 11
0.7313316141732283
 21
0.4775835826771653
 31
0
  0
LINE
  5
33
330
1A
100
AcDbEntity
  8
BLACK
  6
CONTINUOUS
100
AcDbLine
 10
0.7313316141732283
 20
0.4775835826771653
 30
0
 11
0.729198031496063
 21
0.4807767322834646
 31
0
  0
LINE
  5
34
330
1A
100
AcDbEntity
  8
BLACK
  6
CONTINUOUS
100
AcDbLine
 10
0.729198031496063
 20
0.4807767322834646
 30
0
 11
0.7284488188976378
 21
0.4845433070866141
 31
0
  0
LINE
  5
35
330
1A
100
AcDbEntity
  8
BLACK
  6
CONTINUOUS
100
AcDbLine
 10
0.7284488188976378
 20
0.4845433070866141
 30
0
 11
0.7284488188976378
 21
0.5711574803149606
 31
0
  0
LINE
  5
36
330
1A
100
AcDbEntity
  8
BLACK
  6
CONTINUOUS
100
AcDbLine
 10
0.7284488188976378
 20
0.5711574803149606
 30
0
 11
0.729198031496063
 21
0.5749240551181102
 31
0
  0
LINE
  5
37
330
1A
100
AcDbEntity
  8
BLACK
  6
CONTINUOUS
100
AcDbLine
 10
0.729198031496063
 20
0.5749240551181102
 30
0
 11
0.7313316141732283
 21
0.5781172047244094
 31
0
  0
LINE
  5
38
330
1A
100
AcDbEntity
  8
BLACK
  6
CONTINUOUS
100
AcDbLine
 10
0.7313316141732283
 20
0.5781172047244094
 30
0
 11
0.7345247637795276
 21
0.5802507874015748
 31
0
  0
LINE
  5
39
330
1A
100
AcDbEntity
  8
BLACK
  6
CONTINUOUS
100
AcDbLine
 10
0.7345247637795276
 20
0.5802507874015748
 30
0
 11
0.7382913385826771
 21
0.581
 31
0
  0
LINE
  5
3A
330
1A
100
AcDbEntity
  8
BLACK
  6
CONTINUOUS
100
AcDbLine
 10
0.7382913385826771
 20
0.581
 30
0
 11
0.7579763779527559
 21
0.581
 31
0
  0
LINE
  5
3B
330
1A
100
AcDbEntity
  8
BLACK
  6
CONTINUOUS
100
AcDbLine
 10
0.7579763779527559
 20
0.581
 30
0
 11
0.7617429527559055
 21
0.5802507874015748
 31
0
  0
LINE
  5
3C
330
1A
100
AcDbEntity
  8
BLACK
  6
CONTINUOUS
100
AcDbLine
 10
1.1534752362204723
 20
0.5802507874015748
 30
0
 11
1.1566683858267717
 21
0.5781172047244094
 31
0
  0
LINE
  5
3D
330
1A
100
AcDbEntity
  8
BLACK
  6
CONTINUOUS
100
AcDbLine
 10
1.1566683858267717
 20
0.5781172047244094
 30
0
 11
1.158801968503937
 21
0.5749240551181102
 31
0
  0
LINE
  5
3E
330
1A
100
AcDbEntity
  8
BLACK
  6
CONTINUOUS
100
AcDbLine
 10
1.158801968503937
 20
0.5749240551181102
 30
0
 11
1.1595511811023622
 21
0.5711574803149606
 31
0
  0
LINE
  5
3F
330
1A
100
AcDbEntity
  8
BLACK
  6
CONTINUOUS
100
AcDbLine
 10
1.1595511811023622
 20
0.5711574803149606
 30
0
 11
1.1595511811023622
 21
0.4845433070866141
 31
0
  0
LINE
  5
40
330
1A
100
AcDbEntity
  8
BLACK
  6
CONTINUOUS
100
AcDbLine
 10
1.1595511811023622
 20
0.4845433070866141
 30
0
 11
1.158801968503937
 21
0.4807767322834646
 31
0
  0
LINE
  5
41
330
1A
100
AcDbEntity
  8
BLACK
  6
CONTINUOUS
100
AcDbLine
 10
1.158801968503937
 20
0.4807767322834646
 30
0
 11
1.1566683858267717
 21
0.4775835826771653
 31
0
  0
LINE
  5
42
330
1A
100
AcDbEntity
  8
BLACK
  6
CONTINUOUS
100
AcDbLine
 10
1.1566683858267717
 20
0.4775835826771653
 30
0
 11
1.1534752362204723
 21
0.47545
 31
0
  0
LINE
  5
43
330
1A
100
AcDbEntity
  8
BLACK
  6
CONTINUOUS
100
AcDbLine
 10
1.1534752362204723
 20
0.47545
 30
0
 11
1.1497086614173229
 21
0.4747007874015748
 31
0
  0
LINE
  5
44
330
1A
100
AcDbEntity
  8
BLACK
  6
CONTINUOUS
100
AcDbLine
 10
1.1497086614173229
 20
0.4747007874015748
 30
0
 11
1.1300236220472442
 21
0.4747007874015748
 31
0
  0
LINE
  5
45
330
1A
100
AcDbEntity
  8
BLACK
  6
CONTINUOUS
100
AcDbLine
 10
1.1300236220472442
 20
0.4747007874015748
 30
0
 11
1.1262570472440945
 21
0.47545
 31
0
  0
LINE
  5
46
330
1A
100
AcDbEntity
  8
BLACK
  6
CONTINUOUS
100
AcDbLine
 10
1.1262570472440945
 20
0.47545
 30
0
 11
1.1230638976377953
 21
0.4775835826771653
 31
0
  0
LINE
  5
47
330
1A
100
AcDbEntity
  8
BLACK
  6
CONTINUOUS
100
AcDbLine
 10
1.1230638976377953
 20
0.4775835826771653
 30
0
 11
1.12093031496063
 21
0.4807767322834646
 31
0
  0
LINE
  5
48
330
1A
100
AcDbEntity
  8
BLACK
  6
CONTINUOUS
100
AcDbLine
 10
1.12093031496063
 20
0.4807767322834646
 30
0
 11
1.1201811023622048
 21
0.4845433070866141
 31
0
  0
LINE
  5
49
330
1A
100
AcDbEntity
  8
BLACK
  6
CONTINUOUS
100
AcDbLine
 10
1.1201811023622048
 20
0.4845433070866141
 30
0
 11
1.1201811023622048
 21
0.5711574803149606
 31
0
  0
LINE
  5
4A
330
1A
100
AcDbEntity
  8
BLACK
  6
CONTINUOUS
100
AcDbLine
 10
1.1201811023622048
 20
0.5711574803149606
 30
0
 11
1.12093031496063
 21
0.5749240551181102
 31
0
  0
LINE
  5
4B
330
1A
100
AcDbEntity
  8
BLACK
  6
CONTINUOUS
100
AcDbLine
 10
1.12093031496063
 20
0.5749240551181102
 30
0
 11
1.1230638976377953
 21
0.5781172047244094
 31
0
  0
LINE
  5
4C
330
1A
100
AcDbEntity
  8
BLACK
  6
CONTINUOUS
100
AcDbLine
 10
1.1230638976377953
 20
0.5781172047244094
 30
0
 11
1.1262570472440945
 21
0.5802507874015748
 31
0
  0
LINE
  5
4D
330
1A
100
AcDbEntity
  8
BLACK
  6
CONTINUOUS
100
AcDbLine
 10
1.1262570472440945
 20
0.5802507874015748
 30
0
 11
1.1300236220472442
 21
0.581
 31
0
  0
LINE
  5
4E
330
1A
100
AcDbEntity
  8
BLACK
  6
CONTINUOUS
100
AcDbLine
 10
1.1300236220472442
 20
0.581
 30
0
 11
1.1497086614173229
 21
0.581
 31
0
  0
LINE
  5
4F
330
1A
100
AcDbEntity
  8
BLACK
  6
CONTINUOUS
100
AcDbLine
 10
1.1497086614173229
 20
0.581
 30
0
 11
1.1534752362204723
 21
0.5802507874015748
 31
0
  0
LINE
  5
50
330
1A
100
AcDbEntity
  8
BLACK
  6
CONTINUOUS
100
AcDbLine
 10
-0.1084381496062992
 20
0.5842507874015748
 30
0
 11
-0.105245
 21
0.5821172047244094
 31
0
  0
LINE
  5
51
330
1A
100
AcDbEntity
  8
BLACK
  6
CONTINUOUS
100
AcDbLine
 10
-0.105245
 20
0.5821172047244094
 30
0
 11
-0.1031114173228346
 21
0.5789240551181102
 31
0
  0
LINE
  5
52
330
1A
100
AcDbEntity
  8
BLACK
  6
CONTINUOUS
100
AcDbLine
 10
-0.1031114173228346
 20
0.5789240551181102
 30
0
 11
-0.1023622047244094
 21
0.5751574803149606
 31
0
  0
LINE
  5
53
330
1A
100
AcDbEntity
  8
BLACK
  6
CONTINUOUS
100
AcDbLine
 10
-0.1023622047244094
 20
0.5751574803149606
 30
0
 11
-0.1023622047244094
 21
0.4885433070866141
 31
0
  0
LINE
  5
54
330
1A
100
AcDbEntity
  8
BLACK
  6
CONTINUOUS
100
AcDbLine
 10
-0.1023622047244094
 20
0.4885433070866141
 30
0
 11
-0.1031114173228346
 21
0.4847767322834646
 31
0
  0
LINE
  5
55
330
1A
100
AcDbEntity
  8
BLACK
  6
CONTINUOUS
100
AcDbLine
 10
-0.1031114173228346
 20
0.4847767322834646
 30
0
 11
-0.105245
 21
0.4815835826771653
 31
0
  0
LINE
  5
56
330
1A
100
AcDbEntity
  8
BLACK
  6
CONTINUOUS
100
AcDbLine
 10
-0.105245
 20
0.4815835826771653
 30
0
 11
-0.1084381496062992
 21
0.47945
 31
0
  0
LINE
  5
57
330
1A
100
AcDbEntity
  8
BLACK
  6
CONTINUOUS
100
AcDbLine
 10
-0.1084381496062992
 20
0.47945
 30
0
 11
-0.1122047244094488
 21
0.4787007874015748
 31
0
  0
LINE
  5
58
330
1A
100
AcDbEntity
  8
BLACK
  6
CONTINUOUS
100
AcDbLine
 10
-0.1122047244094488
 20
0.4787007874015748
 30
0
 11
-0.1318897637795275
 21
0.4787007874015748
 31
0
  0
LINE
  5
59
330
1A
100
AcDbEntity
  8
BLACK
  6
CONTINUOUS
100
AcDbLine
 10
-0.1318897637795275
 20
0.4787007874015748
 30
0
 11
-0.1356563385826772
 21
0.47945
 31
0
  0
LINE
  5
5A
330
1A
100
AcDbEntity
  8
BLACK
  6
CONTINUOUS
100
AcDbLine
 10
-0.1356563385826772
 20
0.47945
 30
0
 11
-0.1388494881889764
 21
0.4815835826771653
 31
0
  0
LINE
  5
5B
330
1A
100
AcDbEntity
  8
BLACK
  6
CONTINUOUS
100
AcDbLine
 10
-0.1388494881889764
 20
0.4815835826771653
 30
0
 11
-0.1409830708661417
 21
0.4847767322834646
 31
0
  0
LINE
  5
5C
330
1A
100
AcDbEntity
  8
BLACK
  6
CONTINUOUS
100
AcDbLine
 10
-0.1409830708661417
 20
0.4847767322834646
 30
0
 11
-0.1417322834645669
 21
0.4885433070866141
 31
0
  0
LINE
  5
5D
330
1A
100
AcDbEntity
  8
BLACK
  6
CONTINUOUS
100
AcDbLine
 10
-0.1417322834645669
 20
0.4885433070866141
 30
0
 11
-0.1417322834645669
 21
0.5751574803149606
 31
0
  0
LINE
  5
5E
330
1A
100
AcDbEntity
  8
BLACK
  6
CONTINUOUS
100
AcDbLine
 10
-0.1417322834645669
 20
0.5751574803149606
 30
0
 11
-0.1409830708661417
 21
0.5789240551181102
 31
0
  0
LINE
  5
5F
330
1A
100
AcDbEntity
  8
BLACK
  6
CONTINUOUS
100
AcDbLine
 10
-0.1409830708661417
 20
0.5789240551181102
 30
0
 11
-0.1388494881889764
 21
0.5821172047244094
 31
0
  0
LINE
  5
60
330
1A
100
AcDbEntity
  8
BLACK
  6
CONTINUOUS
100
AcDbLine
 10
-0.1388494881889764
 20
0.5821172047244094
 30
0
 11
-0.1356563385826772
 21
0.5842507874015748
 31
0
  0
LINE
  5
61
330
1A
100
AcDbEntity
  8
BLACK
  6
CONTINUOUS
100
AcDbLine
 10
-0.1356563385826772
 20
0.5842507874015748
 30
0
 11
-0.1318897637795275
 21
0.585
 31
0
  0
LINE
  5
62
330
1A
100
AcDbEntity
  8
BLACK
  6
CONTINUOUS
100
AcDbLine
 10
-0.1318897637795275
 20
0.585
 30
0
 11
-0.1122047244094488
 21
0.585
 31
0
  0
LINE
  5
63
330
1A
100
AcDbEntity
  8
BLACK
  6
CONTINUOUS
100
AcDbLine
 10
-0.1122047244094488
 20
0.585
 30
0
 11
-0.1084381496062992
 21
0.5842507874015748
 31
0
  0
LINE
  5
64
330
1A
100
AcDbEntity
  8
BLACK
  6
CONTINUOUS
100
AcDbLine
 10
0.184868937007874
 20
0.5842507874015748
 30
0
 11
0.1880620866141732
 21
0.5821172047244094
 31
0
  0
LINE
  5
65
330
1A
100
AcDbEntity
  8
BLACK
  6
CONTINUOUS
100
AcDbLine
 10
0.1880620866141732
 20
0.5821172047244094
 30
0
 11
0.1901956692913386
 21
0.5789240551181102
 31
0
  0
LINE
  5
66
330
1A
100
AcDbEntity
  8
BLACK
  6
CONTINUOUS
100
AcDbLine
 10
0.1901956692913386
 20
0.5789240551181102
 30
0
 11
0.1909448818897638
 21
0.5751574803149606
 31
0
  0
LINE
  5
67
330
1A
100
AcDbEntity
  8
BLACK
  6
CONTINUOUS
100
AcDbLine
 10
0.1909448818897638
 20
0.5751574803149606
 30
0
 11
0.1909448818897638
 21
0.4885433070866141
 31
0
  0
LINE
  5
68
330
1A
100
AcDbEntity
  8
BLACK
  6
CONTINUOUS
100
AcDbLine
 10
0.1909448818897638
 20
0.4885433070866141
 30
0
 11
0.1901956692913386
 21
0.4847767322834646
 31
0
  0
LINE
  5
69
330
1A
100
AcDbEntity
  8
BLACK
  6
CONTINUOUS
100
AcDbLine
 10
0.1901956692913386
 20
0.4847767322834646
 30
0
 11
0.1880620866141732
 21
0.4815835826771653
 31
0
  0
LINE
  5
6A
330
1A
100
AcDbEntity
  8
BLACK
  6
CONTINUOUS
100
AcDbLine
 10
0.1880620866141732
 20
0.4815835826771653
 30
0
 11
0.184868937007874
 21
0.47945
 31
0
  0
LINE
  5
6B
330
1A
100
AcDbEntity
  8
BLACK
  6
CONTINUOUS
100
AcDbLine
 10
0.184868937007874
 20
0.47945
 30
0
 11
0.1811023622047244
 21
0.4787007874015748
 31
0
  0
LINE
  5
6C
330
1A
100
AcDbEntity
  8
BLACK
  6
CONTINUOUS
100
AcDbLine
 10
0.1811023622047244
 20
0.4787007874015748
 30
0
 11
0.1614173228346457
 21
0.4787007874015748
 31
0
  0
LINE
  5
6D
330
1A
100
AcDbEntity
  8
BLACK
  6
CONTINUOUS
100
AcDbLine
 10
0.1614173228346457
 20
0.4787007874015748
 30
0
 11
0.1576507480314961
 21
0.47945
 31
0
  0
LINE
  5
6E
330
1A
100
AcDbEntity
  8
BLACK
  6
CONTINUOUS
100
AcDbLine
 10
0.1576507480314961
 20
0.47945
 30
0
 11
0.1544575984251969
 21
0.4815835826771653
 31
0
  0
LINE
  5
6F
330
1A
100
AcDbEntity
  8
BLACK
  6
CONTINUOUS
100
AcDbLine
 10
0.1544575984251969
 20
0.4815835826771653
 30
0
 11
0.1523240157480315
 21
0.4847767322834646
 31
0
  0
LINE
  5
70
330
1A
100
AcDbEntity
  8
BLACK
  6
CONTINUOUS
100
AcDbLine
 10
0.1523240157480315
 20
0.4847767322834646
 30
0
 11
0.1515748031496063
 21
0.4885433070866141
 31
0
  0
LINE
  5
71
330
1A
100
AcDbEntity
  8
BLACK
  6
CONTINUOUS
100
AcDbLine
 10
0.1515748031496063
 20
0.4885433070866141
 30
0
 11
0.1515748031496063
 21
0.5751574803149606
 31
0
  0
LINE
  5
72
330
1A
100
AcDbEntity
  8
BLACK
  6
CONTINUOUS
100
AcDbLine
 10
0.1515748031496063
 20
0.5751574803149606
 30
0
 11
0.1523240157480315
 21
0.5789240551181102
 31
0
  0
LINE
  5
73
330
1A
100
AcDbEntity
  8
BLACK
  6
CONTINUOUS
100
AcDbLine
 10
0.1523240157480315
 20
0.5789240551181102
 30
0
 11
0.1544575984251969
 21
0.5821172047244094
 31
0
  0
LINE
  5
74
330
1A
100
AcDbEntity
  8
BLACK
  6
CONTINUOUS
100
AcDbLine
 10
0.1544575984251969
 20
0.5821172047244094
 30
0
 11
0.1576507480314961
 21
0.5842507874015748
 31
0
  0
LINE
  5
75
330
1A
100
AcDbEntity
  8
BLACK
  6
CONTINUOUS
100
AcDbLine
 10
0.1576507480314961
 20
0.5842507874015748
 30
0
 11
0.1614173228346457
 21
0.585
 31
0
  0
LINE
  5
76
330
1A
100
AcDbEntity
  8
BLACK
  6
CONTINUOUS
100
AcDbLine
 10
0.1614173228346457
 20
0.585
 30
0
 11
0.1811023622047244
 21
0.585
 31
0
  0
LINE
  5
77
330
1A
100
AcDbEntity
  8
BLACK
  6
CONTINUOUS
100
AcDbLine
 10
0.1811023622047244
 20
0.585
 30
0
 11
0.184868937007874
 21
0.5842507874015748
 31
0
  0
LINE
  5
78
330
1A
100
AcDbEntity
  8
BLACK
  6
CONTINUOUS
100
AcDbLine
 10
0.2823492519685039
 20
0.5842507874015748
 30
0
 11
0.2855424015748032
 21
0.5821172047244094
 31
0
  0
LINE
  5
79
330
1A
100
AcDbEntity
  8
BLACK
  6
CONTINUOUS
100
AcDbLine
 10
0.2855424015748032
 20
0.5821172047244094
 30
0
 11
0.2876759842519685
 21
0.5789240551181102
 31
0
  0
LINE
  5
7A
330
1A
100
AcDbEntity
  8
BLACK
  6
CONTINUOUS
100
AcDbLine
 10
0.2876759842519685
 20
0.5789240551181102
 30
0
 11
0.2884251968503937
 21
0.5751574803149606
 31
0
  0
LINE
  5
7B
330
1A
100
AcDbEntity
  8
BLACK
  6
CONTINUOUS
100
AcDbLine
 10
0.2884251968503937
 20
0.5751574803149606
 30
0
 11
0.2884251968503937
 21
0.4885433070866141
 31
0
  0
LINE
  5
7C
330
1A
100
AcDbEntity
  8
BLACK
  6
CONTINUOUS
100
AcDbLine
 10
0.2884251968503937
 20
0.4885433070866141
 30
0
 11
0.2876759842519685
 21
0.4847767322834646
 31
0
  0
LINE
  5
7D
330
1A
100
AcDbEntity
  8
BLACK
  6
CONTINUOUS
100
AcDbLine
 10
0.2876759842519685
 20
0.4847767322834646
 30
0
 11
0.2855424015748032
 21
0.4815835826771653
 31
0
  0
LINE
  5
7E
330
1A
100
AcDbEntity
  8
BLACK
  6
CONTINUOUS
100
AcDbLine
 10
0.2855424015748032
 20
0.4815835826771653
 30
0
 11
0.2823492519685039
 21
0.47945
 31
0
  0
LINE
  5
7F
330
1A
100
AcDbEntity
  8
BLACK
  6
CONTINUOUS
100
AcDbLine
 10
0.2823492519685039
 20
0.47945
 30
0
 11
0.2785826771653543
 21
0.4787007874015748
 31
0
  0
LINE
  5
80
330
1A
100
AcDbEntity
  8
BLACK
  6
CONTINUOUS
100
AcDbLine
 10
0.2785826771653543
 20
0.4787007874015748
 30
0
 11
0.2588976377952756
 21
0.4787007874015748
 31
0
  0
LINE
  5
81
330
1A
100
AcDbEntity
  8
BLACK
  6
CONTINUOUS
100
AcDbLine
 10
0.2588976377952756
 20
0.4787007874015748
 30
0
 11
0.255131062992126
 21
0.47945
 31
0
  0
LINE
  5
82
330
1A
100
AcDbEntity
  8
BLACK
  6
CONTINUOUS
100
AcDbLine
 10
0.255131062992126
 20
0.47945
 30
0
 11
0.2519379133858268
 21
0.4815835826771653
 31
0
  0
LINE
  5
83
330
1A
100
AcDbEntity
  8
BLACK
  6
CONTINUOUS
100
AcDbLine
 10
0.2519379133858268
 20
0.4815835826771653
 30
0
 11
0.2498043307086614
 21
0.4847767322834646
 31
0
  0
LINE
  5
84
330
1A
100
AcDbEntity
  8
BLACK
  6
CONTINUOUS
100
AcDbLine
 10
0.2498043307086614
 20
0.4847767322834646
 30
0
 11
0.2490551181102362
 21
0.4885433070866141
 31
0
  0
LINE
  5
85
330
1A
100
AcDbEntity
  8
BLACK
  6
CONTINUOUS
100
AcDbLine
 10
0.2490551181102362
 20
0.4885433070866141
 30
0
 11
0.2490551181102362
 21
0.5751574803149606
 31
0
  0
LINE
  5
86
330
1A
100
AcDbEntity
  8
BLACK
  6
CONTINUOUS
100
AcDbLine
 10
0.2490551181102362
 20
0.5751574803149606
 30
0
 11
0.2498043307086614
 21
0.5789240551181102
 31
0
  0
LINE
  5
87
330
1A
100
AcDbEntity
  8
BLACK
  6
CONTINUOUS
100
AcDbLine
 10
0.2498043307086614
 20
0.5789240551181102
 30
0
 11
0.2519379133858268
 21
0.5821172047244094
 31
0
  0
LINE
  5
88
330
1A
100
AcDbEntity
  8
BLACK
  6
CONTINUOUS
100
AcDbLine
 10
0.2519379133858268
 20
0.5821172047244094
 30
0
 11
0.255131062992126
 21
0.5842507874015748
 31
0
  0
LINE
  5
89
330
1A
100
AcDbEntity
  8
BLACK
  6
CONTINUOUS
100
AcDbLine
 10
0.255131062992126
 20
0.5842507874015748
 30
0
 11
0.2588976377952756
 21
0.585
 31
0
  0
LINE
  5
8A
330
1A
100
AcDbEntity
  8
BLACK
  6
CONTINUOUS
100
AcDbLine
 10
0.2588976377952756
 20
0.585
 30
0
 11
0.2785826771653543
 21
0.585
 31
0
  0
LINE
  5
8B
330
1A
100
AcDbEntity
  8
BLACK
  6
CONTINUOUS
100
AcDbLine
 10
0.2785826771653543
 20
0.585
 30
0
 11
0.2823492519685039
 21
0.5842507874015748
 31
0
  0
LINE
  5
8C
330
1A
100
AcDbEntity
  8
BLACK
  6
CONTINUOUS
100
AcDbLine
 10
0.6740815354330708
 20
0.5842507874015748
 30
0
 11
0.6772746850393701
 21
0.5821172047244094
 31
0
  0
LINE
  5
8D
330
1A
100
AcDbEntity
  8
BLACK
  6
CONTINUOUS
100
AcDbLine
 10
0.6772746850393701
 20
0.5821172047244094
 30
0
 11
0.6794082677165354
 21
0.5789240551181102
 31
0
  0
LINE
  5
8E
330
1A
100
AcDbEntity
  8
BLACK
  6
CONTINUOUS
100
AcDbLine
 10
0.6794082677165354
 20
0.5789240551181102
 30
0
 11
0.6801574803149606
 21
0.5751574803149606
 31
0
  0
LINE
  5
8F
330
1A
100
AcDbEntity
  8
BLACK
  6
CONTINUOUS
100
AcDbLine
 10
0.6801574803149606
 20
0.5751574803149606
 30
0
 11
0.6801574803149606
 21
0.4885433070866141
 31
0
  0
LINE
  5
90
330
1A
100
AcDbEntity
  8
BLACK
  6
CONTINUOUS
100
AcDbLine
 10
0.6801574803149606
 20
0.4885433070866141
 30
0
 11
0.6794082677165354
 21
0.4847767322834646
 31
0
  0
LINE
  5
91
330
1A
100
AcDbEntity
  8
BLACK
  6
CONTINUOUS
100
AcDbLine
 10
0.6794082677165354
 20
0.4847767322834646
 30
0
 11
0.6772746850393701
 21
0.4815835826771653
 31
0
  0
LINE
  5
92
330
1A
100
AcDbEntity
  8
BLACK
  6
CONTINUOUS
100
AcDbLine
 10
0.6772746850393701
 20
0.4815835826771653
 30
0
 11
0.6740815354330708
 21
0.47945
 31
0
  0
LINE
  5
93
330
1A
100
AcDbEntity
  8
BLACK
  6
CONTINUOUS
100
AcDbLine
 10
0.6740815354330708
 20
0.47945
 30
0
 11
0.6703149606299212
 21
0.4787007874015748
 31
0
  0
LINE
  5
94
330
1A
100
AcDbEntity
  8
BLACK
  6
CONTINUOUS
100
AcDbLine
 10
0.6703149606299212
 20
0.4787007874015748
 30
0
 11
0.6506299212598425
 21
0.4787007874015748
 31
0
  0
LINE
  5
95
330
1A
100
AcDbEntity
  8
BLACK
  6
CONTINUOUS
100
AcDbLine
 10
0.6506299212598425
 20
0.4787007874015748
 30
0
 11
0.6468633464566929
 21
0.47945
 31
0
  0
LINE
  5
96
330
1A
100
AcDbEntity
  8
BLACK
  6
CONTINUOUS
100
AcDbLine
 10
0.6468633464566929
 20
0.47945
 30
0
 11
0.6436701968503937
 21
0.4815835826771653
 31
0
  0
LINE
  5
97
330
1A
100
AcDbEntity
  8
BLACK
  6
CONTINUOUS
100
AcDbLine
 10
0.6436701968503937
 20
0.4815835826771653
 30
0
 11
0.6415366141732284
 21
0.4847767322834646
 31
0
  0
LINE
  5
98
330
1A
100
AcDbEntity
  8
BLACK
  6
CONTINUOUS
100
AcDbLine
 10
0.6415366141732284
 20
0.4847767322834646
 30
0
 11
0.6407874015748032
 21
0.4885433070866141
 31
0
  0
LINE
  5
99
330
1A
100
AcDbEntity
  8
BLACK
  6
CONTINUOUS
100
AcDbLine
 10
0.6407874015748032
 20
0.4885433070866141
 30
0
 11
0.6407874015748032
 21
0.5751574803149606
 31
0
  0
LINE
  5
9A
330
1A
100
AcDbEntity
  8
BLACK
  6
CONTINUOUS
100
AcDbLine
 10
0.6407874015748032
 20
0.5751574803149606
 30
0
 11
0.6415366141732284
 21
0.5789240551181102
 31
0
  0
LINE
  5
9B
330
1A
100
AcDbEntity
  8
BLACK
  6
CONTINUOUS
100
AcDbLine
 10
0.6415366141732284
 20
0.5789240551181102
 30
0
 11
0.6436701968503937
 21
0.5821172047244094
 31
0
  0
LINE
  5
9C
330
1A
100
AcDbEntity
  8
BLACK
  6
CONTINUOUS
100
AcDbLine
 10
0.6436701968503937
 20
0.5821172047244094
 30
0
 11
0.6468633464566929
 21
0.5842507874015748
 31
0
  0
LINE
  5
9D
330
1A
100
AcDbEntity
  8
BLACK
  6
CONTINUOUS
100
AcDbLine
 10
0.6468633464566929
 20
0.5842507874015748
 30
0
 11
0.6506299212598425
 21
0.585
 31
0
  0
LINE
  5
9E
330
1A
100
AcDbEntity
  8
BLACK
  6
CONTINUOUS
100
AcDbLine
 10
0.6506299212598425
 20
0.585
 30
0
 11
0.6703149606299212
 21
0.585
 31
0
  0
LINE
  5
9F
330
1A
100
AcDbEntity
  8
BLACK
  6
CONTINUOUS
100
AcDbLine
 10
0.6703149606299212
 20
0.585
 30
0
 11
0.6740815354330708
 21
0.5842507874015748
 31
0
  0
LINE
  5
A0
330
1A
100
AcDbEntity
  8
BLACK
  6
CONTINUOUS
100
AcDbLine
 10
-1.1399999999999999
 20
0.505
 30
0
 11
-1.2
 21
0.505
 31
0
  0
LINE
  5
A1
330
1A
100
AcDbEntity
  8
BLACK
  6
CONTINUOUS
100
AcDbLine
 10
-1.2
 20
0.505
 30
0
 11
-1.2
 21
0.5649999999999999
 31
0
  0
LINE
  5
A2
330
1A
100
AcDbEntity
  8
BLACK
  6
CONTINUOUS
100
AcDbLine
 10
-1.2
 20
0.5649999999999999
 30
0
 11
-1.1399999999999999
 21
0.5649999999999999
 31
0
  0
LINE
  5
A3
330
1A
100
AcDbEntity
  8
BLACK
  6
CONTINUOUS
100
AcDbLine
 10
-1.1399999999999999
 20
0.5649999999999999
 30
0
 11
-1.1399999999999999
 21
0.505
 31
0
  0
LINE
  5
A4
330
1A
100
AcDbEntity
  8
BLACK
  6
CONTINUOUS
100
AcDbLine
 10
-1.04
 20
0.505
 30
0
 11
-1.0999999999999999
 21
0.505
 31
0
  0
LINE
  5
A5
330
1A
100
AcDbEntity
  8
BLACK
  6
CONTINUOUS
100
AcDbLine
 10
-1.0999999999999999
 20
0.505
 30
0
 11
-1.0999999999999999
 21
0.5649999999999999
 31
0
  0
LINE
  5
A6
330
1A
100
AcDbEntity
  8
BLACK
  6
CONTINUOUS
100
AcDbLine
 10
-1.0999999999999999
 20
0.5649999999999999
 30
0
 11
-1.04
 21
0.5649999999999999
 31
0
  0
LINE
  5
A7
330
1A
100
AcDbEntity
  8
BLACK
  6
CONTINUOUS
100
AcDbLine
 10
-1.04
 20
0.5649999999999999
 30
0
 11
-1.04
 21
0.505
 31
0
  0
LINE
  5
A8
330
1A
100
AcDbEntity
  8
BLACK
  6
CONTINUOUS
100
AcDbLine
 10
-0.9399999999999999
 20
0.505
 30
0
 11
-1.
 21
0.505
 31
0
  0
LINE
  5
A9
330
1A
100
AcDbEntity
  8
BLACK
  6
CONTINUOUS
100
AcDbLine
 10
-1.
 20
0.505
 30
0
 11
-1.
 21
0.5649999999999999
 31
0
  0
LINE
  5
AA
330
1A
100
AcDbEntity
  8
BLACK
  6
CONTINUOUS
100
AcDbLine
 10
-1.
 20
0.5649999999999999
 30
0
 11
-0.9399999999999999
 21
0.5649999999999999
 31
0
  0
LINE
  5
AB
330
1A
100
AcDbEntity
  8
BLACK
  6
CONTINUOUS
100
AcDbLine
 10
-0.9399999999999999
 20
0.5649999999999999
 30
0
 11
-0.9399999999999999
 21
0.505
 31
0
  0
LINE
  5
AC
330
1A
100
AcDbEntity
  8
BLACK
  6
CONTINUOUS
100
AcDbLine
 10
-0.84
 20
0.505
 30
0
 11
-0.9
 21
0.505
 31
0
  0
LINE
  5
AD
330
1A
100
AcDbEntity
  8
BLACK
  6
CONTINUOUS
100
AcDbLine
 10
-0.9
 20
0.505
 30
0
 11
-0.9
 21
0.5649999999999999
 31
0
  0
LINE
  5
AE
330
1A
100
AcDbEntity
  8
BLACK
  6
CONTINUOUS
100
AcDbLine
 10
-0.9
 20
0.5649999999999999
 30
0
 11
-0.84
 21
0.5649999999999999
 31
0
  0
LINE
  5
AF
330
1A
100
AcDbEntity
  8
BLACK
  6
CONTINUOUS
100
AcDbLine
 10
-0.84
 20
0.5649999999999999
 30
0
 11
-0.84
 21
0.505
 31
0
  0
LINE
  5
B0
330
1A
100
AcDbEntity
  8
BLACK
  6
CONTINUOUS
100
AcDbLine
 10
-0.74
 20
0.505
 30
0
 11
-0.7999999999999999
 21
0.505
 31
0
  0
LINE
  5
B1
330
1A
100
AcDbEntity
  8
BLACK
  6
CONTINUOUS
100
AcDbLine
 10
-0.7999999999999999
 20
0.505
 30
0
 11
-0.7999999999999999
 21
0.5649999999999999
 31
0
  0
LINE
  5
B2
330
1A
100
AcDbEntity
  8
BLACK
  6
CONTINUOUS
100
AcDbLine
 10
-0.7999999999999999
 20
0.5649999999999999
 30
0
 11
-0.74
 21
0.5649999999999999
 31
0
  0
LINE
  5
B3
330
1A
100
AcDbEntity
  8
BLACK
  6
CONTINUOUS
100
AcDbLine
 10
-0.74
 20
0.5649999999999999
 30
0
 11
-0.74
 21
0.505
 31
0
  0
LINE
  5
B4
330
1A
100
AcDbEntity
  8
BLACK
  6
CONTINUOUS
100
AcDbLine
 10
-0.61
 20
0.505
 30
0
 11
-0.67
 21
0.505
 31
0
  0
LINE
  5
B5
330
1A
100
AcDbEntity
  8
BLACK
  6
CONTINUOUS
100
AcDbLine
 10
-0.67
 20
0.505
 30
0
 11
-0.67
 21
0.5649999999999999
 31
0
  0
LINE
  5
B6
330
1A
100
AcDbEntity
  8
BLACK
  6
CONTINUOUS
100
AcDbLine
 10
-0.67
 20
0.5649999999999999
 30
0
 11
-0.61
 21
0.5649999999999999
 31
0
  0
LINE
  5
B7
330
1A
100
AcDbEntity
  8
BLACK
  6
CONTINUOUS
100
AcDbLine
 10
-0.61
 20
0.5649999999999999
 30
0
 11
-0.61
 21
0.505
 31
0
  0
LINE
  5
B8
330
1A
100
AcDbEntity
  8
BLACK
  6
CONTINUOUS
100
AcDbLine
 10
-0.51
 20
0.505
 30
0
 11
-0.57
 21
0.505
 31
0
  0
LINE
  5
B9
330
1A
100
AcDbEntity
  8
BLACK
  6
CONTINUOUS
100
AcDbLine
 10
-0.57
 20
0.505
 30
0
 11
-0.57
 21
0.5649999999999999
 31
0
  0
LINE
  5
BA
330
1A
100
AcDbEntity
  8
BLACK
  6
CONTINUOUS
100
AcDbLine
 10
-0.57
 20
0.5649999999999999
 30
0
 11
-0.51
 21
0.5649999999999999
 31
0
  0
LINE
  5
BB
330
1A
100
AcDbEntity
  8
BLACK
  6
CONTINUOUS
100
AcDbLine
 10
-0.51
 20
0.5649999999999999
 30
0
 11
-0.51
 21
0.505
 31
0
  0
LINE
  5
BC
330
1A
100
AcDbEntity
  8
BLACK
  6
CONTINUOUS
100
AcDbLine
 10
-0.41
 20
0.505
 30
0
 11
-0.47
 21
0.505
 31
0
  0
LINE
  5
BD
330
1A
100
AcDbEntity
  8
BLACK
  6
CONTINUOUS
100
AcDbLine
 10
-0.47
 20
0.505
 30
0
 11
-0.47
 21
0.5649999999999999
 31
0
  0
LINE
  5
BE
330
1A
100
AcDbEntity
  8
BLACK
  6
CONTINUOUS
100
AcDbLine
 10
-0.47
 20
0.5649999999999999
 30
0
 11
-0.41
 21
0.5649999999999999
 31
0
  0
LINE
  5
BF
330
1A
100
AcDbEntity
  8
BLACK
  6
CONTINUOUS
100
AcDbLine
 10
-0.41
 20
0.5649999999999999
 30
0
 11
-0.41
 21
0.505
 31
0
  0
LINE
  5
C0
330
1A
100
AcDbEntity
  8
BLACK
  6
CONTINUOUS
100
AcDbLine
 10
-0.31
 20
0.505
 30
0
 11
-0.37
 21
0.505
 31
0
  0
LINE
  5
C1
330
1A
100
AcDbEntity
  8
BLACK
  6
CONTINUOUS
100
AcDbLine
 10
-0.37
 20
0.505
 30
0
 11
-0.37
 21
0.5649999999999999
 31
0
  0
LINE
  5
C2
330
1A
100
AcDbEntity
  8
BLACK
  6
CONTINUOUS
100
AcDbLine
 10
-0.37
 20
0.5649999999999999
 30
0
 11
-0.31
 21
0.5649999999999999
 31
0
  0
LINE
  5
C3
330
1A
100
AcDbEntity
  8
BLACK
  6
CONTINUOUS
100
AcDbLine
 10
-0.31
 20
0.5649999999999999
 30
0
 11
-0.31
 21
0.505
 31
0
  0
LINE
  5
C4
330
1A
100
AcDbEntity
  8
BLACK
  6
CONTINUOUS
100
AcDbLine
 10
-0.21
 20
0.505
 30
0
 11
-0.27
 21
0.505
 31
0
  0
LINE
  5
C5
330
1A
100
AcDbEntity
  8
BLACK
  6
CONTINUOUS
100
AcDbLine
 10
-0.27
 20
0.505
 30
0
 11
-0.27
 21
0.5649999999999999
 31
0
  0
LINE
  5
C6
330
1A
100
AcDbEntity
  8
BLACK
  6
CONTINUOUS
100
AcDbLine
 10
-0.27
 20
0.5649999999999999
 30
0
 11
-0.21
 21
0.5649999999999999
 31
0
  0
LINE
  5
C7
330
1A
100
AcDbEntity
  8
BLACK
  6
CONTINUOUS
100
AcDbLine
 10
-0.21
 20
0.5649999999999999
 30
0
 11
-0.21
 21
0.505
 31
0
  0
LINE
  5
C8
330
1A
100
AcDbEntity
  8
BLACK
  6
CONTINUOUS
100
AcDbLine
 10
-1.9702157874015747
 20
0.7414414566929134
 30
0
 11
-1.9573028740157481
 21
0.7384941732283464
 31
0
  0
LINE
  5
C9
330
1A
100
AcDbEntity
  8
BLACK
  6
CONTINUOUS
100
AcDbLine
 10
-1.9573028740157481
 20
0.7384941732283464
 30
0
 11
-1.9448011811023622
 21
0.7341196456692913
 31
0
  0
LINE
  5
CA
330
1A
100
AcDbEntity
  8
BLACK
  6
CONTINUOUS
100
AcDbLine
 10
-1.9448011811023622
 20
0.7341196456692913
 30
0
 11
-1.9328678346456694
 21
0.7283728346456693
 31
0
  0
LINE
  5
CB
330
1A
100
AcDbEntity
  8
BLACK
  6
CONTINUOUS
100
AcDbLine
 10
-1.9328678346456694
 20
0.7283728346456693
 30
0
 11
-1.9216529921259842
 21
0.7213261023622047
 31
0
  0
LINE
  5
CC
330
1A
100
AcDbEntity
  8
BLACK
  6
CONTINUOUS
100
AcDbLine
 10
-1.9216529921259842
 20
0.7213261023622047
 30
0
 11
-1.9112976377952755
 21
0.7130679527559055
 31
0
  0
LINE
  5
CD
330
1A
100
AcDbEntity
  8
BLACK
  6
CONTINUOUS
100
AcDbLine
 10
-1.9112976377952755
 20
0.7130679527559055
 30
0
 11
-1.9019320472440944
 21
0.7037023622047244
 31
0
  0
LINE
  5
CE
330
1A
100
AcDbEntity
  8
BLACK
  6
CONTINUOUS
100
AcDbLine
 10
-1.9019320472440944
 20
0.7037023622047244
 30
0
 11
-1.8936738976377951
 21
0.6933470078740157
 31
0
  0
LINE
  5
CF
330
1A
100
AcDbEntity
  8
BLACK
  6
CONTINUOUS
100
AcDbLine
 10
-1.8936738976377951
 20
0.6933470078740157
 30
0
 11
-1.8866271653543307
 21
0.6821321653543307
 31
0
  0
LINE
  5
D0
330
1A
100
AcDbEntity
  8
BLACK
  6
CONTINUOUS
100
AcDbLine
 10
-1.8866271653543307
 20
0.6821321653543307
 30
0
 11
-1.8808803543307087
 21
0.6701988188976378
 31
0
  0
LINE
  5
D1
330
1A
100
AcDbEntity
  8
BLACK
  6
CONTINUOUS
100
AcDbLine
 10
-1.8808803543307087
 20
0.6701988188976378
 30
0
 11
-1.8765058267716535
 21
0.657697125984252
 31
0
  0
LINE
  5
D2
330
1A
100
AcDbEntity
  8
BLACK
  6
CONTINUOUS
100
AcDbLine
 10
-1.8765058267716535
 20
0.657697125984252
 30
0
 11
-1.8735585433070865
 21
0.6447842125984252
 31
0
  0
LINE
  5
D3
330
1A
100
AcDbEntity
  8
BLACK
  6
CONTINUOUS
100
AcDbLine
 10
-1.8735585433070865
 20
0.6447842125984252
 30
0
 11
-1.872075590551181
 21
0.6316224803149606
 31
0
  0
LINE
  5
D4
330
1A
100
AcDbEntity
  8
BLACK
  6
CONTINUOUS
100
AcDbLine
 10
-1.872075590551181
 20
0.6316224803149606
 30
0
 11
-1.872075590551181
 21
0.6183775196850394
 31
0
  0
LINE
  5
D5
330
1A
100
AcDbEntity
  8
BLACK
  6
CONTINUOUS
100
AcDbLine
 10
-1.872075590551181
 20
0.6183775196850394
 30
0
 11
-1.8735585433070865
 21
0.6052157874015748
 31
0
  0
LINE
  5
D6
330
1A
100
AcDbEntity
  8
BLACK
  6
CONTINUOUS
100
AcDbLine
 10
-1.8735585433070865
 20
0.6052157874015748
 30
0
 11
-1.8765058267716535
 21
0.592302874015748
 31
0
  0
LINE
  5
D7
330
1A
100
AcDbEntity
  8
BLACK
  6
CONTINUOUS
100
AcDbLine
 10
-1.8765058267716535
 20
0.592302874015748
 30
0
 11
-1.8808803543307087
 21
0.5798011811023622
 31
0
  0
LINE
  5
D8
330
1A
100
AcDbEntity
  8
BLACK
  6
CONTINUOUS
100
AcDbLine
 10
-1.8808803543307087
 20
0.5798011811023622
 30
0
 11
-1.8866271653543307
 21
0.5678678346456693
 31
0
  0
LINE
  5
D9
330
1A
100
AcDbEntity
  8
BLACK
  6
CONTINUOUS
100
AcDbLine
 10
-1.8866271653543307
 20
0.5678678346456693
 30
0
 11
-1.8936738976377951
 21
0.5566529921259843
 31
0
  0
LINE
  5
DA
330
1A
100
AcDbEntity
  8
BLACK
  6
CONTINUOUS
100
AcDbLine
 10
-1.8936738976377951
 20
0.5566529921259843
 30
0
 11
-1.9019320472440944
 21
0.5462976377952756
 31
0
  0
LINE
  5
DB
330
1A
100
AcDbEntity
  8
BLACK
  6
CONTINUOUS
100
AcDbLine
 10
-1.9019320472440944
 20
0.5462976377952756
 30
0
 11
-1.9112976377952755
 21
0.5369320472440945
 31
0
  0
LINE
  5
DC
330
1A
100
AcDbEntity
  8
BLACK
  6
CONTINUOUS
100
AcDbLine
 10
-1.9112976377952755
 20
0.5369320472440945
 30
0
 11
-1.9216529921259842
 21
0.5286738976377953
 31
0
  0
LINE
  5
DD
330
1A
100
AcDbEntity
  8
BLACK
  6
CONTINUOUS
100
AcDbLine
 10
-1.9216529921259842
 20
0.5286738976377953
 30
0
 11
-1.9328678346456694
 21
0.5216271653543307
 31
0
  0
LINE
  5
DE
330
1A
100
AcDbEntity
  8
BLACK
  6
CONTINUOUS
100
AcDbLine
 10
-1.9328678346456694
 20
0.5216271653543307
 30
0
 11
-1.9448011811023622
 21
0.5158803543307087
 31
0
  0
LINE
  5
DF
330
1A
100
AcDbEntity
  8
BLACK
  6
CONTINUOUS
100
AcDbLine
 10
-1.9448011811023622
 20
0.5158803543307087
 30
0
 11
-1.9573028740157481
 21
0.5115058267716536
 31
0
  0
LINE
  5
E0
330
1A
100
AcDbEntity
  8
BLACK
  6
CONTINUOUS
100
AcDbLine
 10
-1.9573028740157481
 20
0.5115058267716536
 30
0
 11
-1.9702157874015747
 21
0.5085585433070866
 31
0
  0
LINE
  5
E1
330
1A
100
AcDbEntity
  8
BLACK
  6
CONTINUOUS
100
AcDbLine
 10
-1.9702157874015747
 20
0.5085585433070866
 30
0
 11
-1.9833775196850394
 21
0.5070755905511811
 31
0
  0
LINE
  5
E2
330
1A
100
AcDbEntity
  8
BLACK
  6
CONTINUOUS
100
AcDbLine
 10
-1.9833775196850394
 20
0.5070755905511811
 30
0
 11
-1.9966224803149606
 21
0.5070755905511811
 31
0
  0
LINE
  5
E3
330
1A
100
AcDbEntity
  8
BLACK
  6
CONTINUOUS
100
AcDbLine
 10
-1.9966224803149606
 20
0.5070755905511811
 30
0
 11
-2.0097842125984253
 21
0.5085585433070866
 31
0
  0
LINE
  5
E4
330
1A
100
AcDbEntity
  8
BLACK
  6
CONTINUOUS
100
AcDbLine
 10
-2.0097842125984253
 20
0.5085585433070866
 30
0
 11
-2.0226971259842519
 21
0.5115058267716536
 31
0
  0
LINE
  5
E5
330
1A
100
AcDbEntity
  8
BLACK
  6
CONTINUOUS
100
AcDbLine
 10
-2.0226971259842519
 20
0.5115058267716536
 30
0
 11
-2.0351988188976375
 21
0.5158803543307087
 31
0
  0
LINE
  5
E6
330
1A
100
AcDbEntity
  8
BLACK
  6
CONTINUOUS
100
AcDbLine
 10
-2.0351988188976375
 20
0.5158803543307087
 30
0
 11
-2.0471321653543306
 21
0.5216271653543307
 31
0
  0
LINE
  5
E7
330
1A
100
AcDbEntity
  8
BLACK
  6
CONTINUOUS
100
AcDbLine
 10
-2.0471321653543306
 20
0.5216271653543307
 30
0
 11
-2.0583470078740156
 21
0.5286738976377953
 31
0
  0
LINE
  5
E8
330
1A
100
AcDbEntity
  8
BLACK
  6
CONTINUOUS
100
AcDbLine
 10
-2.0583470078740156
 20
0.5286738976377953
 30
0
 11
-2.0687023622047245
 21
0.5369320472440945
 31
0
  0
LINE
  5
E9
330
1A
100
AcDbEntity
  8
BLACK
  6
CONTINUOUS
100
AcDbLine
 10
-2.0687023622047245
 20
0.5369320472440945
 30
0
 11
-2.0780679527559056
 21
0.5462976377952756
 31
0
  0
LINE
  5
EA
330
1A
100
AcDbEntity
  8
BLACK
  6
CONTINUOUS
100
AcDbLine
 10
-2.0780679527559056
 20
0.5462976377952756
 30
0
 11
-2.0863261023622046
 21
0.5566529921259843
 31
0
  0
LINE
  5
EB
330
1A
100
AcDbEntity
  8
BLACK
  6
CONTINUOUS
100
AcDbLine
 10
-2.0863261023622046
 20
0.5566529921259843
 30
0
 11
-2.093372834645669
 21
0.5678678346456693
 31
0
  0
LINE
  5
EC
330
1A
100
AcDbEntity
  8
BLACK
  6
CONTINUOUS
100
AcDbLine
 10
-2.093372834645669
 20
0.5678678346456693
 30
0
 11
-2.0991196456692913
 21
0.5798011811023622
 31
0
  0
LINE
  5
ED
330
1A
100
AcDbEntity
  8
BLACK
  6
CONTINUOUS
100
AcDbLine
 10
-2.0991196456692913
 20
0.5798011811023622
 30
0
 11
-2.1034941732283463
 21
0.592302874015748
 31
0
  0
LINE
  5
EE
330
1A
100
AcDbEntity
  8
BLACK
  6
CONTINUOUS
100
AcDbLine
 10
-2.1034941732283463
 20
0.592302874015748
 30
0
 11
-2.1064414566929135
 21
0.6052157874015748
 31
0
  0
LINE
  5
EF
330
1A
100
AcDbEntity
  8
BLACK
  6
CONTINUOUS
100
AcDbLine
 10
-2.1064414566929135
 20
0.6052157874015748
 30
0
 11
-2.107924409448819
 21
0.6183775196850394
 31
0
  0
LINE
  5
F0
330
1A
100
AcDbEntity
  8
BLACK
  6
CONTINUOUS
100
AcDbLine
 10
-2.107924409448819
 20
0.6183775196850394
 30
0
 11
-2.107924409448819
 21
0.6316224803149606
 31
0
  0
LINE
  5
F1
330
1A
100
AcDbEntity
  8
BLACK
  6
CONTINUOUS
100
AcDbLine
 10
-2.107924409448819
 20
0.6316224803149606
 30
0
 11
-2.1064414566929135
 21
0.6447842125984252
 31
0
  0
LINE
  5
F2
330
1A
100
AcDbEntity
  8
BLACK
  6
CONTINUOUS
100
AcDbLine
 10
-2.1064414566929135
 20
0.6447842125984252
 30
0
 11
-2.1034941732283463
 21
0.657697125984252
 31
0
  0
LINE
  5
F3
330
1A
100
AcDbEntity
  8
BLACK
  6
CONTINUOUS
100
AcDbLine
 10
-2.1034941732283463
 20
0.657697125984252
 30
0
 11
-2.0991196456692913
 21
0.6701988188976378
 31
0
  0
LINE
  5
F4
330
1A
100
AcDbEntity
  8
BLACK
  6
CONTINUOUS
100
AcDbLine
 10
-2.0991196456692913
 20
0.6701988188976378
 30
0
 11
-2.093372834645669
 21
0.6821321653543307
 31
0
  0
LINE
  5
F5
330
1A
100
AcDbEntity
  8
BLACK
  6
CONTINUOUS
100
AcDbLine
 10
-2.093372834645669
 20
0.6821321653543307
 30
0
 11
-2.0863261023622046
 21
0.6933470078740157
 31
0
  0
LINE
  5
F6
330
1A
100
AcDbEntity
  8
BLACK
  6
CONTINUOUS
100
AcDbLine
 10
-2.0863261023622046
 20
0.6933470078740157
 30
0
 11
-2.0780679527559056
 21
0.7037023622047244
 31
0
  0
LINE
  5
F7
330
1A
100
AcDbEntity
  8
BLACK
  6
CONTINUOUS
100
AcDbLine
 10
-2.0780679527559056
 20
0.7037023622047244
 30
0
 11
-2.0687023622047245
 21
0.7130679527559055
 31
0
  0
LINE
  5
F8
330
1A
100
AcDbEntity
  8
BLACK
  6
CONTINUOUS
100
AcDbLine
 10
-2.0687023622047245
 20
0.7130679527559055
 30
0
 11
-2.0583470078740156
 21
0.7213261023622047
 31
0
  0
LINE
  5
F9
330
1A
100
AcDbEntity
  8
BLACK
  6
CONTINUOUS
100
AcDbLine
 10
-2.0583470078740156
 20
0.7213261023622047
 30
0
 11
-2.0471321653543306
 21
0.7283728346456693
 31
0
  0
LINE
  5
FA
330
1A
100
AcDbEntity
  8
BLACK
  6
CONTINUOUS
100
AcDbLine
 10
-2.0471321653543306
 20
0.7283728346456693
 30
0
 11
-2.0351988188976375
 21
0.7341196456692913
 31
0
  0
LINE
  5
FB
330
1A
100
AcDbEntity
  8
BLACK
  6
CONTINUOUS
100
AcDbLine
 10
-2.0351988188976375
 20
0.7341196456692913
 30
0
 11
-2.0226971259842519
 21
0.7384941732283464
 31
0
  0
LINE
  5
FC
330
1A
100
AcDbEntity
  8
BLACK
  6
CONTINUOUS
100
AcDbLine
 10
-2.0226971259842519
 20
0.7384941732283464
 30
0
 11
-2.0097842125984253
 21
0.7414414566929134
 31
0
  0
LINE
  5
FD
330
1A
100
AcDbEntity
  8
BLACK
  6
CONTINUOUS
100
AcDbLine
 10
-2.0097842125984253
 20
0.7414414566929134
 30
0
 11
-1.9966224803149606
 21
0.7429244094488189
 31
0
  0
LINE
  5
FE
330
1A
100
AcDbEntity
  8
BLACK
  6
CONTINUOUS
100
AcDbLine
 10
-1.9966224803149606
 20
0.7429244094488189
 30
0
 11
-1.9833775196850394
 21
0.7429244094488189
 31
0
  0
LINE
  5
FF
330
1A
100
AcDbEntity
  8
BLACK
  6
CONTINUOUS
100
AcDbLine
 10
-1.9833775196850394
 20
0.7429244094488189
 30
0
 11
-1.9702157874015747
 21
0.7414414566929134
 31
0
  0
LINE
  5
100
330
1A
100
AcDbEntity
  8
BLACK
  6
CONTINUOUS
100
AcDbLine
 10
1.6297842125984252
 20
0.7414414566929134
 30
0
 11
1.642697125984252
 21
0.7384941732283464
 31
0
  0
LINE
  5
101
330
1A
100
AcDbEntity
  8
BLACK
  6
CONTINUOUS
100
AcDbLine
 10
1.642697125984252
 20
0.7384941732283464
 30
0
 11
1.6551988188976376
 21
0.7341196456692913
 31
0
  0
LINE
  5
102
330
1A
100
AcDbEntity
  8
BLACK
  6
CONTINUOUS
100
AcDbLine
 10
1.6551988188976376
 20
0.7341196456692913
 30
0
 11
1.6671321653543307
 21
0.7283728346456693
 31
0
  0
LINE
  5
103
330
1A
100
AcDbEntity
  8
BLACK
  6
CONTINUOUS
100
AcDbLine
 10
1.6671321653543307
 20
0.7283728346456693
 30
0
 11
1.6783470078740157
 21
0.7213261023622047
 31
0
  0
LINE
  5
104
330
1A
100
AcDbEntity
  8
BLACK
  6
CONTINUOUS
100
AcDbLine
 10
1.6783470078740157
 20
0.7213261023622047
 30
0
 11
1.6887023622047244
 21
0.7130679527559055
 31
0
  0
LINE
  5
105
330
1A
100
AcDbEntity
  8
BLACK
  6
CONTINUOUS
100
AcDbLine
 10
1.6887023622047244
 20
0.7130679527559055
 30
0
 11
1.6980679527559055
 21
0.7037023622047244
 31
0
  0
LINE
  5
106
330
1A
100
AcDbEntity
  8
BLACK
  6
CONTINUOUS
100
AcDbLine
 10
1.6980679527559055
 20
0.7037023622047244
 30
0
 11
1.7063261023622047
 21
0.6933470078740157
 31
0
  0
LINE
  5
107
330
1A
100
AcDbEntity
  8
BLACK
  6
CONTINUOUS
100
AcDbLine
 10
1.7063261023622047
 20
0.6933470078740157
 30
0
 11
1.7133728346456694
 21
0.6821321653543307
 31
0
  0
LINE
  5
108
330
1A
100
AcDbEntity
  8
BLACK
  6
CONTINUOUS
100
AcDbLine
 10
1.7133728346456694
 20
0.6821321653543307
 30
0
 11
1.7191196456692912
 21
0.6701988188976378
 31
0
  0
LINE
  5
109
330
1A
100
AcDbEntity
  8
BLACK
  6
CONTINUOUS
100
AcDbLine
 10
1.7191196456692912
 20
0.6701988188976378
 30
0
 11
1.7234941732283464
 21
0.657697125984252
 31
0
  0
LINE
  5
10A
330
1A
100
AcDbEntity
  8
BLACK
  6
CONTINUOUS
100
AcDbLine
 10
1.7234941732283464
 20
0.657697125984252
 30
0
 11
1.7264414566929134
 21
0.6447842125984252
 31
0
  0
LINE
  5
10B
330
1A
100
AcDbEntity
  8
BLACK
  6
CONTINUOUS
100
AcDbLine
 10
1.7264414566929134
 20
0.6447842125984252
 30
0
 11
1.7279244094488189
 21
0.6316224803149606
 31
0
  0
LINE
  5
10C
330
1A
100
AcDbEntity
  8
BLACK
  6
CONTINUOUS
100
AcDbLine
 10
1.7279244094488189
 20
0.6316224803149606
 30
0
 11
1.7279244094488189
 21
0.6183775196850394
 31
0
  0
LINE
  5
10D
330
1A
100
AcDbEntity
  8
BLACK
  6
CONTINUOUS
100
AcDbLine
 10
1.7279244094488189
 20
0.6183775196850394
 30
0
 11
1.7264414566929134
 21
0.6052157874015748
 31
0
  0
LINE
  5
10E
330
1A
100
AcDbEntity
  8
BLACK
  6
CONTINUOUS
100
AcDbLine
 10
1.7264414566929134
 20
0.6052157874015748
 30
0
 11
1.7234941732283464
 21
0.592302874015748
 31
0
  0
LINE
  5
10F
330
1A
100
AcDbEntity
  8
BLACK
  6
CONTINUOUS
100
AcDbLine
 10
1.7234941732283464
 20
0.592302874015748
 30
0
 11
1.7191196456692912
 21
0.5798011811023622
 31
0
  0
LINE
  5
110
330
1A
100
AcDbEntity
  8
BLACK
  6
CONTINUOUS
100
AcDbLine
 10
1.7191196456692912
 20
0.5798011811023622
 30
0
 11
1.7133728346456694
 21
0.5678678346456693
 31
0
  0
LINE
  5
111
330
1A
100
AcDbEntity
  8
BLACK
  6
CONTINUOUS
100
AcDbLine
 10
1.7133728346456694
 20
0.5678678346456693
 30
0
 11
1.7063261023622047
 21
0.5566529921259843
 31
0
  0
LINE
  5
112
330
1A
100
AcDbEntity
  8
BLACK
  6
CONTINUOUS
100
AcDbLine
 10
1.7063261023622047
 20
0.5566529921259843
 30
0
 11
1.6980679527559055
 21
0.5462976377952756
 31
0
  0
LINE
  5
113
330
1A
100
AcDbEntity
  8
BLACK
  6
CONTINUOUS
100
AcDbLine
 10
1.6980679527559055
 20
0.5462976377952756
 30
0
 11
1.6887023622047244
 21
0.5369320472440945
 31
0
  0
LINE
  5
114
330
1A
100
AcDbEntity
  8
BLACK
  6
CONTINUOUS
100
AcDbLine
 10
1.6887023622047244
 20
0.5369320472440945
 30
0
 11
1.6783470078740157
 21
0.5286738976377953
 31
0
  0
LINE
  5
115
330
1A
100
AcDbEntity
  8
BLACK
  6
CONTINUOUS
100
AcDbLine
 10
1.6783470078740157
 20
0.5286738976377953
 30
0
 11
1.6671321653543307
 21
0.5216271653543307
 31
0
  0
LINE
  5
116
330
1A
100
AcDbEntity
  8
BLACK
  6
CONTINUOUS
100
AcDbLine
 10
1.6671321653543307
 20
0.5216271653543307
 30
0
 11
1.6551988188976376
 21
0.5158803543307087
 31
0
  0
LINE
  5
117
330
1A
100
AcDbEntity
  8
BLACK
  6
CONTINUOUS
100
AcDbLine
 10
1.6551988188976376
 20
0.5158803543307087
 30
0
 11
1.642697125984252
 21
0.5115058267716536
 31
0
  0
LINE
  5
118
330
1A
100
AcDbEntity
  8
BLACK
  6
CONTINUOUS
100
AcDbLine
 10
1.642697125984252
 20
0.5115058267716536
 30
0
 11
1.6297842125984252
 21
0.5085585433070866
 31
0
  0
LINE
  5
119
330
1A
100
AcDbEntity
  8
BLACK
  6
CONTINUOUS
100
AcDbLine
 10
1.6297842125984252
 20
0.5085585433070866
 30
0
 11
1.6166224803149607
 21
0.5070755905511811
 31
0
  0
LINE
  5
11A
330
1A
100
AcDbEntity
  8
BLACK
  6
CONTINUOUS
100
AcDbLine
 10
1.6166224803149607
 20
0.5070755905511811
 30
0
 11
1.6033775196850393
 21
0.5070755905511811
 31
0
  0
LINE
  5
11B
330
1A
100
AcDbEntity
  8
BLACK
  6
CONTINUOUS
100
AcDbLine
 10
1.6033775196850393
 20
0.5070755905511811
 30
0
 11
1.5902157874015748
 21
0.5085585433070866
 31
0
  0
LINE
  5
11C
330
1A
100
AcDbEntity
  8
BLACK
  6
CONTINUOUS
100
AcDbLine
 10
1.5902157874015748
 20
0.5085585433070866
 30
0
 11
1.577302874015748
 21
0.5115058267716536
 31
0
  0
LINE
  5
11D
330
1A
100
AcDbEntity
  8
BLACK
  6
CONTINUOUS
100
AcDbLine
 10
1.577302874015748
 20
0.5115058267716536
 30
0
 11
1.5648011811023621
 21
0.5158803543307087
 31
0
  0
LINE
  5
11E
330
1A
100
AcDbEntity
  8
BLACK
  6
CONTINUOUS
100
AcDbLine
 10
1.5648011811023621
 20
0.5158803543307087
 30
0
 11
1.5528678346456692
 21
0.5216271653543307
 31
0
  0
LINE
  5
11F
330
1A
100
AcDbEntity
  8
BLACK
  6
CONTINUOUS
100
AcDbLine
 10
1.5528678346456692
 20
0.5216271653543307
 30
0
 11
1.5416529921259843
 21
0.5286738976377953
 31
0
  0
LINE
  5
120
330
1A
100
AcDbEntity
  8
BLACK
  6
CONTINUOUS
100
AcDbLine
 10
1.5416529921259843
 20
0.5286738976377953
 30
0
 11
1.5312976377952756
 21
0.5369320472440945
 31
0
  0
LINE
  5
121
330
1A
100
AcDbEntity
  8
BLACK
  6
CONTINUOUS
100
AcDbLine
 10
1.5312976377952756
 20
0.5369320472440945
 30
0
 11
1.5219320472440945
 21
0.5462976377952756
 31
0
  0
LINE
  5
122
330
1A
100
AcDbEntity
  8
BLACK
  6
CONTINUOUS
100
AcDbLine
 10
1.5219320472440945
 20
0.5462976377952756
 30
0
 11
1.5136738976377953
 21
0.5566529921259843
 31
0
  0
LINE
  5
123
330
1A
100
AcDbEntity
  8
BLACK
  6
CONTINUOUS
100
AcDbLine
 10
1.5136738976377953
 20
0.5566529921259843
 30
0
 11
1.5066271653543306
 21
0.5678678346456693
 31
0
  0
LINE
  5
124
330
1A
100
AcDbEntity
  8
BLACK
  6
CONTINUOUS
100
AcDbLine
 10
1.5066271653543306
 20
0.5678678346456693
 30
0
 11
1.5008803543307085
 21
0.5798011811023622
 31
0
  0
LINE
  5
125
330
1A
100
AcDbEntity
  8
BLACK
  6
CONTINUOUS
100
AcDbLine
 10
1.5008803543307085
 20
0.5798011811023622
 30
0
 11
1.4965058267716536
 21
0.592302874015748
 31
0
  0
LINE
  5
126
330
1A
100
AcDbEntity
  8
BLACK
  6
CONTINUOUS
100
AcDbLine
 10
1.4965058267716536
 20
0.592302874015748
 30
0
 11
1.4935585433070866
 21
0.6052157874015748
 31
0
  0
LINE
  5
127
330
1A
100
AcDbEntity
  8
BLACK
  6
CONTINUOUS
100
AcDbLine
 10
1.4935585433070866
 20
0.6052157874015748
 30
0
 11
1.4920755905511811
 21
0.6183775196850394
 31
0
  0
LINE
  5
128
330
1A
100
AcDbEntity
  8
BLACK
  6
CONTINUOUS
100
AcDbLine
 10
1.4920755905511811
 20
0.6183775196850394
 30
0
 11
1.4920755905511811
 21
0.6316224803149606
 31
0
  0
LINE
  5
129
330
1A
100
AcDbEntity
  8
BLACK
  6
CONTINUOUS
100
AcDbLine
 10
1.4920755905511811
 20
0.6316224803149606
 30
0
 11
1.4935585433070866
 21
0.6447842125984252
 31
0
  0
LINE
  5
12A
330
1A
100
AcDbEntity
  8
BLACK
  6
CONTINUOUS
100
AcDbLine
 10
1.4935585433070866
 20
0.6447842125984252
 30
0
 11
1.4965058267716536
 21
0.657697125984252
 31
0
  0
LINE
  5
12B
330
1A
100
AcDbEntity
  8
BLACK
  6
CONTINUOUS
100
AcDbLine
 10
1.4965058267716536
 20
0.657697125984252
 30
0
 11
1.5008803543307085
 21
0.6701988188976378
 31
0
  0
LINE
  5
12C
330
1A
100
AcDbEntity
  8
BLACK
  6
CONTINUOUS
100
AcDbLine
 10
1.5008803543307085
 20
0.6701988188976378
 30
0
 11
1.5066271653543306
 21
0.6821321653543307
 31
0
  0
LINE
  5
12D
330
1A
100
AcDbEntity
  8
BLACK
  6
CONTINUOUS
100
AcDbLine
 10
1.5066271653543306
 20
0.6821321653543307
 30
0
 11
1.5136738976377953
 21
0.6933470078740157
 31
0
  0
LINE
  5
12E
330
1A
100
AcDbEntity
  8
BLACK
  6
CONTINUOUS
100
AcDbLine
 10
1.5136738976377953
 20
0.6933470078740157
 30
0
 11
1.5219320472440945
 21
0.7037023622047244
 31
0
  0
LINE
  5
12F
330
1A
100
AcDbEntity
  8
BLACK
  6
CONTINUOUS
100
AcDbLine
 10
1.5219320472440945
 20
0.7037023622047244
 30
0
 11
1.5312976377952756
 21
0.7130679527559055
 31
0
  0
LINE
  5
130
330
1A
100
AcDbEntity
  8
BLACK
  6
CONTINUOUS
100
AcDbLine
 10
1.5312976377952756
 20
0.7130679527559055
 30
0
 11
1.5416529921259843
 21
0.7213261023622047
 31
0
  0
LINE
  5
131
330
1A
100
AcDbEntity
  8
BLACK
  6
CONTINUOUS
100
AcDbLine
 10
1.5416529921259843
 20
0.7213261023622047
 30
0
 11
1.5528678346456692
 21
0.7283728346456693
 31
0
  0
LINE
  5
132
330
1A
100
AcDbEntity
  8
BLACK
  6
CONTINUOUS
100
AcDbLine
 10
1.5528678346456692
 20
0.7283728346456693
 30
0
 11
1.5648011811023621
 21
0.7341196456692913
 31
0
  0
LINE
  5
133
330
1A
100
AcDbEntity
  8
BLACK
  6
CONTINUOUS
100
AcDbLine
 10
1.5648011811023621
 20
0.7341196456692913
 30
0
 11
1.577302874015748
 21
0.7384941732283464
 31
0
  0
LINE
  5
134
330
1A
100
AcDbEntity
  8
BLACK
  6
CONTINUOUS
100
AcDbLine
 10
1.577302874015748
 20
0.7384941732283464
 30
0
 11
1.5902157874015748
 21
0.7414414566929134
 31
0
  0
LINE
  5
135
330
1A
100
AcDbEntity
  8
BLACK
  6
CONTINUOUS
100
AcDbLine
 10
1.5902157874015748
 20
0.7414414566929134
 30
0
 11
1.6033775196850393
 21
0.7429244094488189
 31
0
  0
LINE
  5
136
330
1A
100
AcDbEntity
  8
BLACK
  6
CONTINUOUS
100
AcDbLine
 10
1.6033775196850393
 20
0.7429244094488189
 30
0
 11
1.6166224803149607
 21
0.7429244094488189
 31
0
  0
LINE
  5
137
330
1A
100
AcDbEntity
  8
BLACK
  6
CONTINUOUS
100
AcDbLine
 10
1.6166224803149607
 20
0.7429244094488189
 30
0
 11
1.6297842125984252
 21
0.7414414566929134
 31
0
  0
LINE
  5
138
330
1A
100
AcDbEntity
  8
BLACK
  6
CONTINUOUS
100
AcDbLine
 10
-1.1399999999999999
 20
0.605
 30
0
 11
-1.2
 21
0.605
 31
0
  0
LINE
  5
139
330
1A
100
AcDbEntity
  8
BLACK
  6
CONTINUOUS
100
AcDbLine
 10
-1.2
 20
0.605
 30
0
 11
-1.2
 21
0.665
 31
0
  0
LINE
  5
13A
330
1A
100
AcDbEntity
  8
BLACK
  6
CONTINUOUS
100
AcDbLine
 10
-1.2
 20
0.665
 30
0
 11
-1.1399999999999999
 21
0.665
 31
0
  0
LINE
  5
13B
330
1A
100
AcDbEntity
  8
BLACK
  6
CONTINUOUS
100
AcDbLine
 10
-1.1399999999999999
 20
0.665
 30
0
 11
-1.1399999999999999
 21
0.605
 31
0
  0
LINE
  5
13C
330
1A
100
AcDbEntity
  8
BLACK
  6
CONTINUOUS
100
AcDbLine
 10
-1.04
 20
0.605
 30
0
 11
-1.0999999999999999
 21
0.605
 31
0
  0
LINE
  5
13D
330
1A
100
AcDbEntity
  8
BLACK
  6
CONTINUOUS
100
AcDbLine
 10
-1.0999999999999999
 20
0.605
 30
0
 11
-1.0999999999999999
 21
0.665
 31
0
  0
LINE
  5
13E
330
1A
100
AcDbEntity
  8
BLACK
  6
CONTINUOUS
100
AcDbLine
 10
-1.0999999999999999
 20
0.665
 30
0
 11
-1.04
 21
0.665
 31
0
  0
LINE
  5
13F
330
1A
100
AcDbEntity
  8
BLACK
  6
CONTINUOUS
100
AcDbLine
 10
-1.04
 20
0.665
 30
0
 11
-1.04
 21
0.605
 31
0
  0
LINE
  5
140
330
1A
100
AcDbEntity
  8
BLACK
  6
CONTINUOUS
100
AcDbLine
 10
-0.9399999999999999
 20
0.605
 30
0
 11
-1.
 21
0.605
 31
0
  0
LINE
  5
141
330
1A
100
AcDbEntity
  8
BLACK
  6
CONTINUOUS
100
AcDbLine
 10
-1.
 20
0.605
 30
0
 11
-1.
 21
0.665
 31
0
  0
LINE
  5
142
330
1A
100
AcDbEntity
  8
BLACK
  6
CONTINUOUS
100
AcDbLine
 10
-1.
 20
0.665
 30
0
 11
-0.9399999999999999
 21
0.665
 31
0
  0
LINE
  5
143
330
1A
100
AcDbEntity
  8
BLACK
  6
CONTINUOUS
100
AcDbLine
 10
-0.9399999999999999
 20
0.665
 30
0
 11
-0.9399999999999999
 21
0.605
 31
0
  0
LINE
  5
144
330
1A
100
AcDbEntity
  8
BLACK
  6
CONTINUOUS
100
AcDbLine
 10
-0.84
 20
0.605
 30
0
 11
-0.9
 21
0.605
 31
0
  0
LINE
  5
145
330
1A
100
AcDbEntity
  8
BLACK
  6
CONTINUOUS
100
AcDbLine
 10
-0.9
 20
0.605
 30
0
 11
-0.9
 21
0.665
 31
0
  0
LINE
  5
146
330
1A
100
AcDbEntity
  8
BLACK
  6
CONTINUOUS
100
AcDbLine
 10
-0.9
 20
0.665
 30
0
 11
-0.84
 21
0.665
 31
0
  0
LINE
  5
147
330
1A
100
AcDbEntity
  8
BLACK
  6
CONTINUOUS
100
AcDbLine
 10
-0.84
 20
0.665
 30
0
 11
-0.84
 21
0.605
 31
0
  0
LINE
  5
148
330
1A
100
AcDbEntity
  8
BLACK
  6
CONTINUOUS
100
AcDbLine
 10
-0.74
 20
0.605
 30
0
 11
-0.7999999999999999
 21
0.605
 31
0
  0
LINE
  5
149
330
1A
100
AcDbEntity
  8
BLACK
  6
CONTINUOUS
100
AcDbLine
 10
-0.7999999999999999
 20
0.605
 30
0
 11
-0.7999999999999999
 21
0.665
 31
0
  0
LINE
  5
14A
330
1A
100
AcDbEntity
  8
BLACK
  6
CONTINUOUS
100
AcDbLine
 10
-0.7999999999999999
 20
0.665
 30
0
 11
-0.74
 21
0.665
 31
0
  0
LINE
  5
14B
330
1A
100
AcDbEntity
  8
BLACK
  6
CONTINUOUS
100
AcDbLine
 10
-0.74
 20
0.665
 30
0
 11
-0.74
 21
0.605
 31
0
  0
LINE
  5
14C
330
1A
100
AcDbEntity
  8
BLACK
  6
CONTINUOUS
100
AcDbLine
 10
-0.61
 20
0.605
 30
0
 11
-0.67
 21
0.605
 31
0
  0
LINE
  5
14D
330
1A
100
AcDbEntity
  8
BLACK
  6
CONTINUOUS
100
AcDbLine
 10
-0.67
 20
0.605
 30
0
 11
-0.67
 21
0.665
 31
0
  0
LINE
  5
14E
330
1A
100
AcDbEntity
  8
BLACK
  6
CONTINUOUS
100
AcDbLine
 10
-0.67
 20
0.665
 30
0
 11
-0.61
 21
0.665
 31
0
  0
LINE
  5
14F
330
1A
100
AcDbEntity
  8
BLACK
  6
CONTINUOUS
100
AcDbLine
 10
-0.61
 20
0.665
 30
0
 11
-0.61
 21
0.605
 31
0
  0
LINE
  5
150
330
1A
100
AcDbEntity
  8
BLACK
  6
CONTINUOUS
100
AcDbLine
 10
-0.51
 20
0.605
 30
0
 11
-0.57
 21
0.605
 31
0
  0
LINE
  5
151
330
1A
100
AcDbEntity
  8
BLACK
  6
CONTINUOUS
100
AcDbLine
 10
-0.57
 20
0.605
 30
0
 11
-0.57
 21
0.665
 31
0
  0
LINE
  5
152
330
1A
100
AcDbEntity
  8
BLACK
  6
CONTINUOUS
100
AcDbLine
 10
-0.57
 20
0.665
 30
0
 11
-0.51
 21
0.665
 31
0
  0
LINE
  5
153
330
1A
100
AcDbEntity
  8
BLACK
  6
CONTINUOUS
100
AcDbLine
 10
-0.51
 20
0.665
 30
0
 11
-0.51
 21
0.605
 31
0
  0
LINE
  5
154
330
1A
100
AcDbEntity
  8
BLACK
  6
CONTINUOUS
100
AcDbLine
 10
-0.41
 20
0.605
 30
0
 11
-0.47
 21
0.605
 31
0
  0
LINE
  5
155
330
1A
100
AcDbEntity
  8
BLACK
  6
CONTINUOUS
100
AcDbLine
 10
-0.47
 20
0.605
 30
0
 11
-0.47
 21
0.665
 31
0
  0
LINE
  5
156
330
1A
100
AcDbEntity
  8
BLACK
  6
CONTINUOUS
100
AcDbLine
 10
-0.47
 20
0.665
 30
0
 11
-0.41
 21
0.665
 31
0
  0
LINE
  5
157
330
1A
100
AcDbEntity
  8
BLACK
  6
CONTINUOUS
100
AcDbLine
 10
-0.41
 20
0.665
 30
0
 11
-0.41
 21
0.605
 31
0
  0
LINE
  5
158
330
1A
100
AcDbEntity
  8
BLACK
  6
CONTINUOUS
100
AcDbLine
 10
-0.31
 20
0.605
 30
0
 11
-0.37
 21
0.605
 31
0
  0
LINE
  5
159
330
1A
100
AcDbEntity
  8
BLACK
  6
CONTINUOUS
100
AcDbLine
 10
-0.37
 20
0.605
 30
0
 11
-0.37
 21
0.665
 31
0
  0
LINE
  5
15A
330
1A
100
AcDbEntity
  8
BLACK
  6
CONTINUOUS
100
AcDbLine
 10
-0.37
 20
0.665
 30
0
 11
-0.31
 21
0.665
 31
0
  0
LINE
  5
15B
330
1A
100
AcDbEntity
  8
BLACK
  6
CONTINUOUS
100
AcDbLine
 10
-0.31
 20
0.665
 30
0
 11
-0.31
 21
0.605
 31
0
  0
LINE
  5
15C
330
1A
100
AcDbEntity
  8
BLACK
  6
CONTINUOUS
100
AcDbLine
 10
-0.21
 20
0.605
 30
0
 11
-0.27
 21
0.605
 31
0
  0
LINE
  5
15D
330
1A
100
AcDbEntity
  8
BLACK
  6
CONTINUOUS
100
AcDbLine
 10
-0.27
 20
0.605
 30
0
 11
-0.27
 21
0.665
 31
0
  0
LINE
  5
15E
330
1A
100
AcDbEntity
  8
BLACK
  6
CONTINUOUS
100
AcDbLine
 10
-0.27
 20
0.665
 30
0
 11
-0.21
 21
0.665
 31
0
  0
LINE
  5
15F
330
1A
100
AcDbEntity
  8
BLACK
  6
CONTINUOUS
100
AcDbLine
 10
-0.21
 20
0.665
 30
0
 11
-0.21
 21
0.605
 31
0
  0
LINE
  5
160
330
1A
100
AcDbEntity
  8
BLACK
  6
CONTINUOUS
100
AcDbLine
 10
0.8291339763779527
 20
0.6868496850393701
 30
0
 11
0.8310498425196851
 21
0.6855695275590551
 31
0
  0
LINE
  5
161
330
1A
100
AcDbEntity
  8
BLACK
  6
CONTINUOUS
100
AcDbLine
 10
0.8310498425196851
 20
0.6855695275590551
 30
0
 11
0.83233
 21
0.6836536614173229
 31
0
  0
LINE
  5
162
330
1A
100
AcDbEntity
  8
BLACK
  6
CONTINUOUS
100
AcDbLine
 10
0.83233
 20
0.6836536614173229
 30
0
 11
0.832779527559055
 21
0.6813937007874016
 31
0
  0
LINE
  5
163
330
1A
100
AcDbEntity
  8
BLACK
  6
CONTINUOUS
100
AcDbLine
 10
0.832779527559055
 20
0.6813937007874016
 30
0
 11
0.832779527559055
 21
0.6262755905511811
 31
0
  0
LINE
  5
164
330
1A
100
AcDbEntity
  8
BLACK
  6
CONTINUOUS
100
AcDbLine
 10
0.832779527559055
 20
0.6262755905511811
 30
0
 11
0.83233
 21
0.6240156299212598
 31
0
  0
LINE
  5
165
330
1A
100
AcDbEntity
  8
BLACK
  6
CONTINUOUS
100
AcDbLine
 10
0.83233
 20
0.6240156299212598
 30
0
 11
0.8310498425196851
 21
0.6220997637795276
 31
0
  0
LINE
  5
166
330
1A
100
AcDbEntity
  8
BLACK
  6
CONTINUOUS
100
AcDbLine
 10
0.8310498425196851
 20
0.6220997637795276
 30
0
 11
0.8291339763779527
 21
0.6208196062992126
 31
0
  0
LINE
  5
167
330
1A
100
AcDbEntity
  8
BLACK
  6
CONTINUOUS
100
AcDbLine
 10
0.8291339763779527
 20
0.6208196062992126
 30
0
 11
0.8268740157480314
 21
0.6203700787401575
 31
0
  0
LINE
  5
168
330
1A
100
AcDbEntity
  8
BLACK
  6
CONTINUOUS
100
AcDbLine
 10
0.8268740157480314
 20
0.6203700787401575
 30
0
 11
0.8150629921259842
 21
0.6203700787401575
 31
0
  0
LINE
  5
169
330
1A
100
AcDbEntity
  8
BLACK
  6
CONTINUOUS
100
AcDbLine
 10
0.8150629921259842
 20
0.6203700787401575
 30
0
 11
0.8128030314960629
 21
0.6208196062992126
 31
0
  0
LINE
  5
16A
330
1A
100
AcDbEntity
  8
BLACK
  6
CONTINUOUS
100
AcDbLine
 10
0.8128030314960629
 20
0.6208196062992126
 30
0
 11
0.8108871653543307
 21
0.6220997637795276
 31
0
  0
LINE
  5
16B
330
1A
100
AcDbEntity
  8
BLACK
  6
CONTINUOUS
100
AcDbLine
 10
0.8108871653543307
 20
0.6220997637795276
 30
0
 11
0.8096070078740157
 21
0.6240156299212598
 31
0
  0
LINE
  5
16C
330
1A
100
AcDbEntity
  8
BLACK
  6
CONTINUOUS
100
AcDbLine
 10
0.8096070078740157
 20
0.6240156299212598
 30
0
 11
0.8091574803149606
 21
0.6262755905511811
 31
0
  0
LINE
  5
16D
330
1A
100
AcDbEntity
  8
BLACK
  6
CONTINUOUS
100
AcDbLine
 10
0.8091574803149606
 20
0.6262755905511811
 30
0
 11
0.8091574803149606
 21
0.6813937007874016
 31
0
  0
LINE
  5
16E
330
1A
100
AcDbEntity
  8
BLACK
  6
CONTINUOUS
100
AcDbLine
 10
0.8091574803149606
 20
0.6813937007874016
 30
0
 11
0.8096070078740157
 21
0.6836536614173229
 31
0
  0
LINE
  5
16F
330
1A
100
AcDbEntity
  8
BLACK
  6
CONTINUOUS
100
AcDbLine
 10
0.8096070078740157
 20
0.6836536614173229
 30
0
 11
0.8108871653543307
 21
0.6855695275590551
 31
0
  0
LINE
  5
170
330
1A
100
AcDbEntity
  8
BLACK
  6
CONTINUOUS
100
AcDbLine
 10
0.8108871653543307
 20
0.6855695275590551
 30
0
 11
0.8128030314960629
 21
0.6868496850393701
 31
0
  0
LINE
  5
171
330
1A
100
AcDbEntity
  8
BLACK
  6
CONTINUOUS
100
AcDbLine
 10
0.8128030314960629
 20
0.6868496850393701
 30
0
 11
0.8150629921259842
 21
0.6872992125984252
 31
0
  0
LINE
  5
172
330
1A
100
AcDbEntity
  8
BLACK
  6
CONTINUOUS
100
AcDbLine
 10
0.8150629921259842
 20
0.6872992125984252
 30
0
 11
0.8268740157480314
 21
0.6872992125984252
 31
0
  0
LINE
  5
173
330
1A
100
AcDbEntity
  8
BLACK
  6
CONTINUOUS
100
AcDbLine
 10
0.8268740157480314
 20
0.6872992125984252
 30
0
 11
0.8291339763779527
 21
0.6868496850393701
 31
0
  0
LINE
  5
174
330
1A
100
AcDbEntity
  8
BLACK
  6
CONTINUOUS
100
AcDbLine
 10
0.8783465748031496
 20
0.6868496850393701
 30
0
 11
0.8802624409448818
 21
0.6855695275590551
 31
0
  0
LINE
  5
175
330
1A
100
AcDbEntity
  8
BLACK
  6
CONTINUOUS
100
AcDbLine
 10
0.8802624409448818
 20
0.6855695275590551
 30
0
 11
0.8815425984251968
 21
0.6836536614173229
 31
0
  0
LINE
  5
176
330
1A
100
AcDbEntity
  8
BLACK
  6
CONTINUOUS
100
AcDbLine
 10
0.8815425984251968
 20
0.6836536614173229
 30
0
 11
0.8819921259842519
 21
0.6813937007874016
 31
0
  0
LINE
  5
177
330
1A
100
AcDbEntity
  8
BLACK
  6
CONTINUOUS
100
AcDbLine
 10
0.8819921259842519
 20
0.6813937007874016
 30
0
 11
0.8819921259842519
 21
0.6262755905511811
 31
0
  0
LINE
  5
178
330
1A
100
AcDbEntity
  8
BLACK
  6
CONTINUOUS
100
AcDbLine
 10
0.8819921259842519
 20
0.6262755905511811
 30
0
 11
0.8815425984251968
 21
0.6240156299212598
 31
0
  0
LINE
  5
179
330
1A
100
AcDbEntity
  8
BLACK
  6
CONTINUOUS
100
AcDbLine
 10
0.8815425984251968
 20
0.6240156299212598
 30
0
 11
0.8802624409448818
 21
0.6220997637795276
 31
0
  0
LINE
  5
17A
330
1A
100
AcDbEntity
  8
BLACK
  6
CONTINUOUS
100
AcDbLine
 10
0.8802624409448818
 20
0.6220997637795276
 30
0
 11
0.8783465748031496
 21
0.6208196062992126
 31
0
  0
LINE
  5
17B
330
1A
100
AcDbEntity
  8
BLACK
  6
CONTINUOUS
100
AcDbLine
 10
0.8783465748031496
 20
0.6208196062992126
 30
0
 11
0.8760866141732283
 21
0.6203700787401575
 31
0
  0
LINE
  5
17C
330
1A
100
AcDbEntity
  8
BLACK
  6
CONTINUOUS
100
AcDbLine
 10
0.8760866141732283
 20
0.6203700787401575
 30
0
 11
0.8642755905511811
 21
0.6203700787401575
 31
0
  0
LINE
  5
17D
330
1A
100
AcDbEntity
  8
BLACK
  6
CONTINUOUS
100
AcDbLine
 10
0.8642755905511811
 20
0.6203700787401575
 30
0
 11
0.8620156299212598
 21
0.6208196062992126
 31
0
  0
LINE
  5
17E
330
1A
100
AcDbEntity
  8
BLACK
  6
CONTINUOUS
100
AcDbLine
 10
0.8620156299212598
 20
0.6208196062992126
 30
0
 11
0.8600997637795276
 21
0.6220997637795276
 31
0
  0
LINE
  5
17F
330
1A
100
AcDbEntity
  8
BLACK
  6
CONTINUOUS
100
AcDbLine
 10
0.8600997637795276
 20
0.6220997637795276
 30
0
 11
0.8588196062992126
 21
0.6240156299212598
 31
0
  0
LINE
  5
180
330
1A
100
AcDbEntity
  8
BLACK
  6
CONTINUOUS
100
AcDbLine
 10
0.8588196062992126
 20
0.6240156299212598
 30
0
 11
0.8583700787401575
 21
0.6262755905511811
 31
0
  0
LINE
  5
181
330
1A
100
AcDbEntity
  8
BLACK
  6
CONTINUOUS
100
AcDbLine
 10
0.8583700787401575
 20
0.6262755905511811
 30
0
 11
0.8583700787401575
 21
0.6813937007874016
 31
0
  0
LINE
  5
182
330
1A
100
AcDbEntity
  8
BLACK
  6
CONTINUOUS
100
AcDbLine
 10
0.8583700787401575
 20
0.6813937007874016
 30
0
 11
0.8588196062992126
 21
0.6836536614173229
 31
0
  0
LINE
  5
183
330
1A
100
AcDbEntity
  8
BLACK
  6
CONTINUOUS
100
AcDbLine
 10
0.8588196062992126
 20
0.6836536614173229
 30
0
 11
0.8600997637795276
 21
0.6855695275590551
 31
0
  0
LINE
  5
184
330
1A
100
AcDbEntity
  8
BLACK
  6
CONTINUOUS
100
AcDbLine
 10
0.8600997637795276
 20
0.6855695275590551
 30
0
 11
0.8620156299212598
 21
0.6868496850393701
 31
0
  0
LINE
  5
185
330
1A
100
AcDbEntity
  8
BLACK
  6
CONTINUOUS
100
AcDbLine
 10
0.8620156299212598
 20
0.6868496850393701
 30
0
 11
0.8642755905511811
 21
0.6872992125984252
 31
0
  0
LINE
  5
186
330
1A
100
AcDbEntity
  8
BLACK
  6
CONTINUOUS
100
AcDbLine
 10
0.8642755905511811
 20
0.6872992125984252
 30
0
 11
0.8760866141732283
 21
0.6872992125984252
 31
0
  0
LINE
  5
187
330
1A
100
AcDbEntity
  8
BLACK
  6
CONTINUOUS
100
AcDbLine
 10
0.8760866141732283
 20
0.6872992125984252
 30
0
 11
0.8783465748031496
 21
0.6868496850393701
 31
0
  0
LINE
  5
188
330
1A
100
AcDbEntity
  8
BLACK
  6
CONTINUOUS
100
AcDbLine
 10
0.9275591732283465
 20
0.6868496850393701
 30
0
 11
0.9294750393700787
 21
0.6855695275590551
 31
0
  0
LINE
  5
189
330
1A
100
AcDbEntity
  8
BLACK
  6
CONTINUOUS
100
AcDbLine
 10
0.9294750393700787
 20
0.6855695275590551
 30
0
 11
0.9307551968503937
 21
0.6836536614173229
 31
0
  0
LINE
  5
18A
330
1A
100
AcDbEntity
  8
BLACK
  6
CONTINUOUS
100
AcDbLine
 10
0.9307551968503937
 20
0.6836536614173229
 30
0
 11
0.9312047244094488
 21
0.6813937007874016
 31
0
  0
LINE
  5
18B
330
1A
100
AcDbEntity
  8
BLACK
  6
CONTINUOUS
100
AcDbLine
 10
0.9312047244094488
 20
0.6813937007874016
 30
0
 11
0.9312047244094488
 21
0.6262755905511811
 31
0
  0
LINE
  5
18C
330
1A
100
AcDbEntity
  8
BLACK
  6
CONTINUOUS
100
AcDbLine
 10
0.9312047244094488
 20
0.6262755905511811
 30
0
 11
0.9307551968503937
 21
0.6240156299212598
 31
0
  0
LINE
  5
18D
330
1A
100
AcDbEntity
  8
BLACK
  6
CONTINUOUS
100
AcDbLine
 10
0.9307551968503937
 20
0.6240156299212598
 30
0
 11
0.9294750393700787
 21
0.6220997637795276
 31
0
  0
LINE
  5
18E
330
1A
100
AcDbEntity
  8
BLACK
  6
CONTINUOUS
100
AcDbLine
 10
0.9294750393700787
 20
0.6220997637795276
 30
0
 11
0.9275591732283465
 21
0.6208196062992126
 31
0
  0
LINE
  5
18F
330
1A
100
AcDbEntity
  8
BLACK
  6
CONTINUOUS
100
AcDbLine
 10
0.9275591732283465
 20
0.6208196062992126
 30
0
 11
0.9252992125984252
 21
0.6203700787401575
 31
0
  0
LINE
  5
190
330
1A
100
AcDbEntity
  8
BLACK
  6
CONTINUOUS
100
AcDbLine
 10
0.9252992125984252
 20
0.6203700787401575
 30
0
 11
0.913488188976378
 21
0.6203700787401575
 31
0
  0
LINE
  5
191
330
1A
100
AcDbEntity
  8
BLACK
  6
CONTINUOUS
100
AcDbLine
 10
0.913488188976378
 20
0.6203700787401575
 30
0
 11
0.9112282283464567
 21
0.6208196062992126
 31
0
  0
LINE
  5
192
330
1A
100
AcDbEntity
  8
BLACK
  6
CONTINUOUS
100
AcDbLine
 10
0.9112282283464567
 20
0.6208196062992126
 30
0
 11
0.9093123622047243
 21
0.6220997637795276
 31
0
  0
LINE
  5
193
330
1A
100
AcDbEntity
  8
BLACK
  6
CONTINUOUS
100
AcDbLine
 10
0.9093123622047243
 20
0.6220997637795276
 30
0
 11
0.9080322047244094
 21
0.6240156299212598
 31
0
  0
LINE
  5
194
330
1A
100
AcDbEntity
  8
BLACK
  6
CONTINUOUS
100
AcDbLine
 10
0.9080322047244094
 20
0.6240156299212598
 30
0
 11
0.9075826771653543
 21
0.6262755905511811
 31
0
  0
LINE
  5
195
330
1A
100
AcDbEntity
  8
BLACK
  6
CONTINUOUS
100
AcDbLine
 10
0.9075826771653543
 20
0.6262755905511811
 30
0
 11
0.9075826771653543
 21
0.6813937007874016
 31
0
  0
LINE
  5
196
330
1A
100
AcDbEntity
  8
BLACK
  6
CONTINUOUS
100
AcDbLine
 10
0.9075826771653543
 20
0.6813937007874016
 30
0
 11
0.9080322047244094
 21
0.6836536614173229
 31
0
  0
LINE
  5
197
330
1A
100
AcDbEntity
  8
BLACK
  6
CONTINUOUS
100
AcDbLine
 10
0.9080322047244094
 20
0.6836536614173229
 30
0
 11
0.9093123622047243
 21
0.6855695275590551
 31
0
  0
LINE
  5
198
330
1A
100
AcDbEntity
  8
BLACK
  6
CONTINUOUS
100
AcDbLine
 10
0.9093123622047243
 20
0.6855695275590551
 30
0
 11
0.9112282283464567
 21
0.6868496850393701
 31
0
  0
LINE
  5
199
330
1A
100
AcDbEntity
  8
BLACK
  6
CONTINUOUS
100
AcDbLine
 10
0.9112282283464567
 20
0.6868496850393701
 30
0
 11
0.913488188976378
 21
0.6872992125984252
 31
0
  0
LINE
  5
19A
330
1A
100
AcDbEntity
  8
BLACK
  6
CONTINUOUS
100
AcDbLine
 10
0.913488188976378
 20
0.6872992125984252
 30
0
 11
0.9252992125984252
 21
0.6872992125984252
 31
0
  0
LINE
  5
19B
330
1A
100
AcDbEntity
  8
BLACK
  6
CONTINUOUS
100
AcDbLine
 10
0.9252992125984252
 20
0.6872992125984252
 30
0
 11
0.9275591732283465
 21
0.6868496850393701
 31
0
  0
LINE
  5
19C
330
1A
100
AcDbEntity
  8
BLACK
  6
CONTINUOUS
100
AcDbLine
 10
0.9767717716535432
 20
0.6868496850393701
 30
0
 11
0.9786876377952756
 21
0.6855695275590551
 31
0
  0
LINE
  5
19D
330
1A
100
AcDbEntity
  8
BLACK
  6
CONTINUOUS
100
AcDbLine
 10
0.9786876377952756
 20
0.6855695275590551
 30
0
 11
0.9799677952755905
 21
0.6836536614173229
 31
0
  0
LINE
  5
19E
330
1A
100
AcDbEntity
  8
BLACK
  6
CONTINUOUS
100
AcDbLine
 10
0.9799677952755905
 20
0.6836536614173229
 30
0
 11
0.9804173228346457
 21
0.6813937007874016
 31
0
  0
LINE
  5
19F
330
1A
100
AcDbEntity
  8
BLACK
  6
CONTINUOUS
100
AcDbLine
 10
0.9804173228346457
 20
0.6813937007874016
 30
0
 11
0.9804173228346457
 21
0.6262755905511811
 31
0
  0
LINE
  5
1A0
330
1A
100
AcDbEntity
  8
BLACK
  6
CONTINUOUS
100
AcDbLine
 10
0.9804173228346457
 20
0.6262755905511811
 30
0
 11
0.9799677952755905
 21
0.6240156299212598
 31
0
  0
LINE
  5
1A1
330
1A
100
AcDbEntity
  8
BLACK
  6
CONTINUOUS
100
AcDbLine
 10
0.9799677952755905
 20
0.6240156299212598
 30
0
 11
0.9786876377952756
 21
0.6220997637795276
 31
0
  0
LINE
  5
1A2
330
1A
100
AcDbEntity
  8
BLACK
  6
CONTINUOUS
100
AcDbLine
 10
0.9786876377952756
 20
0.6220997637795276
 30
0
 11
0.9767717716535432
 21
0.6208196062992126
 31
0
  0
LINE
  5
1A3
330
1A
100
AcDbEntity
  8
BLACK
  6
CONTINUOUS
100
AcDbLine
 10
0.9767717716535432
 20
0.6208196062992126
 30
0
 11
0.9745118110236221
 21
0.6203700787401575
 31
0
  0
LINE
  5
1A4
330
1A
100
AcDbEntity
  8
BLACK
  6
CONTINUOUS
100
AcDbLine
 10
0.9745118110236221
 20
0.6203700787401575
 30
0
 11
0.9627007874015748
 21
0.6203700787401575
 31
0
  0
LINE
  5
1A5
330
1A
100
AcDbEntity
  8
BLACK
  6
CONTINUOUS
100
AcDbLine
 10
0.9627007874015748
 20
0.6203700787401575
 30
0
 11
0.9604408267716535
 21
0.6208196062992126
 31
0
  0
LINE
  5
1A6
330
1A
100
AcDbEntity
  8
BLACK
  6
CONTINUOUS
100
AcDbLine
 10
0.9604408267716535
 20
0.6208196062992126
 30
0
 11
0.9585249606299212
 21
0.6220997637795276
 31
0
  0
LINE
  5
1A7
330
1A
100
AcDbEntity
  8
BLACK
  6
CONTINUOUS
100
AcDbLine
 10
0.9585249606299212
 20
0.6220997637795276
 30
0
 11
0.9572448031496062
 21
0.6240156299212598
 31
0
  0
LINE
  5
1A8
330
1A
100
AcDbEntity
  8
BLACK
  6
CONTINUOUS
100
AcDbLine
 10
0.9572448031496062
 20
0.6240156299212598
 30
0
 11
0.9567952755905511
 21
0.6262755905511811
 31
0
  0
LINE
  5
1A9
330
1A
100
AcDbEntity
  8
BLACK
  6
CONTINUOUS
100
AcDbLine
 10
0.9567952755905511
 20
0.6262755905511811
 30
0
 11
0.9567952755905511
 21
0.6813937007874016
 31
0
  0
LINE
  5
1AA
330
1A
100
AcDbEntity
  8
BLACK
  6
CONTINUOUS
100
AcDbLine
 10
0.9567952755905511
 20
0.6813937007874016
 30
0
 11
0.9572448031496062
 21
0.6836536614173229
 31
0
  0
LINE
  5
1AB
330
1A
100
AcDbEntity
  8
BLACK
  6
CONTINUOUS
100
AcDbLine
 10
0.9572448031496062
 20
0.6836536614173229
 30
0
 11
0.9585249606299212
 21
0.6855695275590551
 31
0
  0
LINE
  5
1AC
330
1A
100
AcDbEntity
  8
BLACK
  6
CONTINUOUS
100
AcDbLine
 10
0.9585249606299212
 20
0.6855695275590551
 30
0
 11
0.9604408267716535
 21
0.6868496850393701
 31
0
  0
LINE
  5
1AD
330
1A
100
AcDbEntity
  8
BLACK
  6
CONTINUOUS
100
AcDbLine
 10
0.9604408267716535
 20
0.6868496850393701
 30
0
 11
0.9627007874015748
 21
0.6872992125984252
 31
0
  0
LINE
  5
1AE
330
1A
100
AcDbEntity
  8
BLACK
  6
CONTINUOUS
100
AcDbLine
 10
0.9627007874015748
 20
0.6872992125984252
 30
0
 11
0.9745118110236221
 21
0.6872992125984252
 31
0
  0
LINE
  5
1AF
330
1A
100
AcDbEntity
  8
BLACK
  6
CONTINUOUS
100
AcDbLine
 10
0.9745118110236221
 20
0.6872992125984252
 30
0
 11
0.9767717716535432
 21
0.6868496850393701
 31
0
  0
LINE
  5
1B0
330
1A
100
AcDbEntity
  8
BLACK
  6
CONTINUOUS
100
AcDbLine
 10
1.0259843700787401
 20
0.6868496850393701
 30
0
 11
1.0279002362204723
 21
0.6855695275590551
 31
0
  0
LINE
  5
1B1
330
1A
100
AcDbEntity
  8
BLACK
  6
CONTINUOUS
100
AcDbLine
 10
1.0279002362204723
 20
0.6855695275590551
 30
0
 11
1.0291803937007873
 21
0.6836536614173229
 31
0
  0
LINE
  5
1B2
330
1A
100
AcDbEntity
  8
BLACK
  6
CONTINUOUS
100
AcDbLine
 10
1.0291803937007873
 20
0.6836536614173229
 30
0
 11
1.0296299212598425
 21
0.6813937007874016
 31
0
  0
LINE
  5
1B3
330
1A
100
AcDbEntity
  8
BLACK
  6
CONTINUOUS
100
AcDbLine
 10
1.0296299212598425
 20
0.6813937007874016
 30
0
 11
1.0296299212598425
 21
0.6262755905511811
 31
0
  0
LINE
  5
1B4
330
1A
100
AcDbEntity
  8
BLACK
  6
CONTINUOUS
100
AcDbLine
 10
1.0296299212598425
 20
0.6262755905511811
 30
0
 11
1.0291803937007873
 21
0.6240156299212598
 31
0
  0
LINE
  5
1B5
330
1A
100
AcDbEntity
  8
BLACK
  6
CONTINUOUS
100
AcDbLine
 10
1.0291803937007873
 20
0.6240156299212598
 30
0
 11
1.0279002362204723
 21
0.6220997637795276
 31
0
  0
LINE
  5
1B6
330
1A
100
AcDbEntity
  8
BLACK
  6
CONTINUOUS
100
AcDbLine
 10
1.0279002362204723
 20
0.6220997637795276
 30
0
 11
1.0259843700787401
 21
0.6208196062992126
 31
0
  0
LINE
  5
1B7
330
1A
100
AcDbEntity
  8
BLACK
  6
CONTINUOUS
100
AcDbLine
 10
1.0259843700787401
 20
0.6208196062992126
 30
0
 11
1.0237244094488189
 21
0.6203700787401575
 31
0
  0
LINE
  5
1B8
330
1A
100
AcDbEntity
  8
BLACK
  6
CONTINUOUS
100
AcDbLine
 10
1.0237244094488189
 20
0.6203700787401575
 30
0
 11
1.0119133858267717
 21
0.6203700787401575
 31
0
  0
LINE
  5
1B9
330
1A
100
AcDbEntity
  8
BLACK
  6
CONTINUOUS
100
AcDbLine
 10
1.0119133858267717
 20
0.6203700787401575
 30
0
 11
1.0096534251968503
 21
0.6208196062992126
 31
0
  0
LINE
  5
1BA
330
1A
100
AcDbEntity
  8
BLACK
  6
CONTINUOUS
100
AcDbLine
 10
1.0096534251968503
 20
0.6208196062992126
 30
0
 11
1.0077375590551181
 21
0.6220997637795276
 31
0
  0
LINE
  5
1BB
330
1A
100
AcDbEntity
  8
BLACK
  6
CONTINUOUS
100
AcDbLine
 10
1.0077375590551181
 20
0.6220997637795276
 30
0
 11
1.0064574015748031
 21
0.6240156299212598
 31
0
  0
LINE
  5
1BC
330
1A
100
AcDbEntity
  8
BLACK
  6
CONTINUOUS
100
AcDbLine
 10
1.0064574015748031
 20
0.6240156299212598
 30
0
 11
1.0060078740157481
 21
0.6262755905511811
 31
0
  0
LINE
  5
1BD
330
1A
100
AcDbEntity
  8
BLACK
  6
CONTINUOUS
100
AcDbLine
 10
1.0060078740157481
 20
0.6262755905511811
 30
0
 11
1.0060078740157481
 21
0.6813937007874016
 31
0
  0
LINE
  5
1BE
330
1A
100
AcDbEntity
  8
BLACK
  6
CONTINUOUS
100
AcDbLine
 10
1.0060078740157481
 20
0.6813937007874016
 30
0
 11
1.0064574015748031
 21
0.6836536614173229
 31
0
  0
LINE
  5
1BF
330
1A
100
AcDbEntity
  8
BLACK
  6
CONTINUOUS
100
AcDbLine
 10
1.0064574015748031
 20
0.6836536614173229
 30
0
 11
1.0077375590551181
 21
0.6855695275590551
 31
0
  0
LINE
  5
1C0
330
1A
100
AcDbEntity
  8
BLACK
  6
CONTINUOUS
100
AcDbLine
 10
1.0077375590551181
 20
0.6855695275590551
 30
0
 11
1.0096534251968503
 21
0.6868496850393701
 31
0
  0
LINE
  5
1C1
330
1A
100
AcDbEntity
  8
BLACK
  6
CONTINUOUS
100
AcDbLine
 10
1.0096534251968503
 20
0.6868496850393701
 30
0
 11
1.0119133858267717
 21
0.6872992125984252
 31
0
  0
LINE
  5
1C2
330
1A
100
AcDbEntity
  8
BLACK
  6
CONTINUOUS
100
AcDbLine
 10
1.0119133858267717
 20
0.6872992125984252
 30
0
 11
1.0237244094488189
 21
0.6872992125984252
 31
0
  0
LINE
  5
1C3
330
1A
100
AcDbEntity
  8
BLACK
  6
CONTINUOUS
100
AcDbLine
 10
1.0237244094488189
 20
0.6872992125984252
 30
0
 11
1.0259843700787401
 21
0.6868496850393701
 31
0
  0
LINE
  5
1C4
330
1A
100
AcDbEntity
  8
BLACK
  6
CONTINUOUS
100
AcDbLine
 10
1.0751969685039371
 20
0.6868496850393701
 30
0
 11
1.0771128346456693
 21
0.6855695275590551
 31
0
  0
LINE
  5
1C5
330
1A
100
AcDbEntity
  8
BLACK
  6
CONTINUOUS
100
AcDbLine
 10
1.0771128346456693
 20
0.6855695275590551
 30
0
 11
1.0783929921259843
 21
0.6836536614173229
 31
0
  0
LINE
  5
1C6
330
1A
100
AcDbEntity
  8
BLACK
  6
CONTINUOUS
100
AcDbLine
 10
1.0783929921259843
 20
0.6836536614173229
 30
0
 11
1.0788425196850393
 21
0.6813937007874016
 31
0
  0
LINE
  5
1C7
330
1A
100
AcDbEntity
  8
BLACK
  6
CONTINUOUS
100
AcDbLine
 10
1.0788425196850393
 20
0.6813937007874016
 30
0
 11
1.0788425196850393
 21
0.6262755905511811
 31
0
  0
LINE
  5
1C8
330
1A
100
AcDbEntity
  8
BLACK
  6
CONTINUOUS
100
AcDbLine
 10
1.0788425196850393
 20
0.6262755905511811
 30
0
 11
1.0783929921259843
 21
0.6240156299212598
 31
0
  0
LINE
  5
1C9
330
1A
100
AcDbEntity
  8
BLACK
  6
CONTINUOUS
100
AcDbLine
 10
1.0783929921259843
 20
0.6240156299212598
 30
0
 11
1.0771128346456693
 21
0.6220997637795276
 31
0
  0
LINE
  5
1CA
330
1A
100
AcDbEntity
  8
BLACK
  6
CONTINUOUS
100
AcDbLine
 10
1.0771128346456693
 20
0.6220997637795276
 30
0
 11
1.0751969685039371
 21
0.6208196062992126
 31
0
  0
LINE
  5
1CB
330
1A
100
AcDbEntity
  8
BLACK
  6
CONTINUOUS
100
AcDbLine
 10
1.0751969685039371
 20
0.6208196062992126
 30
0
 11
1.0729370078740157
 21
0.6203700787401575
 31
0
  0
LINE
  5
1CC
330
1A
100
AcDbEntity
  8
BLACK
  6
CONTINUOUS
100
AcDbLine
 10
1.0729370078740157
 20
0.6203700787401575
 30
0
 11
1.0611259842519685
 21
0.6203700787401575
 31
0
  0
LINE
  5
1CD
330
1A
100
AcDbEntity
  8
BLACK
  6
CONTINUOUS
100
AcDbLine
 10
1.0611259842519685
 20
0.6203700787401575
 30
0
 11
1.0588660236220473
 21
0.6208196062992126
 31
0
  0
LINE
  5
1CE
330
1A
100
AcDbEntity
  8
BLACK
  6
CONTINUOUS
100
AcDbLine
 10
1.0588660236220473
 20
0.6208196062992126
 30
0
 11
1.0569501574803148
 21
0.6220997637795276
 31
0
  0
LINE
  5
1CF
330
1A
100
AcDbEntity
  8
BLACK
  6
CONTINUOUS
100
AcDbLine
 10
1.0569501574803148
 20
0.6220997637795276
 30
0
 11
1.0556699999999999
 21
0.6240156299212598
 31
0
  0
LINE
  5
1D0
330
1A
100
AcDbEntity
  8
BLACK
  6
CONTINUOUS
100
AcDbLine
 10
1.0556699999999999
 20
0.6240156299212598
 30
0
 11
1.0552204724409449
 21
0.6262755905511811
 31
0
  0
LINE
  5
1D1
330
1A
100
AcDbEntity
  8
BLACK
  6
CONTINUOUS
100
AcDbLine
 10
1.0552204724409449
 20
0.6262755905511811
 30
0
 11
1.0552204724409449
 21
0.6813937007874016
 31
0
  0
LINE
  5
1D2
330
1A
100
AcDbEntity
  8
BLACK
  6
CONTINUOUS
100
AcDbLine
 10
1.0552204724409449
 20
0.6813937007874016
 30
0
 11
1.0556699999999999
 21
0.6836536614173229
 31
0
  0
LINE
  5
1D3
330
1A
100
AcDbEntity
  8
BLACK
  6
CONTINUOUS
100
AcDbLine
 10
1.0556699999999999
 20
0.6836536614173229
 30
0
 11
1.0569501574803148
 21
0.6855695275590551
 31
0
  0
LINE
  5
1D4
330
1A
100
AcDbEntity
  8
BLACK
  6
CONTINUOUS
100
AcDbLine
 10
1.0569501574803148
 20
0.6855695275590551
 30
0
 11
1.0588660236220473
 21
0.6868496850393701
 31
0
  0
LINE
  5
1D5
330
1A
100
AcDbEntity
  8
BLACK
  6
CONTINUOUS
100
AcDbLine
 10
1.0588660236220473
 20
0.6868496850393701
 30
0
 11
1.0611259842519685
 21
0.6872992125984252
 31
0
  0
LINE
  5
1D6
330
1A
100
AcDbEntity
  8
BLACK
  6
CONTINUOUS
100
AcDbLine
 10
1.0611259842519685
 20
0.6872992125984252
 30
0
 11
1.0729370078740157
 21
0.6872992125984252
 31
0
  0
LINE
  5
1D7
330
1A
100
AcDbEntity
  8
BLACK
  6
CONTINUOUS
100
AcDbLine
 10
1.0729370078740157
 20
0.6872992125984252
 30
0
 11
1.0751969685039371
 21
0.6868496850393701
 31
0
  0
LINE
  5
1D8
330
1A
100
AcDbEntity
  8
BLACK
  6
CONTINUOUS
100
AcDbLine
 10
-0.041047125984252
 20
0.6908496850393701
 30
0
 11
-0.0391312598425197
 21
0.6895695275590551
 31
0
  0
LINE
  5
1D9
330
1A
100
AcDbEntity
  8
BLACK
  6
CONTINUOUS
100
AcDbLine
 10
-0.0391312598425197
 20
0.6895695275590551
 30
0
 11
-0.0378511023622047
 21
0.6876536614173229
 31
0
  0
LINE
  5
1DA
330
1A
100
AcDbEntity
  8
BLACK
  6
CONTINUOUS
100
AcDbLine
 10
-0.0378511023622047
 20
0.6876536614173229
 30
0
 11
-0.0374015748031496
 21
0.6853937007874016
 31
0
  0
LINE
  5
1DB
330
1A
100
AcDbEntity
  8
BLACK
  6
CONTINUOUS
100
AcDbLine
 10
-0.0374015748031496
 20
0.6853937007874016
 30
0
 11
-0.0374015748031496
 21
0.6302755905511811
 31
0
  0
LINE
  5
1DC
330
1A
100
AcDbEntity
  8
BLACK
  6
CONTINUOUS
100
AcDbLine
 10
-0.0374015748031496
 20
0.6302755905511811
 30
0
 11
-0.0378511023622047
 21
0.6280156299212598
 31
0
  0
LINE
  5
1DD
330
1A
100
AcDbEntity
  8
BLACK
  6
CONTINUOUS
100
AcDbLine
 10
-0.0378511023622047
 20
0.6280156299212598
 30
0
 11
-0.0391312598425197
 21
0.6260997637795276
 31
0
  0
LINE
  5
1DE
330
1A
100
AcDbEntity
  8
BLACK
  6
CONTINUOUS
100
AcDbLine
 10
-0.0391312598425197
 20
0.6260997637795276
 30
0
 11
-0.041047125984252
 21
0.6248196062992126
 31
0
  0
LINE
  5
1DF
330
1A
100
AcDbEntity
  8
BLACK
  6
CONTINUOUS
100
AcDbLine
 10
-0.041047125984252
 20
0.6248196062992126
 30
0
 11
-0.0433070866141732
 21
0.6243700787401575
 31
0
  0
LINE
  5
1E0
330
1A
100
AcDbEntity
  8
BLACK
  6
CONTINUOUS
100
AcDbLine
 10
-0.0433070866141732
 20
0.6243700787401575
 30
0
 11
-0.0551181102362205
 21
0.6243700787401575
 31
0
  0
LINE
  5
1E1
330
1A
100
AcDbEntity
  8
BLACK
  6
CONTINUOUS
100
AcDbLine
 10
-0.0551181102362205
 20
0.6243700787401575
 30
0
 11
-0.0573780708661417
 21
0.6248196062992126
 31
0
  0
LINE
  5
1E2
330
1A
100
AcDbEntity
  8
BLACK
  6
CONTINUOUS
100
AcDbLine
 10
-0.0573780708661417
 20
0.6248196062992126
 30
0
 11
-0.059293937007874
 21
0.6260997637795276
 31
0
  0
LINE
  5
1E3
330
1A
100
AcDbEntity
  8
BLACK
  6
CONTINUOUS
100
AcDbLine
 10
-0.059293937007874
 20
0.6260997637795276
 30
0
 11
-0.060574094488189
 21
0.6280156299212598
 31
0
  0
LINE
  5
1E4
330
1A
100
AcDbEntity
  8
BLACK
  6
CONTINUOUS
100
AcDbLine
 10
-0.060574094488189
 20
0.6280156299212598
 30
0
 11
-0.0610236220472441
 21
0.6302755905511811
 31
0
  0
LINE
  5
1E5
330
1A
100
AcDbEntity
  8
BLACK
  6
CONTINUOUS
100
AcDbLine
 10
-0.0610236220472441
 20
0.6302755905511811
 30
0
 11
-0.0610236220472441
 21
0.6853937007874016
 31
0
  0
LINE
  5
1E6
330
1A
100
AcDbEntity
  8
BLACK
  6
CONTINUOUS
100
AcDbLine
 10
-0.0610236220472441
 20
0.6853937007874016
 30
0
 11
-0.060574094488189
 21
0.6876536614173229
 31
0
  0
LINE
  5
1E7
330
1A
100
AcDbEntity
  8
BLACK
  6
CONTINUOUS
100
AcDbLine
 10
-0.060574094488189
 20
0.6876536614173229
 30
0
 11
-0.059293937007874
 21
0.6895695275590551
 31
0
  0
LINE
  5
1E8
330
1A
100
AcDbEntity
  8
BLACK
  6
CONTINUOUS
100
AcDbLine
 10
-0.059293937007874
 20
0.6895695275590551
 30
0
 11
-0.0573780708661417
 21
0.6908496850393701
 31
0
  0
LINE
  5
1E9
330
1A
100
AcDbEntity
  8
BLACK
  6
CONTINUOUS
100
AcDbLine
 10
-0.0573780708661417
 20
0.6908496850393701
 30
0
 11
-0.0551181102362205
 21
0.6912992125984252
 31
0
  0
LINE
  5
1EA
330
1A
100
AcDbEntity
  8
BLACK
  6
CONTINUOUS
100
AcDbLine
 10
-0.0551181102362205
 20
0.6912992125984252
 30
0
 11
-0.0433070866141732
 21
0.6912992125984252
 31
0
  0
LINE
  5
1EB
330
1A
100
AcDbEntity
  8
BLACK
  6
CONTINUOUS
100
AcDbLine
 10
-0.0433070866141732
 20
0.6912992125984252
 30
0
 11
-0.041047125984252
 21
0.6908496850393701
 31
0
  0
LINE
  5
1EC
330
1A
100
AcDbEntity
  8
BLACK
  6
CONTINUOUS
100
AcDbLine
 10
0.0081654724409449
 20
0.6908496850393701
 30
0
 11
0.0100813385826772
 21
0.6895695275590551
 31
0
  0
LINE
  5
1ED
330
1A
100
AcDbEntity
  8
BLACK
  6
CONTINUOUS
100
AcDbLine
 10
0.0100813385826772
 20
0.6895695275590551
 30
0
 11
0.0113614960629921
 21
0.6876536614173229
 31
0
  0
LINE
  5
1EE
330
1A
100
AcDbEntity
  8
BLACK
  6
CONTINUOUS
100
AcDbLine
 10
0.0113614960629921
 20
0.6876536614173229
 30
0
 11
0.0118110236220472
 21
0.6853937007874016
 31
0
  0
LINE
  5
1EF
330
1A
100
AcDbEntity
  8
BLACK
  6
CONTINUOUS
100
AcDbLine
 10
0.0118110236220472
 20
0.6853937007874016
 30
0
 11
0.0118110236220472
 21
0.6302755905511811
 31
0
  0
LINE
  5
1F0
330
1A
100
AcDbEntity
  8
BLACK
  6
CONTINUOUS
100
AcDbLine
 10
0.0118110236220472
 20
0.6302755905511811
 30
0
 11
0.0113614960629921
 21
0.6280156299212598
 31
0
  0
LINE
  5
1F1
330
1A
100
AcDbEntity
  8
BLACK
  6
CONTINUOUS
100
AcDbLine
 10
0.0113614960629921
 20
0.6280156299212598
 30
0
 11
0.0100813385826772
 21
0.6260997637795276
 31
0
  0
LINE
  5
1F2
330
1A
100
AcDbEntity
  8
BLACK
  6
CONTINUOUS
100
AcDbLine
 10
0.0100813385826772
 20
0.6260997637795276
 30
0
 11
0.0081654724409449
 21
0.6248196062992126
 31
0
  0
LINE
  5
1F3
330
1A
100
AcDbEntity
  8
BLACK
  6
CONTINUOUS
100
AcDbLine
 10
0.0081654724409449
 20
0.6248196062992126
 30
0
 11
0.0059055118110236
 21
0.6243700787401575
 31
0
  0
LINE
  5
1F4
330
1A
100
AcDbEntity
  8
BLACK
  6
CONTINUOUS
100
AcDbLine
 10
0.0059055118110236
 20
0.6243700787401575
 30
0
 11
-0.0059055118110236
 21
0.6243700787401575
 31
0
  0
LINE
  5
1F5
330
1A
100
AcDbEntity
  8
BLACK
  6
CONTINUOUS
100
AcDbLine
 10
-0.0059055118110236
 20
0.6243700787401575
 30
0
 11
-0.0081654724409449
 21
0.6248196062992126
 31
0
  0
LINE
  5
1F6
330
1A
100
AcDbEntity
  8
BLACK
  6
CONTINUOUS
100
AcDbLine
 10
-0.0081654724409449
 20
0.6248196062992126
 30
0
 11
-0.0100813385826772
 21
0.6260997637795276
 31
0
  0
LINE
  5
1F7
330
1A
100
AcDbEntity
  8
BLACK
  6
CONTINUOUS
100
AcDbLine
 10
-0.0100813385826772
 20
0.6260997637795276
 30
0
 11
-0.0113614960629921
 21
0.6280156299212598
 31
0
  0
LINE
  5
1F8
330
1A
100
AcDbEntity
  8
BLACK
  6
CONTINUOUS
100
AcDbLine
 10
-0.0113614960629921
 20
0.6280156299212598
 30
0
 11
-0.0118110236220472
 21
0.6302755905511811
 31
0
  0
LINE
  5
1F9
330
1A
100
AcDbEntity
  8
BLACK
  6
CONTINUOUS
100
AcDbLine
 10
-0.0118110236220472
 20
0.6302755905511811
 30
0
 11
-0.0118110236220472
 21
0.6853937007874016
 31
0
  0
LINE
  5
1FA
330
1A
100
AcDbEntity
  8
BLACK
  6
CONTINUOUS
100
AcDbLine
 10
-0.0118110236220472
 20
0.6853937007874016
 30
0
 11
-0.0113614960629921
 21
0.6876536614173229
 31
0
  0
LINE
  5
1FB
330
1A
100
AcDbEntity
  8
BLACK
  6
CONTINUOUS
100
AcDbLine
 10
-0.0113614960629921
 20
0.6876536614173229
 30
0
 11
-0.0100813385826772
 21
0.6895695275590551
 31
0
  0
LINE
  5
1FC
330
1A
100
AcDbEntity
  8
BLACK
  6
CONTINUOUS
100
AcDbLine
 10
-0.0100813385826772
 20
0.6895695275590551
 30
0
 11
-0.0081654724409449
 21
0.6908496850393701
 31
0
  0
LINE
  5
1FD
330
1A
100
AcDbEntity
  8
BLACK
  6
CONTINUOUS
100
AcDbLine
 10
-0.0081654724409449
 20
0.6908496850393701
 30
0
 11
-0.0059055118110236
 21
0.6912992125984252
 31
0
  0
LINE
  5
1FE
330
1A
100
AcDbEntity
  8
BLACK
  6
CONTINUOUS
100
AcDbLine
 10
-0.0059055118110236
 20
0.6912992125984252
 30
0
 11
0.0059055118110236
 21
0.6912992125984252
 31
0
  0
LINE
  5
1FF
330
1A
100
AcDbEntity
  8
BLACK
  6
CONTINUOUS
100
AcDbLine
 10
0.0059055118110236
 20
0.6912992125984252
 30
0
 11
0.0081654724409449
 21
0.6908496850393701
 31
0
  0
LINE
  5
200
330
1A
100
AcDbEntity
  8
BLACK
  6
CONTINUOUS
100
AcDbLine
 10
0.0573780708661417
 20
0.6908496850393701
 30
0
 11
0.059293937007874
 21
0.6895695275590551
 31
0
  0
LINE
  5
201
330
1A
100
AcDbEntity
  8
BLACK
  6
CONTINUOUS
100
AcDbLine
 10
0.059293937007874
 20
0.6895695275590551
 30
0
 11
0.060574094488189
 21
0.6876536614173229
 31
0
  0
LINE
  5
202
330
1A
100
AcDbEntity
  8
BLACK
  6
CONTINUOUS
100
AcDbLine
 10
0.060574094488189
 20
0.6876536614173229
 30
0
 11
0.0610236220472441
 21
0.6853937007874016
 31
0
  0
LINE
  5
203
330
1A
100
AcDbEntity
  8
BLACK
  6
CONTINUOUS
100
AcDbLine
 10
0.0610236220472441
 20
0.6853937007874016
 30
0
 11
0.0610236220472441
 21
0.6302755905511811
 31
0
  0
LINE
  5
204
330
1A
100
AcDbEntity
  8
BLACK
  6
CONTINUOUS
100
AcDbLine
 10
0.0610236220472441
 20
0.6302755905511811
 30
0
 11
0.060574094488189
 21
0.6280156299212598
 31
0
  0
LINE
  5
205
330
1A
100
AcDbEntity
  8
BLACK
  6
CONTINUOUS
100
AcDbLine
 10
0.060574094488189
 20
0.6280156299212598
 30
0
 11
0.059293937007874
 21
0.6260997637795276
 31
0
  0
LINE
  5
206
330
1A
100
AcDbEntity
  8
BLACK
  6
CONTINUOUS
100
AcDbLine
 10
0.059293937007874
 20
0.6260997637795276
 30
0
 11
0.0573780708661417
 21
0.6248196062992126
 31
0
  0
LINE
  5
207
330
1A
100
AcDbEntity
  8
BLACK
  6
CONTINUOUS
100
AcDbLine
 10
0.0573780708661417
 20
0.6248196062992126
 30
0
 11
0.0551181102362205
 21
0.6243700787401575
 31
0
  0
LINE
  5
208
330
1A
100
AcDbEntity
  8
BLACK
  6
CONTINUOUS
100
AcDbLine
 10
0.0551181102362205
 20
0.6243700787401575
 30
0
 11
0.0433070866141732
 21
0.6243700787401575
 31
0
  0
LINE
  5
209
330
1A
100
AcDbEntity
  8
BLACK
  6
CONTINUOUS
100
AcDbLine
 10
0.0433070866141732
 20
0.6243700787401575
 30
0
 11
0.041047125984252
 21
0.6248196062992126
 31
0
  0
LINE
  5
20A
330
1A
100
AcDbEntity
  8
BLACK
  6
CONTINUOUS
100
AcDbLine
 10
0.041047125984252
 20
0.6248196062992126
 30
0
 11
0.0391312598425197
 21
0.6260997637795276
 31
0
  0
LINE
  5
20B
330
1A
100
AcDbEntity
  8
BLACK
  6
CONTINUOUS
100
AcDbLine
 10
0.0391312598425197
 20
0.6260997637795276
 30
0
 11
0.0378511023622047
 21
0.6280156299212598
 31
0
  0
LINE
  5
20C
330
1A
100
AcDbEntity
  8
BLACK
  6
CONTINUOUS
100
AcDbLine
 10
0.0378511023622047
 20
0.6280156299212598
 30
0
 11
0.0374015748031496
 21
0.6302755905511811
 31
0
  0
LINE
  5
20D
330
1A
100
AcDbEntity
  8
BLACK
  6
CONTINUOUS
100
AcDbLine
 10
0.0374015748031496
 20
0.6302755905511811
 30
0
 11
0.0374015748031496
 21
0.6853937007874016
 31
0
  0
LINE
  5
20E
330
1A
100
AcDbEntity
  8
BLACK
  6
CONTINUOUS
100
AcDbLine
 10
0.0374015748031496
 20
0.6853937007874016
 30
0
 11
0.0378511023622047
 21
0.6876536614173229
 31
0
  0
LINE
  5
20F
330
1A
100
AcDbEntity
  8
BLACK
  6
CONTINUOUS
100
AcDbLine
 10
0.0378511023622047
 20
0.6876536614173229
 30
0
 11
0.0391312598425197
 21
0.6895695275590551
 31
0
  0
LINE
  5
210
330
1A
100
AcDbEntity
  8
BLACK
  6
CONTINUOUS
100
AcDbLine
 10
0.0391312598425197
 20
0.6895695275590551
 30
0
 11
0.041047125984252
 21
0.6908496850393701
 31
0
  0
LINE
  5
211
330
1A
100
AcDbEntity
  8
BLACK
  6
CONTINUOUS
100
AcDbLine
 10
0.041047125984252
 20
0.6908496850393701
 30
0
 11
0.0433070866141732
 21
0.6912992125984252
 31
0
  0
LINE
  5
212
330
1A
100
AcDbEntity
  8
BLACK
  6
CONTINUOUS
100
AcDbLine
 10
0.0433070866141732
 20
0.6912992125984252
 30
0
 11
0.0551181102362205
 21
0.6912992125984252
 31
0
  0
LINE
  5
213
330
1A
100
AcDbEntity
  8
BLACK
  6
CONTINUOUS
100
AcDbLine
 10
0.0551181102362205
 20
0.6912992125984252
 30
0
 11
0.0573780708661417
 21
0.6908496850393701
 31
0
  0
LINE
  5
214
330
1A
100
AcDbEntity
  8
BLACK
  6
CONTINUOUS
100
AcDbLine
 10
0.1065906692913386
 20
0.6908496850393701
 30
0
 11
0.1085065354330709
 21
0.6895695275590551
 31
0
  0
LINE
  5
215
330
1A
100
AcDbEntity
  8
BLACK
  6
CONTINUOUS
100
AcDbLine
 10
0.1085065354330709
 20
0.6895695275590551
 30
0
 11
0.1097866929133858
 21
0.6876536614173229
 31
0
  0
LINE
  5
216
330
1A
100
AcDbEntity
  8
BLACK
  6
CONTINUOUS
100
AcDbLine
 10
0.1097866929133858
 20
0.6876536614173229
 30
0
 11
0.1102362204724409
 21
0.6853937007874016
 31
0
  0
LINE
  5
217
330
1A
100
AcDbEntity
  8
BLACK
  6
CONTINUOUS
100
AcDbLine
 10
0.1102362204724409
 20
0.6853937007874016
 30
0
 11
0.1102362204724409
 21
0.6302755905511811
 31
0
  0
LINE
  5
218
330
1A
100
AcDbEntity
  8
BLACK
  6
CONTINUOUS
100
AcDbLine
 10
0.1102362204724409
 20
0.6302755905511811
 30
0
 11
0.1097866929133858
 21
0.6280156299212598
 31
0
  0
LINE
  5
219
330
1A
100
AcDbEntity
  8
BLACK
  6
CONTINUOUS
100
AcDbLine
 10
0.1097866929133858
 20
0.6280156299212598
 30
0
 11
0.1085065354330709
 21
0.6260997637795276
 31
0
  0
LINE
  5
21A
330
1A
100
AcDbEntity
  8
BLACK
  6
CONTINUOUS
100
AcDbLine
 10
0.1085065354330709
 20
0.6260997637795276
 30
0
 11
0.1065906692913386
 21
0.6248196062992126
 31
0
  0
LINE
  5
21B
330
1A
100
AcDbEntity
  8
BLACK
  6
CONTINUOUS
100
AcDbLine
 10
0.1065906692913386
 20
0.6248196062992126
 30
0
 11
0.1043307086614173
 21
0.6243700787401575
 31
0
  0
LINE
  5
21C
330
1A
100
AcDbEntity
  8
BLACK
  6
CONTINUOUS
100
AcDbLine
 10
0.1043307086614173
 20
0.6243700787401575
 30
0
 11
0.0925196850393701
 21
0.6243700787401575
 31
0
  0
LINE
  5
21D
330
1A
100
AcDbEntity
  8
BLACK
  6
CONTINUOUS
100
AcDbLine
 10
0.0925196850393701
 20
0.6243700787401575
 30
0
 11
0.0902597244094488
 21
0.6248196062992126
 31
0
  0
LINE
  5
21E
330
1A
100
AcDbEntity
  8
BLACK
  6
CONTINUOUS
100
AcDbLine
 10
0.0902597244094488
 20
0.6248196062992126
 30
0
 11
0.0883438582677165
 21
0.6260997637795276
 31
0
  0
LINE
  5
21F
330
1A
100
AcDbEntity
  8
BLACK
  6
CONTINUOUS
100
AcDbLine
 10
0.0883438582677165
 20
0.6260997637795276
 30
0
 11
0.0870637007874016
 21
0.6280156299212598
 31
0
  0
LINE
  5
220
330
1A
100
AcDbEntity
  8
BLACK
  6
CONTINUOUS
100
AcDbLine
 10
0.0870637007874016
 20
0.6280156299212598
 30
0
 11
0.0866141732283465
 21
0.6302755905511811
 31
0
  0
LINE
  5
221
330
1A
100
AcDbEntity
  8
BLACK
  6
CONTINUOUS
100
AcDbLine
 10
0.0866141732283465
 20
0.6302755905511811
 30
0
 11
0.0866141732283465
 21
0.6853937007874016
 31
0
  0
LINE
  5
222
330
1A
100
AcDbEntity
  8
BLACK
  6
CONTINUOUS
100
AcDbLine
 10
0.0866141732283465
 20
0.6853937007874016
 30
0
 11
0.0870637007874016
 21
0.6876536614173229
 31
0
  0
LINE
  5
223
330
1A
100
AcDbEntity
  8
BLACK
  6
CONTINUOUS
100
AcDbLine
 10
0.0870637007874016
 20
0.6876536614173229
 30
0
 11
0.0883438582677165
 21
0.6895695275590551
 31
0
  0
LINE
  5
224
330
1A
100
AcDbEntity
  8
BLACK
  6
CONTINUOUS
100
AcDbLine
 10
0.0883438582677165
 20
0.6895695275590551
 30
0
 11
0.0902597244094488
 21
0.6908496850393701
 31
0
  0
LINE
  5
225
330
1A
100
AcDbEntity
  8
BLACK
  6
CONTINUOUS
100
AcDbLine
 10
0.0902597244094488
 20
0.6908496850393701
 30
0
 11
0.0925196850393701
 21
0.6912992125984252
 31
0
  0
LINE
  5
226
330
1A
100
AcDbEntity
  8
BLACK
  6
CONTINUOUS
100
AcDbLine
 10
0.0925196850393701
 20
0.6912992125984252
 30
0
 11
0.1043307086614173
 21
0.6912992125984252
 31
0
  0
LINE
  5
227
330
1A
100
AcDbEntity
  8
BLACK
  6
CONTINUOUS
100
AcDbLine
 10
0.1043307086614173
 20
0.6912992125984252
 30
0
 11
0.1065906692913386
 21
0.6908496850393701
 31
0
  0
LINE
  5
228
330
1A
100
AcDbEntity
  8
BLACK
  6
CONTINUOUS
100
AcDbLine
 10
0.3497402755905512
 20
0.6908496850393701
 30
0
 11
0.3516561417322834
 21
0.6895695275590551
 31
0
  0
LINE
  5
229
330
1A
100
AcDbEntity
  8
BLACK
  6
CONTINUOUS
100
AcDbLine
 10
0.3516561417322834
 20
0.6895695275590551
 30
0
 11
0.3529362992125984
 21
0.6876536614173229
 31
0
  0
LINE
  5
22A
330
1A
100
AcDbEntity
  8
BLACK
  6
CONTINUOUS
100
AcDbLine
 10
0.3529362992125984
 20
0.6876536614173229
 30
0
 11
0.3533858267716535
 21
0.6853937007874016
 31
0
  0
LINE
  5
22B
330
1A
100
AcDbEntity
  8
BLACK
  6
CONTINUOUS
100
AcDbLine
 10
0.3533858267716535
 20
0.6853937007874016
 30
0
 11
0.3533858267716535
 21
0.6302755905511811
 31
0
  0
LINE
  5
22C
330
1A
100
AcDbEntity
  8
BLACK
  6
CONTINUOUS
100
AcDbLine
 10
0.3533858267716535
 20
0.6302755905511811
 30
0
 11
0.3529362992125984
 21
0.6280156299212598
 31
0
  0
LINE
  5
22D
330
1A
100
AcDbEntity
  8
BLACK
  6
CONTINUOUS
100
AcDbLine
 10
0.3529362992125984
 20
0.6280156299212598
 30
0
 11
0.3516561417322834
 21
0.6260997637795276
 31
0
  0
LINE
  5
22E
330
1A
100
AcDbEntity
  8
BLACK
  6
CONTINUOUS
100
AcDbLine
 10
0.3516561417322834
 20
0.6260997637795276
 30
0
 11
0.3497402755905512
 21
0.6248196062992126
 31
0
  0
LINE
  5
22F
330
1A
100
AcDbEntity
  8
BLACK
  6
CONTINUOUS
100
AcDbLine
 10
0.3497402755905512
 20
0.6248196062992126
 30
0
 11
0.3474803149606299
 21
0.6243700787401575
 31
0
  0
LINE
  5
230
330
1A
100
AcDbEntity
  8
BLACK
  6
CONTINUOUS
100
AcDbLine
 10
0.3474803149606299
 20
0.6243700787401575
 30
0
 11
0.3356692913385826
 21
0.6243700787401575
 31
0
  0
LINE
  5
231
330
1A
100
AcDbEntity
  8
BLACK
  6
CONTINUOUS
100
AcDbLine
 10
0.3356692913385826
 20
0.6243700787401575
 30
0
 11
0.3334093307086614
 21
0.6248196062992126
 31
0
  0
LINE
  5
232
330
1A
100
AcDbEntity
  8
BLACK
  6
CONTINUOUS
100
AcDbLine
 10
0.3334093307086614
 20
0.6248196062992126
 30
0
 11
0.3314934645669291
 21
0.6260997637795276
 31
0
  0
LINE
  5
233
330
1A
100
AcDbEntity
  8
BLACK
  6
CONTINUOUS
100
AcDbLine
 10
0.3314934645669291
 20
0.6260997637795276
 30
0
 11
0.3302133070866142
 21
0.6280156299212598
 31
0
  0
LINE
  5
234
330
1A
100
AcDbEntity
  8
BLACK
  6
CONTINUOUS
100
AcDbLine
 10
0.3302133070866142
 20
0.6280156299212598
 30
0
 11
0.329763779527559
 21
0.6302755905511811
 31
0
  0
LINE
  5
235
330
1A
100
AcDbEntity
  8
BLACK
  6
CONTINUOUS
100
AcDbLine
 10
0.329763779527559
 20
0.6302755905511811
 30
0
 11
0.329763779527559
 21
0.6853937007874016
 31
0
  0
LINE
  5
236
330
1A
100
AcDbEntity
  8
BLACK
  6
CONTINUOUS
100
AcDbLine
 10
0.329763779527559
 20
0.6853937007874016
 30
0
 11
0.3302133070866142
 21
0.6876536614173229
 31
0
  0
LINE
  5
237
330
1A
100
AcDbEntity
  8
BLACK
  6
CONTINUOUS
100
AcDbLine
 10
0.3302133070866142
 20
0.6876536614173229
 30
0
 11
0.3314934645669291
 21
0.6895695275590551
 31
0
  0
LINE
  5
238
330
1A
100
AcDbEntity
  8
BLACK
  6
CONTINUOUS
100
AcDbLine
 10
0.3314934645669291
 20
0.6895695275590551
 30
0
 11
0.3334093307086614
 21
0.6908496850393701
 31
0
  0
LINE
  5
239
330
1A
100
AcDbEntity
  8
BLACK
  6
CONTINUOUS
100
AcDbLine
 10
0.3334093307086614
 20
0.6908496850393701
 30
0
 11
0.3356692913385826
 21
0.6912992125984252
 31
0
  0
LINE
  5
23A
330
1A
100
AcDbEntity
  8
BLACK
  6
CONTINUOUS
100
AcDbLine
 10
0.3356692913385826
 20
0.6912992125984252
 30
0
 11
0.3474803149606299
 21
0.6912992125984252
 31
0
  0
LINE
  5
23B
330
1A
100
AcDbEntity
  8
BLACK
  6
CONTINUOUS
100
AcDbLine
 10
0.3474803149606299
 20
0.6912992125984252
 30
0
 11
0.3497402755905512
 21
0.6908496850393701
 31
0
  0
LINE
  5
23C
330
1A
100
AcDbEntity
  8
BLACK
  6
CONTINUOUS
100
AcDbLine
 10
0.398952874015748
 20
0.6908496850393701
 30
0
 11
0.4008687401574803
 21
0.6895695275590551
 31
0
  0
LINE
  5
23D
330
1A
100
AcDbEntity
  8
BLACK
  6
CONTINUOUS
100
AcDbLine
 10
0.4008687401574803
 20
0.6895695275590551
 30
0
 11
0.4021488976377953
 21
0.6876536614173229
 31
0
  0
LINE
  5
23E
330
1A
100
AcDbEntity
  8
BLACK
  6
CONTINUOUS
100
AcDbLine
 10
0.4021488976377953
 20
0.6876536614173229
 30
0
 11
0.4025984251968504
 21
0.6853937007874016
 31
0
  0
LINE
  5
23F
330
1A
100
AcDbEntity
  8
BLACK
  6
CONTINUOUS
100
AcDbLine
 10
0.4025984251968504
 20
0.6853937007874016
 30
0
 11
0.4025984251968504
 21
0.6302755905511811
 31
0
  0
LINE
  5
240
330
1A
100
AcDbEntity
  8
BLACK
  6
CONTINUOUS
100
AcDbLine
 10
0.4025984251968504
 20
0.6302755905511811
 30
0
 11
0.4021488976377953
 21
0.6280156299212598
 31
0
  0
LINE
  5
241
330
1A
100
AcDbEntity
  8
BLACK
  6
CONTINUOUS
100
AcDbLine
 10
0.4021488976377953
 20
0.6280156299212598
 30
0
 11
0.4008687401574803
 21
0.6260997637795276
 31
0
  0
LINE
  5
242
330
1A
100
AcDbEntity
  8
BLACK
  6
CONTINUOUS
100
AcDbLine
 10
0.4008687401574803
 20
0.6260997637795276
 30
0
 11
0.398952874015748
 21
0.6248196062992126
 31
0
  0
LINE
  5
243
330
1A
100
AcDbEntity
  8
BLACK
  6
CONTINUOUS
100
AcDbLine
 10
0.398952874015748
 20
0.6248196062992126
 30
0
 11
0.3966929133858267
 21
0.6243700787401575
 31
0
  0
LINE
  5
244
330
1A
100
AcDbEntity
  8
BLACK
  6
CONTINUOUS
100
AcDbLine
 10
0.3966929133858267
 20
0.6243700787401575
 30
0
 11
0.3848818897637795
 21
0.6243700787401575
 31
0
  0
LINE
  5
245
330
1A
100
AcDbEntity
  8
BLACK
  6
CONTINUOUS
100
AcDbLine
 10
0.3848818897637795
 20
0.6243700787401575
 30
0
 11
0.3826219291338583
 21
0.6248196062992126
 31
0
  0
LINE
  5
246
330
1A
100
AcDbEntity
  8
BLACK
  6
CONTINUOUS
100
AcDbLine
 10
0.3826219291338583
 20
0.6248196062992126
 30
0
 11
0.3807060629921259
 21
0.6260997637795276
 31
0
  0
LINE
  5
247
330
1A
100
AcDbEntity
  8
BLACK
  6
CONTINUOUS
100
AcDbLine
 10
0.3807060629921259
 20
0.6260997637795276
 30
0
 11
0.379425905511811
 21
0.6280156299212598
 31
0
  0
LINE
  5
248
330
1A
100
AcDbEntity
  8
BLACK
  6
CONTINUOUS
100
AcDbLine
 10
0.379425905511811
 20
0.6280156299212598
 30
0
 11
0.3789763779527559
 21
0.6302755905511811
 31
0
  0
LINE
  5
249
330
1A
100
AcDbEntity
  8
BLACK
  6
CONTINUOUS
100
AcDbLine
 10
0.3789763779527559
 20
0.6302755905511811
 30
0
 11
0.3789763779527559
 21
0.6853937007874016
 31
0
  0
LINE
  5
24A
330
1A
100
AcDbEntity
  8
BLACK
  6
CONTINUOUS
100
AcDbLine
 10
0.3789763779527559
 20
0.6853937007874016
 30
0
 11
0.379425905511811
 21
0.6876536614173229
 31
0
  0
LINE
  5
24B
330
1A
100
AcDbEntity
  8
BLACK
  6
CONTINUOUS
100
AcDbLine
 10
0.379425905511811
 20
0.6876536614173229
 30
0
 11
0.3807060629921259
 21
0.6895695275590551
 31
0
  0
LINE
  5
24C
330
1A
100
AcDbEntity
  8
BLACK
  6
CONTINUOUS
100
AcDbLine
 10
0.3807060629921259
 20
0.6895695275590551
 30
0
 11
0.3826219291338583
 21
0.6908496850393701
 31
0
  0
LINE
  5
24D
330
1A
100
AcDbEntity
  8
BLACK
  6
CONTINUOUS
100
AcDbLine
 10
0.3826219291338583
 20
0.6908496850393701
 30
0
 11
0.3848818897637795
 21
0.6912992125984252
 31
0
  0
LINE
  5
24E
330
1A
100
AcDbEntity
  8
BLACK
  6
CONTINUOUS
100
AcDbLine
 10
0.3848818897637795
 20
0.6912992125984252
 30
0
 11
0.3966929133858267
 21
0.6912992125984252
 31
0
  0
LINE
  5
24F
330
1A
100
AcDbEntity
  8
BLACK
  6
CONTINUOUS
100
AcDbLine
 10
0.3966929133858267
 20
0.6912992125984252
 30
0
 11
0.398952874015748
 21
0.6908496850393701
 31
0
  0
LINE
  5
250
330
1A
100
AcDbEntity
  8
BLACK
  6
CONTINUOUS
100
AcDbLine
 10
0.4481654724409448
 20
0.6908496850393701
 30
0
 11
0.4500813385826772
 21
0.6895695275590551
 31
0
  0
LINE
  5
251
330
1A
100
AcDbEntity
  8
BLACK
  6
CONTINUOUS
100
AcDbLine
 10
0.4500813385826772
 20
0.6895695275590551
 30
0
 11
0.4513614960629921
 21
0.6876536614173229
 31
0
  0
LINE
  5
252
330
1A
100
AcDbEntity
  8
BLACK
  6
CONTINUOUS
100
AcDbLine
 10
0.4513614960629921
 20
0.6876536614173229
 30
0
 11
0.4518110236220472
 21
0.6853937007874016
 31
0
  0
LINE
  5
253
330
1A
100
AcDbEntity
  8
BLACK
  6
CONTINUOUS
100
AcDbLine
 10
0.4518110236220472
 20
0.6853937007874016
 30
0
 11
0.4518110236220472
 21
0.6302755905511811
 31
0
  0
LINE
  5
254
330
1A
100
AcDbEntity
  8
BLACK
  6
CONTINUOUS
100
AcDbLine
 10
0.4518110236220472
 20
0.6302755905511811
 30
0
 11
0.4513614960629921
 21
0.6280156299212598
 31
0
  0
LINE
  5
255
330
1A
100
AcDbEntity
  8
BLACK
  6
CONTINUOUS
100
AcDbLine
 10
0.4513614960629921
 20
0.6280156299212598
 30
0
 11
0.4500813385826772
 21
0.6260997637795276
 31
0
  0
LINE
  5
256
330
1A
100
AcDbEntity
  8
BLACK
  6
CONTINUOUS
100
AcDbLine
 10
0.4500813385826772
 20
0.6260997637795276
 30
0
 11
0.4481654724409448
 21
0.6248196062992126
 31
0
  0
LINE
  5
257
330
1A
100
AcDbEntity
  8
BLACK
  6
CONTINUOUS
100
AcDbLine
 10
0.4481654724409448
 20
0.6248196062992126
 30
0
 11
0.4459055118110236
 21
0.6243700787401575
 31
0
  0
LINE
  5
258
330
1A
100
AcDbEntity
  8
BLACK
  6
CONTINUOUS
100
AcDbLine
 10
0.4459055118110236
 20
0.6243700787401575
 30
0
 11
0.4340944881889764
 21
0.6243700787401575
 31
0
  0
LINE
  5
259
330
1A
100
AcDbEntity
  8
BLACK
  6
CONTINUOUS
100
AcDbLine
 10
0.4340944881889764
 20
0.6243700787401575
 30
0
 11
0.4318345275590551
 21
0.6248196062992126
 31
0
  0
LINE
  5
25A
330
1A
100
AcDbEntity
  8
BLACK
  6
CONTINUOUS
100
AcDbLine
 10
0.4318345275590551
 20
0.6248196062992126
 30
0
 11
0.4299186614173228
 21
0.6260997637795276
 31
0
  0
LINE
  5
25B
330
1A
100
AcDbEntity
  8
BLACK
  6
CONTINUOUS
100
AcDbLine
 10
0.4299186614173228
 20
0.6260997637795276
 30
0
 11
0.4286385039370079
 21
0.6280156299212598
 31
0
  0
LINE
  5
25C
330
1A
100
AcDbEntity
  8
BLACK
  6
CONTINUOUS
100
AcDbLine
 10
0.4286385039370079
 20
0.6280156299212598
 30
0
 11
0.4281889763779527
 21
0.6302755905511811
 31
0
  0
LINE
  5
25D
330
1A
100
AcDbEntity
  8
BLACK
  6
CONTINUOUS
100
AcDbLine
 10
0.4281889763779527
 20
0.6302755905511811
 30
0
 11
0.4281889763779527
 21
0.6853937007874016
 31
0
  0
LINE
  5
25E
330
1A
100
AcDbEntity
  8
BLACK
  6
CONTINUOUS
100
AcDbLine
 10
0.4281889763779527
 20
0.6853937007874016
 30
0
 11
0.4286385039370079
 21
0.6876536614173229
 31
0
  0
LINE
  5
25F
330
1A
100
AcDbEntity
  8
BLACK
  6
CONTINUOUS
100
AcDbLine
 10
0.4286385039370079
 20
0.6876536614173229
 30
0
 11
0.4299186614173228
 21
0.6895695275590551
 31
0
  0
LINE
  5
260
330
1A
100
AcDbEntity
  8
BLACK
  6
CONTINUOUS
100
AcDbLine
 10
0.4299186614173228
 20
0.6895695275590551
 30
0
 11
0.4318345275590551
 21
0.6908496850393701
 31
0
  0
LINE
  5
261
330
1A
100
AcDbEntity
  8
BLACK
  6
CONTINUOUS
100
AcDbLine
 10
0.4318345275590551
 20
0.6908496850393701
 30
0
 11
0.4340944881889764
 21
0.6912992125984252
 31
0
  0
LINE
  5
262
330
1A
100
AcDbEntity
  8
BLACK
  6
CONTINUOUS
100
AcDbLine
 10
0.4340944881889764
 20
0.6912992125984252
 30
0
 11
0.4459055118110236
 21
0.6912992125984252
 31
0
  0
LINE
  5
263
330
1A
100
AcDbEntity
  8
BLACK
  6
CONTINUOUS
100
AcDbLine
 10
0.4459055118110236
 20
0.6912992125984252
 30
0
 11
0.4481654724409448
 21
0.6908496850393701
 31
0
  0
LINE
  5
264
330
1A
100
AcDbEntity
  8
BLACK
  6
CONTINUOUS
100
AcDbLine
 10
0.4973780708661417
 20
0.6908496850393701
 30
0
 11
0.499293937007874
 21
0.6895695275590551
 31
0
  0
LINE
  5
265
330
1A
100
AcDbEntity
  8
BLACK
  6
CONTINUOUS
100
AcDbLine
 10
0.499293937007874
 20
0.6895695275590551
 30
0
 11
0.500574094488189
 21
0.6876536614173229
 31
0
  0
LINE
  5
266
330
1A
100
AcDbEntity
  8
BLACK
  6
CONTINUOUS
100
AcDbLine
 10
0.500574094488189
 20
0.6876536614173229
 30
0
 11
0.501023622047244
 21
0.6853937007874016
 31
0
  0
LINE
  5
267
330
1A
100
AcDbEntity
  8
BLACK
  6
CONTINUOUS
100
AcDbLine
 10
0.501023622047244
 20
0.6853937007874016
 30
0
 11
0.501023622047244
 21
0.6302755905511811
 31
0
  0
LINE
  5
268
330
1A
100
AcDbEntity
  8
BLACK
  6
CONTINUOUS
100
AcDbLine
 10
0.501023622047244
 20
0.6302755905511811
 30
0
 11
0.500574094488189
 21
0.6280156299212598
 31
0
  0
LINE
  5
269
330
1A
100
AcDbEntity
  8
BLACK
  6
CONTINUOUS
100
AcDbLine
 10
0.500574094488189
 20
0.6280156299212598
 30
0
 11
0.499293937007874
 21
0.6260997637795276
 31
0
  0
LINE
  5
26A
330
1A
100
AcDbEntity
  8
BLACK
  6
CONTINUOUS
100
AcDbLine
 10
0.499293937007874
 20
0.6260997637795276
 30
0
 11
0.4973780708661417
 21
0.6248196062992126
 31
0
  0
LINE
  5
26B
330
1A
100
AcDbEntity
  8
BLACK
  6
CONTINUOUS
100
AcDbLine
 10
0.4973780708661417
 20
0.6248196062992126
 30
0
 11
0.4951181102362205
 21
0.6243700787401575
 31
0
  0
LINE
  5
26C
330
1A
100
AcDbEntity
  8
BLACK
  6
CONTINUOUS
100
AcDbLine
 10
0.4951181102362205
 20
0.6243700787401575
 30
0
 11
0.4833070866141732
 21
0.6243700787401575
 31
0
  0
LINE
  5
26D
330
1A
100
AcDbEntity
  8
BLACK
  6
CONTINUOUS
100
AcDbLine
 10
0.4833070866141732
 20
0.6243700787401575
 30
0
 11
0.481047125984252
 21
0.6248196062992126
 31
0
  0
LINE
  5
26E
330
1A
100
AcDbEntity
  8
BLACK
  6
CONTINUOUS
100
AcDbLine
 10
0.481047125984252
 20
0.6248196062992126
 30
0
 11
0.4791312598425197
 21
0.6260997637795276
 31
0
  0
LINE
  5
26F
330
1A
100
AcDbEntity
  8
BLACK
  6
CONTINUOUS
100
AcDbLine
 10
0.4791312598425197
 20
0.6260997637795276
 30
0
 11
0.4778511023622047
 21
0.6280156299212598
 31
0
  0
LINE
  5
270
330
1A
100
AcDbEntity
  8
BLACK
  6
CONTINUOUS
100
AcDbLine
 10
0.4778511023622047
 20
0.6280156299212598
 30
0
 11
0.4774015748031496
 21
0.6302755905511811
 31
0
  0
LINE
  5
271
330
1A
100
AcDbEntity
  8
BLACK
  6
CONTINUOUS
100
AcDbLine
 10
0.4774015748031496
 20
0.6302755905511811
 30
0
 11
0.4774015748031496
 21
0.6853937007874016
 31
0
  0
LINE
  5
272
330
1A
100
AcDbEntity
  8
BLACK
  6
CONTINUOUS
100
AcDbLine
 10
0.4774015748031496
 20
0.6853937007874016
 30
0
 11
0.4778511023622047
 21
0.6876536614173229
 31
0
  0
LINE
  5
273
330
1A
100
AcDbEntity
  8
BLACK
  6
CONTINUOUS
100
AcDbLine
 10
0.4778511023622047
 20
0.6876536614173229
 30
0
 11
0.4791312598425197
 21
0.6895695275590551
 31
0
  0
LINE
  5
274
330
1A
100
AcDbEntity
  8
BLACK
  6
CONTINUOUS
100
AcDbLine
 10
0.4791312598425197
 20
0.6895695275590551
 30
0
 11
0.481047125984252
 21
0.6908496850393701
 31
0
  0
LINE
  5
275
330
1A
100
AcDbEntity
  8
BLACK
  6
CONTINUOUS
100
AcDbLine
 10
0.481047125984252
 20
0.6908496850393701
 30
0
 11
0.4833070866141732
 21
0.6912992125984252
 31
0
  0
LINE
  5
276
330
1A
100
AcDbEntity
  8
BLACK
  6
CONTINUOUS
100
AcDbLine
 10
0.4833070866141732
 20
0.6912992125984252
 30
0
 11
0.4951181102362205
 21
0.6912992125984252
 31
0
  0
LINE
  5
277
330
1A
100
AcDbEntity
  8
BLACK
  6
CONTINUOUS
100
AcDbLine
 10
0.4951181102362205
 20
0.6912992125984252
 30
0
 11
0.4973780708661417
 21
0.6908496850393701
 31
0
  0
LINE
  5
278
330
1A
100
AcDbEntity
  8
BLACK
  6
CONTINUOUS
100
AcDbLine
 10
0.5465906692913386
 20
0.6908496850393701
 30
0
 11
0.5485065354330708
 21
0.6895695275590551
 31
0
  0
LINE
  5
279
330
1A
100
AcDbEntity
  8
BLACK
  6
CONTINUOUS
100
AcDbLine
 10
0.5485065354330708
 20
0.6895695275590551
 30
0
 11
0.5497866929133858
 21
0.6876536614173229
 31
0
  0
LINE
  5
27A
330
1A
100
AcDbEntity
  8
BLACK
  6
CONTINUOUS
100
AcDbLine
 10
0.5497866929133858
 20
0.6876536614173229
 30
0
 11
0.5502362204724409
 21
0.6853937007874016
 31
0
  0
LINE
  5
27B
330
1A
100
AcDbEntity
  8
BLACK
  6
CONTINUOUS
100
AcDbLine
 10
0.5502362204724409
 20
0.6853937007874016
 30
0
 11
0.5502362204724409
 21
0.6302755905511811
 31
0
  0
LINE
  5
27C
330
1A
100
AcDbEntity
  8
BLACK
  6
CONTINUOUS
100
AcDbLine
 10
0.5502362204724409
 20
0.6302755905511811
 30
0
 11
0.5497866929133858
 21
0.6280156299212598
 31
0
  0
LINE
  5
27D
330
1A
100
AcDbEntity
  8
BLACK
  6
CONTINUOUS
100
AcDbLine
 10
0.5497866929133858
 20
0.6280156299212598
 30
0
 11
0.5485065354330708
 21
0.6260997637795276
 31
0
  0
LINE
  5
27E
330
1A
100
AcDbEntity
  8
BLACK
  6
CONTINUOUS
100
AcDbLine
 10
0.5485065354330708
 20
0.6260997637795276
 30
0
 11
0.5465906692913386
 21
0.6248196062992126
 31
0
  0
LINE
  5
27F
330
1A
100
AcDbEntity
  8
BLACK
  6
CONTINUOUS
100
AcDbLine
 10
0.5465906692913386
 20
0.6248196062992126
 30
0
 11
0.5443307086614173
 21
0.6243700787401575
 31
0
  0
LINE
  5
280
330
1A
100
AcDbEntity
  8
BLACK
  6
CONTINUOUS
100
AcDbLine
 10
0.5443307086614173
 20
0.6243700787401575
 30
0
 11
0.5325196850393701
 21
0.6243700787401575
 31
0
  0
LINE
  5
281
330
1A
100
AcDbEntity
  8
BLACK
  6
CONTINUOUS
100
AcDbLine
 10
0.5325196850393701
 20
0.6243700787401575
 30
0
 11
0.5302597244094488
 21
0.6248196062992126
 31
0
  0
LINE
  5
282
330
1A
100
AcDbEntity
  8
BLACK
  6
CONTINUOUS
100
AcDbLine
 10
0.5302597244094488
 20
0.6248196062992126
 30
0
 11
0.5283438582677166
 21
0.6260997637795276
 31
0
  0
LINE
  5
283
330
1A
100
AcDbEntity
  8
BLACK
  6
CONTINUOUS
100
AcDbLine
 10
0.5283438582677166
 20
0.6260997637795276
 30
0
 11
0.5270637007874016
 21
0.6280156299212598
 31
0
  0
LINE
  5
284
330
1A
100
AcDbEntity
  8
BLACK
  6
CONTINUOUS
100
AcDbLine
 10
0.5270637007874016
 20
0.6280156299212598
 30
0
 11
0.5266141732283465
 21
0.6302755905511811
 31
0
  0
LINE
  5
285
330
1A
100
AcDbEntity
  8
BLACK
  6
CONTINUOUS
100
AcDbLine
 10
0.5266141732283465
 20
0.6302755905511811
 30
0
 11
0.5266141732283465
 21
0.6853937007874016
 31
0
  0
LINE
  5
286
330
1A
100
AcDbEntity
  8
BLACK
  6
CONTINUOUS
100
AcDbLine
 10
0.5266141732283465
 20
0.6853937007874016
 30
0
 11
0.5270637007874016
 21
0.6876536614173229
 31
0
  0
LINE
  5
287
330
1A
100
AcDbEntity
  8
BLACK
  6
CONTINUOUS
100
AcDbLine
 10
0.5270637007874016
 20
0.6876536614173229
 30
0
 11
0.5283438582677166
 21
0.6895695275590551
 31
0
  0
LINE
  5
288
330
1A
100
AcDbEntity
  8
BLACK
  6
CONTINUOUS
100
AcDbLine
 10
0.5283438582677166
 20
0.6895695275590551
 30
0
 11
0.5302597244094488
 21
0.6908496850393701
 31
0
  0
LINE
  5
289
330
1A
100
AcDbEntity
  8
BLACK
  6
CONTINUOUS
100
AcDbLine
 10
0.5302597244094488
 20
0.6908496850393701
 30
0
 11
0.5325196850393701
 21
0.6912992125984252
 31
0
  0
LINE
  5
28A
330
1A
100
AcDbEntity
  8
BLACK
  6
CONTINUOUS
100
AcDbLine
 10
0.5325196850393701
 20
0.6912992125984252
 30
0
 11
0.5443307086614173
 21
0.6912992125984252
 31
0
  0
LINE
  5
28B
330
1A
100
AcDbEntity
  8
BLACK
  6
CONTINUOUS
100
AcDbLine
 10
0.5443307086614173
 20
0.6912992125984252
 30
0
 11
0.5465906692913386
 21
0.6908496850393701
 31
0
  0
LINE
  5
28C
330
1A
100
AcDbEntity
  8
BLACK
  6
CONTINUOUS
100
AcDbLine
 10
0.5958032677165355
 20
0.6908496850393701
 30
0
 11
0.5977191338582677
 21
0.6895695275590551
 31
0
  0
LINE
  5
28D
330
1A
100
AcDbEntity
  8
BLACK
  6
CONTINUOUS
100
AcDbLine
 10
0.5977191338582677
 20
0.6895695275590551
 30
0
 11
0.5989992913385827
 21
0.6876536614173229
 31
0
  0
LINE
  5
28E
330
1A
100
AcDbEntity
  8
BLACK
  6
CONTINUOUS
100
AcDbLine
 10
0.5989992913385827
 20
0.6876536614173229
 30
0
 11
0.5994488188976378
 21
0.6853937007874016
 31
0
  0
LINE
  5
28F
330
1A
100
AcDbEntity
  8
BLACK
  6
CONTINUOUS
100
AcDbLine
 10
0.5994488188976378
 20
0.6853937007874016
 30
0
 11
0.5994488188976378
 21
0.6302755905511811
 31
0
  0
LINE
  5
290
330
1A
100
AcDbEntity
  8
BLACK
  6
CONTINUOUS
100
AcDbLine
 10
0.5994488188976378
 20
0.6302755905511811
 30
0
 11
0.5989992913385827
 21
0.6280156299212598
 31
0
  0
LINE
  5
291
330
1A
100
AcDbEntity
  8
BLACK
  6
CONTINUOUS
100
AcDbLine
 10
0.5989992913385827
 20
0.6280156299212598
 30
0
 11
0.5977191338582677
 21
0.6260997637795276
 31
0
  0
LINE
  5
292
330
1A
100
AcDbEntity
  8
BLACK
  6
CONTINUOUS
100
AcDbLine
 10
0.5977191338582677
 20
0.6260997637795276
 30
0
 11
0.5958032677165355
 21
0.6248196062992126
 31
0
  0
LINE
  5
293
330
1A
100
AcDbEntity
  8
BLACK
  6
CONTINUOUS
100
AcDbLine
 10
0.5958032677165355
 20
0.6248196062992126
 30
0
 11
0.5935433070866142
 21
0.6243700787401575
 31
0
  0
LINE
  5
294
330
1A
100
AcDbEntity
  8
BLACK
  6
CONTINUOUS
100
AcDbLine
 10
0.5935433070866142
 20
0.6243700787401575
 30
0
 11
0.581732283464567
 21
0.6243700787401575
 31
0
  0
LINE
  5
295
330
1A
100
AcDbEntity
  8
BLACK
  6
CONTINUOUS
100
AcDbLine
 10
0.581732283464567
 20
0.6243700787401575
 30
0
 11
0.5794723228346457
 21
0.6248196062992126
 31
0
  0
LINE
  5
296
330
1A
100
AcDbEntity
  8
BLACK
  6
CONTINUOUS
100
AcDbLine
 10
0.5794723228346457
 20
0.6248196062992126
 30
0
 11
0.5775564566929133
 21
0.6260997637795276
 31
0
  0
LINE
  5
297
330
1A
100
AcDbEntity
  8
BLACK
  6
CONTINUOUS
100
AcDbLine
 10
0.5775564566929133
 20
0.6260997637795276
 30
0
 11
0.5762762992125984
 21
0.6280156299212598
 31
0
  0
LINE
  5
298
330
1A
100
AcDbEntity
  8
BLACK
  6
CONTINUOUS
100
AcDbLine
 10
0.5762762992125984
 20
0.6280156299212598
 30
0
 11
0.5758267716535433
 21
0.6302755905511811
 31
0
  0
LINE
  5
299
330
1A
100
AcDbEntity
  8
BLACK
  6
CONTINUOUS
100
AcDbLine
 10
0.5758267716535433
 20
0.6302755905511811
 30
0
 11
0.5758267716535433
 21
0.6853937007874016
 31
0
  0
LINE
  5
29A
330
1A
100
AcDbEntity
  8
BLACK
  6
CONTINUOUS
100
AcDbLine
 10
0.5758267716535433
 20
0.6853937007874016
 30
0
 11
0.5762762992125984
 21
0.6876536614173229
 31
0
  0
LINE
  5
29B
330
1A
100
AcDbEntity
  8
BLACK
  6
CONTINUOUS
100
AcDbLine
 10
0.5762762992125984
 20
0.6876536614173229
 30
0
 11
0.5775564566929133
 21
0.6895695275590551
 31
0
  0
LINE
  5
29C
330
1A
100
AcDbEntity
  8
BLACK
  6
CONTINUOUS
100
AcDbLine
 10
0.5775564566929133
 20
0.6895695275590551
 30
0
 11
0.5794723228346457
 21
0.6908496850393701
 31
0
  0
LINE
  5
29D
330
1A
100
AcDbEntity
  8
BLACK
  6
CONTINUOUS
100
AcDbLine
 10
0.5794723228346457
 20
0.6908496850393701
 30
0
 11
0.581732283464567
 21
0.6912992125984252
 31
0
  0
LINE
  5
29E
330
1A
100
AcDbEntity
  8
BLACK
  6
CONTINUOUS
100
AcDbLine
 10
0.581732283464567
 20
0.6912992125984252
 30
0
 11
0.5935433070866142
 21
0.6912992125984252
 31
0
  0
LINE
  5
29F
330
1A
100
AcDbEntity
  8
BLACK
  6
CONTINUOUS
100
AcDbLine
 10
0.5935433070866142
 20
0.6912992125984252
 30
0
 11
0.5958032677165355
 21
0.6908496850393701
 31
0
  0
LINE
  5
2A0
330
1A
100
AcDbEntity
  8
BLACK
  6
CONTINUOUS
100
AcDbLine
 10
0.9694488188976378
 20
0.746259842519685
 30
0
 11
0.9692803937007873
 21
0.746259842519685
 31
0
  0
LINE
  5
2A1
330
1A
100
AcDbEntity
  8
BLACK
  6
CONTINUOUS
100
AcDbLine
 10
0.9692803937007873
 20
0.746259842519685
 30
0
 11
0.9692803937007873
 21
0.7436904330708661
 31
0
  0
LINE
  5
2A2
330
1A
100
AcDbEntity
  8
BLACK
  6
CONTINUOUS
100
AcDbLine
 10
0.9692803937007873
 20
0.7436904330708661
 30
0
 11
0.9679503937007874
 21
0.7387266929133858
 31
0
  0
LINE
  5
2A3
330
1A
100
AcDbEntity
  8
BLACK
  6
CONTINUOUS
100
AcDbLine
 10
0.9679503937007874
 20
0.7387266929133858
 30
0
 11
0.9653809842519685
 21
0.7342763385826772
 31
0
  0
LINE
  5
2A4
330
1A
100
AcDbEntity
  8
BLACK
  6
CONTINUOUS
100
AcDbLine
 10
0.9653809842519685
 20
0.7342763385826772
 30
0
 11
0.9617472834645669
 21
0.7306426377952756
 31
0
  0
LINE
  5
2A5
330
1A
100
AcDbEntity
  8
BLACK
  6
CONTINUOUS
100
AcDbLine
 10
0.9617472834645669
 20
0.7306426377952756
 30
0
 11
0.9572969291338582
 21
0.7280732283464567
 31
0
  0
LINE
  5
2A6
330
1A
100
AcDbEntity
  8
BLACK
  6
CONTINUOUS
100
AcDbLine
 10
0.9572969291338582
 20
0.7280732283464567
 30
0
 11
0.952333188976378
 21
0.7267432283464567
 31
0
  0
LINE
  5
2A7
330
1A
100
AcDbEntity
  8
BLACK
  6
CONTINUOUS
100
AcDbLine
 10
0.952333188976378
 20
0.7267432283464567
 30
0
 11
0.9497637795275591
 21
0.7267432283464567
 31
0
  0
LINE
  5
2A8
330
1A
100
AcDbEntity
  8
BLACK
  6
CONTINUOUS
100
AcDbLine
 10
0.9497637795275591
 20
0.7267432283464567
 30
0
 11
0.9497637795275591
 21
0.7265748031496063
 31
0
  0
LINE
  5
2A9
330
1A
100
AcDbEntity
  8
BLACK
  6
CONTINUOUS
100
AcDbLine
 10
0.9497637795275591
 20
0.7265748031496063
 30
0
 11
0.9300787401574803
 21
0.7265748031496063
 31
0
  0
LINE
  5
2AA
330
1A
100
AcDbEntity
  8
BLACK
  6
CONTINUOUS
100
AcDbLine
 10
0.9300787401574803
 20
0.7265748031496063
 30
0
 11
0.9300787401574803
 21
0.7267432283464567
 31
0
  0
LINE
  5
2AB
330
1A
100
AcDbEntity
  8
BLACK
  6
CONTINUOUS
100
AcDbLine
 10
0.9300787401574803
 20
0.7267432283464567
 30
0
 11
0.9275093307086614
 21
0.7267432283464567
 31
0
  0
LINE
  5
2AC
330
1A
100
AcDbEntity
  8
BLACK
  6
CONTINUOUS
100
AcDbLine
 10
0.9275093307086614
 20
0.7267432283464567
 30
0
 11
0.9225455905511811
 21
0.7280732283464567
 31
0
  0
LINE
  5
2AD
330
1A
100
AcDbEntity
  8
BLACK
  6
CONTINUOUS
100
AcDbLine
 10
0.9225455905511811
 20
0.7280732283464567
 30
0
 11
0.9180952362204724
 21
0.7306426377952756
 31
0
  0
LINE
  5
2AE
330
1A
100
AcDbEntity
  8
BLACK
  6
CONTINUOUS
100
AcDbLine
 10
0.9180952362204724
 20
0.7306426377952756
 30
0
 11
0.9144615354330708
 21
0.7342763385826772
 31
0
  0
LINE
  5
2AF
330
1A
100
AcDbEntity
  8
BLACK
  6
CONTINUOUS
100
AcDbLine
 10
0.9144615354330708
 20
0.7342763385826772
 30
0
 11
0.911892125984252
 21
0.7387266929133858
 31
0
  0
LINE
  5
2B0
330
1A
100
AcDbEntity
  8
BLACK
  6
CONTINUOUS
100
AcDbLine
 10
0.911892125984252
 20
0.7387266929133858
 30
0
 11
0.9105621259842519
 21
0.7436904330708661
 31
0
  0
LINE
  5
2B1
330
1A
100
AcDbEntity
  8
BLACK
  6
CONTINUOUS
100
AcDbLine
 10
0.9105621259842519
 20
0.7436904330708661
 30
0
 11
0.9105621259842519
 21
0.746259842519685
 31
0
  0
LINE
  5
2B2
330
1A
100
AcDbEntity
  8
BLACK
  6
CONTINUOUS
100
AcDbLine
 10
0.9105621259842519
 20
0.746259842519685
 30
0
 11
0.9103937007874016
 21
0.746259842519685
 31
0
  0
LINE
  5
2B3
330
1A
100
AcDbEntity
  8
BLACK
  6
CONTINUOUS
100
AcDbLine
 10
0.9103937007874016
 20
0.746259842519685
 30
0
 11
0.9103937007874016
 21
0.7679133858267716
 31
0
  0
LINE
  5
2B4
330
1A
100
AcDbEntity
  8
BLACK
  6
CONTINUOUS
100
AcDbLine
 10
0.9103937007874016
 20
0.7679133858267716
 30
0
 11
0.9694488188976378
 21
0.7679133858267716
 31
0
  0
LINE
  5
2B5
330
1A
100
AcDbEntity
  8
BLACK
  6
CONTINUOUS
100
AcDbLine
 10
0.9694488188976378
 20
0.7679133858267716
 30
0
 11
0.9694488188976378
 21
0.746259842519685
 31
0
  0
LINE
  5
2B6
330
1A
100
AcDbEntity
  8
BLACK
  6
CONTINUOUS
100
AcDbLine
 10
0.9694488188976378
 20
0.777755905511811
 30
0
 11
0.9103937007874016
 21
0.777755905511811
 31
0
  0
LINE
  5
2B7
330
1A
100
AcDbEntity
  8
BLACK
  6
CONTINUOUS
100
AcDbLine
 10
0.9103937007874016
 20
0.777755905511811
 30
0
 11
0.9103937007874016
 21
0.8171259842519685
 31
0
  0
LINE
  5
2B8
330
1A
100
AcDbEntity
  8
BLACK
  6
CONTINUOUS
100
AcDbLine
 10
0.9103937007874016
 20
0.8171259842519685
 30
0
 11
0.9694488188976378
 21
0.8171259842519685
 31
0
  0
LINE
  5
2B9
330
1A
100
AcDbEntity
  8
BLACK
  6
CONTINUOUS
100
AcDbLine
 10
0.9694488188976378
 20
0.8171259842519685
 30
0
 11
0.9694488188976378
 21
0.777755905511811
 31
0
  0
LINE
  5
2BA
330
1A
100
AcDbEntity
  8
BLACK
  6
CONTINUOUS
100
AcDbLine
 10
1.5064679133858268
 20
0.8744858267716535
 30
0
 11
1.5135983070866141
 21
0.8715323228346457
 31
0
  0
LINE
  5
2BB
330
1A
100
AcDbEntity
  8
BLACK
  6
CONTINUOUS
100
AcDbLine
 10
1.5135983070866141
 20
0.8715323228346457
 30
0
 11
1.5200154724409449
 21
0.8672444881889764
 31
0
  0
LINE
  5
2BC
330
1A
100
AcDbEntity
  8
BLACK
  6
CONTINUOUS
100
AcDbLine
 10
1.5200154724409449
 20
0.8672444881889764
 30
0
 11
1.5254728346456692
 21
0.861787125984252
 31
0
  0
LINE
  5
2BD
330
1A
100
AcDbEntity
  8
BLACK
  6
CONTINUOUS
100
AcDbLine
 10
1.5254728346456692
 20
0.861787125984252
 30
0
 11
1.5297606692913386
 21
0.8553699606299212
 31
0
  0
LINE
  5
2BE
330
1A
100
AcDbEntity
  8
BLACK
  6
CONTINUOUS
100
AcDbLine
 10
1.5297606692913386
 20
0.8553699606299212
 30
0
 11
1.5327141732283465
 21
0.8482395669291338
 31
0
  0
LINE
  5
2BF
330
1A
100
AcDbEntity
  8
BLACK
  6
CONTINUOUS
100
AcDbLine
 10
1.5327141732283465
 20
0.8482395669291338
 30
0
 11
1.5342198818897637
 21
0.8406699606299213
 31
0
  0
LINE
  5
2C0
330
1A
100
AcDbEntity
  8
BLACK
  6
CONTINUOUS
100
AcDbLine
 10
1.5342198818897637
 20
0.8406699606299213
 30
0
 11
1.5342198818897637
 21
0.8329520866141732
 31
0
  0
LINE
  5
2C1
330
1A
100
AcDbEntity
  8
BLACK
  6
CONTINUOUS
100
AcDbLine
 10
1.5342198818897637
 20
0.8329520866141732
 30
0
 11
1.5327141732283465
 21
0.8253824803149606
 31
0
  0
LINE
  5
2C2
330
1A
100
AcDbEntity
  8
BLACK
  6
CONTINUOUS
100
AcDbLine
 10
1.5327141732283465
 20
0.8253824803149606
 30
0
 11
1.5297606692913386
 21
0.8182520866141733
 31
0
  0
LINE
  5
2C3
330
1A
100
AcDbEntity
  8
BLACK
  6
CONTINUOUS
100
AcDbLine
 10
1.5297606692913386
 20
0.8182520866141733
 30
0
 11
1.5254728346456692
 21
0.8118349212598425
 31
0
  0
LINE
  5
2C4
330
1A
100
AcDbEntity
  8
BLACK
  6
CONTINUOUS
100
AcDbLine
 10
1.5254728346456692
 20
0.8118349212598425
 30
0
 11
1.5200154724409449
 21
0.8063775590551181
 31
0
  0
LINE
  5
2C5
330
1A
100
AcDbEntity
  8
BLACK
  6
CONTINUOUS
100
AcDbLine
 10
1.5200154724409449
 20
0.8063775590551181
 30
0
 11
1.5135983070866141
 21
0.8020897244094488
 31
0
  0
LINE
  5
2C6
330
1A
100
AcDbEntity
  8
BLACK
  6
CONTINUOUS
100
AcDbLine
 10
1.5135983070866141
 20
0.8020897244094488
 30
0
 11
1.5064679133858268
 21
0.7991362204724409
 31
0
  0
LINE
  5
2C7
330
1A
100
AcDbEntity
  8
BLACK
  6
CONTINUOUS
100
AcDbLine
 10
1.5064679133858268
 20
0.7991362204724409
 30
0
 11
1.4988983070866142
 21
0.7976305118110236
 31
0
  0
LINE
  5
2C8
330
1A
100
AcDbEntity
  8
BLACK
  6
CONTINUOUS
100
AcDbLine
 10
1.4988983070866142
 20
0.7976305118110236
 30
0
 11
1.491180433070866
 21
0.7976305118110236
 31
0
  0
LINE
  5
2C9
330
1A
100
AcDbEntity
  8
BLACK
  6
CONTINUOUS
100
AcDbLine
 10
1.491180433070866
 20
0.7976305118110236
 30
0
 11
1.4836108267716535
 21
0.7991362204724409
 31
0
  0
LINE
  5
2CA
330
1A
100
AcDbEntity
  8
BLACK
  6
CONTINUOUS
100
AcDbLine
 10
1.4836108267716535
 20
0.7991362204724409
 30
0
 11
1.4764804330708661
 21
0.8020897244094488
 31
0
  0
LINE
  5
2CB
330
1A
100
AcDbEntity
  8
BLACK
  6
CONTINUOUS
100
AcDbLine
 10
1.4764804330708661
 20
0.8020897244094488
 30
0
 11
1.4700632677165355
 21
0.8063775590551181
 31
0
  0
LINE
  5
2CC
330
1A
100
AcDbEntity
  8
BLACK
  6
CONTINUOUS
100
AcDbLine
 10
1.4700632677165355
 20
0.8063775590551181
 30
0
 11
1.464605905511811
 21
0.8118349212598425
 31
0
  0
LINE
  5
2CD
330
1A
100
AcDbEntity
  8
BLACK
  6
CONTINUOUS
100
AcDbLine
 10
1.464605905511811
 20
0.8118349212598425
 30
0
 11
1.4603180708661416
 21
0.8182520866141733
 31
0
  0
LINE
  5
2CE
330
1A
100
AcDbEntity
  8
BLACK
  6
CONTINUOUS
100
AcDbLine
 10
1.4603180708661416
 20
0.8182520866141733
 30
0
 11
1.4573645669291337
 21
0.8253824803149606
 31
0
  0
LINE
  5
2CF
330
1A
100
AcDbEntity
  8
BLACK
  6
CONTINUOUS
100
AcDbLine
 10
1.4573645669291337
 20
0.8253824803149606
 30
0
 11
1.4558588582677165
 21
0.8329520866141732
 31
0
  0
LINE
  5
2D0
330
1A
100
AcDbEntity
  8
BLACK
  6
CONTINUOUS
100
AcDbLine
 10
1.4558588582677165
 20
0.8329520866141732
 30
0
 11
1.4558588582677165
 21
0.8406699606299213
 31
0
  0
LINE
  5
2D1
330
1A
100
AcDbEntity
  8
BLACK
  6
CONTINUOUS
100
AcDbLine
 10
1.4558588582677165
 20
0.8406699606299213
 30
0
 11
1.4573645669291337
 21
0.8482395669291338
 31
0
  0
LINE
  5
2D2
330
1A
100
AcDbEntity
  8
BLACK
  6
CONTINUOUS
100
AcDbLine
 10
1.4573645669291337
 20
0.8482395669291338
 30
0
 11
1.4603180708661416
 21
0.8553699606299212
 31
0
  0
LINE
  5
2D3
330
1A
100
AcDbEntity
  8
BLACK
  6
CONTINUOUS
100
AcDbLine
 10
1.4603180708661416
 20
0.8553699606299212
 30
0
 11
1.464605905511811
 21
0.861787125984252
 31
0
  0
LINE
  5
2D4
330
1A
100
AcDbEntity
  8
BLACK
  6
CONTINUOUS
100
AcDbLine
 10
1.464605905511811
 20
0.861787125984252
 30
0
 11
1.4700632677165355
 21
0.8672444881889764
 31
0
  0
LINE
  5
2D5
330
1A
100
AcDbEntity
  8
BLACK
  6
CONTINUOUS
100
AcDbLine
 10
1.4700632677165355
 20
0.8672444881889764
 30
0
 11
1.4764804330708661
 21
0.8715323228346457
 31
0
  0
LINE
  5
2D6
330
1A
100
AcDbEntity
  8
BLACK
  6
CONTINUOUS
100
AcDbLine
 10
1.4764804330708661
 20
0.8715323228346457
 30
0
 11
1.4836108267716535
 21
0.8744858267716535
 31
0
  0
LINE
  5
2D7
330
1A
100
AcDbEntity
  8
BLACK
  6
CONTINUOUS
100
AcDbLine
 10
1.4836108267716535
 20
0.8744858267716535
 30
0
 11
1.491180433070866
 21
0.8759915354330708
 31
0
  0
LINE
  5
2D8
330
1A
100
AcDbEntity
  8
BLACK
  6
CONTINUOUS
100
AcDbLine
 10
1.491180433070866
 20
0.8759915354330708
 30
0
 11
1.4988983070866142
 21
0.8759915354330708
 31
0
  0
LINE
  5
2D9
330
1A
100
AcDbEntity
  8
BLACK
  6
CONTINUOUS
100
AcDbLine
 10
1.4988983070866142
 20
0.8759915354330708
 30
0
 11
1.5064679133858268
 21
0.8744858267716535
 31
0
  0
LINE
  5
2DA
330
1A
100
AcDbEntity
  8
BLACK
  6
CONTINUOUS
100
AcDbLine
 10
-2.0313385826771655
 20
0.8080708661417323
 30
0
 11
-2.1415748031496062
 21
0.8080708661417323
 31
0
  0
LINE
  5
2DB
330
1A
100
AcDbEntity
  8
BLACK
  6
CONTINUOUS
100
AcDbLine
 10
-2.1415748031496062
 20
0.8080708661417323
 30
0
 11
-2.1415748031496062
 21
0.8671259842519685
 31
0
  0
LINE
  5
2DC
330
1A
100
AcDbEntity
  8
BLACK
  6
CONTINUOUS
100
AcDbLine
 10
-2.1415748031496062
 20
0.8671259842519685
 30
0
 11
-2.0313385826771655
 21
0.8671259842519685
 31
0
  0
LINE
  5
2DD
330
1A
100
AcDbEntity
  8
BLACK
  6
CONTINUOUS
100
AcDbLine
 10
-2.0313385826771655
 20
0.8671259842519685
 30
0
 11
-2.0313385826771655
 21
0.8080708661417323
 31
0
  0
LINE
  5
2DE
330
1A
100
AcDbEntity
  8
BLACK
  6
CONTINUOUS
100
AcDbLine
 10
0.9497637795275591
 20
0.8681386614173228
 30
0
 11
0.952333188976378
 21
0.8681386614173228
 31
0
  0
LINE
  5
2DF
330
1A
100
AcDbEntity
  8
BLACK
  6
CONTINUOUS
100
AcDbLine
 10
0.952333188976378
 20
0.8681386614173228
 30
0
 11
0.9572969291338582
 21
0.8668086614173228
 31
0
  0
LINE
  5
2E0
330
1A
100
AcDbEntity
  8
BLACK
  6
CONTINUOUS
100
AcDbLine
 10
0.9572969291338582
 20
0.8668086614173228
 30
0
 11
0.9617472834645669
 21
0.8642392519685039
 31
0
  0
LINE
  5
2E1
330
1A
100
AcDbEntity
  8
BLACK
  6
CONTINUOUS
100
AcDbLine
 10
0.9617472834645669
 20
0.8642392519685039
 30
0
 11
0.9653809842519685
 21
0.8606055511811024
 31
0
  0
LINE
  5
2E2
330
1A
100
AcDbEntity
  8
BLACK
  6
CONTINUOUS
100
AcDbLine
 10
0.9653809842519685
 20
0.8606055511811024
 30
0
 11
0.9679503937007874
 21
0.8561551968503937
 31
0
  0
LINE
  5
2E3
330
1A
100
AcDbEntity
  8
BLACK
  6
CONTINUOUS
100
AcDbLine
 10
0.9679503937007874
 20
0.8561551968503937
 30
0
 11
0.9692803937007873
 21
0.8511914566929134
 31
0
  0
LINE
  5
2E4
330
1A
100
AcDbEntity
  8
BLACK
  6
CONTINUOUS
100
AcDbLine
 10
0.9692803937007873
 20
0.8511914566929134
 30
0
 11
0.9692803937007873
 21
0.8486220472440945
 31
0
  0
LINE
  5
2E5
330
1A
100
AcDbEntity
  8
BLACK
  6
CONTINUOUS
100
AcDbLine
 10
0.9692803937007873
 20
0.8486220472440945
 30
0
 11
0.9694488188976378
 21
0.8486220472440945
 31
0
  0
LINE
  5
2E6
330
1A
100
AcDbEntity
  8
BLACK
  6
CONTINUOUS
100
AcDbLine
 10
0.9694488188976378
 20
0.8486220472440945
 30
0
 11
0.9694488188976378
 21
0.8269685039370078
 31
0
  0
LINE
  5
2E7
330
1A
100
AcDbEntity
  8
BLACK
  6
CONTINUOUS
100
AcDbLine
 10
0.9694488188976378
 20
0.8269685039370078
 30
0
 11
0.9103937007874016
 21
0.8269685039370078
 31
0
  0
LINE
  5
2E8
330
1A
100
AcDbEntity
  8
BLACK
  6
CONTINUOUS
100
AcDbLine
 10
0.9103937007874016
 20
0.8269685039370078
 30
0
 11
0.9103937007874016
 21
0.8486220472440945
 31
0
  0
LINE
  5
2E9
330
1A
100
AcDbEntity
  8
BLACK
  6
CONTINUOUS
100
AcDbLine
 10
0.9103937007874016
 20
0.8486220472440945
 30
0
 11
0.9105621259842519
 21
0.8486220472440945
 31
0
  0
LINE
  5
2EA
330
1A
100
AcDbEntity
  8
BLACK
  6
CONTINUOUS
100
AcDbLine
 10
0.9105621259842519
 20
0.8486220472440945
 30
0
 11
0.9105621259842519
 21
0.8511914566929134
 31
0
  0
LINE
  5
2EB
330
1A
100
AcDbEntity
  8
BLACK
  6
CONTINUOUS
100
AcDbLine
 10
0.9105621259842519
 20
0.8511914566929134
 30
0
 11
0.911892125984252
 21
0.8561551968503937
 31
0
  0
LINE
  5
2EC
330
1A
100
AcDbEntity
  8
BLACK
  6
CONTINUOUS
100
AcDbLine
 10
0.911892125984252
 20
0.8561551968503937
 30
0
 11
0.9144615354330708
 21
0.8606055511811024
 31
0
  0
LINE
  5
2ED
330
1A
100
AcDbEntity
  8
BLACK
  6
CONTINUOUS
100
AcDbLine
 10
0.9144615354330708
 20
0.8606055511811024
 30
0
 11
0.9180952362204724
 21
0.8642392519685039
 31
0
  0
LINE
  5
2EE
330
1A
100
AcDbEntity
  8
BLACK
  6
CONTINUOUS
100
AcDbLine
 10
0.9180952362204724
 20
0.8642392519685039
 30
0
 11
0.9225455905511811
 21
0.8668086614173228
 31
0
  0
LINE
  5
2EF
330
1A
100
AcDbEntity
  8
BLACK
  6
CONTINUOUS
100
AcDbLine
 10
0.9225455905511811
 20
0.8668086614173228
 30
0
 11
0.9275093307086614
 21
0.8681386614173228
 31
0
  0
LINE
  5
2F0
330
1A
100
AcDbEntity
  8
BLACK
  6
CONTINUOUS
100
AcDbLine
 10
0.9275093307086614
 20
0.8681386614173228
 30
0
 11
0.9300787401574803
 21
0.8681386614173228
 31
0
  0
LINE
  5
2F1
330
1A
100
AcDbEntity
  8
BLACK
  6
CONTINUOUS
100
AcDbLine
 10
0.9300787401574803
 20
0.8681386614173228
 30
0
 11
0.9300787401574803
 21
0.8683070866141732
 31
0
  0
LINE
  5
2F2
330
1A
100
AcDbEntity
  8
BLACK
  6
CONTINUOUS
100
AcDbLine
 10
0.9300787401574803
 20
0.8683070866141732
 30
0
 11
0.9497637795275591
 21
0.8683070866141732
 31
0
  0
LINE
  5
2F3
330
1A
100
AcDbEntity
  8
BLACK
  6
CONTINUOUS
100
AcDbLine
 10
0.9497637795275591
 20
0.8683070866141732
 30
0
 11
0.9497637795275591
 21
0.8681386614173228
 31
0
  0
LINE
  5
2F4
330
1A
100
AcDbEntity
  8
BLACK
  6
CONTINUOUS
100
AcDbLine
 10
-0.8295275590551181
 20
0.8754724409448819
 30
0
 11
-0.8511811023622047
 21
0.8754724409448819
 31
0
  0
LINE
  5
2F5
330
1A
100
AcDbEntity
  8
BLACK
  6
CONTINUOUS
100
AcDbLine
 10
-0.8511811023622047
 20
0.8754724409448819
 30
0
 11
-0.8511811023622047
 21
0.8756408661417323
 31
0
  0
LINE
  5
2F6
330
1A
100
AcDbEntity
  8
BLACK
  6
CONTINUOUS
100
AcDbLine
 10
-0.8511811023622047
 20
0.8756408661417323
 30
0
 11
-0.8537505118110236
 21
0.8756408661417323
 31
0
  0
LINE
  5
2F7
330
1A
100
AcDbEntity
  8
BLACK
  6
CONTINUOUS
100
AcDbLine
 10
-0.8537505118110236
 20
0.8756408661417323
 30
0
 11
-0.8587142519685039
 21
0.8769708661417323
 31
0
  0
LINE
  5
2F8
330
1A
100
AcDbEntity
  8
BLACK
  6
CONTINUOUS
100
AcDbLine
 10
-0.8587142519685039
 20
0.8769708661417323
 30
0
 11
-0.8631646062992125
 21
0.8795402755905511
 31
0
  0
LINE
  5
2F9
330
1A
100
AcDbEntity
  8
BLACK
  6
CONTINUOUS
100
AcDbLine
 10
-0.8631646062992125
 20
0.8795402755905511
 30
0
 11
-0.8667983070866142
 21
0.8831739763779527
 31
0
  0
LINE
  5
2FA
330
1A
100
AcDbEntity
  8
BLACK
  6
CONTINUOUS
100
AcDbLine
 10
-0.8667983070866142
 20
0.8831739763779527
 30
0
 11
-0.8693677165354331
 21
0.8876243307086614
 31
0
  0
LINE
  5
2FB
330
1A
100
AcDbEntity
  8
BLACK
  6
CONTINUOUS
100
AcDbLine
 10
-0.8693677165354331
 20
0.8876243307086614
 30
0
 11
-0.870697716535433
 21
0.8925880708661417
 31
0
  0
LINE
  5
2FC
330
1A
100
AcDbEntity
  8
BLACK
  6
CONTINUOUS
100
AcDbLine
 10
-0.870697716535433
 20
0.8925880708661417
 30
0
 11
-0.870697716535433
 21
0.8951574803149606
 31
0
  0
LINE
  5
2FD
330
1A
100
AcDbEntity
  8
BLACK
  6
CONTINUOUS
100
AcDbLine
 10
-0.870697716535433
 20
0.8951574803149606
 30
0
 11
-0.8708661417322835
 21
0.8951574803149606
 31
0
  0
LINE
  5
2FE
330
1A
100
AcDbEntity
  8
BLACK
  6
CONTINUOUS
100
AcDbLine
 10
-0.8708661417322835
 20
0.8951574803149606
 30
0
 11
-0.8708661417322835
 21
0.9148425196850394
 31
0
  0
LINE
  5
2FF
330
1A
100
AcDbEntity
  8
BLACK
  6
CONTINUOUS
100
AcDbLine
 10
-0.8708661417322835
 20
0.9148425196850394
 30
0
 11
-0.870697716535433
 21
0.9148425196850394
 31
0
  0
LINE
  5
300
330
1A
100
AcDbEntity
  8
BLACK
  6
CONTINUOUS
100
AcDbLine
 10
-0.870697716535433
 20
0.9148425196850394
 30
0
 11
-0.870697716535433
 21
0.9174119291338583
 31
0
  0
LINE
  5
301
330
1A
100
AcDbEntity
  8
BLACK
  6
CONTINUOUS
100
AcDbLine
 10
-0.870697716535433
 20
0.9174119291338583
 30
0
 11
-0.8693677165354331
 21
0.9223756692913385
 31
0
  0
LINE
  5
302
330
1A
100
AcDbEntity
  8
BLACK
  6
CONTINUOUS
100
AcDbLine
 10
-0.8693677165354331
 20
0.9223756692913385
 30
0
 11
-0.8667983070866142
 21
0.9268260236220472
 31
0
  0
LINE
  5
303
330
1A
100
AcDbEntity
  8
BLACK
  6
CONTINUOUS
100
AcDbLine
 10
-0.8667983070866142
 20
0.9268260236220472
 30
0
 11
-0.8631646062992125
 21
0.9304597244094488
 31
0
  0
LINE
  5
304
330
1A
100
AcDbEntity
  8
BLACK
  6
CONTINUOUS
100
AcDbLine
 10
-0.8631646062992125
 20
0.9304597244094488
 30
0
 11
-0.8587142519685039
 21
0.9330291338582677
 31
0
  0
LINE
  5
305
330
1A
100
AcDbEntity
  8
BLACK
  6
CONTINUOUS
100
AcDbLine
 10
-0.8587142519685039
 20
0.9330291338582677
 30
0
 11
-0.8537505118110236
 21
0.9343591338582677
 31
0
  0
LINE
  5
306
330
1A
100
AcDbEntity
  8
BLACK
  6
CONTINUOUS
100
AcDbLine
 10
-0.8537505118110236
 20
0.9343591338582677
 30
0
 11
-0.8511811023622047
 21
0.9343591338582677
 31
0
  0
LINE
  5
307
330
1A
100
AcDbEntity
  8
BLACK
  6
CONTINUOUS
100
AcDbLine
 10
-0.8511811023622047
 20
0.9343591338582677
 30
0
 11
-0.8511811023622047
 21
0.9345275590551181
 31
0
  0
LINE
  5
308
330
1A
100
AcDbEntity
  8
BLACK
  6
CONTINUOUS
100
AcDbLine
 10
-0.8511811023622047
 20
0.9345275590551181
 30
0
 11
-0.8295275590551181
 21
0.9345275590551181
 31
0
  0
LINE
  5
309
330
1A
100
AcDbEntity
  8
BLACK
  6
CONTINUOUS
100
AcDbLine
 10
-0.8295275590551181
 20
0.9345275590551181
 30
0
 11
-0.8295275590551181
 21
0.8754724409448819
 31
0
  0
LINE
  5
30A
330
1A
100
AcDbEntity
  8
BLACK
  6
CONTINUOUS
100
AcDbLine
 10
-0.7803149606299212
 20
0.8754724409448819
 30
0
 11
-0.8196850393700787
 21
0.8754724409448819
 31
0
  0
LINE
  5
30B
330
1A
100
AcDbEntity
  8
BLACK
  6
CONTINUOUS
100
AcDbLine
 10
-0.8196850393700787
 20
0.8754724409448819
 30
0
 11
-0.8196850393700787
 21
0.9345275590551181
 31
0
  0
LINE
  5
30C
330
1A
100
AcDbEntity
  8
BLACK
  6
CONTINUOUS
100
AcDbLine
 10
-0.8196850393700787
 20
0.9345275590551181
 30
0
 11
-0.7803149606299212
 21
0.9345275590551181
 31
0
  0
LINE
  5
30D
330
1A
100
AcDbEntity
  8
BLACK
  6
CONTINUOUS
100
AcDbLine
 10
-0.7803149606299212
 20
0.9345275590551181
 30
0
 11
-0.7803149606299212
 21
0.8754724409448819
 31
0
  0
LINE
  5
30E
330
1A
100
AcDbEntity
  8
BLACK
  6
CONTINUOUS
100
AcDbLine
 10
-0.7488188976377953
 20
0.9343591338582677
 30
0
 11
-0.7462494881889764
 21
0.9343591338582677
 31
0
  0
LINE
  5
30F
330
1A
100
AcDbEntity
  8
BLACK
  6
CONTINUOUS
100
AcDbLine
 10
-0.7462494881889764
 20
0.9343591338582677
 30
0
 11
-0.7412857480314961
 21
0.9330291338582677
 31
0
  0
LINE
  5
310
330
1A
100
AcDbEntity
  8
BLACK
  6
CONTINUOUS
100
AcDbLine
 10
-0.7412857480314961
 20
0.9330291338582677
 30
0
 11
-0.7368353937007874
 21
0.9304597244094488
 31
0
  0
LINE
  5
311
330
1A
100
AcDbEntity
  8
BLACK
  6
CONTINUOUS
100
AcDbLine
 10
-0.7368353937007874
 20
0.9304597244094488
 30
0
 11
-0.7332016929133858
 21
0.9268260236220472
 31
0
  0
LINE
  5
312
330
1A
100
AcDbEntity
  8
BLACK
  6
CONTINUOUS
100
AcDbLine
 10
-0.7332016929133858
 20
0.9268260236220472
 30
0
 11
-0.7306322834645669
 21
0.9223756692913385
 31
0
  0
LINE
  5
313
330
1A
100
AcDbEntity
  8
BLACK
  6
CONTINUOUS
100
AcDbLine
 10
-0.7306322834645669
 20
0.9223756692913385
 30
0
 11
-0.7293022834645669
 21
0.9174119291338583
 31
0
  0
LINE
  5
314
330
1A
100
AcDbEntity
  8
BLACK
  6
CONTINUOUS
100
AcDbLine
 10
-0.7293022834645669
 20
0.9174119291338583
 30
0
 11
-0.7293022834645669
 21
0.9148425196850394
 31
0
  0
LINE
  5
315
330
1A
100
AcDbEntity
  8
BLACK
  6
CONTINUOUS
100
AcDbLine
 10
-0.7293022834645669
 20
0.9148425196850394
 30
0
 11
-0.7291338582677165
 21
0.9148425196850394
 31
0
  0
LINE
  5
316
330
1A
100
AcDbEntity
  8
BLACK
  6
CONTINUOUS
100
AcDbLine
 10
-0.7291338582677165
 20
0.9148425196850394
 30
0
 11
-0.7291338582677165
 21
0.8951574803149606
 31
0
  0
LINE
  5
317
330
1A
100
AcDbEntity
  8
BLACK
  6
CONTINUOUS
100
AcDbLine
 10
-0.7291338582677165
 20
0.8951574803149606
 30
0
 11
-0.7293022834645669
 21
0.8951574803149606
 31
0
  0
LINE
  5
318
330
1A
100
AcDbEntity
  8
BLACK
  6
CONTINUOUS
100
AcDbLine
 10
-0.7293022834645669
 20
0.8951574803149606
 30
0
 11
-0.7293022834645669
 21
0.8925880708661417
 31
0
  0
LINE
  5
319
330
1A
100
AcDbEntity
  8
BLACK
  6
CONTINUOUS
100
AcDbLine
 10
-0.7293022834645669
 20
0.8925880708661417
 30
0
 11
-0.7306322834645669
 21
0.8876243307086614
 31
0
  0
LINE
  5
31A
330
1A
100
AcDbEntity
  8
BLACK
  6
CONTINUOUS
100
AcDbLine
 10
-0.7306322834645669
 20
0.8876243307086614
 30
0
 11
-0.7332016929133858
 21
0.8831739763779527
 31
0
  0
LINE
  5
31B
330
1A
100
AcDbEntity
  8
BLACK
  6
CONTINUOUS
100
AcDbLine
 10
-0.7332016929133858
 20
0.8831739763779527
 30
0
 11
-0.7368353937007874
 21
0.8795402755905511
 31
0
  0
LINE
  5
31C
330
1A
100
AcDbEntity
  8
BLACK
  6
CONTINUOUS
100
AcDbLine
 10
-0.7368353937007874
 20
0.8795402755905511
 30
0
 11
-0.7412857480314961
 21
0.8769708661417323
 31
0
  0
LINE
  5
31D
330
1A
100
AcDbEntity
  8
BLACK
  6
CONTINUOUS
100
AcDbLine
 10
-0.7412857480314961
 20
0.8769708661417323
 30
0
 11
-0.7462494881889764
 21
0.8756408661417323
 31
0
  0
LINE
  5
31E
330
1A
100
AcDbEntity
  8
BLACK
  6
CONTINUOUS
100
AcDbLine
 10
-0.7462494881889764
 20
0.8756408661417323
 30
0
 11
-0.7488188976377953
 21
0.8756408661417323
 31
0
  0
LINE
  5
31F
330
1A
100
AcDbEntity
  8
BLACK
  6
CONTINUOUS
100
AcDbLine
 10
-0.7488188976377953
 20
0.8756408661417323
 30
0
 11
-0.7488188976377953
 21
0.8754724409448819
 31
0
  0
LINE
  5
320
330
1A
100
AcDbEntity
  8
BLACK
  6
CONTINUOUS
100
AcDbLine
 10
-0.7488188976377953
 20
0.8754724409448819
 30
0
 11
-0.7704724409448819
 21
0.8754724409448819
 31
0
  0
LINE
  5
321
330
1A
100
AcDbEntity
  8
BLACK
  6
CONTINUOUS
100
AcDbLine
 10
-0.7704724409448819
 20
0.8754724409448819
 30
0
 11
-0.7704724409448819
 21
0.9345275590551181
 31
0
  0
LINE
  5
322
330
1A
100
AcDbEntity
  8
BLACK
  6
CONTINUOUS
100
AcDbLine
 10
-0.7704724409448819
 20
0.9345275590551181
 30
0
 11
-0.7488188976377953
 21
0.9345275590551181
 31
0
  0
LINE
  5
323
330
1A
100
AcDbEntity
  8
BLACK
  6
CONTINUOUS
100
AcDbLine
 10
-0.7488188976377953
 20
0.9345275590551181
 30
0
 11
-0.7488188976377953
 21
0.9343591338582677
 31
0
  0
LINE
  5
324
330
1A
100
AcDbEntity
  8
BLACK
  6
CONTINUOUS
100
AcDbLine
 10
-1.1848818897637794
 20
0.8946850393700787
 30
0
 11
-1.2951181102362204
 21
0.8946850393700787
 31
0
  0
LINE
  5
325
330
1A
100
AcDbEntity
  8
BLACK
  6
CONTINUOUS
100
AcDbLine
 10
-1.2951181102362204
 20
0.8946850393700787
 30
0
 11
-1.2951181102362204
 21
0.9537401574803149
 31
0
  0
LINE
  5
326
330
1A
100
AcDbEntity
  8
BLACK
  6
CONTINUOUS
100
AcDbLine
 10
-1.2951181102362204
 20
0.9537401574803149
 30
0
 11
-1.1848818897637794
 21
0.9537401574803149
 31
0
  0
LINE
  5
327
330
1A
100
AcDbEntity
  8
BLACK
  6
CONTINUOUS
100
AcDbLine
 10
-1.1848818897637794
 20
0.9537401574803149
 30
0
 11
-1.1848818897637794
 21
0.8946850393700787
 31
0
  0
LINE
  5
328
330
1A
100
AcDbEntity
  8
BLACK
  6
CONTINUOUS
100
AcDbLine
 10
-1.2702272440944882
 20
1.031124094488189
 30
0
 11
-1.2645229527559054
 21
1.0287612992125985
 31
0
  0
LINE
  5
329
330
1A
100
AcDbEntity
  8
BLACK
  6
CONTINUOUS
100
AcDbLine
 10
-1.2645229527559054
 20
1.0287612992125985
 30
0
 11
-1.2593891732283464
 21
1.0253310236220472
 31
0
  0
LINE
  5
32A
330
1A
100
AcDbEntity
  8
BLACK
  6
CONTINUOUS
100
AcDbLine
 10
-1.2593891732283464
 20
1.0253310236220472
 30
0
 11
-1.2550233070866141
 21
1.0209651574803149
 31
0
  0
LINE
  5
32B
330
1A
100
AcDbEntity
  8
BLACK
  6
CONTINUOUS
100
AcDbLine
 10
-1.2550233070866141
 20
1.0209651574803149
 30
0
 11
-1.251593031496063
 21
1.0158313779527559
 31
0
  0
LINE
  5
32C
330
1A
100
AcDbEntity
  8
BLACK
  6
CONTINUOUS
100
AcDbLine
 10
-1.251593031496063
 20
1.0158313779527559
 30
0
 11
-1.2492302362204724
 21
1.0101270866141732
 31
0
  0
LINE
  5
32D
330
1A
100
AcDbEntity
  8
BLACK
  6
CONTINUOUS
100
AcDbLine
 10
-1.2492302362204724
 20
1.0101270866141732
 30
0
 11
-1.2480256692913385
 21
1.0040714173228347
 31
0
  0
LINE
  5
32E
330
1A
100
AcDbEntity
  8
BLACK
  6
CONTINUOUS
100
AcDbLine
 10
-1.2480256692913385
 20
1.0040714173228347
 30
0
 11
-1.2480256692913385
 21
0.9978970866141732
 31
0
  0
LINE
  5
32F
330
1A
100
AcDbEntity
  8
BLACK
  6
CONTINUOUS
100
AcDbLine
 10
-1.2480256692913385
 20
0.9978970866141732
 30
0
 11
-1.2492302362204724
 21
0.9918414173228346
 31
0
  0
LINE
  5
330
330
1A
100
AcDbEntity
  8
BLACK
  6
CONTINUOUS
100
AcDbLine
 10
-1.2492302362204724
 20
0.9918414173228346
 30
0
 11
-1.251593031496063
 21
0.986137125984252
 31
0
  0
LINE
  5
331
330
1A
100
AcDbEntity
  8
BLACK
  6
CONTINUOUS
100
AcDbLine
 10
-1.251593031496063
 20
0.986137125984252
 30
0
 11
-1.2550233070866141
 21
0.9810033464566928
 31
0
  0
LINE
  5
332
330
1A
100
AcDbEntity
  8
BLACK
  6
CONTINUOUS
100
AcDbLine
 10
-1.2550233070866141
 20
0.9810033464566928
 30
0
 11
-1.2593891732283464
 21
0.9766374803149606
 31
0
  0
LINE
  5
333
330
1A
100
AcDbEntity
  8
BLACK
  6
CONTINUOUS
100
AcDbLine
 10
-1.2593891732283464
 20
0.9766374803149606
 30
0
 11
-1.2645229527559054
 21
0.9732072047244095
 31
0
  0
LINE
  5
334
330
1A
100
AcDbEntity
  8
BLACK
  6
CONTINUOUS
100
AcDbLine
 10
-1.2645229527559054
 20
0.9732072047244095
 30
0
 11
-1.2702272440944882
 21
0.9708444094488189
 31
0
  0
LINE
  5
335
330
1A
100
AcDbEntity
  8
BLACK
  6
CONTINUOUS
100
AcDbLine
 10
-1.2702272440944882
 20
0.9708444094488189
 30
0
 11
-1.2762829133858267
 21
0.969639842519685
 31
0
  0
LINE
  5
336
330
1A
100
AcDbEntity
  8
BLACK
  6
CONTINUOUS
100
AcDbLine
 10
-1.2762829133858267
 20
0.969639842519685
 30
0
 11
-1.2824572440944881
 21
0.969639842519685
 31
0
  0
LINE
  5
337
330
1A
100
AcDbEntity
  8
BLACK
  6
CONTINUOUS
100
AcDbLine
 10
-1.2824572440944881
 20
0.969639842519685
 30
0
 11
-1.2885129133858269
 21
0.9708444094488189
 31
0
  0
LINE
  5
338
330
1A
100
AcDbEntity
  8
BLACK
  6
CONTINUOUS
100
AcDbLine
 10
-1.2885129133858269
 20
0.9708444094488189
 30
0
 11
-1.2942172047244094
 21
0.9732072047244095
 31
0
  0
LINE
  5
339
330
1A
100
AcDbEntity
  8
BLACK
  6
CONTINUOUS
100
AcDbLine
 10
-1.2942172047244094
 20
0.9732072047244095
 30
0
 11
-1.2993509842519684
 21
0.9766374803149606
 31
0
  0
LINE
  5
33A
330
1A
100
AcDbEntity
  8
BLACK
  6
CONTINUOUS
100
AcDbLine
 10
-1.2993509842519684
 20
0.9766374803149606
 30
0
 11
-1.3037168503937007
 21
0.9810033464566928
 31
0
  0
LINE
  5
33B
330
1A
100
AcDbEntity
  8
BLACK
  6
CONTINUOUS
100
AcDbLine
 10
-1.3037168503937007
 20
0.9810033464566928
 30
0
 11
-1.307147125984252
 21
0.986137125984252
 31
0
  0
LINE
  5
33C
330
1A
100
AcDbEntity
  8
BLACK
  6
CONTINUOUS
100
AcDbLine
 10
-1.307147125984252
 20
0.986137125984252
 30
0
 11
-1.3095099212598424
 21
0.9918414173228346
 31
0
  0
LINE
  5
33D
330
1A
100
AcDbEntity
  8
BLACK
  6
CONTINUOUS
100
AcDbLine
 10
-1.3095099212598424
 20
0.9918414173228346
 30
0
 11
-1.3107144881889763
 21
0.9978970866141732
 31
0
  0
LINE
  5
33E
330
1A
100
AcDbEntity
  8
BLACK
  6
CONTINUOUS
100
AcDbLine
 10
-1.3107144881889763
 20
0.9978970866141732
 30
0
 11
-1.3107144881889763
 21
1.0040714173228347
 31
0
  0
LINE
  5
33F
330
1A
100
AcDbEntity
  8
BLACK
  6
CONTINUOUS
100
AcDbLine
 10
-1.3107144881889763
 20
1.0040714173228347
 30
0
 11
-1.3095099212598424
 21
1.0101270866141732
 31
0
  0
LINE
  5
340
330
1A
100
AcDbEntity
  8
BLACK
  6
CONTINUOUS
100
AcDbLine
 10
-1.3095099212598424
 20
1.0101270866141732
 30
0
 11
-1.307147125984252
 21
1.0158313779527559
 31
0
  0
LINE
  5
341
330
1A
100
AcDbEntity
  8
BLACK
  6
CONTINUOUS
100
AcDbLine
 10
-1.307147125984252
 20
1.0158313779527559
 30
0
 11
-1.3037168503937007
 21
1.0209651574803149
 31
0
  0
LINE
  5
342
330
1A
100
AcDbEntity
  8
BLACK
  6
CONTINUOUS
100
AcDbLine
 10
-1.3037168503937007
 20
1.0209651574803149
 30
0
 11
-1.2993509842519684
 21
1.0253310236220472
 31
0
  0
LINE
  5
343
330
1A
100
AcDbEntity
  8
BLACK
  6
CONTINUOUS
100
AcDbLine
 10
-1.2993509842519684
 20
1.0253310236220472
 30
0
 11
-1.2942172047244094
 21
1.0287612992125985
 31
0
  0
LINE
  5
344
330
1A
100
AcDbEntity
  8
BLACK
  6
CONTINUOUS
100
AcDbLine
 10
-1.2942172047244094
 20
1.0287612992125985
 30
0
 11
-1.2885129133858269
 21
1.031124094488189
 31
0
  0
LINE
  5
345
330
1A
100
AcDbEntity
  8
BLACK
  6
CONTINUOUS
100
AcDbLine
 10
-1.2885129133858269
 20
1.031124094488189
 30
0
 11
-1.2824572440944881
 21
1.0323286614173228
 31
0
  0
LINE
  5
346
330
1A
100
AcDbEntity
  8
BLACK
  6
CONTINUOUS
100
AcDbLine
 10
-1.2824572440944881
 20
1.0323286614173228
 30
0
 11
-1.2762829133858267
 21
1.0323286614173228
 31
0
  0
LINE
  5
347
330
1A
100
AcDbEntity
  8
BLACK
  6
CONTINUOUS
100
AcDbLine
 10
-1.2762829133858267
 20
1.0323286614173228
 30
0
 11
-1.2702272440944882
 21
1.031124094488189
 31
0
  0
LINE
  5
348
330
1A
100
AcDbEntity
  8
BLACK
  6
CONTINUOUS
100
AcDbLine
 10
0.4092913385826771
 20
0.9804724409448818
 30
0
 11
0.3876377952755906
 21
0.9804724409448818
 31
0
  0
LINE
  5
349
330
1A
100
AcDbEntity
  8
BLACK
  6
CONTINUOUS
100
AcDbLine
 10
0.3876377952755906
 20
0.9804724409448818
 30
0
 11
0.3876377952755906
 21
0.9806408661417323
 31
0
  0
LINE
  5
34A
330
1A
100
AcDbEntity
  8
BLACK
  6
CONTINUOUS
100
AcDbLine
 10
0.3876377952755906
 20
0.9806408661417323
 30
0
 11
0.3850683858267717
 21
0.9806408661417323
 31
0
  0
LINE
  5
34B
330
1A
100
AcDbEntity
  8
BLACK
  6
CONTINUOUS
100
AcDbLine
 10
0.3850683858267717
 20
0.9806408661417323
 30
0
 11
0.3801046456692913
 21
0.9819708661417322
 31
0
  0
LINE
  5
34C
330
1A
100
AcDbEntity
  8
BLACK
  6
CONTINUOUS
100
AcDbLine
 10
0.3801046456692913
 20
0.9819708661417322
 30
0
 11
0.3756542913385827
 21
0.9845402755905511
 31
0
  0
LINE
  5
34D
330
1A
100
AcDbEntity
  8
BLACK
  6
CONTINUOUS
100
AcDbLine
 10
0.3756542913385827
 20
0.9845402755905511
 30
0
 11
0.3720205905511811
 21
0.9881739763779527
 31
0
  0
LINE
  5
34E
330
1A
100
AcDbEntity
  8
BLACK
  6
CONTINUOUS
100
AcDbLine
 10
0.3720205905511811
 20
0.9881739763779527
 30
0
 11
0.3694511811023622
 21
0.9926243307086614
 31
0
  0
LINE
  5
34F
330
1A
100
AcDbEntity
  8
BLACK
  6
CONTINUOUS
100
AcDbLine
 10
0.3694511811023622
 20
0.9926243307086614
 30
0
 11
0.3681211811023622
 21
0.9975880708661418
 31
0
  0
LINE
  5
350
330
1A
100
AcDbEntity
  8
BLACK
  6
CONTINUOUS
100
AcDbLine
 10
0.3681211811023622
 20
0.9975880708661418
 30
0
 11
0.3681211811023622
 21
1.0001574803149607
 31
0
  0
LINE
  5
351
330
1A
100
AcDbEntity
  8
BLACK
  6
CONTINUOUS
100
AcDbLine
 10
0.3681211811023622
 20
1.0001574803149607
 30
0
 11
0.3679527559055118
 21
1.0001574803149607
 31
0
  0
LINE
  5
352
330
1A
100
AcDbEntity
  8
BLACK
  6
CONTINUOUS
100
AcDbLine
 10
0.3679527559055118
 20
1.0001574803149607
 30
0
 11
0.3679527559055118
 21
1.0198425196850394
 31
0
  0
LINE
  5
353
330
1A
100
AcDbEntity
  8
BLACK
  6
CONTINUOUS
100
AcDbLine
 10
0.3679527559055118
 20
1.0198425196850394
 30
0
 11
0.3681211811023622
 21
1.0198425196850394
 31
0
  0
LINE
  5
354
330
1A
100
AcDbEntity
  8
BLACK
  6
CONTINUOUS
100
AcDbLine
 10
0.3681211811023622
 20
1.0198425196850394
 30
0
 11
0.3681211811023622
 21
1.0224119291338583
 31
0
  0
LINE
  5
355
330
1A
100
AcDbEntity
  8
BLACK
  6
CONTINUOUS
100
AcDbLine
 10
0.3681211811023622
 20
1.0224119291338583
 30
0
 11
0.3694511811023622
 21
1.0273756692913385
 31
0
  0
LINE
  5
356
330
1A
100
AcDbEntity
  8
BLACK
  6
CONTINUOUS
100
AcDbLine
 10
0.3694511811023622
 20
1.0273756692913385
 30
0
 11
0.3720205905511811
 21
1.0318260236220471
 31
0
  0
LINE
  5
357
330
1A
100
AcDbEntity
  8
BLACK
  6
CONTINUOUS
100
AcDbLine
 10
0.3720205905511811
 20
1.0318260236220471
 30
0
 11
0.3756542913385827
 21
1.0354597244094488
 31
0
  0
LINE
  5
358
330
1A
100
AcDbEntity
  8
BLACK
  6
CONTINUOUS
100
AcDbLine
 10
0.3756542913385827
 20
1.0354597244094488
 30
0
 11
0.3801046456692913
 21
1.0380291338582677
 31
0
  0
LINE
  5
359
330
1A
100
AcDbEntity
  8
BLACK
  6
CONTINUOUS
100
AcDbLine
 10
0.3801046456692913
 20
1.0380291338582677
 30
0
 11
0.3850683858267717
 21
1.0393591338582677
 31
0
  0
LINE
  5
35A
330
1A
100
AcDbEntity
  8
BLACK
  6
CONTINUOUS
100
AcDbLine
 10
0.3850683858267717
 20
1.0393591338582677
 30
0
 11
0.3876377952755906
 21
1.0393591338582677
 31
0
  0
LINE
  5
35B
330
1A
100
AcDbEntity
  8
BLACK
  6
CONTINUOUS
100
AcDbLine
 10
0.3876377952755906
 20
1.0393591338582677
 30
0
 11
0.3876377952755906
 21
1.0395275590551181
 31
0
  0
LINE
  5
35C
330
1A
100
AcDbEntity
  8
BLACK
  6
CONTINUOUS
100
AcDbLine
 10
0.3876377952755906
 20
1.0395275590551181
 30
0
 11
0.4092913385826771
 21
1.0395275590551181
 31
0
  0
LINE
  5
35D
330
1A
100
AcDbEntity
  8
BLACK
  6
CONTINUOUS
100
AcDbLine
 10
0.4092913385826771
 20
1.0395275590551181
 30
0
 11
0.4092913385826771
 21
0.9804724409448818
 31
0
  0
LINE
  5
35E
330
1A
100
AcDbEntity
  8
BLACK
  6
CONTINUOUS
100
AcDbLine
 10
0.458503937007874
 20
0.9804724409448818
 30
0
 11
0.4191338582677165
 21
0.9804724409448818
 31
0
  0
LINE
  5
35F
330
1A
100
AcDbEntity
  8
BLACK
  6
CONTINUOUS
100
AcDbLine
 10
0.4191338582677165
 20
0.9804724409448818
 30
0
 11
0.4191338582677165
 21
1.0395275590551181
 31
0
  0
LINE
  5
360
330
1A
100
AcDbEntity
  8
BLACK
  6
CONTINUOUS
100
AcDbLine
 10
0.4191338582677165
 20
1.0395275590551181
 30
0
 11
0.458503937007874
 21
1.0395275590551181
 31
0
  0
LINE
  5
361
330
1A
100
AcDbEntity
  8
BLACK
  6
CONTINUOUS
100
AcDbLine
 10
0.458503937007874
 20
1.0395275590551181
 30
0
 11
0.458503937007874
 21
0.9804724409448818
 31
0
  0
LINE
  5
362
330
1A
100
AcDbEntity
  8
BLACK
  6
CONTINUOUS
100
AcDbLine
 10
0.49
 20
1.0393591338582677
 30
0
 11
0.4925694094488189
 21
1.0393591338582677
 31
0
  0
LINE
  5
363
330
1A
100
AcDbEntity
  8
BLACK
  6
CONTINUOUS
100
AcDbLine
 10
0.4925694094488189
 20
1.0393591338582677
 30
0
 11
0.4975331496062992
 21
1.0380291338582677
 31
0
  0
LINE
  5
364
330
1A
100
AcDbEntity
  8
BLACK
  6
CONTINUOUS
100
AcDbLine
 10
0.4975331496062992
 20
1.0380291338582677
 30
0
 11
0.5019835039370079
 21
1.0354597244094488
 31
0
  0
LINE
  5
365
330
1A
100
AcDbEntity
  8
BLACK
  6
CONTINUOUS
100
AcDbLine
 10
0.5019835039370079
 20
1.0354597244094488
 30
0
 11
0.5056172047244094
 21
1.0318260236220471
 31
0
  0
LINE
  5
366
330
1A
100
AcDbEntity
  8
BLACK
  6
CONTINUOUS
100
AcDbLine
 10
0.5056172047244094
 20
1.0318260236220471
 30
0
 11
0.5081866141732283
 21
1.0273756692913385
 31
0
  0
LINE
  5
367
330
1A
100
AcDbEntity
  8
BLACK
  6
CONTINUOUS
100
AcDbLine
 10
0.5081866141732283
 20
1.0273756692913385
 30
0
 11
0.5095166141732284
 21
1.0224119291338583
 31
0
  0
LINE
  5
368
330
1A
100
AcDbEntity
  8
BLACK
  6
CONTINUOUS
100
AcDbLine
 10
0.5095166141732284
 20
1.0224119291338583
 30
0
 11
0.5095166141732284
 21
1.0198425196850394
 31
0
  0
LINE
  5
369
330
1A
100
AcDbEntity
  8
BLACK
  6
CONTINUOUS
100
AcDbLine
 10
0.5095166141732284
 20
1.0198425196850394
 30
0
 11
0.5096850393700787
 21
1.0198425196850394
 31
0
  0
LINE
  5
36A
330
1A
100
AcDbEntity
  8
BLACK
  6
CONTINUOUS
100
AcDbLine
 10
0.5096850393700787
 20
1.0198425196850394
 30
0
 11
0.5096850393700787
 21
1.0001574803149607
 31
0
  0
LINE
  5
36B
330
1A
100
AcDbEntity
  8
BLACK
  6
CONTINUOUS
100
AcDbLine
 10
0.5096850393700787
 20
1.0001574803149607
 30
0
 11
0.5095166141732284
 21
1.0001574803149607
 31
0
  0
LINE
  5
36C
330
1A
100
AcDbEntity
  8
BLACK
  6
CONTINUOUS
100
AcDbLine
 10
0.5095166141732284
 20
1.0001574803149607
 30
0
 11
0.5095166141732284
 21
0.9975880708661418
 31
0
  0
LINE
  5
36D
330
1A
100
AcDbEntity
  8
BLACK
  6
CONTINUOUS
100
AcDbLine
 10
0.5095166141732284
 20
0.9975880708661418
 30
0
 11
0.5081866141732283
 21
0.9926243307086614
 31
0
  0
LINE
  5
36E
330
1A
100
AcDbEntity
  8
BLACK
  6
CONTINUOUS
100
AcDbLine
 10
0.5081866141732283
 20
0.9926243307086614
 30
0
 11
0.5056172047244094
 21
0.9881739763779527
 31
0
  0
LINE
  5
36F
330
1A
100
AcDbEntity
  8
BLACK
  6
CONTINUOUS
100
AcDbLine
 10
0.5056172047244094
 20
0.9881739763779527
 30
0
 11
0.5019835039370079
 21
0.9845402755905511
 31
0
  0
LINE
  5
370
330
1A
100
AcDbEntity
  8
BLACK
  6
CONTINUOUS
100
AcDbLine
 10
0.5019835039370079
 20
0.9845402755905511
 30
0
 11
0.4975331496062992
 21
0.9819708661417322
 31
0
  0
LINE
  5
371
330
1A
100
AcDbEntity
  8
BLACK
  6
CONTINUOUS
100
AcDbLine
 10
0.4975331496062992
 20
0.9819708661417322
 30
0
 11
0.4925694094488189
 21
0.9806408661417323
 31
0
  0
LINE
  5
372
330
1A
100
AcDbEntity
  8
BLACK
  6
CONTINUOUS
100
AcDbLine
 10
0.4925694094488189
 20
0.9806408661417323
 30
0
 11
0.49
 21
0.9806408661417323
 31
0
  0
LINE
  5
373
330
1A
100
AcDbEntity
  8
BLACK
  6
CONTINUOUS
100
AcDbLine
 10
0.49
 20
0.9806408661417323
 30
0
 11
0.49
 21
0.9804724409448818
 31
0
  0
LINE
  5
374
330
1A
100
AcDbEntity
  8
BLACK
  6
CONTINUOUS
100
AcDbLine
 10
0.49
 20
0.9804724409448818
 30
0
 11
0.4683464566929134
 21
0.9804724409448818
 31
0
  0
LINE
  5
375
330
1A
100
AcDbEntity
  8
BLACK
  6
CONTINUOUS
100
AcDbLine
 10
0.4683464566929134
 20
0.9804724409448818
 30
0
 11
0.4683464566929134
 21
1.0395275590551181
 31
0
  0
LINE
  5
376
330
1A
100
AcDbEntity
  8
BLACK
  6
CONTINUOUS
100
AcDbLine
 10
0.4683464566929134
 20
1.0395275590551181
 30
0
 11
0.49
 21
1.0395275590551181
 31
0
  0
LINE
  5
377
330
1A
100
AcDbEntity
  8
BLACK
  6
CONTINUOUS
100
AcDbLine
 10
0.49
 20
1.0395275590551181
 30
0
 11
0.49
 21
1.0393591338582677
 31
0
  0
LINE
  5
378
330
1A
100
AcDbEntity
  8
BLACK
  6
CONTINUOUS
100
AcDbLine
 10
0.6204724409448819
 20
0.9804724409448818
 30
0
 11
0.5988188976377953
 21
0.9804724409448818
 31
0
  0
LINE
  5
379
330
1A
100
AcDbEntity
  8
BLACK
  6
CONTINUOUS
100
AcDbLine
 10
0.5988188976377953
 20
0.9804724409448818
 30
0
 11
0.5988188976377953
 21
0.9806408661417323
 31
0
  0
LINE
  5
37A
330
1A
100
AcDbEntity
  8
BLACK
  6
CONTINUOUS
100
AcDbLine
 10
0.5988188976377953
 20
0.9806408661417323
 30
0
 11
0.5962494881889764
 21
0.9806408661417323
 31
0
  0
LINE
  5
37B
330
1A
100
AcDbEntity
  8
BLACK
  6
CONTINUOUS
100
AcDbLine
 10
0.5962494881889764
 20
0.9806408661417323
 30
0
 11
0.591285748031496
 21
0.9819708661417322
 31
0
  0
LINE
  5
37C
330
1A
100
AcDbEntity
  8
BLACK
  6
CONTINUOUS
100
AcDbLine
 10
0.591285748031496
 20
0.9819708661417322
 30
0
 11
0.5868353937007874
 21
0.9845402755905511
 31
0
  0
LINE
  5
37D
330
1A
100
AcDbEntity
  8
BLACK
  6
CONTINUOUS
100
AcDbLine
 10
0.5868353937007874
 20
0.9845402755905511
 30
0
 11
0.5832016929133859
 21
0.9881739763779527
 31
0
  0
LINE
  5
37E
330
1A
100
AcDbEntity
  8
BLACK
  6
CONTINUOUS
100
AcDbLine
 10
0.5832016929133859
 20
0.9881739763779527
 30
0
 11
0.580632283464567
 21
0.9926243307086614
 31
0
  0
LINE
  5
37F
330
1A
100
AcDbEntity
  8
BLACK
  6
CONTINUOUS
100
AcDbLine
 10
0.580632283464567
 20
0.9926243307086614
 30
0
 11
0.5793022834645669
 21
0.9975880708661418
 31
0
  0
LINE
  5
380
330
1A
100
AcDbEntity
  8
BLACK
  6
CONTINUOUS
100
AcDbLine
 10
0.5793022834645669
 20
0.9975880708661418
 30
0
 11
0.5793022834645669
 21
1.0001574803149607
 31
0
  0
LINE
  5
381
330
1A
100
AcDbEntity
  8
BLACK
  6
CONTINUOUS
100
AcDbLine
 10
0.5793022834645669
 20
1.0001574803149607
 30
0
 11
0.5791338582677166
 21
1.0001574803149607
 31
0
  0
LINE
  5
382
330
1A
100
AcDbEntity
  8
BLACK
  6
CONTINUOUS
100
AcDbLine
 10
0.5791338582677166
 20
1.0001574803149607
 30
0
 11
0.5791338582677166
 21
1.0198425196850394
 31
0
  0
LINE
  5
383
330
1A
100
AcDbEntity
  8
BLACK
  6
CONTINUOUS
100
AcDbLine
 10
0.5791338582677166
 20
1.0198425196850394
 30
0
 11
0.5793022834645669
 21
1.0198425196850394
 31
0
  0
LINE
  5
384
330
1A
100
AcDbEntity
  8
BLACK
  6
CONTINUOUS
100
AcDbLine
 10
0.5793022834645669
 20
1.0198425196850394
 30
0
 11
0.5793022834645669
 21
1.0224119291338583
 31
0
  0
LINE
  5
385
330
1A
100
AcDbEntity
  8
BLACK
  6
CONTINUOUS
100
AcDbLine
 10
0.5793022834645669
 20
1.0224119291338583
 30
0
 11
0.580632283464567
 21
1.0273756692913385
 31
0
  0
LINE
  5
386
330
1A
100
AcDbEntity
  8
BLACK
  6
CONTINUOUS
100
AcDbLine
 10
0.580632283464567
 20
1.0273756692913385
 30
0
 11
0.5832016929133859
 21
1.0318260236220471
 31
0
  0
LINE
  5
387
330
1A
100
AcDbEntity
  8
BLACK
  6
CONTINUOUS
100
AcDbLine
 10
0.5832016929133859
 20
1.0318260236220471
 30
0
 11
0.5868353937007874
 21
1.0354597244094488
 31
0
  0
LINE
  5
388
330
1A
100
AcDbEntity
  8
BLACK
  6
CONTINUOUS
100
AcDbLine
 10
0.5868353937007874
 20
1.0354597244094488
 30
0
 11
0.591285748031496
 21
1.0380291338582677
 31
0
  0
LINE
  5
389
330
1A
100
AcDbEntity
  8
BLACK
  6
CONTINUOUS
100
AcDbLine
 10
0.591285748031496
 20
1.0380291338582677
 30
0
 11
0.5962494881889764
 21
1.0393591338582677
 31
0
  0
LINE
  5
38A
330
1A
100
AcDbEntity
  8
BLACK
  6
CONTINUOUS
100
AcDbLine
 10
0.5962494881889764
 20
1.0393591338582677
 30
0
 11
0.5988188976377953
 21
1.0393591338582677
 31
0
  0
LINE
  5
38B
330
1A
100
AcDbEntity
  8
BLACK
  6
CONTINUOUS
100
AcDbLine
 10
0.5988188976377953
 20
1.0393591338582677
 30
0
 11
0.5988188976377953
 21
1.0395275590551181
 31
0
  0
LINE
  5
38C
330
1A
100
AcDbEntity
  8
BLACK
  6
CONTINUOUS
100
AcDbLine
 10
0.5988188976377953
 20
1.0395275590551181
 30
0
 11
0.6204724409448819
 21
1.0395275590551181
 31
0
  0
LINE
  5
38D
330
1A
100
AcDbEntity
  8
BLACK
  6
CONTINUOUS
100
AcDbLine
 10
0.6204724409448819
 20
1.0395275590551181
 30
0
 11
0.6204724409448819
 21
0.9804724409448818
 31
0
  0
LINE
  5
38E
330
1A
100
AcDbEntity
  8
BLACK
  6
CONTINUOUS
100
AcDbLine
 10
0.6696850393700787
 20
0.9804724409448818
 30
0
 11
0.6303149606299212
 21
0.9804724409448818
 31
0
  0
LINE
  5
38F
330
1A
100
AcDbEntity
  8
BLACK
  6
CONTINUOUS
100
AcDbLine
 10
0.6303149606299212
 20
0.9804724409448818
 30
0
 11
0.6303149606299212
 21
1.0395275590551181
 31
0
  0
LINE
  5
390
330
1A
100
AcDbEntity
  8
BLACK
  6
CONTINUOUS
100
AcDbLine
 10
0.6303149606299212
 20
1.0395275590551181
 30
0
 11
0.6696850393700787
 21
1.0395275590551181
 31
0
  0
LINE
  5
391
330
1A
100
AcDbEntity
  8
BLACK
  6
CONTINUOUS
100
AcDbLine
 10
0.6696850393700787
 20
1.0395275590551181
 30
0
 11
0.6696850393700787
 21
0.9804724409448818
 31
0
  0
LINE
  5
392
330
1A
100
AcDbEntity
  8
BLACK
  6
CONTINUOUS
100
AcDbLine
 10
0.7011811023622047
 20
1.0393591338582677
 30
0
 11
0.7037505118110237
 21
1.0393591338582677
 31
0
  0
LINE
  5
393
330
1A
100
AcDbEntity
  8
BLACK
  6
CONTINUOUS
100
AcDbLine
 10
0.7037505118110237
 20
1.0393591338582677
 30
0
 11
0.7087142519685039
 21
1.0380291338582677
 31
0
  0
LINE
  5
394
330
1A
100
AcDbEntity
  8
BLACK
  6
CONTINUOUS
100
AcDbLine
 10
0.7087142519685039
 20
1.0380291338582677
 30
0
 11
0.7131646062992126
 21
1.0354597244094488
 31
0
  0
LINE
  5
395
330
1A
100
AcDbEntity
  8
BLACK
  6
CONTINUOUS
100
AcDbLine
 10
0.7131646062992126
 20
1.0354597244094488
 30
0
 11
0.7167983070866142
 21
1.0318260236220471
 31
0
  0
LINE
  5
396
330
1A
100
AcDbEntity
  8
BLACK
  6
CONTINUOUS
100
AcDbLine
 10
0.7167983070866142
 20
1.0318260236220471
 30
0
 11
0.7193677165354331
 21
1.0273756692913385
 31
0
  0
LINE
  5
397
330
1A
100
AcDbEntity
  8
BLACK
  6
CONTINUOUS
100
AcDbLine
 10
0.7193677165354331
 20
1.0273756692913385
 30
0
 11
0.720697716535433
 21
1.0224119291338583
 31
0
  0
LINE
  5
398
330
1A
100
AcDbEntity
  8
BLACK
  6
CONTINUOUS
100
AcDbLine
 10
0.720697716535433
 20
1.0224119291338583
 30
0
 11
0.720697716535433
 21
1.0198425196850394
 31
0
  0
LINE
  5
399
330
1A
100
AcDbEntity
  8
BLACK
  6
CONTINUOUS
100
AcDbLine
 10
0.720697716535433
 20
1.0198425196850394
 30
0
 11
0.7208661417322835
 21
1.0198425196850394
 31
0
  0
LINE
  5
39A
330
1A
100
AcDbEntity
  8
BLACK
  6
CONTINUOUS
100
AcDbLine
 10
0.7208661417322835
 20
1.0198425196850394
 30
0
 11
0.7208661417322835
 21
1.0001574803149607
 31
0
  0
LINE
  5
39B
330
1A
100
AcDbEntity
  8
BLACK
  6
CONTINUOUS
100
AcDbLine
 10
0.7208661417322835
 20
1.0001574803149607
 30
0
 11
0.720697716535433
 21
1.0001574803149607
 31
0
  0
LINE
  5
39C
330
1A
100
AcDbEntity
  8
BLACK
  6
CONTINUOUS
100
AcDbLine
 10
0.720697716535433
 20
1.0001574803149607
 30
0
 11
0.720697716535433
 21
0.9975880708661418
 31
0
  0
LINE
  5
39D
330
1A
100
AcDbEntity
  8
BLACK
  6
CONTINUOUS
100
AcDbLine
 10
0.720697716535433
 20
0.9975880708661418
 30
0
 11
0.7193677165354331
 21
0.9926243307086614
 31
0
  0
LINE
  5
39E
330
1A
100
AcDbEntity
  8
BLACK
  6
CONTINUOUS
100
AcDbLine
 10
0.7193677165354331
 20
0.9926243307086614
 30
0
 11
0.7167983070866142
 21
0.9881739763779527
 31
0
  0
LINE
  5
39F
330
1A
100
AcDbEntity
  8
BLACK
  6
CONTINUOUS
100
AcDbLine
 10
0.7167983070866142
 20
0.9881739763779527
 30
0
 11
0.7131646062992126
 21
0.9845402755905511
 31
0
  0
LINE
  5
3A0
330
1A
100
AcDbEntity
  8
BLACK
  6
CONTINUOUS
100
AcDbLine
 10
0.7131646062992126
 20
0.9845402755905511
 30
0
 11
0.7087142519685039
 21
0.9819708661417322
 31
0
  0
LINE
  5
3A1
330
1A
100
AcDbEntity
  8
BLACK
  6
CONTINUOUS
100
AcDbLine
 10
0.7087142519685039
 20
0.9819708661417322
 30
0
 11
0.7037505118110237
 21
0.9806408661417323
 31
0
  0
LINE
  5
3A2
330
1A
100
AcDbEntity
  8
BLACK
  6
CONTINUOUS
100
AcDbLine
 10
0.7037505118110237
 20
0.9806408661417323
 30
0
 11
0.7011811023622047
 21
0.9806408661417323
 31
0
  0
LINE
  5
3A3
330
1A
100
AcDbEntity
  8
BLACK
  6
CONTINUOUS
100
AcDbLine
 10
0.7011811023622047
 20
0.9806408661417323
 30
0
 11
0.7011811023622047
 21
0.9804724409448818
 31
0
  0
LINE
  5
3A4
330
1A
100
AcDbEntity
  8
BLACK
  6
CONTINUOUS
100
AcDbLine
 10
0.7011811023622047
 20
0.9804724409448818
 30
0
 11
0.6795275590551181
 21
0.9804724409448818
 31
0
  0
LINE
  5
3A5
330
1A
100
AcDbEntity
  8
BLACK
  6
CONTINUOUS
100
AcDbLine
 10
0.6795275590551181
 20
0.9804724409448818
 30
0
 11
0.6795275590551181
 21
1.0395275590551181
 31
0
  0
LINE
  5
3A6
330
1A
100
AcDbEntity
  8
BLACK
  6
CONTINUOUS
100
AcDbLine
 10
0.6795275590551181
 20
1.0395275590551181
 30
0
 11
0.7011811023622047
 21
1.0395275590551181
 31
0
  0
LINE
  5
3A7
330
1A
100
AcDbEntity
  8
BLACK
  6
CONTINUOUS
100
AcDbLine
 10
0.7011811023622047
 20
1.0395275590551181
 30
0
 11
0.7011811023622047
 21
1.0393591338582677
 31
0
  0
LINE
  5
3A8
330
1A
100
AcDbEntity
  8
BLACK
  6
CONTINUOUS
100
AcDbLine
 10
-1.1396062992125984
 20
0.9862204724409449
 30
0
 11
-1.1986614173228347
 21
0.9862204724409449
 31
0
  0
LINE
  5
3A9
330
1A
100
AcDbEntity
  8
BLACK
  6
CONTINUOUS
100
AcDbLine
 10
-1.1986614173228347
 20
0.9862204724409449
 30
0
 11
-1.1986614173228347
 21
1.0255905511811023
 31
0
  0
LINE
  5
3AA
330
1A
100
AcDbEntity
  8
BLACK
  6
CONTINUOUS
100
AcDbLine
 10
-1.1986614173228347
 20
1.0255905511811023
 30
0
 11
-1.1396062992125984
 21
1.0255905511811023
 31
0
  0
LINE
  5
3AB
330
1A
100
AcDbEntity
  8
BLACK
  6
CONTINUOUS
100
AcDbLine
 10
-1.1396062992125984
 20
1.0255905511811023
 30
0
 11
-1.1396062992125984
 21
0.9862204724409449
 31
0
  0
LINE
  5
3AC
330
1A
100
AcDbEntity
  8
BLACK
  6
CONTINUOUS
100
AcDbLine
 10
1.084527559055118
 20
1.0188188976377952
 30
0
 11
1.0843591338582677
 21
1.0188188976377952
 31
0
  0
LINE
  5
3AD
330
1A
100
AcDbEntity
  8
BLACK
  6
CONTINUOUS
100
AcDbLine
 10
1.0843591338582677
 20
1.0188188976377952
 30
0
 11
1.0843591338582677
 21
1.0162494881889763
 31
0
  0
LINE
  5
3AE
330
1A
100
AcDbEntity
  8
BLACK
  6
CONTINUOUS
100
AcDbLine
 10
1.0843591338582677
 20
1.0162494881889763
 30
0
 11
1.0830291338582676
 21
1.0112857480314961
 31
0
  0
LINE
  5
3AF
330
1A
100
AcDbEntity
  8
BLACK
  6
CONTINUOUS
100
AcDbLine
 10
1.0830291338582676
 20
1.0112857480314961
 30
0
 11
1.0804597244094487
 21
1.0068353937007875
 31
0
  0
LINE
  5
3B0
330
1A
100
AcDbEntity
  8
BLACK
  6
CONTINUOUS
100
AcDbLine
 10
1.0804597244094487
 20
1.0068353937007875
 30
0
 11
1.0768260236220473
 21
1.0032016929133858
 31
0
  0
LINE
  5
3B1
330
1A
100
AcDbEntity
  8
BLACK
  6
CONTINUOUS
100
AcDbLine
 10
1.0768260236220473
 20
1.0032016929133858
 30
0
 11
1.0723756692913387
 21
1.0006322834645669
 31
0
  0
LINE
  5
3B2
330
1A
100
AcDbEntity
  8
BLACK
  6
CONTINUOUS
100
AcDbLine
 10
1.0723756692913387
 20
1.0006322834645669
 30
0
 11
1.0674119291338582
 21
0.999302283464567
 31
0
  0
LINE
  5
3B3
330
1A
100
AcDbEntity
  8
BLACK
  6
CONTINUOUS
100
AcDbLine
 10
1.0674119291338582
 20
0.999302283464567
 30
0
 11
1.0648425196850393
 21
0.999302283464567
 31
0
  0
LINE
  5
3B4
330
1A
100
AcDbEntity
  8
BLACK
  6
CONTINUOUS
100
AcDbLine
 10
1.0648425196850393
 20
0.999302283464567
 30
0
 11
1.0648425196850393
 21
0.9991338582677165
 31
0
  0
LINE
  5
3B5
330
1A
100
AcDbEntity
  8
BLACK
  6
CONTINUOUS
100
AcDbLine
 10
1.0648425196850393
 20
0.9991338582677165
 30
0
 11
1.0451574803149606
 21
0.9991338582677165
 31
0
  0
LINE
  5
3B6
330
1A
100
AcDbEntity
  8
BLACK
  6
CONTINUOUS
100
AcDbLine
 10
1.0451574803149606
 20
0.9991338582677165
 30
0
 11
1.0451574803149606
 21
0.999302283464567
 31
0
  0
LINE
  5
3B7
330
1A
100
AcDbEntity
  8
BLACK
  6
CONTINUOUS
100
AcDbLine
 10
1.0451574803149606
 20
0.999302283464567
 30
0
 11
1.0425880708661417
 21
0.999302283464567
 31
0
  0
LINE
  5
3B8
330
1A
100
AcDbEntity
  8
BLACK
  6
CONTINUOUS
100
AcDbLine
 10
1.0425880708661417
 20
0.999302283464567
 30
0
 11
1.0376243307086614
 21
1.0006322834645669
 31
0
  0
LINE
  5
3B9
330
1A
100
AcDbEntity
  8
BLACK
  6
CONTINUOUS
100
AcDbLine
 10
1.0376243307086614
 20
1.0006322834645669
 30
0
 11
1.0331739763779528
 21
1.0032016929133858
 31
0
  0
LINE
  5
3BA
330
1A
100
AcDbEntity
  8
BLACK
  6
CONTINUOUS
100
AcDbLine
 10
1.0331739763779528
 20
1.0032016929133858
 30
0
 11
1.0295402755905512
 21
1.0068353937007875
 31
0
  0
LINE
  5
3BB
330
1A
100
AcDbEntity
  8
BLACK
  6
CONTINUOUS
100
AcDbLine
 10
1.0295402755905512
 20
1.0068353937007875
 30
0
 11
1.0269708661417323
 21
1.0112857480314961
 31
0
  0
LINE
  5
3BC
330
1A
100
AcDbEntity
  8
BLACK
  6
CONTINUOUS
100
AcDbLine
 10
1.0269708661417323
 20
1.0112857480314961
 30
0
 11
1.0256408661417322
 21
1.0162494881889763
 31
0
  0
LINE
  5
3BD
330
1A
100
AcDbEntity
  8
BLACK
  6
CONTINUOUS
100
AcDbLine
 10
1.0256408661417322
 20
1.0162494881889763
 30
0
 11
1.0256408661417322
 21
1.0188188976377952
 31
0
  0
LINE
  5
3BE
330
1A
100
AcDbEntity
  8
BLACK
  6
CONTINUOUS
100
AcDbLine
 10
1.0256408661417322
 20
1.0188188976377952
 30
0
 11
1.0254724409448819
 21
1.0188188976377952
 31
0
  0
LINE
  5
3BF
330
1A
100
AcDbEntity
  8
BLACK
  6
CONTINUOUS
100
AcDbLine
 10
1.0254724409448819
 20
1.0188188976377952
 30
0
 11
1.0254724409448819
 21
1.0404724409448818
 31
0
  0
LINE
  5
3C0
330
1A
100
AcDbEntity
  8
BLACK
  6
CONTINUOUS
100
AcDbLine
 10
1.0254724409448819
 20
1.0404724409448818
 30
0
 11
1.084527559055118
 21
1.0404724409448818
 31
0
  0
LINE
  5
3C1
330
1A
100
AcDbEntity
  8
BLACK
  6
CONTINUOUS
100
AcDbLine
 10
1.084527559055118
 20
1.0404724409448818
 30
0
 11
1.084527559055118
 21
1.0188188976377952
 31
0
  0
LINE
  5
3C2
330
1A
100
AcDbEntity
  8
BLACK
  6
CONTINUOUS
100
AcDbLine
 10
1.084527559055118
 20
1.0503149606299211
 30
0
 11
1.0254724409448819
 21
1.0503149606299211
 31
0
  0
LINE
  5
3C3
330
1A
100
AcDbEntity
  8
BLACK
  6
CONTINUOUS
100
AcDbLine
 10
1.0254724409448819
 20
1.0503149606299211
 30
0
 11
1.0254724409448819
 21
1.0896850393700788
 31
0
  0
LINE
  5
3C4
330
1A
100
AcDbEntity
  8
BLACK
  6
CONTINUOUS
100
AcDbLine
 10
1.0254724409448819
 20
1.0896850393700788
 30
0
 11
1.084527559055118
 21
1.0896850393700788
 31
0
  0
LINE
  5
3C5
330
1A
100
AcDbEntity
  8
BLACK
  6
CONTINUOUS
100
AcDbLine
 10
1.084527559055118
 20
1.0896850393700788
 30
0
 11
1.084527559055118
 21
1.0503149606299211
 31
0
  0
LINE
  5
3C6
330
1A
100
AcDbEntity
  8
BLACK
  6
CONTINUOUS
100
AcDbLine
 10
-1.1396062992125984
 20
1.0846456692913387
 30
0
 11
-1.1986614173228347
 21
1.0846456692913387
 31
0
  0
LINE
  5
3C7
330
1A
100
AcDbEntity
  8
BLACK
  6
CONTINUOUS
100
AcDbLine
 10
-1.1986614173228347
 20
1.0846456692913387
 30
0
 11
-1.1986614173228347
 21
1.1240157480314961
 31
0
  0
LINE
  5
3C8
330
1A
100
AcDbEntity
  8
BLACK
  6
CONTINUOUS
100
AcDbLine
 10
-1.1986614173228347
 20
1.1240157480314961
 30
0
 11
-1.1396062992125984
 21
1.1240157480314961
 31
0
  0
LINE
  5
3C9
330
1A
100
AcDbEntity
  8
BLACK
  6
CONTINUOUS
100
AcDbLine
 10
-1.1396062992125984
 20
1.1240157480314961
 30
0
 11
-1.1396062992125984
 21
1.0846456692913387
 31
0
  0
LINE
  5
3CA
330
1A
100
AcDbEntity
  8
BLACK
  6
CONTINUOUS
100
AcDbLine
 10
1.0648425196850393
 20
1.1406977165354331
 30
0
 11
1.0674119291338582
 21
1.1406977165354331
 31
0
  0
LINE
  5
3CB
330
1A
100
AcDbEntity
  8
BLACK
  6
CONTINUOUS
100
AcDbLine
 10
1.0674119291338582
 20
1.1406977165354331
 30
0
 11
1.0723756692913387
 21
1.139367716535433
 31
0
  0
LINE
  5
3CC
330
1A
100
AcDbEntity
  8
BLACK
  6
CONTINUOUS
100
AcDbLine
 10
1.0723756692913387
 20
1.139367716535433
 30
0
 11
1.0768260236220473
 21
1.1367983070866141
 31
0
  0
LINE
  5
3CD
330
1A
100
AcDbEntity
  8
BLACK
  6
CONTINUOUS
100
AcDbLine
 10
1.0768260236220473
 20
1.1367983070866141
 30
0
 11
1.0804597244094487
 21
1.1331646062992127
 31
0
  0
LINE
  5
3CE
330
1A
100
AcDbEntity
  8
BLACK
  6
CONTINUOUS
100
AcDbLine
 10
1.0804597244094487
 20
1.1331646062992127
 30
0
 11
1.0830291338582676
 21
1.1287142519685038
 31
0
  0
LINE
  5
3CF
330
1A
100
AcDbEntity
  8
BLACK
  6
CONTINUOUS
100
AcDbLine
 10
1.0830291338582676
 20
1.1287142519685038
 30
0
 11
1.0843591338582677
 21
1.1237505118110236
 31
0
  0
LINE
  5
3D0
330
1A
100
AcDbEntity
  8
BLACK
  6
CONTINUOUS
100
AcDbLine
 10
1.0843591338582677
 20
1.1237505118110236
 30
0
 11
1.0843591338582677
 21
1.1211811023622047
 31
0
  0
LINE
  5
3D1
330
1A
100
AcDbEntity
  8
BLACK
  6
CONTINUOUS
100
AcDbLine
 10
1.0843591338582677
 20
1.1211811023622047
 30
0
 11
1.084527559055118
 21
1.1211811023622047
 31
0
  0
LINE
  5
3D2
330
1A
100
AcDbEntity
  8
BLACK
  6
CONTINUOUS
100
AcDbLine
 10
1.084527559055118
 20
1.1211811023622047
 30
0
 11
1.084527559055118
 21
1.0995275590551181
 31
0
  0
LINE
  5
3D3
330
1A
100
AcDbEntity
  8
BLACK
  6
CONTINUOUS
100
AcDbLine
 10
1.084527559055118
 20
1.0995275590551181
 30
0
 11
1.0254724409448819
 21
1.0995275590551181
 31
0
  0
LINE
  5
3D4
330
1A
100
AcDbEntity
  8
BLACK
  6
CONTINUOUS
100
AcDbLine
 10
1.0254724409448819
 20
1.0995275590551181
 30
0
 11
1.0254724409448819
 21
1.1211811023622047
 31
0
  0
LINE
  5
3D5
330
1A
100
AcDbEntity
  8
BLACK
  6
CONTINUOUS
100
AcDbLine
 10
1.0254724409448819
 20
1.1211811023622047
 30
0
 11
1.0256408661417322
 21
1.1211811023622047
 31
0
  0
LINE
  5
3D6
330
1A
100
AcDbEntity
  8
BLACK
  6
CONTINUOUS
100
AcDbLine
 10
1.0256408661417322
 20
1.1211811023622047
 30
0
 11
1.0256408661417322
 21
1.1237505118110236
 31
0
  0
LINE
  5
3D7
330
1A
100
AcDbEntity
  8
BLACK
  6
CONTINUOUS
100
AcDbLine
 10
1.0256408661417322
 20
1.1237505118110236
 30
0
 11
1.0269708661417323
 21
1.1287142519685038
 31
0
  0
LINE
  5
3D8
330
1A
100
AcDbEntity
  8
BLACK
  6
CONTINUOUS
100
AcDbLine
 10
1.0269708661417323
 20
1.1287142519685038
 30
0
 11
1.0295402755905512
 21
1.1331646062992127
 31
0
  0
LINE
  5
3D9
330
1A
100
AcDbEntity
  8
BLACK
  6
CONTINUOUS
100
AcDbLine
 10
1.0295402755905512
 20
1.1331646062992127
 30
0
 11
1.0331739763779528
 21
1.1367983070866141
 31
0
  0
LINE
  5
3DA
330
1A
100
AcDbEntity
  8
BLACK
  6
CONTINUOUS
100
AcDbLine
 10
1.0331739763779528
 20
1.1367983070866141
 30
0
 11
1.0376243307086614
 21
1.139367716535433
 31
0
  0
LINE
  5
3DB
330
1A
100
AcDbEntity
  8
BLACK
  6
CONTINUOUS
100
AcDbLine
 10
1.0376243307086614
 20
1.139367716535433
 30
0
 11
1.0425880708661417
 21
1.1406977165354331
 31
0
  0
LINE
  5
3DC
330
1A
100
AcDbEntity
  8
BLACK
  6
CONTINUOUS
100
AcDbLine
 10
1.0425880708661417
 20
1.1406977165354331
 30
0
 11
1.0451574803149606
 21
1.1406977165354331
 31
0
  0
LINE
  5
3DD
330
1A
100
AcDbEntity
  8
BLACK
  6
CONTINUOUS
100
AcDbLine
 10
1.0451574803149606
 20
1.1406977165354331
 30
0
 11
1.0451574803149606
 21
1.1408661417322834
 31
0
  0
LINE
  5
3DE
330
1A
100
AcDbEntity
  8
BLACK
  6
CONTINUOUS
100
AcDbLine
 10
1.0451574803149606
 20
1.1408661417322834
 30
0
 11
1.0648425196850393
 21
1.1408661417322834
 31
0
  0
LINE
  5
3DF
330
1A
100
AcDbEntity
  8
BLACK
  6
CONTINUOUS
100
AcDbLine
 10
1.0648425196850393
 20
1.1408661417322834
 30
0
 11
1.0648425196850393
 21
1.1406977165354331
 31
0
  0
LINE
  5
3E0
330
1A
100
AcDbEntity
  8
BLACK
  6
CONTINUOUS
100
AcDbLine
 10
0.0492913385826772
 20
1.1454724409448818
 30
0
 11
0.0276377952755906
 21
1.1454724409448818
 31
0
  0
LINE
  5
3E1
330
1A
100
AcDbEntity
  8
BLACK
  6
CONTINUOUS
100
AcDbLine
 10
0.0276377952755906
 20
1.1454724409448818
 30
0
 11
0.0276377952755906
 21
1.1456408661417323
 31
0
  0
LINE
  5
3E2
330
1A
100
AcDbEntity
  8
BLACK
  6
CONTINUOUS
100
AcDbLine
 10
0.0276377952755906
 20
1.1456408661417323
 30
0
 11
0.0250683858267717
 21
1.1456408661417323
 31
0
  0
LINE
  5
3E3
330
1A
100
AcDbEntity
  8
BLACK
  6
CONTINUOUS
100
AcDbLine
 10
0.0250683858267717
 20
1.1456408661417323
 30
0
 11
0.0201046456692913
 21
1.1469708661417322
 31
0
  0
LINE
  5
3E4
330
1A
100
AcDbEntity
  8
BLACK
  6
CONTINUOUS
100
AcDbLine
 10
0.0201046456692913
 20
1.1469708661417322
 30
0
 11
0.0156542913385827
 21
1.1495402755905511
 31
0
  0
LINE
  5
3E5
330
1A
100
AcDbEntity
  8
BLACK
  6
CONTINUOUS
100
AcDbLine
 10
0.0156542913385827
 20
1.1495402755905511
 30
0
 11
0.0120205905511811
 21
1.1531739763779527
 31
0
  0
LINE
  5
3E6
330
1A
100
AcDbEntity
  8
BLACK
  6
CONTINUOUS
100
AcDbLine
 10
0.0120205905511811
 20
1.1531739763779527
 30
0
 11
0.0094511811023622
 21
1.1576243307086613
 31
0
  0
LINE
  5
3E7
330
1A
100
AcDbEntity
  8
BLACK
  6
CONTINUOUS
100
AcDbLine
 10
0.0094511811023622
 20
1.1576243307086613
 30
0
 11
0.0081211811023622
 21
1.1625880708661418
 31
0
  0
LINE
  5
3E8
330
1A
100
AcDbEntity
  8
BLACK
  6
CONTINUOUS
100
AcDbLine
 10
0.0081211811023622
 20
1.1625880708661418
 30
0
 11
0.0081211811023622
 21
1.1651574803149607
 31
0
  0
LINE
  5
3E9
330
1A
100
AcDbEntity
  8
BLACK
  6
CONTINUOUS
100
AcDbLine
 10
0.0081211811023622
 20
1.1651574803149607
 30
0
 11
0.0079527559055118
 21
1.1651574803149607
 31
0
  0
LINE
  5
3EA
330
1A
100
AcDbEntity
  8
BLACK
  6
CONTINUOUS
100
AcDbLine
 10
0.0079527559055118
 20
1.1651574803149607
 30
0
 11
0.0079527559055118
 21
1.1848425196850394
 31
0
  0
LINE
  5
3EB
330
1A
100
AcDbEntity
  8
BLACK
  6
CONTINUOUS
100
AcDbLine
 10
0.0079527559055118
 20
1.1848425196850394
 30
0
 11
0.0081211811023622
 21
1.1848425196850394
 31
0
  0
LINE
  5
3EC
330
1A
100
AcDbEntity
  8
BLACK
  6
CONTINUOUS
100
AcDbLine
 10
0.0081211811023622
 20
1.1848425196850394
 30
0
 11
0.0081211811023622
 21
1.1874119291338583
 31
0
  0
LINE
  5
3ED
330
1A
100
AcDbEntity
  8
BLACK
  6
CONTINUOUS
100
AcDbLine
 10
0.0081211811023622
 20
1.1874119291338583
 30
0
 11
0.0094511811023622
 21
1.1923756692913385
 31
0
  0
LINE
  5
3EE
330
1A
100
AcDbEntity
  8
BLACK
  6
CONTINUOUS
100
AcDbLine
 10
0.0094511811023622
 20
1.1923756692913385
 30
0
 11
0.0120205905511811
 21
1.1968260236220472
 31
0
  0
LINE
  5
3EF
330
1A
100
AcDbEntity
  8
BLACK
  6
CONTINUOUS
100
AcDbLine
 10
0.0120205905511811
 20
1.1968260236220472
 30
0
 11
0.0156542913385827
 21
1.2004597244094488
 31
0
  0
LINE
  5
3F0
330
1A
100
AcDbEntity
  8
BLACK
  6
CONTINUOUS
100
AcDbLine
 10
0.0156542913385827
 20
1.2004597244094488
 30
0
 11
0.0201046456692913
 21
1.2030291338582677
 31
0
  0
LINE
  5
3F1
330
1A
100
AcDbEntity
  8
BLACK
  6
CONTINUOUS
100
AcDbLine
 10
0.0201046456692913
 20
1.2030291338582677
 30
0
 11
0.0250683858267717
 21
1.2043591338582678
 31
0
  0
LINE
  5
3F2
330
1A
100
AcDbEntity
  8
BLACK
  6
CONTINUOUS
100
AcDbLine
 10
0.0250683858267717
 20
1.2043591338582678
 30
0
 11
0.0276377952755906
 21
1.2043591338582678
 31
0
  0
LINE
  5
3F3
330
1A
100
AcDbEntity
  8
BLACK
  6
CONTINUOUS
100
AcDbLine
 10
0.0276377952755906
 20
1.2043591338582678
 30
0
 11
0.0276377952755906
 21
1.2045275590551181
 31
0
  0
LINE
  5
3F4
330
1A
100
AcDbEntity
  8
BLACK
  6
CONTINUOUS
100
AcDbLine
 10
0.0276377952755906
 20
1.2045275590551181
 30
0
 11
0.0492913385826772
 21
1.2045275590551181
 31
0
  0
LINE
  5
3F5
330
1A
100
AcDbEntity
  8
BLACK
  6
CONTINUOUS
100
AcDbLine
 10
0.0492913385826772
 20
1.2045275590551181
 30
0
 11
0.0492913385826772
 21
1.1454724409448818
 31
0
  0
LINE
  5
3F6
330
1A
100
AcDbEntity
  8
BLACK
  6
CONTINUOUS
100
AcDbLine
 10
0.098503937007874
 20
1.1454724409448818
 30
0
 11
0.0591338582677165
 21
1.1454724409448818
 31
0
  0
LINE
  5
3F7
330
1A
100
AcDbEntity
  8
BLACK
  6
CONTINUOUS
100
AcDbLine
 10
0.0591338582677165
 20
1.1454724409448818
 30
0
 11
0.0591338582677165
 21
1.2045275590551181
 31
0
  0
LINE
  5
3F8
330
1A
100
AcDbEntity
  8
BLACK
  6
CONTINUOUS
100
AcDbLine
 10
0.0591338582677165
 20
1.2045275590551181
 30
0
 11
0.098503937007874
 21
1.2045275590551181
 31
0
  0
LINE
  5
3F9
330
1A
100
AcDbEntity
  8
BLACK
  6
CONTINUOUS
100
AcDbLine
 10
0.098503937007874
 20
1.2045275590551181
 30
0
 11
0.098503937007874
 21
1.1454724409448818
 31
0
  0
LINE
  5
3FA
330
1A
100
AcDbEntity
  8
BLACK
  6
CONTINUOUS
100
AcDbLine
 10
0.13
 20
1.2043591338582678
 30
0
 11
0.1325694094488189
 21
1.2043591338582678
 31
0
  0
LINE
  5
3FB
330
1A
100
AcDbEntity
  8
BLACK
  6
CONTINUOUS
100
AcDbLine
 10
0.1325694094488189
 20
1.2043591338582678
 30
0
 11
0.1375331496062992
 21
1.2030291338582677
 31
0
  0
LINE
  5
3FC
330
1A
100
AcDbEntity
  8
BLACK
  6
CONTINUOUS
100
AcDbLine
 10
0.1375331496062992
 20
1.2030291338582677
 30
0
 11
0.1419835039370079
 21
1.2004597244094488
 31
0
  0
LINE
  5
3FD
330
1A
100
AcDbEntity
  8
BLACK
  6
CONTINUOUS
100
AcDbLine
 10
0.1419835039370079
 20
1.2004597244094488
 30
0
 11
0.1456172047244094
 21
1.1968260236220472
 31
0
  0
LINE
  5
3FE
330
1A
100
AcDbEntity
  8
BLACK
  6
CONTINUOUS
100
AcDbLine
 10
0.1456172047244094
 20
1.1968260236220472
 30
0
 11
0.1481866141732283
 21
1.1923756692913385
 31
0
  0
LINE
  5
3FF
330
1A
100
AcDbEntity
  8
BLACK
  6
CONTINUOUS
100
AcDbLine
 10
0.1481866141732283
 20
1.1923756692913385
 30
0
 11
0.1495166141732283
 21
1.1874119291338583
 31
0
  0
LINE
  5
400
330
1A
100
AcDbEntity
  8
BLACK
  6
CONTINUOUS
100
AcDbLine
 10
0.1495166141732283
 20
1.1874119291338583
 30
0
 11
0.1495166141732283
 21
1.1848425196850394
 31
0
  0
LINE
  5
401
330
1A
100
AcDbEntity
  8
BLACK
  6
CONTINUOUS
100
AcDbLine
 10
0.1495166141732283
 20
1.1848425196850394
 30
0
 11
0.1496850393700787
 21
1.1848425196850394
 31
0
  0
LINE
  5
402
330
1A
100
AcDbEntity
  8
BLACK
  6
CONTINUOUS
100
AcDbLine
 10
0.1496850393700787
 20
1.1848425196850394
 30
0
 11
0.1496850393700787
 21
1.1651574803149607
 31
0
  0
LINE
  5
403
330
1A
100
AcDbEntity
  8
BLACK
  6
CONTINUOUS
100
AcDbLine
 10
0.1496850393700787
 20
1.1651574803149607
 30
0
 11
0.1495166141732283
 21
1.1651574803149607
 31
0
  0
LINE
  5
404
330
1A
100
AcDbEntity
  8
BLACK
  6
CONTINUOUS
100
AcDbLine
 10
0.1495166141732283
 20
1.1651574803149607
 30
0
 11
0.1495166141732283
 21
1.1625880708661418
 31
0
  0
LINE
  5
405
330
1A
100
AcDbEntity
  8
BLACK
  6
CONTINUOUS
100
AcDbLine
 10
0.1495166141732283
 20
1.1625880708661418
 30
0
 11
0.1481866141732283
 21
1.1576243307086613
 31
0
  0
LINE
  5
406
330
1A
100
AcDbEntity
  8
BLACK
  6
CONTINUOUS
100
AcDbLine
 10
0.1481866141732283
 20
1.1576243307086613
 30
0
 11
0.1456172047244094
 21
1.1531739763779527
 31
0
  0
LINE
  5
407
330
1A
100
AcDbEntity
  8
BLACK
  6
CONTINUOUS
100
AcDbLine
 10
0.1456172047244094
 20
1.1531739763779527
 30
0
 11
0.1419835039370079
 21
1.1495402755905511
 31
0
  0
LINE
  5
408
330
1A
100
AcDbEntity
  8
BLACK
  6
CONTINUOUS
100
AcDbLine
 10
0.1419835039370079
 20
1.1495402755905511
 30
0
 11
0.1375331496062992
 21
1.1469708661417322
 31
0
  0
LINE
  5
409
330
1A
100
AcDbEntity
  8
BLACK
  6
CONTINUOUS
100
AcDbLine
 10
0.1375331496062992
 20
1.1469708661417322
 30
0
 11
0.1325694094488189
 21
1.1456408661417323
 31
0
  0
LINE
  5
40A
330
1A
100
AcDbEntity
  8
BLACK
  6
CONTINUOUS
100
AcDbLine
 10
0.1325694094488189
 20
1.1456408661417323
 30
0
 11
0.13
 21
1.1456408661417323
 31
0
  0
LINE
  5
40B
330
1A
100
AcDbEntity
  8
BLACK
  6
CONTINUOUS
100
AcDbLine
 10
0.13
 20
1.1456408661417323
 30
0
 11
0.13
 21
1.1454724409448818
 31
0
  0
LINE
  5
40C
330
1A
100
AcDbEntity
  8
BLACK
  6
CONTINUOUS
100
AcDbLine
 10
0.13
 20
1.1454724409448818
 30
0
 11
0.1083464566929134
 21
1.1454724409448818
 31
0
  0
LINE
  5
40D
330
1A
100
AcDbEntity
  8
BLACK
  6
CONTINUOUS
100
AcDbLine
 10
0.1083464566929134
 20
1.1454724409448818
 30
0
 11
0.1083464566929134
 21
1.2045275590551181
 31
0
  0
LINE
  5
40E
330
1A
100
AcDbEntity
  8
BLACK
  6
CONTINUOUS
100
AcDbLine
 10
0.1083464566929134
 20
1.2045275590551181
 30
0
 11
0.13
 21
1.2045275590551181
 31
0
  0
LINE
  5
40F
330
1A
100
AcDbEntity
  8
BLACK
  6
CONTINUOUS
100
AcDbLine
 10
0.13
 20
1.2045275590551181
 30
0
 11
0.13
 21
1.2043591338582678
 31
0
  0
LINE
  5
410
330
1A
100
AcDbEntity
  8
BLACK
  6
CONTINUOUS
100
AcDbLine
 10
-1.1396062992125984
 20
1.1830708661417322
 30
0
 11
-1.1986614173228347
 21
1.1830708661417322
 31
0
  0
LINE
  5
411
330
1A
100
AcDbEntity
  8
BLACK
  6
CONTINUOUS
100
AcDbLine
 10
-1.1986614173228347
 20
1.1830708661417322
 30
0
 11
-1.1986614173228347
 21
1.2224409448818898
 31
0
  0
LINE
  5
412
330
1A
100
AcDbEntity
  8
BLACK
  6
CONTINUOUS
100
AcDbLine
 10
-1.1986614173228347
 20
1.2224409448818898
 30
0
 11
-1.1396062992125984
 21
1.2224409448818898
 31
0
  0
LINE
  5
413
330
1A
100
AcDbEntity
  8
BLACK
  6
CONTINUOUS
100
AcDbLine
 10
-1.1396062992125984
 20
1.2224409448818898
 30
0
 11
-1.1396062992125984
 21
1.1830708661417322
 31
0
  0
LINE
  5
414
330
1A
100
AcDbEntity
  8
BLACK
  6
CONTINUOUS
100
AcDbLine
 10
-1.1396062992125984
 20
1.2814960629921259
 30
0
 11
-1.1986614173228347
 21
1.2814960629921259
 31
0
  0
LINE
  5
415
330
1A
100
AcDbEntity
  8
BLACK
  6
CONTINUOUS
100
AcDbLine
 10
-1.1986614173228347
 20
1.2814960629921259
 30
0
 11
-1.1986614173228347
 21
1.3208661417322833
 31
0
  0
LINE
  5
416
330
1A
100
AcDbEntity
  8
BLACK
  6
CONTINUOUS
100
AcDbLine
 10
-1.1986614173228347
 20
1.3208661417322833
 30
0
 11
-1.1396062992125984
 21
1.3208661417322833
 31
0
  0
LINE
  5
417
330
1A
100
AcDbEntity
  8
BLACK
  6
CONTINUOUS
100
AcDbLine
 10
-1.1396062992125984
 20
1.3208661417322833
 30
0
 11
-1.1396062992125984
 21
1.2814960629921259
 31
0
  0
LINE
  5
418
330
1A
100
AcDbEntity
  8
BLACK
  6
CONTINUOUS
100
AcDbLine
 10
-1.1396062992125984
 20
1.3799212598425197
 30
0
 11
-1.1986614173228347
 21
1.3799212598425197
 31
0
  0
LINE
  5
419
330
1A
100
AcDbEntity
  8
BLACK
  6
CONTINUOUS
100
AcDbLine
 10
-1.1986614173228347
 20
1.3799212598425197
 30
0
 11
-1.1986614173228347
 21
1.4192913385826771
 31
0
  0
LINE
  5
41A
330
1A
100
AcDbEntity
  8
BLACK
  6
CONTINUOUS
100
AcDbLine
 10
-1.1986614173228347
 20
1.4192913385826771
 30
0
 11
-1.1396062992125984
 21
1.4192913385826771
 31
0
  0
LINE
  5
41B
330
1A
100
AcDbEntity
  8
BLACK
  6
CONTINUOUS
100
AcDbLine
 10
-1.1396062992125984
 20
1.4192913385826771
 30
0
 11
-1.1396062992125984
 21
1.3799212598425197
 31
0
  0
LINE
  5
41C
330
1A
100
AcDbEntity
  8
BLACK
  6
CONTINUOUS
100
AcDbLine
 10
-1.1396062992125984
 20
1.4783464566929134
 30
0
 11
-1.1986614173228347
 21
1.4783464566929134
 31
0
  0
LINE
  5
41D
330
1A
100
AcDbEntity
  8
BLACK
  6
CONTINUOUS
100
AcDbLine
 10
-1.1986614173228347
 20
1.4783464566929134
 30
0
 11
-1.1986614173228347
 21
1.5177165354330708
 31
0
  0
LINE
  5
41E
330
1A
100
AcDbEntity
  8
BLACK
  6
CONTINUOUS
100
AcDbLine
 10
-1.1986614173228347
 20
1.5177165354330708
 30
0
 11
-1.1396062992125984
 21
1.5177165354330708
 31
0
  0
LINE
  5
41F
330
1A
100
AcDbEntity
  8
BLACK
  6
CONTINUOUS
100
AcDbLine
 10
-1.1396062992125984
 20
1.5177165354330708
 30
0
 11
-1.1396062992125984
 21
1.4783464566929134
 31
0
  0
LINE
  5
420
330
1A
100
AcDbEntity
  8
BLACK
  6
CONTINUOUS
100
AcDbLine
 10
1.5982677165354331
 20
1.5359448818897636
 30
0
 11
1.538267716535433
 21
1.5359448818897636
 31
0
  0
LINE
  5
421
330
1A
100
AcDbEntity
  8
BLACK
  6
CONTINUOUS
100
AcDbLine
 10
1.538267716535433
 20
1.5359448818897636
 30
0
 11
1.538267716535433
 21
1.5959448818897637
 31
0
  0
LINE
  5
422
330
1A
100
AcDbEntity
  8
BLACK
  6
CONTINUOUS
100
AcDbLine
 10
1.538267716535433
 20
1.5959448818897637
 30
0
 11
1.5982677165354331
 21
1.5959448818897637
 31
0
  0
LINE
  5
423
330
1A
100
AcDbEntity
  8
BLACK
  6
CONTINUOUS
100
AcDbLine
 10
1.5982677165354331
 20
1.5959448818897637
 30
0
 11
1.5982677165354331
 21
1.5359448818897636
 31
0
  0
LINE
  5
424
330
1A
100
AcDbEntity
  8
BLACK
  6
CONTINUOUS
100
AcDbLine
 10
1.698267716535433
 20
1.5359448818897636
 30
0
 11
1.6382677165354331
 21
1.5359448818897636
 31
0
  0
LINE
  5
425
330
1A
100
AcDbEntity
  8
BLACK
  6
CONTINUOUS
100
AcDbLine
 10
1.6382677165354331
 20
1.5359448818897636
 30
0
 11
1.6382677165354331
 21
1.5959448818897637
 31
0
  0
LINE
  5
426
330
1A
100
AcDbEntity
  8
BLACK
  6
CONTINUOUS
100
AcDbLine
 10
1.6382677165354331
 20
1.5959448818897637
 30
0
 11
1.698267716535433
 21
1.5959448818897637
 31
0
  0
LINE
  5
427
330
1A
100
AcDbEntity
  8
BLACK
  6
CONTINUOUS
100
AcDbLine
 10
1.698267716535433
 20
1.5959448818897637
 30
0
 11
1.698267716535433
 21
1.5359448818897636
 31
0
  0
LINE
  5
428
330
1A
100
AcDbEntity
  8
BLACK
  6
CONTINUOUS
100
AcDbLine
 10
-1.1396062992125984
 20
1.576771653543307
 30
0
 11
-1.1986614173228347
 21
1.576771653543307
 31
0
  0
LINE
  5
429
330
1A
100
AcDbEntity
  8
BLACK
  6
CONTINUOUS
100
AcDbLine
 10
-1.1986614173228347
 20
1.576771653543307
 30
0
 11
-1.1986614173228347
 21
1.6161417322834646
 31
0
  0
LINE
  5
42A
330
1A
100
AcDbEntity
  8
BLACK
  6
CONTINUOUS
100
AcDbLine
 10
-1.1986614173228347
 20
1.6161417322834646
 30
0
 11
-1.1396062992125984
 21
1.6161417322834646
 31
0
  0
LINE
  5
42B
330
1A
100
AcDbEntity
  8
BLACK
  6
CONTINUOUS
100
AcDbLine
 10
-1.1396062992125984
 20
1.6161417322834646
 30
0
 11
-1.1396062992125984
 21
1.576771653543307
 31
0
  0
LINE
  5
42C
330
1A
100
AcDbEntity
  8
BLACK
  6
CONTINUOUS
100
AcDbLine
 10
1.5982677165354331
 20
1.6359448818897637
 30
0
 11
1.538267716535433
 21
1.6359448818897637
 31
0
  0
LINE
  5
42D
330
1A
100
AcDbEntity
  8
BLACK
  6
CONTINUOUS
100
AcDbLine
 10
1.538267716535433
 20
1.6359448818897637
 30
0
 11
1.538267716535433
 21
1.6959448818897638
 31
0
  0
LINE
  5
42E
330
1A
100
AcDbEntity
  8
BLACK
  6
CONTINUOUS
100
AcDbLine
 10
1.538267716535433
 20
1.6959448818897638
 30
0
 11
1.5982677165354331
 21
1.6959448818897638
 31
0
  0
LINE
  5
42F
330
1A
100
AcDbEntity
  8
BLACK
  6
CONTINUOUS
100
AcDbLine
 10
1.5982677165354331
 20
1.6959448818897638
 30
0
 11
1.5982677165354331
 21
1.6359448818897637
 31
0
  0
LINE
  5
430
330
1A
100
AcDbEntity
  8
BLACK
  6
CONTINUOUS
100
AcDbLine
 10
1.698267716535433
 20
1.6359448818897637
 30
0
 11
1.6382677165354331
 21
1.6359448818897637
 31
0
  0
LINE
  5
431
330
1A
100
AcDbEntity
  8
BLACK
  6
CONTINUOUS
100
AcDbLine
 10
1.6382677165354331
 20
1.6359448818897637
 30
0
 11
1.6382677165354331
 21
1.6959448818897638
 31
0
  0
LINE
  5
432
330
1A
100
AcDbEntity
  8
BLACK
  6
CONTINUOUS
100
AcDbLine
 10
1.6382677165354331
 20
1.6959448818897638
 30
0
 11
1.698267716535433
 21
1.6959448818897638
 31
0
  0
LINE
  5
433
330
1A
100
AcDbEntity
  8
BLACK
  6
CONTINUOUS
100
AcDbLine
 10
1.698267716535433
 20
1.6959448818897638
 30
0
 11
1.698267716535433
 21
1.6359448818897637
 31
0
  0
LINE
  5
434
330
1A
100
AcDbEntity
  8
BLACK
  6
CONTINUOUS
100
AcDbLine
 10
-1.1396062992125984
 20
1.6724409448818898
 30
0
 11
-1.1986614173228347
 21
1.6724409448818898
 31
0
  0
LINE
  5
435
330
1A
100
AcDbEntity
  8
BLACK
  6
CONTINUOUS
100
AcDbLine
 10
-1.1986614173228347
 20
1.6724409448818898
 30
0
 11
-1.1986614173228347
 21
1.7118110236220472
 31
0
  0
LINE
  5
436
330
1A
100
AcDbEntity
  8
BLACK
  6
CONTINUOUS
100
AcDbLine
 10
-1.1986614173228347
 20
1.7118110236220472
 30
0
 11
-1.1396062992125984
 21
1.7118110236220472
 31
0
  0
LINE
  5
437
330
1A
100
AcDbEntity
  8
BLACK
  6
CONTINUOUS
100
AcDbLine
 10
-1.1396062992125984
 20
1.7118110236220472
 30
0
 11
-1.1396062992125984
 21
1.6724409448818898
 31
0
  0
LINE
  5
438
330
1A
100
AcDbEntity
  8
BLACK
  6
CONTINUOUS
100
AcDbLine
 10
1.5982677165354331
 20
1.7359448818897638
 30
0
 11
1.538267716535433
 21
1.7359448818897638
 31
0
  0
LINE
  5
439
330
1A
100
AcDbEntity
  8
BLACK
  6
CONTINUOUS
100
AcDbLine
 10
1.538267716535433
 20
1.7359448818897638
 30
0
 11
1.538267716535433
 21
1.7959448818897636
 31
0
  0
LINE
  5
43A
330
1A
100
AcDbEntity
  8
BLACK
  6
CONTINUOUS
100
AcDbLine
 10
1.538267716535433
 20
1.7959448818897636
 30
0
 11
1.5982677165354331
 21
1.7959448818897636
 31
0
  0
LINE
  5
43B
330
1A
100
AcDbEntity
  8
BLACK
  6
CONTINUOUS
100
AcDbLine
 10
1.5982677165354331
 20
1.7959448818897636
 30
0
 11
1.5982677165354331
 21
1.7359448818897638
 31
0
  0
LINE
  5
43C
330
1A
100
AcDbEntity
  8
BLACK
  6
CONTINUOUS
100
AcDbLine
 10
1.698267716535433
 20
1.7359448818897638
 30
0
 11
1.6382677165354331
 21
1.7359448818897638
 31
0
  0
LINE
  5
43D
330
1A
100
AcDbEntity
  8
BLACK
  6
CONTINUOUS
100
AcDbLine
 10
1.6382677165354331
 20
1.7359448818897638
 30
0
 11
1.6382677165354331
 21
1.7959448818897636
 31
0
  0
LINE
  5
43E
330
1A
100
AcDbEntity
  8
BLACK
  6
CONTINUOUS
100
AcDbLine
 10
1.6382677165354331
 20
1.7959448818897636
 30
0
 11
1.698267716535433
 21
1.7959448818897636
 31
0
  0
LINE
  5
43F
330
1A
100
AcDbEntity
  8
BLACK
  6
CONTINUOUS
100
AcDbLine
 10
1.698267716535433
 20
1.7959448818897636
 30
0
 11
1.698267716535433
 21
1.7359448818897638
 31
0
  0
LINE
  5
440
330
1A
100
AcDbEntity
  8
BLACK
  6
CONTINUOUS
100
AcDbLine
 10
-1.1396062992125984
 20
1.7393700787401574
 30
0
 11
-1.1986614173228347
 21
1.7393700787401574
 31
0
  0
LINE
  5
441
330
1A
100
AcDbEntity
  8
BLACK
  6
CONTINUOUS
100
AcDbLine
 10
-1.1986614173228347
 20
1.7393700787401574
 30
0
 11
-1.1986614173228347
 21
1.778740157480315
 31
0
  0
LINE
  5
442
330
1A
100
AcDbEntity
  8
BLACK
  6
CONTINUOUS
100
AcDbLine
 10
-1.1986614173228347
 20
1.778740157480315
 30
0
 11
-1.1396062992125984
 21
1.778740157480315
 31
0
  0
LINE
  5
443
330
1A
100
AcDbEntity
  8
BLACK
  6
CONTINUOUS
100
AcDbLine
 10
-1.1396062992125984
 20
1.778740157480315
 30
0
 11
-1.1396062992125984
 21
1.7393700787401574
 31
0
  0
LINE
  5
444
330
1A
100
AcDbEntity
  8
BLACK
  6
CONTINUOUS
100
AcDbLine
 10
-0.9769291338582677
 20
1.746496062992126
 30
0
 11
-1.0369291338582678
 21
1.746496062992126
 31
0
  0
LINE
  5
445
330
1A
100
AcDbEntity
  8
BLACK
  6
CONTINUOUS
100
AcDbLine
 10
-1.0369291338582678
 20
1.746496062992126
 30
0
 11
-1.0369291338582678
 21
1.8064960629921258
 31
0
  0
LINE
  5
446
330
1A
100
AcDbEntity
  8
BLACK
  6
CONTINUOUS
100
AcDbLine
 10
-1.0369291338582678
 20
1.8064960629921258
 30
0
 11
-0.9769291338582677
 21
1.8064960629921258
 31
0
  0
LINE
  5
447
330
1A
100
AcDbEntity
  8
BLACK
  6
CONTINUOUS
100
AcDbLine
 10
-0.9769291338582677
 20
1.8064960629921258
 30
0
 11
-0.9769291338582677
 21
1.746496062992126
 31
0
  0
LINE
  5
448
330
1A
100
AcDbEntity
  8
BLACK
  6
CONTINUOUS
100
AcDbLine
 10
-0.8769291338582677
 20
1.746496062992126
 30
0
 11
-0.9369291338582677
 21
1.746496062992126
 31
0
  0
LINE
  5
449
330
1A
100
AcDbEntity
  8
BLACK
  6
CONTINUOUS
100
AcDbLine
 10
-0.9369291338582677
 20
1.746496062992126
 30
0
 11
-0.9369291338582677
 21
1.8064960629921258
 31
0
  0
LINE
  5
44A
330
1A
100
AcDbEntity
  8
BLACK
  6
CONTINUOUS
100
AcDbLine
 10
-0.9369291338582677
 20
1.8064960629921258
 30
0
 11
-0.8769291338582677
 21
1.8064960629921258
 31
0
  0
LINE
  5
44B
330
1A
100
AcDbEntity
  8
BLACK
  6
CONTINUOUS
100
AcDbLine
 10
-0.8769291338582677
 20
1.8064960629921258
 30
0
 11
-0.8769291338582677
 21
1.746496062992126
 31
0
  0
LINE
  5
44C
330
1A
100
AcDbEntity
  8
BLACK
  6
CONTINUOUS
100
AcDbLine
 10
-1.1396062992125984
 20
1.7964566929133858
 30
0
 11
-1.1986614173228347
 21
1.7964566929133858
 31
0
  0
LINE
  5
44D
330
1A
100
AcDbEntity
  8
BLACK
  6
CONTINUOUS
100
AcDbLine
 10
-1.1986614173228347
 20
1.7964566929133858
 30
0
 11
-1.1986614173228347
 21
1.824015748031496
 31
0
  0
LINE
  5
44E
330
1A
100
AcDbEntity
  8
BLACK
  6
CONTINUOUS
100
AcDbLine
 10
-1.1986614173228347
 20
1.824015748031496
 30
0
 11
-1.1396062992125984
 21
1.824015748031496
 31
0
  0
LINE
  5
44F
330
1A
100
AcDbEntity
  8
BLACK
  6
CONTINUOUS
100
AcDbLine
 10
-1.1396062992125984
 20
1.824015748031496
 30
0
 11
-1.1396062992125984
 21
1.7964566929133858
 31
0
  0
LINE
  5
450
330
1A
100
AcDbEntity
  8
BLACK
  6
CONTINUOUS
100
AcDbLine
 10
-1.2710836220472441
 20
1.8477611811023622
 30
0
 11
-1.2661882283464567
 21
1.8449348031496062
 31
0
  0
LINE
  5
451
330
1A
100
AcDbEntity
  8
BLACK
  6
CONTINUOUS
100
AcDbLine
 10
-1.2661882283464567
 20
1.8449348031496062
 30
0
 11
-1.2621911811023623
 21
1.8409377559055118
 31
0
  0
LINE
  5
452
330
1A
100
AcDbEntity
  8
BLACK
  6
CONTINUOUS
100
AcDbLine
 10
-1.2621911811023623
 20
1.8409377559055118
 30
0
 11
-1.2593648031496063
 21
1.8360423622047244
 31
0
  0
LINE
  5
453
330
1A
100
AcDbEntity
  8
BLACK
  6
CONTINUOUS
100
AcDbLine
 10
-1.2593648031496063
 20
1.8360423622047244
 30
0
 11
-1.2579017716535432
 21
1.8305822440944881
 31
0
  0
LINE
  5
454
330
1A
100
AcDbEntity
  8
BLACK
  6
CONTINUOUS
100
AcDbLine
 10
-1.2579017716535432
 20
1.8305822440944881
 30
0
 11
-1.2579017716535432
 21
1.8249295669291339
 31
0
  0
LINE
  5
455
330
1A
100
AcDbEntity
  8
BLACK
  6
CONTINUOUS
100
AcDbLine
 10
-1.2579017716535432
 20
1.8249295669291339
 30
0
 11
-1.2593648031496063
 21
1.8194694488188976
 31
0
  0
LINE
  5
456
330
1A
100
AcDbEntity
  8
BLACK
  6
CONTINUOUS
100
AcDbLine
 10
-1.2593648031496063
 20
1.8194694488188976
 30
0
 11
-1.2621911811023623
 21
1.8145740551181102
 31
0
  0
LINE
  5
457
330
1A
100
AcDbEntity
  8
BLACK
  6
CONTINUOUS
100
AcDbLine
 10
-1.2621911811023623
 20
1.8145740551181102
 30
0
 11
-1.2661882283464567
 21
1.8105770078740158
 31
0
  0
LINE
  5
458
330
1A
100
AcDbEntity
  8
BLACK
  6
CONTINUOUS
100
AcDbLine
 10
-1.2661882283464567
 20
1.8105770078740158
 30
0
 11
-1.2710836220472441
 21
1.8077506299212598
 31
0
  0
LINE
  5
459
330
1A
100
AcDbEntity
  8
BLACK
  6
CONTINUOUS
100
AcDbLine
 10
-1.2710836220472441
 20
1.8077506299212598
 30
0
 11
-1.2765437401574802
 21
1.8062875984251967
 31
0
  0
LINE
  5
45A
330
1A
100
AcDbEntity
  8
BLACK
  6
CONTINUOUS
100
AcDbLine
 10
-1.2765437401574802
 20
1.8062875984251967
 30
0
 11
-1.2821964173228346
 21
1.8062875984251967
 31
0
  0
LINE
  5
45B
330
1A
100
AcDbEntity
  8
BLACK
  6
CONTINUOUS
100
AcDbLine
 10
-1.2821964173228346
 20
1.8062875984251967
 30
0
 11
-1.2876565354330709
 21
1.8077506299212598
 31
0
  0
LINE
  5
45C
330
1A
100
AcDbEntity
  8
BLACK
  6
CONTINUOUS
100
AcDbLine
 10
-1.2876565354330709
 20
1.8077506299212598
 30
0
 11
-1.2925519291338583
 21
1.8105770078740158
 31
0
  0
LINE
  5
45D
330
1A
100
AcDbEntity
  8
BLACK
  6
CONTINUOUS
100
AcDbLine
 10
-1.2925519291338583
 20
1.8105770078740158
 30
0
 11
-1.2965489763779527
 21
1.8145740551181102
 31
0
  0
LINE
  5
45E
330
1A
100
AcDbEntity
  8
BLACK
  6
CONTINUOUS
100
AcDbLine
 10
-1.2965489763779527
 20
1.8145740551181102
 30
0
 11
-1.2993753543307087
 21
1.8194694488188976
 31
0
  0
LINE
  5
45F
330
1A
100
AcDbEntity
  8
BLACK
  6
CONTINUOUS
100
AcDbLine
 10
-1.2993753543307087
 20
1.8194694488188976
 30
0
 11
-1.3008383858267716
 21
1.8249295669291339
 31
0
  0
LINE
  5
460
330
1A
100
AcDbEntity
  8
BLACK
  6
CONTINUOUS
100
AcDbLine
 10
-1.3008383858267716
 20
1.8249295669291339
 30
0
 11
-1.3008383858267716
 21
1.8305822440944881
 31
0
  0
LINE
  5
461
330
1A
100
AcDbEntity
  8
BLACK
  6
CONTINUOUS
100
AcDbLine
 10
-1.3008383858267716
 20
1.8305822440944881
 30
0
 11
-1.2993753543307087
 21
1.8360423622047244
 31
0
  0
LINE
  5
462
330
1A
100
AcDbEntity
  8
BLACK
  6
CONTINUOUS
100
AcDbLine
 10
-1.2993753543307087
 20
1.8360423622047244
 30
0
 11
-1.2965489763779527
 21
1.8409377559055118
 31
0
  0
LINE
  5
463
330
1A
100
AcDbEntity
  8
BLACK
  6
CONTINUOUS
100
AcDbLine
 10
-1.2965489763779527
 20
1.8409377559055118
 30
0
 11
-1.2925519291338583
 21
1.8449348031496062
 31
0
  0
LINE
  5
464
330
1A
100
AcDbEntity
  8
BLACK
  6
CONTINUOUS
100
AcDbLine
 10
-1.2925519291338583
 20
1.8449348031496062
 30
0
 11
-1.2876565354330709
 21
1.8477611811023622
 31
0
  0
LINE
  5
465
330
1A
100
AcDbEntity
  8
BLACK
  6
CONTINUOUS
100
AcDbLine
 10
-1.2876565354330709
 20
1.8477611811023622
 30
0
 11
-1.2821964173228346
 21
1.8492242125984251
 31
0
  0
LINE
  5
466
330
1A
100
AcDbEntity
  8
BLACK
  6
CONTINUOUS
100
AcDbLine
 10
-1.2821964173228346
 20
1.8492242125984251
 30
0
 11
-1.2765437401574802
 21
1.8492242125984251
 31
0
  0
LINE
  5
467
330
1A
100
AcDbEntity
  8
BLACK
  6
CONTINUOUS
100
AcDbLine
 10
-1.2765437401574802
 20
1.8492242125984251
 30
0
 11
-1.2710836220472441
 21
1.8477611811023622
 31
0
  0
LINE
  5
468
330
1A
100
AcDbEntity
  8
BLACK
  6
CONTINUOUS
100
AcDbLine
 10
-1.1396062992125984
 20
1.8437007874015747
 30
0
 11
-1.1986614173228347
 21
1.8437007874015747
 31
0
  0
LINE
  5
469
330
1A
100
AcDbEntity
  8
BLACK
  6
CONTINUOUS
100
AcDbLine
 10
-1.1986614173228347
 20
1.8437007874015747
 30
0
 11
-1.1986614173228347
 21
1.8712598425196849
 31
0
  0
LINE
  5
46A
330
1A
100
AcDbEntity
  8
BLACK
  6
CONTINUOUS
100
AcDbLine
 10
-1.1986614173228347
 20
1.8712598425196849
 30
0
 11
-1.1396062992125984
 21
1.8712598425196849
 31
0
  0
LINE
  5
46B
330
1A
100
AcDbEntity
  8
BLACK
  6
CONTINUOUS
100
AcDbLine
 10
-1.1396062992125984
 20
1.8712598425196849
 30
0
 11
-1.1396062992125984
 21
1.8437007874015747
 31
0
  0
LINE
  5
46C
330
1A
100
AcDbEntity
  8
BLACK
  6
CONTINUOUS
100
AcDbLine
 10
-2.0313385826771655
 20
1.8828740157480315
 30
0
 11
-2.1415748031496062
 21
1.8828740157480315
 31
0
  0
LINE
  5
46D
330
1A
100
AcDbEntity
  8
BLACK
  6
CONTINUOUS
100
AcDbLine
 10
-2.1415748031496062
 20
1.8828740157480315
 30
0
 11
-2.1415748031496062
 21
1.9419291338582676
 31
0
  0
LINE
  5
46E
330
1A
100
AcDbEntity
  8
BLACK
  6
CONTINUOUS
100
AcDbLine
 10
-2.1415748031496062
 20
1.9419291338582676
 30
0
 11
-2.0313385826771655
 21
1.9419291338582676
 31
0
  0
LINE
  5
46F
330
1A
100
AcDbEntity
  8
BLACK
  6
CONTINUOUS
100
AcDbLine
 10
-2.0313385826771655
 20
1.9419291338582676
 30
0
 11
-2.0313385826771655
 21
1.8828740157480315
 31
0
  0
LINE
  5
470
330
1A
100
AcDbEntity
  8
BLACK
  6
CONTINUOUS
100
AcDbLine
 10
-1.1848818897637794
 20
1.8828740157480315
 30
0
 11
-1.2951181102362204
 21
1.8828740157480315
 31
0
  0
LINE
  5
471
330
1A
100
AcDbEntity
  8
BLACK
  6
CONTINUOUS
100
AcDbLine
 10
-1.2951181102362204
 20
1.8828740157480315
 30
0
 11
-1.2951181102362204
 21
1.9419291338582676
 31
0
  0
LINE
  5
472
330
1A
100
AcDbEntity
  8
BLACK
  6
CONTINUOUS
100
AcDbLine
 10
-1.2951181102362204
 20
1.9419291338582676
 30
0
 11
-1.1848818897637794
 21
1.9419291338582676
 31
0
  0
LINE
  5
473
330
1A
100
AcDbEntity
  8
BLACK
  6
CONTINUOUS
100
AcDbLine
 10
-1.1848818897637794
 20
1.9419291338582676
 30
0
 11
-1.1848818897637794
 21
1.8828740157480315
 31
0
  0
LINE
  5
474
330
1A
100
AcDbEntity
  8
BLACK
  6
CONTINUOUS
100
AcDbLine
 10
1.6299999999999999
 20
1.915
 30
0
 11
1.5700000000000001
 21
1.915
 31
0
  0
LINE
  5
475
330
1A
100
AcDbEntity
  8
BLACK
  6
CONTINUOUS
100
AcDbLine
 10
1.5700000000000001
 20
1.915
 30
0
 11
1.5700000000000001
 21
1.9749999999999999
 31
0
  0
LINE
  5
476
330
1A
100
AcDbEntity
  8
BLACK
  6
CONTINUOUS
100
AcDbLine
 10
1.5700000000000001
 20
1.9749999999999999
 30
0
 11
1.6299999999999999
 21
1.9749999999999999
 31
0
  0
LINE
  5
477
330
1A
100
AcDbEntity
  8
BLACK
  6
CONTINUOUS
100
AcDbLine
 10
1.6299999999999999
 20
1.9749999999999999
 30
0
 11
1.6299999999999999
 21
1.915
 31
0
  0
LINE
  5
478
330
1A
100
AcDbEntity
  8
BLACK
  6
CONTINUOUS
100
AcDbLine
 10
1.73
 20
1.915
 30
0
 11
1.6699999999999999
 21
1.915
 31
0
  0
LINE
  5
479
330
1A
100
AcDbEntity
  8
BLACK
  6
CONTINUOUS
100
AcDbLine
 10
1.6699999999999999
 20
1.915
 30
0
 11
1.6699999999999999
 21
1.9749999999999999
 31
0
  0
LINE
  5
47A
330
1A
100
AcDbEntity
  8
BLACK
  6
CONTINUOUS
100
AcDbLine
 10
1.6699999999999999
 20
1.9749999999999999
 30
0
 11
1.73
 21
1.9749999999999999
 31
0
  0
LINE
  5
47B
330
1A
100
AcDbEntity
  8
BLACK
  6
CONTINUOUS
100
AcDbLine
 10
1.73
 20
1.9749999999999999
 30
0
 11
1.73
 21
1.915
 31
0
  0
LINE
  5
47C
330
1A
100
AcDbEntity
  8
BLACK
  6
CONTINUOUS
100
AcDbLine
 10
0.36
 20
1.9749999999999999
 30
0
 11
0.3
 21
1.9749999999999999
 31
0
  0
LINE
  5
47D
330
1A
100
AcDbEntity
  8
BLACK
  6
CONTINUOUS
100
AcDbLine
 10
0.3
 20
1.9749999999999999
 30
0
 11
0.3
 21
2.0350000000000001
 31
0
  0
LINE
  5
47E
330
1A
100
AcDbEntity
  8
BLACK
  6
CONTINUOUS
100
AcDbLine
 10
0.3
 20
2.0350000000000001
 30
0
 11
0.36
 21
2.0350000000000001
 31
0
  0
LINE
  5
47F
330
1A
100
AcDbEntity
  8
BLACK
  6
CONTINUOUS
100
AcDbLine
 10
0.36
 20
2.0350000000000001
 30
0
 11
0.36
 21
1.9749999999999999
 31
0
  0
LINE
  5
480
330
1A
100
AcDbEntity
  8
BLACK
  6
CONTINUOUS
100
AcDbLine
 10
0.46
 20
1.9749999999999999
 30
0
 11
0.4
 21
1.9749999999999999
 31
0
  0
LINE
  5
481
330
1A
100
AcDbEntity
  8
BLACK
  6
CONTINUOUS
100
AcDbLine
 10
0.4
 20
1.9749999999999999
 30
0
 11
0.4
 21
2.0350000000000001
 31
0
  0
LINE
  5
482
330
1A
100
AcDbEntity
  8
BLACK
  6
CONTINUOUS
100
AcDbLine
 10
0.4
 20
2.0350000000000001
 30
0
 11
0.46
 21
2.0350000000000001
 31
0
  0
LINE
  5
483
330
1A
100
AcDbEntity
  8
BLACK
  6
CONTINUOUS
100
AcDbLine
 10
0.46
 20
2.0350000000000001
 30
0
 11
0.46
 21
1.9749999999999999
 31
0
  0
LINE
  5
484
330
1A
100
AcDbEntity
  8
BLACK
  6
CONTINUOUS
100
AcDbLine
 10
1.6299999999999999
 20
2.0150000000000001
 30
0
 11
1.5700000000000001
 21
2.0150000000000001
 31
0
  0
LINE
  5
485
330
1A
100
AcDbEntity
  8
BLACK
  6
CONTINUOUS
100
AcDbLine
 10
1.5700000000000001
 20
2.0150000000000001
 30
0
 11
1.5700000000000001
 21
2.0749999999999997
 31
0
  0
LINE
  5
486
330
1A
100
AcDbEntity
  8
BLACK
  6
CONTINUOUS
100
AcDbLine
 10
1.5700000000000001
 20
2.0749999999999997
 30
0
 11
1.6299999999999999
 21
2.0749999999999997
 31
0
  0
LINE
  5
487
330
1A
100
AcDbEntity
  8
BLACK
  6
CONTINUOUS
100
AcDbLine
 10
1.6299999999999999
 20
2.0749999999999997
 30
0
 11
1.6299999999999999
 21
2.0150000000000001
 31
0
  0
LINE
  5
488
330
1A
100
AcDbEntity
  8
BLACK
  6
CONTINUOUS
100
AcDbLine
 10
1.73
 20
2.0150000000000001
 30
0
 11
1.6699999999999999
 21
2.0150000000000001
 31
0
  0
LINE
  5
489
330
1A
100
AcDbEntity
  8
BLACK
  6
CONTINUOUS
100
AcDbLine
 10
1.6699999999999999
 20
2.0150000000000001
 30
0
 11
1.6699999999999999
 21
2.0749999999999997
 31
0
  0
LINE
  5
48A
330
1A
100
AcDbEntity
  8
BLACK
  6
CONTINUOUS
100
AcDbLine
 10
1.6699999999999999
 20
2.0749999999999997
 30
0
 11
1.73
 21
2.0749999999999997
 31
0
  0
LINE
  5
48B
330
1A
100
AcDbEntity
  8
BLACK
  6
CONTINUOUS
100
AcDbLine
 10
1.73
 20
2.0749999999999997
 30
0
 11
1.73
 21
2.0150000000000001
 31
0
  0
LINE
  5
48C
330
1A
100
AcDbEntity
  8
BLACK
  6
CONTINUOUS
100
AcDbLine
 10
-2.0775924803149608
 20
2.156681062992126
 30
0
 11
-2.0696605118110236
 21
2.1541038188976378
 31
0
  0
LINE
  5
48D
330
1A
100
AcDbEntity
  8
BLACK
  6
CONTINUOUS
100
AcDbLine
 10
-2.0696605118110236
 20
2.1541038188976378
 30
0
 11
-2.0622294094488187
 21
2.1503174803149605
 31
0
  0
LINE
  5
48E
330
1A
100
AcDbEntity
  8
BLACK
  6
CONTINUOUS
100
AcDbLine
 10
-2.0622294094488187
 20
2.1503174803149605
 30
0
 11
-2.0554820866141732
 21
2.1454152755905511
 31
0
  0
LINE
  5
48F
330
1A
100
AcDbEntity
  8
BLACK
  6
CONTINUOUS
100
AcDbLine
 10
-2.0554820866141732
 20
2.1454152755905511
 30
0
 11
-2.0495847244094487
 21
2.1395179133858266
 31
0
  0
LINE
  5
490
330
1A
100
AcDbEntity
  8
BLACK
  6
CONTINUOUS
100
AcDbLine
 10
-2.0495847244094487
 20
2.1395179133858266
 30
0
 11
-2.0446825196850393
 21
2.1327705905511811
 31
0
  0
LINE
  5
491
330
1A
100
AcDbEntity
  8
BLACK
  6
CONTINUOUS
100
AcDbLine
 10
-2.0446825196850393
 20
2.1327705905511811
 30
0
 11
-2.040896181102362
 21
2.1253394881889762
 31
0
  0
LINE
  5
492
330
1A
100
AcDbEntity
  8
BLACK
  6
CONTINUOUS
100
AcDbLine
 10
-2.040896181102362
 20
2.1253394881889762
 30
0
 11
-2.0383189370078738
 21
2.1174075196850395
 31
0
  0
LINE
  5
493
330
1A
100
AcDbEntity
  8
BLACK
  6
CONTINUOUS
100
AcDbLine
 10
-2.0383189370078738
 20
2.1174075196850395
 30
0
 11
-2.0370142519685039
 21
2.1091700787401573
 31
0
  0
LINE
  5
494
330
1A
100
AcDbEntity
  8
BLACK
  6
CONTINUOUS
100
AcDbLine
 10
-2.0370142519685039
 20
2.1091700787401573
 30
0
 11
-2.0370142519685039
 21
2.1008299212598427
 31
0
  0
LINE
  5
495
330
1A
100
AcDbEntity
  8
BLACK
  6
CONTINUOUS
100
AcDbLine
 10
-2.0370142519685039
 20
2.1008299212598427
 30
0
 11
-2.0383189370078738
 21
2.0925924803149605
 31
0
  0
LINE
  5
496
330
1A
100
AcDbEntity
  8
BLACK
  6
CONTINUOUS
100
AcDbLine
 10
-2.0383189370078738
 20
2.0925924803149605
 30
0
 11
-2.040896181102362
 21
2.0846605118110237
 31
0
  0
LINE
  5
497
330
1A
100
AcDbEntity
  8
BLACK
  6
CONTINUOUS
100
AcDbLine
 10
-2.040896181102362
 20
2.0846605118110237
 30
0
 11
-2.0446825196850393
 21
2.0772294094488188
 31
0
  0
LINE
  5
498
330
1A
100
AcDbEntity
  8
BLACK
  6
CONTINUOUS
100
AcDbLine
 10
-2.0446825196850393
 20
2.0772294094488188
 30
0
 11
-2.0495847244094487
 21
2.0704820866141733
 31
0
  0
LINE
  5
499
330
1A
100
AcDbEntity
  8
BLACK
  6
CONTINUOUS
100
AcDbLine
 10
-2.0495847244094487
 20
2.0704820866141733
 30
0
 11
-2.0554820866141732
 21
2.0645847244094488
 31
0
  0
LINE
  5
49A
330
1A
100
AcDbEntity
  8
BLACK
  6
CONTINUOUS
100
AcDbLine
 10
-2.0554820866141732
 20
2.0645847244094488
 30
0
 11
-2.0622294094488187
 21
2.0596825196850395
 31
0
  0
LINE
  5
49B
330
1A
100
AcDbEntity
  8
BLACK
  6
CONTINUOUS
100
AcDbLine
 10
-2.0622294094488187
 20
2.0596825196850395
 30
0
 11
-2.0696605118110236
 21
2.0558961811023622
 31
0
  0
LINE
  5
49C
330
1A
100
AcDbEntity
  8
BLACK
  6
CONTINUOUS
100
AcDbLine
 10
-2.0696605118110236
 20
2.0558961811023622
 30
0
 11
-2.0775924803149608
 21
2.0533189370078739
 31
0
  0
LINE
  5
49D
330
1A
100
AcDbEntity
  8
BLACK
  6
CONTINUOUS
100
AcDbLine
 10
-2.0775924803149608
 20
2.0533189370078739
 30
0
 11
-2.0858299212598426
 21
2.0520142519685041
 31
0
  0
LINE
  5
49E
330
1A
100
AcDbEntity
  8
BLACK
  6
CONTINUOUS
100
AcDbLine
 10
-2.0858299212598426
 20
2.0520142519685041
 30
0
 11
-2.0941700787401576
 21
2.0520142519685041
 31
0
  0
LINE
  5
49F
330
1A
100
AcDbEntity
  8
BLACK
  6
CONTINUOUS
100
AcDbLine
 10
-2.0941700787401576
 20
2.0520142519685041
 30
0
 11
-2.1024075196850394
 21
2.0533189370078739
 31
0
  0
LINE
  5
4A0
330
1A
100
AcDbEntity
  8
BLACK
  6
CONTINUOUS
100
AcDbLine
 10
-2.1024075196850394
 20
2.0533189370078739
 30
0
 11
-2.1103394881889765
 21
2.0558961811023622
 31
0
  0
LINE
  5
4A1
330
1A
100
AcDbEntity
  8
BLACK
  6
CONTINUOUS
100
AcDbLine
 10
-2.1103394881889765
 20
2.0558961811023622
 30
0
 11
-2.117770590551181
 21
2.0596825196850395
 31
0
  0
LINE
  5
4A2
330
1A
100
AcDbEntity
  8
BLACK
  6
CONTINUOUS
100
AcDbLine
 10
-2.117770590551181
 20
2.0596825196850395
 30
0
 11
-2.1245179133858265
 21
2.0645847244094488
 31
0
  0
LINE
  5
4A3
330
1A
100
AcDbEntity
  8
BLACK
  6
CONTINUOUS
100
AcDbLine
 10
-2.1245179133858265
 20
2.0645847244094488
 30
0
 11
-2.130415275590551
 21
2.0704820866141733
 31
0
  0
LINE
  5
4A4
330
1A
100
AcDbEntity
  8
BLACK
  6
CONTINUOUS
100
AcDbLine
 10
-2.130415275590551
 20
2.0704820866141733
 30
0
 11
-2.1353174803149604
 21
2.0772294094488188
 31
0
  0
LINE
  5
4A5
330
1A
100
AcDbEntity
  8
BLACK
  6
CONTINUOUS
100
AcDbLine
 10
-2.1353174803149604
 20
2.0772294094488188
 30
0
 11
-2.1391038188976377
 21
2.0846605118110237
 31
0
  0
LINE
  5
4A6
330
1A
100
AcDbEntity
  8
BLACK
  6
CONTINUOUS
100
AcDbLine
 10
-2.1391038188976377
 20
2.0846605118110237
 30
0
 11
-2.1416810629921259
 21
2.0925924803149605
 31
0
  0
LINE
  5
4A7
330
1A
100
AcDbEntity
  8
BLACK
  6
CONTINUOUS
100
AcDbLine
 10
-2.1416810629921259
 20
2.0925924803149605
 30
0
 11
-2.1429857480314962
 21
2.1008299212598427
 31
0
  0
LINE
  5
4A8
330
1A
100
AcDbEntity
  8
BLACK
  6
CONTINUOUS
100
AcDbLine
 10
-2.1429857480314962
 20
2.1008299212598427
 30
0
 11
-2.1429857480314962
 21
2.1091700787401573
 31
0
  0
LINE
  5
4A9
330
1A
100
AcDbEntity
  8
BLACK
  6
CONTINUOUS
100
AcDbLine
 10
-2.1429857480314962
 20
2.1091700787401573
 30
0
 11
-2.1416810629921259
 21
2.1174075196850395
 31
0
  0
LINE
  5
4AA
330
1A
100
AcDbEntity
  8
BLACK
  6
CONTINUOUS
100
AcDbLine
 10
-2.1416810629921259
 20
2.1174075196850395
 30
0
 11
-2.1391038188976377
 21
2.1253394881889762
 31
0
  0
LINE
  5
4AB
330
1A
100
AcDbEntity
  8
BLACK
  6
CONTINUOUS
100
AcDbLine
 10
-2.1391038188976377
 20
2.1253394881889762
 30
0
 11
-2.1353174803149604
 21
2.1327705905511811
 31
0
  0
LINE
  5
4AC
330
1A
100
AcDbEntity
  8
BLACK
  6
CONTINUOUS
100
AcDbLine
 10
-2.1353174803149604
 20
2.1327705905511811
 30
0
 11
-2.130415275590551
 21
2.1395179133858266
 31
0
  0
LINE
  5
4AD
330
1A
100
AcDbEntity
  8
BLACK
  6
CONTINUOUS
100
AcDbLine
 10
-2.130415275590551
 20
2.1395179133858266
 30
0
 11
-2.1245179133858265
 21
2.1454152755905511
 31
0
  0
LINE
  5
4AE
330
1A
100
AcDbEntity
  8
BLACK
  6
CONTINUOUS
100
AcDbLine
 10
-2.1245179133858265
 20
2.1454152755905511
 30
0
 11
-2.117770590551181
 21
2.1503174803149605
 31
0
  0
LINE
  5
4AF
330
1A
100
AcDbEntity
  8
BLACK
  6
CONTINUOUS
100
AcDbLine
 10
-2.117770590551181
 20
2.1503174803149605
 30
0
 11
-2.1103394881889765
 21
2.1541038188976378
 31
0
  0
LINE
  5
4B0
330
1A
100
AcDbEntity
  8
BLACK
  6
CONTINUOUS
100
AcDbLine
 10
-2.1103394881889765
 20
2.1541038188976378
 30
0
 11
-2.1024075196850394
 21
2.156681062992126
 31
0
  0
LINE
  5
4B1
330
1A
100
AcDbEntity
  8
BLACK
  6
CONTINUOUS
100
AcDbLine
 10
-2.1024075196850394
 20
2.156681062992126
 30
0
 11
-2.0941700787401576
 21
2.1579857480314959
 31
0
  0
LINE
  5
4B2
330
1A
100
AcDbEntity
  8
BLACK
  6
CONTINUOUS
100
AcDbLine
 10
-2.0941700787401576
 20
2.1579857480314959
 30
0
 11
-2.0858299212598426
 21
2.1579857480314959
 31
0
  0
LINE
  5
4B3
330
1A
100
AcDbEntity
  8
BLACK
  6
CONTINUOUS
100
AcDbLine
 10
-2.0858299212598426
 20
2.1579857480314959
 30
0
 11
-2.0775924803149608
 21
2.156681062992126
 31
0
  0
LINE
  5
4B4
330
1A
100
AcDbEntity
  8
BLACK
  6
CONTINUOUS
100
AcDbLine
 10
-1.8775924803149606
 20
2.156681062992126
 30
0
 11
-1.8696605118110237
 21
2.1541038188976378
 31
0
  0
LINE
  5
4B5
330
1A
100
AcDbEntity
  8
BLACK
  6
CONTINUOUS
100
AcDbLine
 10
-1.8696605118110237
 20
2.1541038188976378
 30
0
 11
-1.8622294094488188
 21
2.1503174803149605
 31
0
  0
LINE
  5
4B6
330
1A
100
AcDbEntity
  8
BLACK
  6
CONTINUOUS
100
AcDbLine
 10
-1.8622294094488188
 20
2.1503174803149605
 30
0
 11
-1.8554820866141732
 21
2.1454152755905511
 31
0
  0
LINE
  5
4B7
330
1A
100
AcDbEntity
  8
BLACK
  6
CONTINUOUS
100
AcDbLine
 10
-1.8554820866141732
 20
2.1454152755905511
 30
0
 11
-1.8495847244094488
 21
2.1395179133858266
 31
0
  0
LINE
  5
4B8
330
1A
100
AcDbEntity
  8
BLACK
  6
CONTINUOUS
100
AcDbLine
 10
-1.8495847244094488
 20
2.1395179133858266
 30
0
 11
-1.8446825196850394
 21
2.1327705905511811
 31
0
  0
LINE
  5
4B9
330
1A
100
AcDbEntity
  8
BLACK
  6
CONTINUOUS
100
AcDbLine
 10
-1.8446825196850394
 20
2.1327705905511811
 30
0
 11
-1.8408961811023621
 21
2.1253394881889762
 31
0
  0
LINE
  5
4BA
330
1A
100
AcDbEntity
  8
BLACK
  6
CONTINUOUS
100
AcDbLine
 10
-1.8408961811023621
 20
2.1253394881889762
 30
0
 11
-1.8383189370078741
 21
2.1174075196850395
 31
0
  0
LINE
  5
4BB
330
1A
100
AcDbEntity
  8
BLACK
  6
CONTINUOUS
100
AcDbLine
 10
-1.8383189370078741
 20
2.1174075196850395
 30
0
 11
-1.837014251968504
 21
2.1091700787401573
 31
0
  0
LINE
  5
4BC
330
1A
100
AcDbEntity
  8
BLACK
  6
CONTINUOUS
100
AcDbLine
 10
-1.837014251968504
 20
2.1091700787401573
 30
0
 11
-1.837014251968504
 21
2.1008299212598427
 31
0
  0
LINE
  5
4BD
330
1A
100
AcDbEntity
  8
BLACK
  6
CONTINUOUS
100
AcDbLine
 10
-1.837014251968504
 20
2.1008299212598427
 30
0
 11
-1.8383189370078741
 21
2.0925924803149605
 31
0
  0
LINE
  5
4BE
330
1A
100
AcDbEntity
  8
BLACK
  6
CONTINUOUS
100
AcDbLine
 10
-1.8383189370078741
 20
2.0925924803149605
 30
0
 11
-1.8408961811023621
 21
2.0846605118110237
 31
0
  0
LINE
  5
4BF
330
1A
100
AcDbEntity
  8
BLACK
  6
CONTINUOUS
100
AcDbLine
 10
-1.8408961811023621
 20
2.0846605118110237
 30
0
 11
-1.8446825196850394
 21
2.0772294094488188
 31
0
  0
LINE
  5
4C0
330
1A
100
AcDbEntity
  8
BLACK
  6
CONTINUOUS
100
AcDbLine
 10
-1.8446825196850394
 20
2.0772294094488188
 30
0
 11
-1.8495847244094488
 21
2.0704820866141733
 31
0
  0
LINE
  5
4C1
330
1A
100
AcDbEntity
  8
BLACK
  6
CONTINUOUS
100
AcDbLine
 10
-1.8495847244094488
 20
2.0704820866141733
 30
0
 11
-1.8554820866141732
 21
2.0645847244094488
 31
0
  0
LINE
  5
4C2
330
1A
100
AcDbEntity
  8
BLACK
  6
CONTINUOUS
100
AcDbLine
 10
-1.8554820866141732
 20
2.0645847244094488
 30
0
 11
-1.8622294094488188
 21
2.0596825196850395
 31
0
  0
LINE
  5
4C3
330
1A
100
AcDbEntity
  8
BLACK
  6
CONTINUOUS
100
AcDbLine
 10
-1.8622294094488188
 20
2.0596825196850395
 30
0
 11
-1.8696605118110237
 21
2.0558961811023622
 31
0
  0
LINE
  5
4C4
330
1A
100
AcDbEntity
  8
BLACK
  6
CONTINUOUS
100
AcDbLine
 10
-1.8696605118110237
 20
2.0558961811023622
 30
0
 11
-1.8775924803149606
 21
2.0533189370078739
 31
0
  0
LINE
  5
4C5
330
1A
100
AcDbEntity
  8
BLACK
  6
CONTINUOUS
100
AcDbLine
 10
-1.8775924803149606
 20
2.0533189370078739
 30
0
 11
-1.8858299212598424
 21
2.0520142519685041
 31
0
  0
LINE
  5
4C6
330
1A
100
AcDbEntity
  8
BLACK
  6
CONTINUOUS
100
AcDbLine
 10
-1.8858299212598424
 20
2.0520142519685041
 30
0
 11
-1.8941700787401574
 21
2.0520142519685041
 31
0
  0
LINE
  5
4C7
330
1A
100
AcDbEntity
  8
BLACK
  6
CONTINUOUS
100
AcDbLine
 10
-1.8941700787401574
 20
2.0520142519685041
 30
0
 11
-1.9024075196850394
 21
2.0533189370078739
 31
0
  0
LINE
  5
4C8
330
1A
100
AcDbEntity
  8
BLACK
  6
CONTINUOUS
100
AcDbLine
 10
-1.9024075196850394
 20
2.0533189370078739
 30
0
 11
-1.9103394881889764
 21
2.0558961811023622
 31
0
  0
LINE
  5
4C9
330
1A
100
AcDbEntity
  8
BLACK
  6
CONTINUOUS
100
AcDbLine
 10
-1.9103394881889764
 20
2.0558961811023622
 30
0
 11
-1.917770590551181
 21
2.0596825196850395
 31
0
  0
LINE
  5
4CA
330
1A
100
AcDbEntity
  8
BLACK
  6
CONTINUOUS
100
AcDbLine
 10
-1.917770590551181
 20
2.0596825196850395
 30
0
 11
-1.9245179133858268
 21
2.0645847244094488
 31
0
  0
LINE
  5
4CB
330
1A
100
AcDbEntity
  8
BLACK
  6
CONTINUOUS
100
AcDbLine
 10
-1.9245179133858268
 20
2.0645847244094488
 30
0
 11
-1.930415275590551
 21
2.0704820866141733
 31
0
  0
LINE
  5
4CC
330
1A
100
AcDbEntity
  8
BLACK
  6
CONTINUOUS
100
AcDbLine
 10
-1.930415275590551
 20
2.0704820866141733
 30
0
 11
-1.9353174803149606
 21
2.0772294094488188
 31
0
  0
LINE
  5
4CD
330
1A
100
AcDbEntity
  8
BLACK
  6
CONTINUOUS
100
AcDbLine
 10
-1.9353174803149606
 20
2.0772294094488188
 30
0
 11
-1.9391038188976377
 21
2.0846605118110237
 31
0
  0
LINE
  5
4CE
330
1A
100
AcDbEntity
  8
BLACK
  6
CONTINUOUS
100
AcDbLine
 10
-1.9391038188976377
 20
2.0846605118110237
 30
0
 11
-1.941681062992126
 21
2.0925924803149605
 31
0
  0
LINE
  5
4CF
330
1A
100
AcDbEntity
  8
BLACK
  6
CONTINUOUS
100
AcDbLine
 10
-1.941681062992126
 20
2.0925924803149605
 30
0
 11
-1.942985748031496
 21
2.1008299212598427
 31
0
  0
LINE
  5
4D0
330
1A
100
AcDbEntity
  8
BLACK
  6
CONTINUOUS
100
AcDbLine
 10
-1.942985748031496
 20
2.1008299212598427
 30
0
 11
-1.942985748031496
 21
2.1091700787401573
 31
0
  0
LINE
  5
4D1
330
1A
100
AcDbEntity
  8
BLACK
  6
CONTINUOUS
100
AcDbLine
 10
-1.942985748031496
 20
2.1091700787401573
 30
0
 11
-1.941681062992126
 21
2.1174075196850395
 31
0
  0
LINE
  5
4D2
330
1A
100
AcDbEntity
  8
BLACK
  6
CONTINUOUS
100
AcDbLine
 10
-1.941681062992126
 20
2.1174075196850395
 30
0
 11
-1.9391038188976377
 21
2.1253394881889762
 31
0
  0
LINE
  5
4D3
330
1A
100
AcDbEntity
  8
BLACK
  6
CONTINUOUS
100
AcDbLine
 10
-1.9391038188976377
 20
2.1253394881889762
 30
0
 11
-1.9353174803149606
 21
2.1327705905511811
 31
0
  0
LINE
  5
4D4
330
1A
100
AcDbEntity
  8
BLACK
  6
CONTINUOUS
100
AcDbLine
 10
-1.9353174803149606
 20
2.1327705905511811
 30
0
 11
-1.930415275590551
 21
2.1395179133858266
 31
0
  0
LINE
  5
4D5
330
1A
100
AcDbEntity
  8
BLACK
  6
CONTINUOUS
100
AcDbLine
 10
-1.930415275590551
 20
2.1395179133858266
 30
0
 11
-1.9245179133858268
 21
2.1454152755905511
 31
0
  0
LINE
  5
4D6
330
1A
100
AcDbEntity
  8
BLACK
  6
CONTINUOUS
100
AcDbLine
 10
-1.9245179133858268
 20
2.1454152755905511
 30
0
 11
-1.917770590551181
 21
2.1503174803149605
 31
0
  0
LINE
  5
4D7
330
1A
100
AcDbEntity
  8
BLACK
  6
CONTINUOUS
100
AcDbLine
 10
-1.917770590551181
 20
2.1503174803149605
 30
0
 11
-1.9103394881889764
 21
2.1541038188976378
 31
0
  0
LINE
  5
4D8
330
1A
100
AcDbEntity
  8
BLACK
  6
CONTINUOUS
100
AcDbLine
 10
-1.9103394881889764
 20
2.1541038188976378
 30
0
 11
-1.9024075196850394
 21
2.156681062992126
 31
0
  0
LINE
  5
4D9
330
1A
100
AcDbEntity
  8
BLACK
  6
CONTINUOUS
100
AcDbLine
 10
-1.9024075196850394
 20
2.156681062992126
 30
0
 11
-1.8941700787401574
 21
2.1579857480314959
 31
0
  0
LINE
  5
4DA
330
1A
100
AcDbEntity
  8
BLACK
  6
CONTINUOUS
100
AcDbLine
 10
-1.8941700787401574
 20
2.1579857480314959
 30
0
 11
-1.8858299212598424
 21
2.1579857480314959
 31
0
  0
LINE
  5
4DB
330
1A
100
AcDbEntity
  8
BLACK
  6
CONTINUOUS
100
AcDbLine
 10
-1.8858299212598424
 20
2.1579857480314959
 30
0
 11
-1.8775924803149606
 21
2.156681062992126
 31
0
  0
LINE
  5
4DC
330
1A
100
AcDbEntity
  8
BLACK
  6
CONTINUOUS
100
AcDbLine
 10
1.6299999999999999
 20
2.1149999999999998
 30
0
 11
1.5700000000000001
 21
2.1149999999999998
 31
0
  0
LINE
  5
4DD
330
1A
100
AcDbEntity
  8
BLACK
  6
CONTINUOUS
100
AcDbLine
 10
1.5700000000000001
 20
2.1149999999999998
 30
0
 11
1.5700000000000001
 21
2.1749999999999998
 31
0
  0
LINE
  5
4DE
330
1A
100
AcDbEntity
  8
BLACK
  6
CONTINUOUS
100
AcDbLine
 10
1.5700000000000001
 20
2.1749999999999998
 30
0
 11
1.6299999999999999
 21
2.1749999999999998
 31
0
  0
LINE
  5
4DF
330
1A
100
AcDbEntity
  8
BLACK
  6
CONTINUOUS
100
AcDbLine
 10
1.6299999999999999
 20
2.1749999999999998
 30
0
 11
1.6299999999999999
 21
2.1149999999999998
 31
0
  0
LINE
  5
4E0
330
1A
100
AcDbEntity
  8
BLACK
  6
CONTINUOUS
100
AcDbLine
 10
1.73
 20
2.1149999999999998
 30
0
 11
1.6699999999999999
 21
2.1149999999999998
 31
0
  0
LINE
  5
4E1
330
1A
100
AcDbEntity
  8
BLACK
  6
CONTINUOUS
100
AcDbLine
 10
1.6699999999999999
 20
2.1149999999999998
 30
0
 11
1.6699999999999999
 21
2.1749999999999998
 31
0
  0
LINE
  5
4E2
330
1A
100
AcDbEntity
  8
BLACK
  6
CONTINUOUS
100
AcDbLine
 10
1.6699999999999999
 20
2.1749999999999998
 30
0
 11
1.73
 21
2.1749999999999998
 31
0
  0
LINE
  5
4E3
330
1A
100
AcDbEntity
  8
BLACK
  6
CONTINUOUS
100
AcDbLine
 10
1.73
 20
2.1749999999999998
 30
0
 11
1.73
 21
2.1149999999999998
 31
0
  0
LINE
  5
4E4
330
1A
100
AcDbEntity
  8
BLACK
  6
CONTINUOUS
100
AcDbLine
 10
-1.9785115354330709
 20
2.2528528346456693
 30
0
 11
-1.9711671653543306
 21
2.2504664960629919
 31
0
  0
LINE
  5
4E5
330
1A
100
AcDbEntity
  8
BLACK
  6
CONTINUOUS
100
AcDbLine
 10
-1.9711671653543306
 20
2.2504664960629919
 30
0
 11
-1.964286496062992
 21
2.2469606299212597
 31
0
  0
LINE
  5
4E6
330
1A
100
AcDbEntity
  8
BLACK
  6
CONTINUOUS
100
AcDbLine
 10
-1.964286496062992
 20
2.2469606299212597
 30
0
 11
-1.9580389763779527
 21
2.242421535433071
 31
0
  0
LINE
  5
4E7
330
1A
100
AcDbEntity
  8
BLACK
  6
CONTINUOUS
100
AcDbLine
 10
-1.9580389763779527
 20
2.242421535433071
 30
0
 11
-1.9525784645669291
 21
2.2369610236220474
 31
0
  0
LINE
  5
4E8
330
1A
100
AcDbEntity
  8
BLACK
  6
CONTINUOUS
100
AcDbLine
 10
-1.9525784645669291
 20
2.2369610236220474
 30
0
 11
-1.9480393700787402
 21
2.2307135039370078
 31
0
  0
LINE
  5
4E9
330
1A
100
AcDbEntity
  8
BLACK
  6
CONTINUOUS
100
AcDbLine
 10
-1.9480393700787402
 20
2.2307135039370078
 30
0
 11
-1.9445335039370077
 21
2.2238328346456693
 31
0
  0
LINE
  5
4EA
330
1A
100
AcDbEntity
  8
BLACK
  6
CONTINUOUS
100
AcDbLine
 10
-1.9445335039370077
 20
2.2238328346456693
 30
0
 11
-1.9421471653543307
 21
2.2164884645669289
 31
0
  0
LINE
  5
4EB
330
1A
100
AcDbEntity
  8
BLACK
  6
CONTINUOUS
100
AcDbLine
 10
-1.9421471653543307
 20
2.2164884645669289
 30
0
 11
-1.940939094488189
 21
2.2088611811023622
 31
0
  0
LINE
  5
4EC
330
1A
100
AcDbEntity
  8
BLACK
  6
CONTINUOUS
100
AcDbLine
 10
-1.940939094488189
 20
2.2088611811023622
 30
0
 11
-1.940939094488189
 21
2.201138818897638
 31
0
  0
LINE
  5
4ED
330
1A
100
AcDbEntity
  8
BLACK
  6
CONTINUOUS
100
AcDbLine
 10
-1.940939094488189
 20
2.201138818897638
 30
0
 11
-1.9421471653543307
 21
2.1935115354330708
 31
0
  0
LINE
  5
4EE
330
1A
100
AcDbEntity
  8
BLACK
  6
CONTINUOUS
100
AcDbLine
 10
-1.9421471653543307
 20
2.1935115354330708
 30
0
 11
-1.9445335039370077
 21
2.1861671653543309
 31
0
  0
LINE
  5
4EF
330
1A
100
AcDbEntity
  8
BLACK
  6
CONTINUOUS
100
AcDbLine
 10
-1.9445335039370077
 20
2.1861671653543309
 30
0
 11
-1.9480393700787402
 21
2.1792864960629923
 31
0
  0
LINE
  5
4F0
330
1A
100
AcDbEntity
  8
BLACK
  6
CONTINUOUS
100
AcDbLine
 10
-1.9480393700787402
 20
2.1792864960629923
 30
0
 11
-1.9525784645669291
 21
2.1730389763779527
 31
0
  0
LINE
  5
4F1
330
1A
100
AcDbEntity
  8
BLACK
  6
CONTINUOUS
100
AcDbLine
 10
-1.9525784645669291
 20
2.1730389763779527
 30
0
 11
-1.9580389763779527
 21
2.1675784645669292
 31
0
  0
LINE
  5
4F2
330
1A
100
AcDbEntity
  8
BLACK
  6
CONTINUOUS
100
AcDbLine
 10
-1.9580389763779527
 20
2.1675784645669292
 30
0
 11
-1.964286496062992
 21
2.16303937007874
 31
0
  0
LINE
  5
4F3
330
1A
100
AcDbEntity
  8
BLACK
  6
CONTINUOUS
100
AcDbLine
 10
-1.964286496062992
 20
2.16303937007874
 30
0
 11
-1.9711671653543306
 21
2.1595335039370078
 31
0
  0
LINE
  5
4F4
330
1A
100
AcDbEntity
  8
BLACK
  6
CONTINUOUS
100
AcDbLine
 10
-1.9711671653543306
 20
2.1595335039370078
 30
0
 11
-1.9785115354330709
 21
2.1571471653543308
 31
0
  0
LINE
  5
4F5
330
1A
100
AcDbEntity
  8
BLACK
  6
CONTINUOUS
100
AcDbLine
 10
-1.9785115354330709
 20
2.1571471653543308
 30
0
 11
-1.9861388188976377
 21
2.1559390944881889
 31
0
  0
LINE
  5
4F6
330
1A
100
AcDbEntity
  8
BLACK
  6
CONTINUOUS
100
AcDbLine
 10
-1.9861388188976377
 20
2.1559390944881889
 30
0
 11
-1.9938611811023621
 21
2.1559390944881889
 31
0
  0
LINE
  5
4F7
330
1A
100
AcDbEntity
  8
BLACK
  6
CONTINUOUS
100
AcDbLine
 10
-1.9938611811023621
 20
2.1559390944881889
 30
0
 11
-2.0014884645669291
 21
2.1571471653543308
 31
0
  0
LINE
  5
4F8
330
1A
100
AcDbEntity
  8
BLACK
  6
CONTINUOUS
100
AcDbLine
 10
-2.0014884645669291
 20
2.1571471653543308
 30
0
 11
-2.0088328346456694
 21
2.1595335039370078
 31
0
  0
LINE
  5
4F9
330
1A
100
AcDbEntity
  8
BLACK
  6
CONTINUOUS
100
AcDbLine
 10
-2.0088328346456694
 20
2.1595335039370078
 30
0
 11
-2.015713503937008
 21
2.16303937007874
 31
0
  0
LINE
  5
4FA
330
1A
100
AcDbEntity
  8
BLACK
  6
CONTINUOUS
100
AcDbLine
 10
-2.015713503937008
 20
2.16303937007874
 30
0
 11
-2.0219610236220471
 21
2.1675784645669292
 31
0
  0
LINE
  5
4FB
330
1A
100
AcDbEntity
  8
BLACK
  6
CONTINUOUS
100
AcDbLine
 10
-2.0219610236220471
 20
2.1675784645669292
 30
0
 11
-2.0274215354330707
 21
2.1730389763779527
 31
0
  0
LINE
  5
4FC
330
1A
100
AcDbEntity
  8
BLACK
  6
CONTINUOUS
100
AcDbLine
 10
-2.0274215354330707
 20
2.1730389763779527
 30
0
 11
-2.0319606299212598
 21
2.1792864960629923
 31
0
  0
LINE
  5
4FD
330
1A
100
AcDbEntity
  8
BLACK
  6
CONTINUOUS
100
AcDbLine
 10
-2.0319606299212598
 20
2.1792864960629923
 30
0
 11
-2.035466496062992
 21
2.1861671653543309
 31
0
  0
LINE
  5
4FE
330
1A
100
AcDbEntity
  8
BLACK
  6
CONTINUOUS
100
AcDbLine
 10
-2.035466496062992
 20
2.1861671653543309
 30
0
 11
-2.0378528346456695
 21
2.1935115354330708
 31
0
  0
LINE
  5
4FF
330
1A
100
AcDbEntity
  8
BLACK
  6
CONTINUOUS
100
AcDbLine
 10
-2.0378528346456695
 20
2.1935115354330708
 30
0
 11
-2.039060905511811
 21
2.201138818897638
 31
0
  0
LINE
  5
500
330
1A
100
AcDbEntity
  8
BLACK
  6
CONTINUOUS
100
AcDbLine
 10
-2.039060905511811
 20
2.201138818897638
 30
0
 11
-2.039060905511811
 21
2.2088611811023622
 31
0
  0
LINE
  5
501
330
1A
100
AcDbEntity
  8
BLACK
  6
CONTINUOUS
100
AcDbLine
 10
-2.039060905511811
 20
2.2088611811023622
 30
0
 11
-2.0378528346456695
 21
2.2164884645669289
 31
0
  0
LINE
  5
502
330
1A
100
AcDbEntity
  8
BLACK
  6
CONTINUOUS
100
AcDbLine
 10
-2.0378528346456695
 20
2.2164884645669289
 30
0
 11
-2.035466496062992
 21
2.2238328346456693
 31
0
  0
LINE
  5
503
330
1A
100
AcDbEntity
  8
BLACK
  6
CONTINUOUS
100
AcDbLine
 10
-2.035466496062992
 20
2.2238328346456693
 30
0
 11
-2.0319606299212598
 21
2.2307135039370078
 31
0
  0
LINE
  5
504
330
1A
100
AcDbEntity
  8
BLACK
  6
CONTINUOUS
100
AcDbLine
 10
-2.0319606299212598
 20
2.2307135039370078
 30
0
 11
-2.0274215354330707
 21
2.2369610236220474
 31
0
  0
LINE
  5
505
330
1A
100
AcDbEntity
  8
BLACK
  6
CONTINUOUS
100
AcDbLine
 10
-2.0274215354330707
 20
2.2369610236220474
 30
0
 11
-2.0219610236220471
 21
2.242421535433071
 31
0
  0
LINE
  5
506
330
1A
100
AcDbEntity
  8
BLACK
  6
CONTINUOUS
100
AcDbLine
 10
-2.0219610236220471
 20
2.242421535433071
 30
0
 11
-2.015713503937008
 21
2.2469606299212597
 31
0
  0
LINE
  5
507
330
1A
100
AcDbEntity
  8
BLACK
  6
CONTINUOUS
100
AcDbLine
 10
-2.015713503937008
 20
2.2469606299212597
 30
0
 11
-2.0088328346456694
 21
2.2504664960629919
 31
0
  0
LINE
  5
508
330
1A
100
AcDbEntity
  8
BLACK
  6
CONTINUOUS
100
AcDbLine
 10
-2.0088328346456694
 20
2.2504664960629919
 30
0
 11
-2.0014884645669291
 21
2.2528528346456693
 31
0
  0
LINE
  5
509
330
1A
100
AcDbEntity
  8
BLACK
  6
CONTINUOUS
100
AcDbLine
 10
-2.0014884645669291
 20
2.2528528346456693
 30
0
 11
-1.9938611811023621
 21
2.2540609055118108
 31
0
  0
LINE
  5
50A
330
1A
100
AcDbEntity
  8
BLACK
  6
CONTINUOUS
100
AcDbLine
 10
-1.9938611811023621
 20
2.2540609055118108
 30
0
 11
-1.9861388188976377
 21
2.2540609055118108
 31
0
  0
LINE
  5
50B
330
1A
100
AcDbEntity
  8
BLACK
  6
CONTINUOUS
100
AcDbLine
 10
-1.9861388188976377
 20
2.2540609055118108
 30
0
 11
-1.9785115354330709
 21
2.2528528346456693
 31
0
  0
LINE
  5
50C
330
1A
100
AcDbEntity
  8
BLACK
  6
CONTINUOUS
100
AcDbLine
 10
-2.0775924803149608
 20
2.3566810629921258
 30
0
 11
-2.0696605118110236
 21
2.3541038188976375
 31
0
  0
LINE
  5
50D
330
1A
100
AcDbEntity
  8
BLACK
  6
CONTINUOUS
100
AcDbLine
 10
-2.0696605118110236
 20
2.3541038188976375
 30
0
 11
-2.0622294094488187
 21
2.3503174803149607
 31
0
  0
LINE
  5
50E
330
1A
100
AcDbEntity
  8
BLACK
  6
CONTINUOUS
100
AcDbLine
 10
-2.0622294094488187
 20
2.3503174803149607
 30
0
 11
-2.0554820866141732
 21
2.3454152755905513
 31
0
  0
LINE
  5
50F
330
1A
100
AcDbEntity
  8
BLACK
  6
CONTINUOUS
100
AcDbLine
 10
-2.0554820866141732
 20
2.3454152755905513
 30
0
 11
-2.0495847244094487
 21
2.3395179133858268
 31
0
  0
LINE
  5
510
330
1A
100
AcDbEntity
  8
BLACK
  6
CONTINUOUS
100
AcDbLine
 10
-2.0495847244094487
 20
2.3395179133858268
 30
0
 11
-2.0446825196850393
 21
2.3327705905511809
 31
0
  0
LINE
  5
511
330
1A
100
AcDbEntity
  8
BLACK
  6
CONTINUOUS
100
AcDbLine
 10
-2.0446825196850393
 20
2.3327705905511809
 30
0
 11
-2.040896181102362
 21
2.3253394881889764
 31
0
  0
LINE
  5
512
330
1A
100
AcDbEntity
  8
BLACK
  6
CONTINUOUS
100
AcDbLine
 10
-2.040896181102362
 20
2.3253394881889764
 30
0
 11
-2.0383189370078738
 21
2.3174075196850392
 31
0
  0
LINE
  5
513
330
1A
100
AcDbEntity
  8
BLACK
  6
CONTINUOUS
100
AcDbLine
 10
-2.0383189370078738
 20
2.3174075196850392
 30
0
 11
-2.0370142519685039
 21
2.3091700787401575
 31
0
  0
LINE
  5
514
330
1A
100
AcDbEntity
  8
BLACK
  6
CONTINUOUS
100
AcDbLine
 10
-2.0370142519685039
 20
2.3091700787401575
 30
0
 11
-2.0370142519685039
 21
2.3008299212598424
 31
0
  0
LINE
  5
515
330
1A
100
AcDbEntity
  8
BLACK
  6
CONTINUOUS
100
AcDbLine
 10
-2.0370142519685039
 20
2.3008299212598424
 30
0
 11
-2.0383189370078738
 21
2.2925924803149607
 31
0
  0
LINE
  5
516
330
1A
100
AcDbEntity
  8
BLACK
  6
CONTINUOUS
100
AcDbLine
 10
-2.0383189370078738
 20
2.2925924803149607
 30
0
 11
-2.040896181102362
 21
2.2846605118110235
 31
0
  0
LINE
  5
517
330
1A
100
AcDbEntity
  8
BLACK
  6
CONTINUOUS
100
AcDbLine
 10
-2.040896181102362
 20
2.2846605118110235
 30
0
 11
-2.0446825196850393
 21
2.277229409448819
 31
0
  0
LINE
  5
518
330
1A
100
AcDbEntity
  8
BLACK
  6
CONTINUOUS
100
AcDbLine
 10
-2.0446825196850393
 20
2.277229409448819
 30
0
 11
-2.0495847244094487
 21
2.2704820866141731
 31
0
  0
LINE
  5
519
330
1A
100
AcDbEntity
  8
BLACK
  6
CONTINUOUS
100
AcDbLine
 10
-2.0495847244094487
 20
2.2704820866141731
 30
0
 11
-2.0554820866141732
 21
2.2645847244094486
 31
0
  0
LINE
  5
51A
330
1A
100
AcDbEntity
  8
BLACK
  6
CONTINUOUS
100
AcDbLine
 10
-2.0554820866141732
 20
2.2645847244094486
 30
0
 11
-2.0622294094488187
 21
2.2596825196850392
 31
0
  0
LINE
  5
51B
330
1A
100
AcDbEntity
  8
BLACK
  6
CONTINUOUS
100
AcDbLine
 10
-2.0622294094488187
 20
2.2596825196850392
 30
0
 11
-2.0696605118110236
 21
2.2558961811023623
 31
0
  0
LINE
  5
51C
330
1A
100
AcDbEntity
  8
BLACK
  6
CONTINUOUS
100
AcDbLine
 10
-2.0696605118110236
 20
2.2558961811023623
 30
0
 11
-2.0775924803149608
 21
2.2533189370078741
 31
0
  0
LINE
  5
51D
330
1A
100
AcDbEntity
  8
BLACK
  6
CONTINUOUS
100
AcDbLine
 10
-2.0775924803149608
 20
2.2533189370078741
 30
0
 11
-2.0858299212598426
 21
2.2520142519685038
 31
0
  0
LINE
  5
51E
330
1A
100
AcDbEntity
  8
BLACK
  6
CONTINUOUS
100
AcDbLine
 10
-2.0858299212598426
 20
2.2520142519685038
 30
0
 11
-2.0941700787401576
 21
2.2520142519685038
 31
0
  0
LINE
  5
51F
330
1A
100
AcDbEntity
  8
BLACK
  6
CONTINUOUS
100
AcDbLine
 10
-2.0941700787401576
 20
2.2520142519685038
 30
0
 11
-2.1024075196850394
 21
2.2533189370078741
 31
0
  0
LINE
  5
520
330
1A
100
AcDbEntity
  8
BLACK
  6
CONTINUOUS
100
AcDbLine
 10
-2.1024075196850394
 20
2.2533189370078741
 30
0
 11
-2.1103394881889765
 21
2.2558961811023623
 31
0
  0
LINE
  5
521
330
1A
100
AcDbEntity
  8
BLACK
  6
CONTINUOUS
100
AcDbLine
 10
-2.1103394881889765
 20
2.2558961811023623
 30
0
 11
-2.117770590551181
 21
2.2596825196850392
 31
0
  0
LINE
  5
522
330
1A
100
AcDbEntity
  8
BLACK
  6
CONTINUOUS
100
AcDbLine
 10
-2.117770590551181
 20
2.2596825196850392
 30
0
 11
-2.1245179133858265
 21
2.2645847244094486
 31
0
  0
LINE
  5
523
330
1A
100
AcDbEntity
  8
BLACK
  6
CONTINUOUS
100
AcDbLine
 10
-2.1245179133858265
 20
2.2645847244094486
 30
0
 11
-2.130415275590551
 21
2.2704820866141731
 31
0
  0
LINE
  5
524
330
1A
100
AcDbEntity
  8
BLACK
  6
CONTINUOUS
100
AcDbLine
 10
-2.130415275590551
 20
2.2704820866141731
 30
0
 11
-2.1353174803149604
 21
2.277229409448819
 31
0
  0
LINE
  5
525
330
1A
100
AcDbEntity
  8
BLACK
  6
CONTINUOUS
100
AcDbLine
 10
-2.1353174803149604
 20
2.277229409448819
 30
0
 11
-2.1391038188976377
 21
2.2846605118110235
 31
0
  0
LINE
  5
526
330
1A
100
AcDbEntity
  8
BLACK
  6
CONTINUOUS
100
AcDbLine
 10
-2.1391038188976377
 20
2.2846605118110235
 30
0
 11
-2.1416810629921259
 21
2.2925924803149607
 31
0
  0
LINE
  5
527
330
1A
100
AcDbEntity
  8
BLACK
  6
CONTINUOUS
100
AcDbLine
 10
-2.1416810629921259
 20
2.2925924803149607
 30
0
 11
-2.1429857480314962
 21
2.3008299212598424
 31
0
  0
LINE
  5
528
330
1A
100
AcDbEntity
  8
BLACK
  6
CONTINUOUS
100
AcDbLine
 10
-2.1429857480314962
 20
2.3008299212598424
 30
0
 11
-2.1429857480314962
 21
2.3091700787401575
 31
0
  0
LINE
  5
529
330
1A
100
AcDbEntity
  8
BLACK
  6
CONTINUOUS
100
AcDbLine
 10
-2.1429857480314962
 20
2.3091700787401575
 30
0
 11
-2.1416810629921259
 21
2.3174075196850392
 31
0
  0
LINE
  5
52A
330
1A
100
AcDbEntity
  8
BLACK
  6
CONTINUOUS
100
AcDbLine
 10
-2.1416810629921259
 20
2.3174075196850392
 30
0
 11
-2.1391038188976377
 21
2.3253394881889764
 31
0
  0
LINE
  5
52B
330
1A
100
AcDbEntity
  8
BLACK
  6
CONTINUOUS
100
AcDbLine
 10
-2.1391038188976377
 20
2.3253394881889764
 30
0
 11
-2.1353174803149604
 21
2.3327705905511809
 31
0
  0
LINE
  5
52C
330
1A
100
AcDbEntity
  8
BLACK
  6
CONTINUOUS
100
AcDbLine
 10
-2.1353174803149604
 20
2.3327705905511809
 30
0
 11
-2.130415275590551
 21
2.3395179133858268
 31
0
  0
LINE
  5
52D
330
1A
100
AcDbEntity
  8
BLACK
  6
CONTINUOUS
100
AcDbLine
 10
-2.130415275590551
 20
2.3395179133858268
 30
0
 11
-2.1245179133858265
 21
2.3454152755905513
 31
0
  0
LINE
  5
52E
330
1A
100
AcDbEntity
  8
BLACK
  6
CONTINUOUS
100
AcDbLine
 10
-2.1245179133858265
 20
2.3454152755905513
 30
0
 11
-2.117770590551181
 21
2.3503174803149607
 31
0
  0
LINE
  5
52F
330
1A
100
AcDbEntity
  8
BLACK
  6
CONTINUOUS
100
AcDbLine
 10
-2.117770590551181
 20
2.3503174803149607
 30
0
 11
-2.1103394881889765
 21
2.3541038188976375
 31
0
  0
LINE
  5
530
330
1A
100
AcDbEntity
  8
BLACK
  6
CONTINUOUS
100
AcDbLine
 10
-2.1103394881889765
 20
2.3541038188976375
 30
0
 11
-2.1024075196850394
 21
2.3566810629921258
 31
0
  0
LINE
  5
531
330
1A
100
AcDbEntity
  8
BLACK
  6
CONTINUOUS
100
AcDbLine
 10
-2.1024075196850394
 20
2.3566810629921258
 30
0
 11
-2.0941700787401576
 21
2.3579857480314961
 31
0
  0
LINE
  5
532
330
1A
100
AcDbEntity
  8
BLACK
  6
CONTINUOUS
100
AcDbLine
 10
-2.0941700787401576
 20
2.3579857480314961
 30
0
 11
-2.0858299212598426
 21
2.3579857480314961
 31
0
  0
LINE
  5
533
330
1A
100
AcDbEntity
  8
BLACK
  6
CONTINUOUS
100
AcDbLine
 10
-2.0858299212598426
 20
2.3579857480314961
 30
0
 11
-2.0775924803149608
 21
2.3566810629921258
 31
0
  0
LINE
  5
534
330
1A
100
AcDbEntity
  8
BLACK
  6
CONTINUOUS
100
AcDbLine
 10
-1.8775924803149606
 20
2.3566810629921258
 30
0
 11
-1.8696605118110237
 21
2.3541038188976375
 31
0
  0
LINE
  5
535
330
1A
100
AcDbEntity
  8
BLACK
  6
CONTINUOUS
100
AcDbLine
 10
-1.8696605118110237
 20
2.3541038188976375
 30
0
 11
-1.8622294094488188
 21
2.3503174803149607
 31
0
  0
LINE
  5
536
330
1A
100
AcDbEntity
  8
BLACK
  6
CONTINUOUS
100
AcDbLine
 10
-1.8622294094488188
 20
2.3503174803149607
 30
0
 11
-1.8554820866141732
 21
2.3454152755905513
 31
0
  0
LINE
  5
537
330
1A
100
AcDbEntity
  8
BLACK
  6
CONTINUOUS
100
AcDbLine
 10
-1.8554820866141732
 20
2.3454152755905513
 30
0
 11
-1.8495847244094488
 21
2.3395179133858268
 31
0
  0
LINE
  5
538
330
1A
100
AcDbEntity
  8
BLACK
  6
CONTINUOUS
100
AcDbLine
 10
-1.8495847244094488
 20
2.3395179133858268
 30
0
 11
-1.8446825196850394
 21
2.3327705905511809
 31
0
  0
LINE
  5
539
330
1A
100
AcDbEntity
  8
BLACK
  6
CONTINUOUS
100
AcDbLine
 10
-1.8446825196850394
 20
2.3327705905511809
 30
0
 11
-1.8408961811023621
 21
2.3253394881889764
 31
0
  0
LINE
  5
53A
330
1A
100
AcDbEntity
  8
BLACK
  6
CONTINUOUS
100
AcDbLine
 10
-1.8408961811023621
 20
2.3253394881889764
 30
0
 11
-1.8383189370078741
 21
2.3174075196850392
 31
0
  0
LINE
  5
53B
330
1A
100
AcDbEntity
  8
BLACK
  6
CONTINUOUS
100
AcDbLine
 10
-1.8383189370078741
 20
2.3174075196850392
 30
0
 11
-1.837014251968504
 21
2.3091700787401575
 31
0
  0
LINE
  5
53C
330
1A
100
AcDbEntity
  8
BLACK
  6
CONTINUOUS
100
AcDbLine
 10
-1.837014251968504
 20
2.3091700787401575
 30
0
 11
-1.837014251968504
 21
2.3008299212598424
 31
0
  0
LINE
  5
53D
330
1A
100
AcDbEntity
  8
BLACK
  6
CONTINUOUS
100
AcDbLine
 10
-1.837014251968504
 20
2.3008299212598424
 30
0
 11
-1.8383189370078741
 21
2.2925924803149607
 31
0
  0
LINE
  5
53E
330
1A
100
AcDbEntity
  8
BLACK
  6
CONTINUOUS
100
AcDbLine
 10
-1.8383189370078741
 20
2.2925924803149607
 30
0
 11
-1.8408961811023621
 21
2.2846605118110235
 31
0
  0
LINE
  5
53F
330
1A
100
AcDbEntity
  8
BLACK
  6
CONTINUOUS
100
AcDbLine
 10
-1.8408961811023621
 20
2.2846605118110235
 30
0
 11
-1.8446825196850394
 21
2.277229409448819
 31
0
  0
LINE
  5
540
330
1A
100
AcDbEntity
  8
BLACK
  6
CONTINUOUS
100
AcDbLine
 10
-1.8446825196850394
 20
2.277229409448819
 30
0
 11
-1.8495847244094488
 21
2.2704820866141731
 31
0
  0
LINE
  5
541
330
1A
100
AcDbEntity
  8
BLACK
  6
CONTINUOUS
100
AcDbLine
 10
-1.8495847244094488
 20
2.2704820866141731
 30
0
 11
-1.8554820866141732
 21
2.2645847244094486
 31
0
  0
LINE
  5
542
330
1A
100
AcDbEntity
  8
BLACK
  6
CONTINUOUS
100
AcDbLine
 10
-1.8554820866141732
 20
2.2645847244094486
 30
0
 11
-1.8622294094488188
 21
2.2596825196850392
 31
0
  0
LINE
  5
543
330
1A
100
AcDbEntity
  8
BLACK
  6
CONTINUOUS
100
AcDbLine
 10
-1.8622294094488188
 20
2.2596825196850392
 30
0
 11
-1.8696605118110237
 21
2.2558961811023623
 31
0
  0
LINE
  5
544
330
1A
100
AcDbEntity
  8
BLACK
  6
CONTINUOUS
100
AcDbLine
 10
-1.8696605118110237
 20
2.2558961811023623
 30
0
 11
-1.8775924803149606
 21
2.2533189370078741
 31
0
  0
LINE
  5
545
330
1A
100
AcDbEntity
  8
BLACK
  6
CONTINUOUS
100
AcDbLine
 10
-1.8775924803149606
 20
2.2533189370078741
 30
0
 11
-1.8858299212598424
 21
2.2520142519685038
 31
0
  0
LINE
  5
546
330
1A
100
AcDbEntity
  8
BLACK
  6
CONTINUOUS
100
AcDbLine
 10
-1.8858299212598424
 20
2.2520142519685038
 30
0
 11
-1.8941700787401574
 21
2.2520142519685038
 31
0
  0
LINE
  5
547
330
1A
100
AcDbEntity
  8
BLACK
  6
CONTINUOUS
100
AcDbLine
 10
-1.8941700787401574
 20
2.2520142519685038
 30
0
 11
-1.9024075196850394
 21
2.2533189370078741
 31
0
  0
LINE
  5
548
330
1A
100
AcDbEntity
  8
BLACK
  6
CONTINUOUS
100
AcDbLine
 10
-1.9024075196850394
 20
2.2533189370078741
 30
0
 11
-1.9103394881889764
 21
2.2558961811023623
 31
0
  0
LINE
  5
549
330
1A
100
AcDbEntity
  8
BLACK
  6
CONTINUOUS
100
AcDbLine
 10
-1.9103394881889764
 20
2.2558961811023623
 30
0
 11
-1.917770590551181
 21
2.2596825196850392
 31
0
  0
LINE
  5
54A
330
1A
100
AcDbEntity
  8
BLACK
  6
CONTINUOUS
100
AcDbLine
 10
-1.917770590551181
 20
2.2596825196850392
 30
0
 11
-1.9245179133858268
 21
2.2645847244094486
 31
0
  0
LINE
  5
54B
330
1A
100
AcDbEntity
  8
BLACK
  6
CONTINUOUS
100
AcDbLine
 10
-1.9245179133858268
 20
2.2645847244094486
 30
0
 11
-1.930415275590551
 21
2.2704820866141731
 31
0
  0
LINE
  5
54C
330
1A
100
AcDbEntity
  8
BLACK
  6
CONTINUOUS
100
AcDbLine
 10
-1.930415275590551
 20
2.2704820866141731
 30
0
 11
-1.9353174803149606
 21
2.277229409448819
 31
0
  0
LINE
  5
54D
330
1A
100
AcDbEntity
  8
BLACK
  6
CONTINUOUS
100
AcDbLine
 10
-1.9353174803149606
 20
2.277229409448819
 30
0
 11
-1.9391038188976377
 21
2.2846605118110235
 31
0
  0
LINE
  5
54E
330
1A
100
AcDbEntity
  8
BLACK
  6
CONTINUOUS
100
AcDbLine
 10
-1.9391038188976377
 20
2.2846605118110235
 30
0
 11
-1.941681062992126
 21
2.2925924803149607
 31
0
  0
LINE
  5
54F
330
1A
100
AcDbEntity
  8
BLACK
  6
CONTINUOUS
100
AcDbLine
 10
-1.941681062992126
 20
2.2925924803149607
 30
0
 11
-1.942985748031496
 21
2.3008299212598424
 31
0
  0
LINE
  5
550
330
1A
100
AcDbEntity
  8
BLACK
  6
CONTINUOUS
100
AcDbLine
 10
-1.942985748031496
 20
2.3008299212598424
 30
0
 11
-1.942985748031496
 21
2.3091700787401575
 31
0
  0
LINE
  5
551
330
1A
100
AcDbEntity
  8
BLACK
  6
CONTINUOUS
100
AcDbLine
 10
-1.942985748031496
 20
2.3091700787401575
 30
0
 11
-1.941681062992126
 21
2.3174075196850392
 31
0
  0
LINE
  5
552
330
1A
100
AcDbEntity
  8
BLACK
  6
CONTINUOUS
100
AcDbLine
 10
-1.941681062992126
 20
2.3174075196850392
 30
0
 11
-1.9391038188976377
 21
2.3253394881889764
 31
0
  0
LINE
  5
553
330
1A
100
AcDbEntity
  8
BLACK
  6
CONTINUOUS
100
AcDbLine
 10
-1.9391038188976377
 20
2.3253394881889764
 30
0
 11
-1.9353174803149606
 21
2.3327705905511809
 31
0
  0
LINE
  5
554
330
1A
100
AcDbEntity
  8
BLACK
  6
CONTINUOUS
100
AcDbLine
 10
-1.9353174803149606
 20
2.3327705905511809
 30
0
 11
-1.930415275590551
 21
2.3395179133858268
 31
0
  0
LINE
  5
555
330
1A
100
AcDbEntity
  8
BLACK
  6
CONTINUOUS
100
AcDbLine
 10
-1.930415275590551
 20
2.3395179133858268
 30
0
 11
-1.9245179133858268
 21
2.3454152755905513
 31
0
  0
LINE
  5
556
330
1A
100
AcDbEntity
  8
BLACK
  6
CONTINUOUS
100
AcDbLine
 10
-1.9245179133858268
 20
2.3454152755905513
 30
0
 11
-1.917770590551181
 21
2.3503174803149607
 31
0
  0
LINE
  5
557
330
1A
100
AcDbEntity
  8
BLACK
  6
CONTINUOUS
100
AcDbLine
 10
-1.917770590551181
 20
2.3503174803149607
 30
0
 11
-1.9103394881889764
 21
2.3541038188976375
 31
0
  0
LINE
  5
558
330
1A
100
AcDbEntity
  8
BLACK
  6
CONTINUOUS
100
AcDbLine
 10
-1.9103394881889764
 20
2.3541038188976375
 30
0
 11
-1.9024075196850394
 21
2.3566810629921258
 31
0
  0
LINE
  5
559
330
1A
100
AcDbEntity
  8
BLACK
  6
CONTINUOUS
100
AcDbLine
 10
-1.9024075196850394
 20
2.3566810629921258
 30
0
 11
-1.8941700787401574
 21
2.3579857480314961
 31
0
  0
LINE
  5
55A
330
1A
100
AcDbEntity
  8
BLACK
  6
CONTINUOUS
100
AcDbLine
 10
-1.8941700787401574
 20
2.3579857480314961
 30
0
 11
-1.8858299212598424
 21
2.3579857480314961
 31
0
  0
LINE
  5
55B
330
1A
100
AcDbEntity
  8
BLACK
  6
CONTINUOUS
100
AcDbLine
 10
-1.8858299212598424
 20
2.3579857480314961
 30
0
 11
-1.8775924803149606
 21
2.3566810629921258
 31
0
  0
LINE
  5
55C
330
1A
100
AcDbEntity
  8
BLACK
  6
CONTINUOUS
100
AcDbLine
 10
0.987244094488189
 20
2.3577559055118109
 30
0
 11
0.8927559055118111
 21
2.3577559055118109
 31
0
  0
LINE
  5
55D
330
1A
100
AcDbEntity
  8
BLACK
  6
CONTINUOUS
100
AcDbLine
 10
0.8927559055118111
 20
2.3577559055118109
 30
0
 11
0.8927559055118111
 21
2.4522440944881891
 31
0
  0
LINE
  5
55E
330
1A
100
AcDbEntity
  8
BLACK
  6
CONTINUOUS
100
AcDbLine
 10
0.8927559055118111
 20
2.4522440944881891
 30
0
 11
0.987244094488189
 21
2.4522440944881891
 31
0
  0
LINE
  5
55F
330
1A
100
AcDbEntity
  8
BLACK
  6
CONTINUOUS
100
AcDbLine
 10
0.987244094488189
 20
2.4522440944881891
 30
0
 11
0.987244094488189
 21
2.3577559055118109
 31
0
  0
LINE
  5
560
330
1A
100
AcDbEntity
  8
BLACK
  6
CONTINUOUS
100
AcDbLine
 10
1.2463044881889764
 20
2.4509387401574805
 30
0
 11
1.2533551181102363
 21
2.4486478346456693
 31
0
  0
LINE
  5
561
330
1A
100
AcDbEntity
  8
BLACK
  6
CONTINUOUS
100
AcDbLine
 10
1.2533551181102363
 20
2.4486478346456693
 30
0
 11
1.2599605511811023
 21
2.4452822047244096
 31
0
  0
LINE
  5
562
330
1A
100
AcDbEntity
  8
BLACK
  6
CONTINUOUS
100
AcDbLine
 10
1.2599605511811023
 20
2.4452822047244096
 30
0
 11
1.265958188976378
 21
2.44092468503937
 31
0
  0
LINE
  5
563
330
1A
100
AcDbEntity
  8
BLACK
  6
CONTINUOUS
100
AcDbLine
 10
1.265958188976378
 20
2.44092468503937
 30
0
 11
1.2712002755905512
 21
2.4356825984251969
 31
0
  0
LINE
  5
564
330
1A
100
AcDbEntity
  8
BLACK
  6
CONTINUOUS
100
AcDbLine
 10
1.2712002755905512
 20
2.4356825984251969
 30
0
 11
1.2755577952755905
 21
2.4296849606299213
 31
0
  0
LINE
  5
565
330
1A
100
AcDbEntity
  8
BLACK
  6
CONTINUOUS
100
AcDbLine
 10
1.2755577952755905
 20
2.4296849606299213
 30
0
 11
1.2789234251968504
 21
2.4230795275590551
 31
0
  0
LINE
  5
566
330
1A
100
AcDbEntity
  8
BLACK
  6
CONTINUOUS
100
AcDbLine
 10
1.2789234251968504
 20
2.4230795275590551
 30
0
 11
1.2812143307086614
 21
2.416028897637795
 31
0
  0
LINE
  5
567
330
1A
100
AcDbEntity
  8
BLACK
  6
CONTINUOUS
100
AcDbLine
 10
1.2812143307086614
 20
2.416028897637795
 30
0
 11
1.2823740551181102
 21
2.4087067322834645
 31
0
  0
LINE
  5
568
330
1A
100
AcDbEntity
  8
BLACK
  6
CONTINUOUS
100
AcDbLine
 10
1.2823740551181102
 20
2.4087067322834645
 30
0
 11
1.2823740551181102
 21
2.4012932677165355
 31
0
  0
LINE
  5
569
330
1A
100
AcDbEntity
  8
BLACK
  6
CONTINUOUS
100
AcDbLine
 10
1.2823740551181102
 20
2.4012932677165355
 30
0
 11
1.2812143307086614
 21
2.3939711023622046
 31
0
  0
LINE
  5
56A
330
1A
100
AcDbEntity
  8
BLACK
  6
CONTINUOUS
100
AcDbLine
 10
1.2812143307086614
 20
2.3939711023622046
 30
0
 11
1.2789234251968504
 21
2.386920472440945
 31
0
  0
LINE
  5
56B
330
1A
100
AcDbEntity
  8
BLACK
  6
CONTINUOUS
100
AcDbLine
 10
1.2789234251968504
 20
2.386920472440945
 30
0
 11
1.2755577952755905
 21
2.3803150393700787
 31
0
  0
LINE
  5
56C
330
1A
100
AcDbEntity
  8
BLACK
  6
CONTINUOUS
100
AcDbLine
 10
1.2755577952755905
 20
2.3803150393700787
 30
0
 11
1.2712002755905512
 21
2.3743174015748032
 31
0
  0
LINE
  5
56D
330
1A
100
AcDbEntity
  8
BLACK
  6
CONTINUOUS
100
AcDbLine
 10
1.2712002755905512
 20
2.3743174015748032
 30
0
 11
1.265958188976378
 21
2.3690753149606301
 31
0
  0
LINE
  5
56E
330
1A
100
AcDbEntity
  8
BLACK
  6
CONTINUOUS
100
AcDbLine
 10
1.265958188976378
 20
2.3690753149606301
 30
0
 11
1.2599605511811023
 21
2.3647177952755905
 31
0
  0
LINE
  5
56F
330
1A
100
AcDbEntity
  8
BLACK
  6
CONTINUOUS
100
AcDbLine
 10
1.2599605511811023
 20
2.3647177952755905
 30
0
 11
1.2533551181102363
 21
2.3613521653543308
 31
0
  0
LINE
  5
570
330
1A
100
AcDbEntity
  8
BLACK
  6
CONTINUOUS
100
AcDbLine
 10
1.2533551181102363
 20
2.3613521653543308
 30
0
 11
1.2463044881889764
 21
2.3590612598425196
 31
0
  0
LINE
  5
571
330
1A
100
AcDbEntity
  8
BLACK
  6
CONTINUOUS
100
AcDbLine
 10
1.2463044881889764
 20
2.3590612598425196
 30
0
 11
1.2389823228346457
 21
2.3579015354330708
 31
0
  0
LINE
  5
572
330
1A
100
AcDbEntity
  8
BLACK
  6
CONTINUOUS
100
AcDbLine
 10
1.2389823228346457
 20
2.3579015354330708
 30
0
 11
1.2315688582677164
 21
2.3579015354330708
 31
0
  0
LINE
  5
573
330
1A
100
AcDbEntity
  8
BLACK
  6
CONTINUOUS
100
AcDbLine
 10
1.2315688582677164
 20
2.3579015354330708
 30
0
 11
1.2242466929133857
 21
2.3590612598425196
 31
0
  0
LINE
  5
574
330
1A
100
AcDbEntity
  8
BLACK
  6
CONTINUOUS
100
AcDbLine
 10
1.2242466929133857
 20
2.3590612598425196
 30
0
 11
1.2171960629921259
 21
2.3613521653543308
 31
0
  0
LINE
  5
575
330
1A
100
AcDbEntity
  8
BLACK
  6
CONTINUOUS
100
AcDbLine
 10
1.2171960629921259
 20
2.3613521653543308
 30
0
 11
1.2105906299212599
 21
2.3647177952755905
 31
0
  0
LINE
  5
576
330
1A
100
AcDbEntity
  8
BLACK
  6
CONTINUOUS
100
AcDbLine
 10
1.2105906299212599
 20
2.3647177952755905
 30
0
 11
1.2045929921259841
 21
2.3690753149606301
 31
0
  0
LINE
  5
577
330
1A
100
AcDbEntity
  8
BLACK
  6
CONTINUOUS
100
AcDbLine
 10
1.2045929921259841
 20
2.3690753149606301
 30
0
 11
1.199350905511811
 21
2.3743174015748032
 31
0
  0
LINE
  5
578
330
1A
100
AcDbEntity
  8
BLACK
  6
CONTINUOUS
100
AcDbLine
 10
1.199350905511811
 20
2.3743174015748032
 30
0
 11
1.1949933858267716
 21
2.3803150393700787
 31
0
  0
LINE
  5
579
330
1A
100
AcDbEntity
  8
BLACK
  6
CONTINUOUS
100
AcDbLine
 10
1.1949933858267716
 20
2.3803150393700787
 30
0
 11
1.1916277559055117
 21
2.386920472440945
 31
0
  0
LINE
  5
57A
330
1A
100
AcDbEntity
  8
BLACK
  6
CONTINUOUS
100
AcDbLine
 10
1.1916277559055117
 20
2.386920472440945
 30
0
 11
1.1893368503937007
 21
2.3939711023622046
 31
0
  0
LINE
  5
57B
330
1A
100
AcDbEntity
  8
BLACK
  6
CONTINUOUS
100
AcDbLine
 10
1.1893368503937007
 20
2.3939711023622046
 30
0
 11
1.188177125984252
 21
2.4012932677165355
 31
0
  0
LINE
  5
57C
330
1A
100
AcDbEntity
  8
BLACK
  6
CONTINUOUS
100
AcDbLine
 10
1.188177125984252
 20
2.4012932677165355
 30
0
 11
1.188177125984252
 21
2.4087067322834645
 31
0
  0
LINE
  5
57D
330
1A
100
AcDbEntity
  8
BLACK
  6
CONTINUOUS
100
AcDbLine
 10
1.188177125984252
 20
2.4087067322834645
 30
0
 11
1.1893368503937007
 21
2.416028897637795
 31
0
  0
LINE
  5
57E
330
1A
100
AcDbEntity
  8
BLACK
  6
CONTINUOUS
100
AcDbLine
 10
1.1893368503937007
 20
2.416028897637795
 30
0
 11
1.1916277559055117
 21
2.4230795275590551
 31
0
  0
LINE
  5
57F
330
1A
100
AcDbEntity
  8
BLACK
  6
CONTINUOUS
100
AcDbLine
 10
1.1916277559055117
 20
2.4230795275590551
 30
0
 11
1.1949933858267716
 21
2.4296849606299213
 31
0
  0
LINE
  5
580
330
1A
100
AcDbEntity
  8
BLACK
  6
CONTINUOUS
100
AcDbLine
 10
1.1949933858267716
 20
2.4296849606299213
 30
0
 11
1.199350905511811
 21
2.4356825984251969
 31
0
  0
LINE
  5
581
330
1A
100
AcDbEntity
  8
BLACK
  6
CONTINUOUS
100
AcDbLine
 10
1.199350905511811
 20
2.4356825984251969
 30
0
 11
1.2045929921259841
 21
2.44092468503937
 31
0
  0
LINE
  5
582
330
1A
100
AcDbEntity
  8
BLACK
  6
CONTINUOUS
100
AcDbLine
 10
1.2045929921259841
 20
2.44092468503937
 30
0
 11
1.2105906299212599
 21
2.4452822047244096
 31
0
  0
LINE
  5
583
330
1A
100
AcDbEntity
  8
BLACK
  6
CONTINUOUS
100
AcDbLine
 10
1.2105906299212599
 20
2.4452822047244096
 30
0
 11
1.2171960629921259
 21
2.4486478346456693
 31
0
  0
LINE
  5
584
330
1A
100
AcDbEntity
  8
BLACK
  6
CONTINUOUS
100
AcDbLine
 10
1.2171960629921259
 20
2.4486478346456693
 30
0
 11
1.2242466929133857
 21
2.4509387401574805
 31
0
  0
LINE
  5
585
330
1A
100
AcDbEntity
  8
BLACK
  6
CONTINUOUS
100
AcDbLine
 10
1.2242466929133857
 20
2.4509387401574805
 30
0
 11
1.2315688582677164
 21
2.4520984645669293
 31
0
  0
LINE
  5
586
330
1A
100
AcDbEntity
  8
BLACK
  6
CONTINUOUS
100
AcDbLine
 10
1.2315688582677164
 20
2.4520984645669293
 30
0
 11
1.2389823228346457
 21
2.4520984645669293
 31
0
  0
LINE
  5
587
330
1A
100
AcDbEntity
  8
BLACK
  6
CONTINUOUS
100
AcDbLine
 10
1.2389823228346457
 20
2.4520984645669293
 30
0
 11
1.2463044881889764
 21
2.4509387401574805
 31
0
  0
LINE
  5
588
330
1A
100
AcDbEntity
  8
BLACK
  6
CONTINUOUS
100
AcDbLine
 10
-1.9702157874015747
 20
2.7414414566929133
 30
0
 11
-1.9573028740157481
 21
2.7384941732283465
 31
0
  0
LINE
  5
589
330
1A
100
AcDbEntity
  8
BLACK
  6
CONTINUOUS
100
AcDbLine
 10
-1.9573028740157481
 20
2.7384941732283465
 30
0
 11
-1.9448011811023622
 21
2.7341196456692911
 31
0
  0
LINE
  5
58A
330
1A
100
AcDbEntity
  8
BLACK
  6
CONTINUOUS
100
AcDbLine
 10
-1.9448011811023622
 20
2.7341196456692911
 30
0
 11
-1.9328678346456694
 21
2.7283728346456693
 31
0
  0
LINE
  5
58B
330
1A
100
AcDbEntity
  8
BLACK
  6
CONTINUOUS
100
AcDbLine
 10
-1.9328678346456694
 20
2.7283728346456693
 30
0
 11
-1.9216529921259842
 21
2.7213261023622048
 31
0
  0
LINE
  5
58C
330
1A
100
AcDbEntity
  8
BLACK
  6
CONTINUOUS
100
AcDbLine
 10
-1.9216529921259842
 20
2.7213261023622048
 30
0
 11
-1.9112976377952755
 21
2.7130679527559054
 31
0
  0
LINE
  5
58D
330
1A
100
AcDbEntity
  8
BLACK
  6
CONTINUOUS
100
AcDbLine
 10
-1.9112976377952755
 20
2.7130679527559054
 30
0
 11
-1.9019320472440944
 21
2.7037023622047243
 31
0
  0
LINE
  5
58E
330
1A
100
AcDbEntity
  8
BLACK
  6
CONTINUOUS
100
AcDbLine
 10
-1.9019320472440944
 20
2.7037023622047243
 30
0
 11
-1.8936738976377951
 21
2.6933470078740158
 31
0
  0
LINE
  5
58F
330
1A
100
AcDbEntity
  8
BLACK
  6
CONTINUOUS
100
AcDbLine
 10
-1.8936738976377951
 20
2.6933470078740158
 30
0
 11
-1.8866271653543307
 21
2.6821321653543309
 31
0
  0
LINE
  5
590
330
1A
100
AcDbEntity
  8
BLACK
  6
CONTINUOUS
100
AcDbLine
 10
-1.8866271653543307
 20
2.6821321653543309
 30
0
 11
-1.8808803543307087
 21
2.6701988188976378
 31
0
  0
LINE
  5
591
330
1A
100
AcDbEntity
  8
BLACK
  6
CONTINUOUS
100
AcDbLine
 10
-1.8808803543307087
 20
2.6701988188976378
 30
0
 11
-1.8765058267716535
 21
2.6576971259842521
 31
0
  0
LINE
  5
592
330
1A
100
AcDbEntity
  8
BLACK
  6
CONTINUOUS
100
AcDbLine
 10
-1.8765058267716535
 20
2.6576971259842521
 30
0
 11
-1.8735585433070865
 21
2.6447842125984251
 31
0
  0
LINE
  5
593
330
1A
100
AcDbEntity
  8
BLACK
  6
CONTINUOUS
100
AcDbLine
 10
-1.8735585433070865
 20
2.6447842125984251
 30
0
 11
-1.872075590551181
 21
2.6316224803149604
 31
0
  0
LINE
  5
594
330
1A
100
AcDbEntity
  8
BLACK
  6
CONTINUOUS
100
AcDbLine
 10
-1.872075590551181
 20
2.6316224803149604
 30
0
 11
-1.872075590551181
 21
2.6183775196850392
 31
0
  0
LINE
  5
595
330
1A
100
AcDbEntity
  8
BLACK
  6
CONTINUOUS
100
AcDbLine
 10
-1.872075590551181
 20
2.6183775196850392
 30
0
 11
-1.8735585433070865
 21
2.6052157874015749
 31
0
  0
LINE
  5
596
330
1A
100
AcDbEntity
  8
BLACK
  6
CONTINUOUS
100
AcDbLine
 10
-1.8735585433070865
 20
2.6052157874015749
 30
0
 11
-1.8765058267716535
 21
2.5923028740157479
 31
0
  0
LINE
  5
597
330
1A
100
AcDbEntity
  8
BLACK
  6
CONTINUOUS
100
AcDbLine
 10
-1.8765058267716535
 20
2.5923028740157479
 30
0
 11
-1.8808803543307087
 21
2.5798011811023622
 31
0
  0
LINE
  5
598
330
1A
100
AcDbEntity
  8
BLACK
  6
CONTINUOUS
100
AcDbLine
 10
-1.8808803543307087
 20
2.5798011811023622
 30
0
 11
-1.8866271653543307
 21
2.5678678346456691
 31
0
  0
LINE
  5
599
330
1A
100
AcDbEntity
  8
BLACK
  6
CONTINUOUS
100
AcDbLine
 10
-1.8866271653543307
 20
2.5678678346456691
 30
0
 11
-1.8936738976377951
 21
2.5566529921259842
 31
0
  0
LINE
  5
59A
330
1A
100
AcDbEntity
  8
BLACK
  6
CONTINUOUS
100
AcDbLine
 10
-1.8936738976377951
 20
2.5566529921259842
 30
0
 11
-1.9019320472440944
 21
2.5462976377952757
 31
0
  0
LINE
  5
59B
330
1A
100
AcDbEntity
  8
BLACK
  6
CONTINUOUS
100
AcDbLine
 10
-1.9019320472440944
 20
2.5462976377952757
 30
0
 11
-1.9112976377952755
 21
2.5369320472440946
 31
0
  0
LINE
  5
59C
330
1A
100
AcDbEntity
  8
BLACK
  6
CONTINUOUS
100
AcDbLine
 10
-1.9112976377952755
 20
2.5369320472440946
 30
0
 11
-1.9216529921259842
 21
2.5286738976377952
 31
0
  0
LINE
  5
59D
330
1A
100
AcDbEntity
  8
BLACK
  6
CONTINUOUS
100
AcDbLine
 10
-1.9216529921259842
 20
2.5286738976377952
 30
0
 11
-1.9328678346456694
 21
2.5216271653543307
 31
0
  0
LINE
  5
59E
330
1A
100
AcDbEntity
  8
BLACK
  6
CONTINUOUS
100
AcDbLine
 10
-1.9328678346456694
 20
2.5216271653543307
 30
0
 11
-1.9448011811023622
 21
2.5158803543307084
 31
0
  0
LINE
  5
59F
330
1A
100
AcDbEntity
  8
BLACK
  6
CONTINUOUS
100
AcDbLine
 10
-1.9448011811023622
 20
2.5158803543307084
 30
0
 11
-1.9573028740157481
 21
2.5115058267716535
 31
0
  0
LINE
  5
5A0
330
1A
100
AcDbEntity
  8
BLACK
  6
CONTINUOUS
100
AcDbLine
 10
-1.9573028740157481
 20
2.5115058267716535
 30
0
 11
-1.9702157874015747
 21
2.5085585433070867
 31
0
  0
LINE
  5
5A1
330
1A
100
AcDbEntity
  8
BLACK
  6
CONTINUOUS
100
AcDbLine
 10
-1.9702157874015747
 20
2.5085585433070867
 30
0
 11
-1.9833775196850394
 21
2.5070755905511812
 31
0
  0
LINE
  5
5A2
330
1A
100
AcDbEntity
  8
BLACK
  6
CONTINUOUS
100
AcDbLine
 10
-1.9833775196850394
 20
2.5070755905511812
 30
0
 11
-1.9966224803149606
 21
2.5070755905511812
 31
0
  0
LINE
  5
5A3
330
1A
100
AcDbEntity
  8
BLACK
  6
CONTINUOUS
100
AcDbLine
 10
-1.9966224803149606
 20
2.5070755905511812
 30
0
 11
-2.0097842125984253
 21
2.5085585433070867
 31
0
  0
LINE
  5
5A4
330
1A
100
AcDbEntity
  8
BLACK
  6
CONTINUOUS
100
AcDbLine
 10
-2.0097842125984253
 20
2.5085585433070867
 30
0
 11
-2.0226971259842519
 21
2.5115058267716535
 31
0
  0
LINE
  5
5A5
330
1A
100
AcDbEntity
  8
BLACK
  6
CONTINUOUS
100
AcDbLine
 10
-2.0226971259842519
 20
2.5115058267716535
 30
0
 11
-2.0351988188976375
 21
2.5158803543307084
 31
0
  0
LINE
  5
5A6
330
1A
100
AcDbEntity
  8
BLACK
  6
CONTINUOUS
100
AcDbLine
 10
-2.0351988188976375
 20
2.5158803543307084
 30
0
 11
-2.0471321653543306
 21
2.5216271653543307
 31
0
  0
LINE
  5
5A7
330
1A
100
AcDbEntity
  8
BLACK
  6
CONTINUOUS
100
AcDbLine
 10
-2.0471321653543306
 20
2.5216271653543307
 30
0
 11
-2.0583470078740156
 21
2.5286738976377952
 31
0
  0
LINE
  5
5A8
330
1A
100
AcDbEntity
  8
BLACK
  6
CONTINUOUS
100
AcDbLine
 10
-2.0583470078740156
 20
2.5286738976377952
 30
0
 11
-2.0687023622047245
 21
2.5369320472440946
 31
0
  0
LINE
  5
5A9
330
1A
100
AcDbEntity
  8
BLACK
  6
CONTINUOUS
100
AcDbLine
 10
-2.0687023622047245
 20
2.5369320472440946
 30
0
 11
-2.0780679527559056
 21
2.5462976377952757
 31
0
  0
LINE
  5
5AA
330
1A
100
AcDbEntity
  8
BLACK
  6
CONTINUOUS
100
AcDbLine
 10
-2.0780679527559056
 20
2.5462976377952757
 30
0
 11
-2.0863261023622046
 21
2.5566529921259842
 31
0
  0
LINE
  5
5AB
330
1A
100
AcDbEntity
  8
BLACK
  6
CONTINUOUS
100
AcDbLine
 10
-2.0863261023622046
 20
2.5566529921259842
 30
0
 11
-2.093372834645669
 21
2.5678678346456691
 31
0
  0
LINE
  5
5AC
330
1A
100
AcDbEntity
  8
BLACK
  6
CONTINUOUS
100
AcDbLine
 10
-2.093372834645669
 20
2.5678678346456691
 30
0
 11
-2.0991196456692913
 21
2.5798011811023622
 31
0
  0
LINE
  5
5AD
330
1A
100
AcDbEntity
  8
BLACK
  6
CONTINUOUS
100
AcDbLine
 10
-2.0991196456692913
 20
2.5798011811023622
 30
0
 11
-2.1034941732283463
 21
2.5923028740157479
 31
0
  0
LINE
  5
5AE
330
1A
100
AcDbEntity
  8
BLACK
  6
CONTINUOUS
100
AcDbLine
 10
-2.1034941732283463
 20
2.5923028740157479
 30
0
 11
-2.1064414566929135
 21
2.6052157874015749
 31
0
  0
LINE
  5
5AF
330
1A
100
AcDbEntity
  8
BLACK
  6
CONTINUOUS
100
AcDbLine
 10
-2.1064414566929135
 20
2.6052157874015749
 30
0
 11
-2.107924409448819
 21
2.6183775196850392
 31
0
  0
LINE
  5
5B0
330
1A
100
AcDbEntity
  8
BLACK
  6
CONTINUOUS
100
AcDbLine
 10
-2.107924409448819
 20
2.6183775196850392
 30
0
 11
-2.107924409448819
 21
2.6316224803149604
 31
0
  0
LINE
  5
5B1
330
1A
100
AcDbEntity
  8
BLACK
  6
CONTINUOUS
100
AcDbLine
 10
-2.107924409448819
 20
2.6316224803149604
 30
0
 11
-2.1064414566929135
 21
2.6447842125984251
 31
0
  0
LINE
  5
5B2
330
1A
100
AcDbEntity
  8
BLACK
  6
CONTINUOUS
100
AcDbLine
 10
-2.1064414566929135
 20
2.6447842125984251
 30
0
 11
-2.1034941732283463
 21
2.6576971259842521
 31
0
  0
LINE
  5
5B3
330
1A
100
AcDbEntity
  8
BLACK
  6
CONTINUOUS
100
AcDbLine
 10
-2.1034941732283463
 20
2.6576971259842521
 30
0
 11
-2.0991196456692913
 21
2.6701988188976378
 31
0
  0
LINE
  5
5B4
330
1A
100
AcDbEntity
  8
BLACK
  6
CONTINUOUS
100
AcDbLine
 10
-2.0991196456692913
 20
2.6701988188976378
 30
0
 11
-2.093372834645669
 21
2.6821321653543309
 31
0
  0
LINE
  5
5B5
330
1A
100
AcDbEntity
  8
BLACK
  6
CONTINUOUS
100
AcDbLine
 10
-2.093372834645669
 20
2.6821321653543309
 30
0
 11
-2.0863261023622046
 21
2.6933470078740158
 31
0
  0
LINE
  5
5B6
330
1A
100
AcDbEntity
  8
BLACK
  6
CONTINUOUS
100
AcDbLine
 10
-2.0863261023622046
 20
2.6933470078740158
 30
0
 11
-2.0780679527559056
 21
2.7037023622047243
 31
0
  0
LINE
  5
5B7
330
1A
100
AcDbEntity
  8
BLACK
  6
CONTINUOUS
100
AcDbLine
 10
-2.0780679527559056
 20
2.7037023622047243
 30
0
 11
-2.0687023622047245
 21
2.7130679527559054
 31
0
  0
LINE
  5
5B8
330
1A
100
AcDbEntity
  8
BLACK
  6
CONTINUOUS
100
AcDbLine
 10
-2.0687023622047245
 20
2.7130679527559054
 30
0
 11
-2.0583470078740156
 21
2.7213261023622048
 31
0
  0
LINE
  5
5B9
330
1A
100
AcDbEntity
  8
BLACK
  6
CONTINUOUS
100
AcDbLine
 10
-2.0583470078740156
 20
2.7213261023622048
 30
0
 11
-2.0471321653543306
 21
2.7283728346456693
 31
0
  0
LINE
  5
5BA
330
1A
100
AcDbEntity
  8
BLACK
  6
CONTINUOUS
100
AcDbLine
 10
-2.0471321653543306
 20
2.7283728346456693
 30
0
 11
-2.0351988188976375
 21
2.7341196456692911
 31
0
  0
LINE
  5
5BB
330
1A
100
AcDbEntity
  8
BLACK
  6
CONTINUOUS
100
AcDbLine
 10
-2.0351988188976375
 20
2.7341196456692911
 30
0
 11
-2.0226971259842519
 21
2.7384941732283465
 31
0
  0
LINE
  5
5BC
330
1A
100
AcDbEntity
  8
BLACK
  6
CONTINUOUS
100
AcDbLine
 10
-2.0226971259842519
 20
2.7384941732283465
 30
0
 11
-2.0097842125984253
 21
2.7414414566929133
 31
0
  0
LINE
  5
5BD
330
1A
100
AcDbEntity
  8
BLACK
  6
CONTINUOUS
100
AcDbLine
 10
-2.0097842125984253
 20
2.7414414566929133
 30
0
 11
-1.9966224803149606
 21
2.7429244094488188
 31
0
  0
LINE
  5
5BE
330
1A
100
AcDbEntity
  8
BLACK
  6
CONTINUOUS
100
AcDbLine
 10
-1.9966224803149606
 20
2.7429244094488188
 30
0
 11
-1.9833775196850394
 21
2.7429244094488188
 31
0
  0
LINE
  5
5BF
330
1A
100
AcDbEntity
  8
BLACK
  6
CONTINUOUS
100
AcDbLine
 10
-1.9833775196850394
 20
2.7429244094488188
 30
0
 11
-1.9702157874015747
 21
2.7414414566929133
 31
0
  0
LINE
  5
5C0
330
1A
100
AcDbEntity
  8
BLACK
  6
CONTINUOUS
100
AcDbLine
 10
1.6297842125984252
 20
2.7414414566929133
 30
0
 11
1.642697125984252
 21
2.7384941732283465
 31
0
  0
LINE
  5
5C1
330
1A
100
AcDbEntity
  8
BLACK
  6
CONTINUOUS
100
AcDbLine
 10
1.642697125984252
 20
2.7384941732283465
 30
0
 11
1.6551988188976376
 21
2.7341196456692911
 31
0
  0
LINE
  5
5C2
330
1A
100
AcDbEntity
  8
BLACK
  6
CONTINUOUS
100
AcDbLine
 10
1.6551988188976376
 20
2.7341196456692911
 30
0
 11
1.6671321653543307
 21
2.7283728346456693
 31
0
  0
LINE
  5
5C3
330
1A
100
AcDbEntity
  8
BLACK
  6
CONTINUOUS
100
AcDbLine
 10
1.6671321653543307
 20
2.7283728346456693
 30
0
 11
1.6783470078740157
 21
2.7213261023622048
 31
0
  0
LINE
  5
5C4
330
1A
100
AcDbEntity
  8
BLACK
  6
CONTINUOUS
100
AcDbLine
 10
1.6783470078740157
 20
2.7213261023622048
 30
0
 11
1.6887023622047244
 21
2.7130679527559054
 31
0
  0
LINE
  5
5C5
330
1A
100
AcDbEntity
  8
BLACK
  6
CONTINUOUS
100
AcDbLine
 10
1.6887023622047244
 20
2.7130679527559054
 30
0
 11
1.6980679527559055
 21
2.7037023622047243
 31
0
  0
LINE
  5
5C6
330
1A
100
AcDbEntity
  8
BLACK
  6
CONTINUOUS
100
AcDbLine
 10
1.6980679527559055
 20
2.7037023622047243
 30
0
 11
1.7063261023622047
 21
2.6933470078740158
 31
0
  0
LINE
  5
5C7
330
1A
100
AcDbEntity
  8
BLACK
  6
CONTINUOUS
100
AcDbLine
 10
1.7063261023622047
 20
2.6933470078740158
 30
0
 11
1.7133728346456694
 21
2.6821321653543309
 31
0
  0
LINE
  5
5C8
330
1A
100
AcDbEntity
  8
BLACK
  6
CONTINUOUS
100
AcDbLine
 10
1.7133728346456694
 20
2.6821321653543309
 30
0
 11
1.7191196456692912
 21
2.6701988188976378
 31
0
  0
LINE
  5
5C9
330
1A
100
AcDbEntity
  8
BLACK
  6
CONTINUOUS
100
AcDbLine
 10
1.7191196456692912
 20
2.6701988188976378
 30
0
 11
1.7234941732283464
 21
2.6576971259842521
 31
0
  0
LINE
  5
5CA
330
1A
100
AcDbEntity
  8
BLACK
  6
CONTINUOUS
100
AcDbLine
 10
1.7234941732283464
 20
2.6576971259842521
 30
0
 11
1.7264414566929134
 21
2.6447842125984251
 31
0
  0
LINE
  5
5CB
330
1A
100
AcDbEntity
  8
BLACK
  6
CONTINUOUS
100
AcDbLine
 10
1.7264414566929134
 20
2.6447842125984251
 30
0
 11
1.7279244094488189
 21
2.6316224803149604
 31
0
  0
LINE
  5
5CC
330
1A
100
AcDbEntity
  8
BLACK
  6
CONTINUOUS
100
AcDbLine
 10
1.7279244094488189
 20
2.6316224803149604
 30
0
 11
1.7279244094488189
 21
2.6183775196850392
 31
0
  0
LINE
  5
5CD
330
1A
100
AcDbEntity
  8
BLACK
  6
CONTINUOUS
100
AcDbLine
 10
1.7279244094488189
 20
2.6183775196850392
 30
0
 11
1.7264414566929134
 21
2.6052157874015749
 31
0
  0
LINE
  5
5CE
330
1A
100
AcDbEntity
  8
BLACK
  6
CONTINUOUS
100
AcDbLine
 10
1.7264414566929134
 20
2.6052157874015749
 30
0
 11
1.7234941732283464
 21
2.5923028740157479
 31
0
  0
LINE
  5
5CF
330
1A
100
AcDbEntity
  8
BLACK
  6
CONTINUOUS
100
AcDbLine
 10
1.7234941732283464
 20
2.5923028740157479
 30
0
 11
1.7191196456692912
 21
2.5798011811023622
 31
0
  0
LINE
  5
5D0
330
1A
100
AcDbEntity
  8
BLACK
  6
CONTINUOUS
100
AcDbLine
 10
1.7191196456692912
 20
2.5798011811023622
 30
0
 11
1.7133728346456694
 21
2.5678678346456691
 31
0
  0
LINE
  5
5D1
330
1A
100
AcDbEntity
  8
BLACK
  6
CONTINUOUS
100
AcDbLine
 10
1.7133728346456694
 20
2.5678678346456691
 30
0
 11
1.7063261023622047
 21
2.5566529921259842
 31
0
  0
LINE
  5
5D2
330
1A
100
AcDbEntity
  8
BLACK
  6
CONTINUOUS
100
AcDbLine
 10
1.7063261023622047
 20
2.5566529921259842
 30
0
 11
1.6980679527559055
 21
2.5462976377952757
 31
0
  0
LINE
  5
5D3
330
1A
100
AcDbEntity
  8
BLACK
  6
CONTINUOUS
100
AcDbLine
 10
1.6980679527559055
 20
2.5462976377952757
 30
0
 11
1.6887023622047244
 21
2.5369320472440946
 31
0
  0
LINE
  5
5D4
330
1A
100
AcDbEntity
  8
BLACK
  6
CONTINUOUS
100
AcDbLine
 10
1.6887023622047244
 20
2.5369320472440946
 30
0
 11
1.6783470078740157
 21
2.5286738976377952
 31
0
  0
LINE
  5
5D5
330
1A
100
AcDbEntity
  8
BLACK
  6
CONTINUOUS
100
AcDbLine
 10
1.6783470078740157
 20
2.5286738976377952
 30
0
 11
1.6671321653543307
 21
2.5216271653543307
 31
0
  0
LINE
  5
5D6
330
1A
100
AcDbEntity
  8
BLACK
  6
CONTINUOUS
100
AcDbLine
 10
1.6671321653543307
 20
2.5216271653543307
 30
0
 11
1.6551988188976376
 21
2.5158803543307084
 31
0
  0
LINE
  5
5D7
330
1A
100
AcDbEntity
  8
BLACK
  6
CONTINUOUS
100
AcDbLine
 10
1.6551988188976376
 20
2.5158803543307084
 30
0
 11
1.642697125984252
 21
2.5115058267716535
 31
0
  0
LINE
  5
5D8
330
1A
100
AcDbEntity
  8
BLACK
  6
CONTINUOUS
100
AcDbLine
 10
1.642697125984252
 20
2.5115058267716535
 30
0
 11
1.6297842125984252
 21
2.5085585433070867
 31
0
  0
LINE
  5
5D9
330
1A
100
AcDbEntity
  8
BLACK
  6
CONTINUOUS
100
AcDbLine
 10
1.6297842125984252
 20
2.5085585433070867
 30
0
 11
1.6166224803149607
 21
2.5070755905511812
 31
0
  0
LINE
  5
5DA
330
1A
100
AcDbEntity
  8
BLACK
  6
CONTINUOUS
100
AcDbLine
 10
1.6166224803149607
 20
2.5070755905511812
 30
0
 11
1.6033775196850393
 21
2.5070755905511812
 31
0
  0
LINE
  5
5DB
330
1A
100
AcDbEntity
  8
BLACK
  6
CONTINUOUS
100
AcDbLine
 10
1.6033775196850393
 20
2.5070755905511812
 30
0
 11
1.5902157874015748
 21
2.5085585433070867
 31
0
  0
LINE
  5
5DC
330
1A
100
AcDbEntity
  8
BLACK
  6
CONTINUOUS
100
AcDbLine
 10
1.5902157874015748
 20
2.5085585433070867
 30
0
 11
1.577302874015748
 21
2.5115058267716535
 31
0
  0
LINE
  5
5DD
330
1A
100
AcDbEntity
  8
BLACK
  6
CONTINUOUS
100
AcDbLine
 10
1.577302874015748
 20
2.5115058267716535
 30
0
 11
1.5648011811023621
 21
2.5158803543307084
 31
0
  0
LINE
  5
5DE
330
1A
100
AcDbEntity
  8
BLACK
  6
CONTINUOUS
100
AcDbLine
 10
1.5648011811023621
 20
2.5158803543307084
 30
0
 11
1.5528678346456692
 21
2.5216271653543307
 31
0
  0
LINE
  5
5DF
330
1A
100
AcDbEntity
  8
BLACK
  6
CONTINUOUS
100
AcDbLine
 10
1.5528678346456692
 20
2.5216271653543307
 30
0
 11
1.5416529921259843
 21
2.5286738976377952
 31
0
  0
LINE
  5
5E0
330
1A
100
AcDbEntity
  8
BLACK
  6
CONTINUOUS
100
AcDbLine
 10
1.5416529921259843
 20
2.5286738976377952
 30
0
 11
1.5312976377952756
 21
2.5369320472440946
 31
0
  0
LINE
  5
5E1
330
1A
100
AcDbEntity
  8
BLACK
  6
CONTINUOUS
100
AcDbLine
 10
1.5312976377952756
 20
2.5369320472440946
 30
0
 11
1.5219320472440945
 21
2.5462976377952757
 31
0
  0
LINE
  5
5E2
330
1A
100
AcDbEntity
  8
BLACK
  6
CONTINUOUS
100
AcDbLine
 10
1.5219320472440945
 20
2.5462976377952757
 30
0
 11
1.5136738976377953
 21
2.5566529921259842
 31
0
  0
LINE
  5
5E3
330
1A
100
AcDbEntity
  8
BLACK
  6
CONTINUOUS
100
AcDbLine
 10
1.5136738976377953
 20
2.5566529921259842
 30
0
 11
1.5066271653543306
 21
2.5678678346456691
 31
0
  0
LINE
  5
5E4
330
1A
100
AcDbEntity
  8
BLACK
  6
CONTINUOUS
100
AcDbLine
 10
1.5066271653543306
 20
2.5678678346456691
 30
0
 11
1.5008803543307085
 21
2.5798011811023622
 31
0
  0
LINE
  5
5E5
330
1A
100
AcDbEntity
  8
BLACK
  6
CONTINUOUS
100
AcDbLine
 10
1.5008803543307085
 20
2.5798011811023622
 30
0
 11
1.4965058267716536
 21
2.5923028740157479
 31
0
  0
LINE
  5
5E6
330
1A
100
AcDbEntity
  8
BLACK
  6
CONTINUOUS
100
AcDbLine
 10
1.4965058267716536
 20
2.5923028740157479
 30
0
 11
1.4935585433070866
 21
2.6052157874015749
 31
0
  0
LINE
  5
5E7
330
1A
100
AcDbEntity
  8
BLACK
  6
CONTINUOUS
100
AcDbLine
 10
1.4935585433070866
 20
2.6052157874015749
 30
0
 11
1.4920755905511811
 21
2.6183775196850392
 31
0
  0
LINE
  5
5E8
330
1A
100
AcDbEntity
  8
BLACK
  6
CONTINUOUS
100
AcDbLine
 10
1.4920755905511811
 20
2.6183775196850392
 30
0
 11
1.4920755905511811
 21
2.6316224803149604
 31
0
  0
LINE
  5
5E9
330
1A
100
AcDbEntity
  8
BLACK
  6
CONTINUOUS
100
AcDbLine
 10
1.4920755905511811
 20
2.6316224803149604
 30
0
 11
1.4935585433070866
 21
2.6447842125984251
 31
0
  0
LINE
  5
5EA
330
1A
100
AcDbEntity
  8
BLACK
  6
CONTINUOUS
100
AcDbLine
 10
1.4935585433070866
 20
2.6447842125984251
 30
0
 11
1.4965058267716536
 21
2.6576971259842521
 31
0
  0
LINE
  5
5EB
330
1A
100
AcDbEntity
  8
BLACK
  6
CONTINUOUS
100
AcDbLine
 10
1.4965058267716536
 20
2.6576971259842521
 30
0
 11
1.5008803543307085
 21
2.6701988188976378
 31
0
  0
LINE
  5
5EC
330
1A
100
AcDbEntity
  8
BLACK
  6
CONTINUOUS
100
AcDbLine
 10
1.5008803543307085
 20
2.6701988188976378
 30
0
 11
1.5066271653543306
 21
2.6821321653543309
 31
0
  0
LINE
  5
5ED
330
1A
100
AcDbEntity
  8
BLACK
  6
CONTINUOUS
100
AcDbLine
 10
1.5066271653543306
 20
2.6821321653543309
 30
0
 11
1.5136738976377953
 21
2.6933470078740158
 31
0
  0
LINE
  5
5EE
330
1A
100
AcDbEntity
  8
BLACK
  6
CONTINUOUS
100
AcDbLine
 10
1.5136738976377953
 20
2.6933470078740158
 30
0
 11
1.5219320472440945
 21
2.7037023622047243
 31
0
  0
LINE
  5
5EF
330
1A
100
AcDbEntity
  8
BLACK
  6
CONTINUOUS
100
AcDbLine
 10
1.5219320472440945
 20
2.7037023622047243
 30
0
 11
1.5312976377952756
 21
2.7130679527559054
 31
0
  0
LINE
  5
5F0
330
1A
100
AcDbEntity
  8
BLACK
  6
CONTINUOUS
100
AcDbLine
 10
1.5312976377952756
 20
2.7130679527559054
 30
0
 11
1.5416529921259843
 21
2.7213261023622048
 31
0
  0
LINE
  5
5F1
330
1A
100
AcDbEntity
  8
BLACK
  6
CONTINUOUS
100
AcDbLine
 10
1.5416529921259843
 20
2.7213261023622048
 30
0
 11
1.5528678346456692
 21
2.7283728346456693
 31
0
  0
LINE
  5
5F2
330
1A
100
AcDbEntity
  8
BLACK
  6
CONTINUOUS
100
AcDbLine
 10
1.5528678346456692
 20
2.7283728346456693
 30
0
 11
1.5648011811023621
 21
2.7341196456692911
 31
0
  0
LINE
  5
5F3
330
1A
100
AcDbEntity
  8
BLACK
  6
CONTINUOUS
100
AcDbLine
 10
1.5648011811023621
 20
2.7341196456692911
 30
0
 11
1.577302874015748
 21
2.7384941732283465
 31
0
  0
LINE
  5
5F4
330
1A
100
AcDbEntity
  8
BLACK
  6
CONTINUOUS
100
AcDbLine
 10
1.577302874015748
 20
2.7384941732283465
 30
0
 11
1.5902157874015748
 21
2.7414414566929133
 31
0
  0
LINE
  5
5F5
330
1A
100
AcDbEntity
  8
BLACK
  6
CONTINUOUS
100
AcDbLine
 10
1.5902157874015748
 20
2.7414414566929133
 30
0
 11
1.6033775196850393
 21
2.7429244094488188
 31
0
  0
LINE
  5
5F6
330
1A
100
AcDbEntity
  8
BLACK
  6
CONTINUOUS
100
AcDbLine
 10
1.6033775196850393
 20
2.7429244094488188
 30
0
 11
1.6166224803149607
 21
2.7429244094488188
 31
0
  0
LINE
  5
5F7
330
1A
100
AcDbEntity
  8
BLACK
  6
CONTINUOUS
100
AcDbLine
 10
1.6166224803149607
 20
2.7429244094488188
 30
0
 11
1.6297842125984252
 21
2.7414414566929133
 31
0
  0
LINE
  5
5F8
330
1A
100
AcDbEntity
  8
BLACK
  6
CONTINUOUS
100
AcDbLine
 10
-0.1099841338582677
 20
2.6060465354330709
 30
0
 11
-0.1080682677165354
 21
2.6047663779527559
 31
0
  0
LINE
  5
5F9
330
1A
100
AcDbEntity
  8
BLACK
  6
CONTINUOUS
100
AcDbLine
 10
-0.1080682677165354
 20
2.6047663779527559
 30
0
 11
-0.1067881102362205
 21
2.6028505118110234
 31
0
  0
LINE
  5
5FA
330
1A
100
AcDbEntity
  8
BLACK
  6
CONTINUOUS
100
AcDbLine
 10
-0.1067881102362205
 20
2.6028505118110234
 30
0
 11
-0.1063385826771654
 21
2.6005905511811025
 31
0
  0
LINE
  5
5FB
330
1A
100
AcDbEntity
  8
BLACK
  6
CONTINUOUS
100
AcDbLine
 10
-0.1063385826771654
 20
2.6005905511811025
 30
0
 11
-0.1063385826771654
 21
2.5454724409448817
 31
0
  0
LINE
  5
5FC
330
1A
100
AcDbEntity
  8
BLACK
  6
CONTINUOUS
100
AcDbLine
 10
-0.1063385826771654
 20
2.5454724409448817
 30
0
 11
-0.1067881102362205
 21
2.5432124803149607
 31
0
  0
LINE
  5
5FD
330
1A
100
AcDbEntity
  8
BLACK
  6
CONTINUOUS
100
AcDbLine
 10
-0.1067881102362205
 20
2.5432124803149607
 30
0
 11
-0.1080682677165354
 21
2.5412966141732283
 31
0
  0
LINE
  5
5FE
330
1A
100
AcDbEntity
  8
BLACK
  6
CONTINUOUS
100
AcDbLine
 10
-0.1080682677165354
 20
2.5412966141732283
 30
0
 11
-0.1099841338582677
 21
2.5400164566929133
 31
0
  0
LINE
  5
5FF
330
1A
100
AcDbEntity
  8
BLACK
  6
CONTINUOUS
100
AcDbLine
 10
-0.1099841338582677
 20
2.5400164566929133
 30
0
 11
-0.112244094488189
 21
2.5395669291338581
 31
0
  0
LINE
  5
600
330
1A
100
AcDbEntity
  8
BLACK
  6
CONTINUOUS
100
AcDbLine
 10
-0.112244094488189
 20
2.5395669291338581
 30
0
 11
-0.1240551181102362
 21
2.5395669291338581
 31
0
  0
LINE
  5
601
330
1A
100
AcDbEntity
  8
BLACK
  6
CONTINUOUS
100
AcDbLine
 10
-0.1240551181102362
 20
2.5395669291338581
 30
0
 11
-0.1263150787401575
 21
2.5400164566929133
 31
0
  0
LINE
  5
602
330
1A
100
AcDbEntity
  8
BLACK
  6
CONTINUOUS
100
AcDbLine
 10
-0.1263150787401575
 20
2.5400164566929133
 30
0
 11
-0.1282309448818898
 21
2.5412966141732283
 31
0
  0
LINE
  5
603
330
1A
100
AcDbEntity
  8
BLACK
  6
CONTINUOUS
100
AcDbLine
 10
-0.1282309448818898
 20
2.5412966141732283
 30
0
 11
-0.1295111023622047
 21
2.5432124803149607
 31
0
  0
LINE
  5
604
330
1A
100
AcDbEntity
  8
BLACK
  6
CONTINUOUS
100
AcDbLine
 10
-0.1295111023622047
 20
2.5432124803149607
 30
0
 11
-0.1299606299212598
 21
2.5454724409448817
 31
0
  0
LINE
  5
605
330
1A
100
AcDbEntity
  8
BLACK
  6
CONTINUOUS
100
AcDbLine
 10
-0.1299606299212598
 20
2.5454724409448817
 30
0
 11
-0.1299606299212598
 21
2.6005905511811025
 31
0
  0
LINE
  5
606
330
1A
100
AcDbEntity
  8
BLACK
  6
CONTINUOUS
100
AcDbLine
 10
-0.1299606299212598
 20
2.6005905511811025
 30
0
 11
-0.1295111023622047
 21
2.6028505118110234
 31
0
  0
LINE
  5
607
330
1A
100
AcDbEntity
  8
BLACK
  6
CONTINUOUS
100
AcDbLine
 10
-0.1295111023622047
 20
2.6028505118110234
 30
0
 11
-0.1282309448818898
 21
2.6047663779527559
 31
0
  0
LINE
  5
608
330
1A
100
AcDbEntity
  8
BLACK
  6
CONTINUOUS
100
AcDbLine
 10
-0.1282309448818898
 20
2.6047663779527559
 30
0
 11
-0.1263150787401575
 21
2.6060465354330709
 31
0
  0
LINE
  5
609
330
1A
100
AcDbEntity
  8
BLACK
  6
CONTINUOUS
100
AcDbLine
 10
-0.1263150787401575
 20
2.6060465354330709
 30
0
 11
-0.1240551181102362
 21
2.6064960629921261
 31
0
  0
LINE
  5
60A
330
1A
100
AcDbEntity
  8
BLACK
  6
CONTINUOUS
100
AcDbLine
 10
-0.1240551181102362
 20
2.6064960629921261
 30
0
 11
-0.112244094488189
 21
2.6064960629921261
 31
0
  0
LINE
  5
60B
330
1A
100
AcDbEntity
  8
BLACK
  6
CONTINUOUS
100
AcDbLine
 10
-0.112244094488189
 20
2.6064960629921261
 30
0
 11
-0.1099841338582677
 21
2.6060465354330709
 31
0
  0
LINE
  5
60C
330
1A
100
AcDbEntity
  8
BLACK
  6
CONTINUOUS
100
AcDbLine
 10
-0.0607715354330709
 20
2.6060465354330709
 30
0
 11
-0.0588556692913386
 21
2.6047663779527559
 31
0
  0
LINE
  5
60D
330
1A
100
AcDbEntity
  8
BLACK
  6
CONTINUOUS
100
AcDbLine
 10
-0.0588556692913386
 20
2.6047663779527559
 30
0
 11
-0.0575755118110236
 21
2.6028505118110234
 31
0
  0
LINE
  5
60E
330
1A
100
AcDbEntity
  8
BLACK
  6
CONTINUOUS
100
AcDbLine
 10
-0.0575755118110236
 20
2.6028505118110234
 30
0
 11
-0.0571259842519685
 21
2.6005905511811025
 31
0
  0
LINE
  5
60F
330
1A
100
AcDbEntity
  8
BLACK
  6
CONTINUOUS
100
AcDbLine
 10
-0.0571259842519685
 20
2.6005905511811025
 30
0
 11
-0.0571259842519685
 21
2.5454724409448817
 31
0
  0
LINE
  5
610
330
1A
100
AcDbEntity
  8
BLACK
  6
CONTINUOUS
100
AcDbLine
 10
-0.0571259842519685
 20
2.5454724409448817
 30
0
 11
-0.0575755118110236
 21
2.5432124803149607
 31
0
  0
LINE
  5
611
330
1A
100
AcDbEntity
  8
BLACK
  6
CONTINUOUS
100
AcDbLine
 10
-0.0575755118110236
 20
2.5432124803149607
 30
0
 11
-0.0588556692913386
 21
2.5412966141732283
 31
0
  0
LINE
  5
612
330
1A
100
AcDbEntity
  8
BLACK
  6
CONTINUOUS
100
AcDbLine
 10
-0.0588556692913386
 20
2.5412966141732283
 30
0
 11
-0.0607715354330709
 21
2.5400164566929133
 31
0
  0
LINE
  5
613
330
1A
100
AcDbEntity
  8
BLACK
  6
CONTINUOUS
100
AcDbLine
 10
-0.0607715354330709
 20
2.5400164566929133
 30
0
 11
-0.0630314960629921
 21
2.5395669291338581
 31
0
  0
LINE
  5
614
330
1A
100
AcDbEntity
  8
BLACK
  6
CONTINUOUS
100
AcDbLine
 10
-0.0630314960629921
 20
2.5395669291338581
 30
0
 11
-0.0748425196850394
 21
2.5395669291338581
 31
0
  0
LINE
  5
615
330
1A
100
AcDbEntity
  8
BLACK
  6
CONTINUOUS
100
AcDbLine
 10
-0.0748425196850394
 20
2.5395669291338581
 30
0
 11
-0.0771024803149606
 21
2.5400164566929133
 31
0
  0
LINE
  5
616
330
1A
100
AcDbEntity
  8
BLACK
  6
CONTINUOUS
100
AcDbLine
 10
-0.0771024803149606
 20
2.5400164566929133
 30
0
 11
-0.0790183464566929
 21
2.5412966141732283
 31
0
  0
LINE
  5
617
330
1A
100
AcDbEntity
  8
BLACK
  6
CONTINUOUS
100
AcDbLine
 10
-0.0790183464566929
 20
2.5412966141732283
 30
0
 11
-0.0802985039370079
 21
2.5432124803149607
 31
0
  0
LINE
  5
618
330
1A
100
AcDbEntity
  8
BLACK
  6
CONTINUOUS
100
AcDbLine
 10
-0.0802985039370079
 20
2.5432124803149607
 30
0
 11
-0.080748031496063
 21
2.5454724409448817
 31
0
  0
LINE
  5
619
330
1A
100
AcDbEntity
  8
BLACK
  6
CONTINUOUS
100
AcDbLine
 10
-0.080748031496063
 20
2.5454724409448817
 30
0
 11
-0.080748031496063
 21
2.6005905511811025
 31
0
  0
LINE
  5
61A
330
1A
100
AcDbEntity
  8
BLACK
  6
CONTINUOUS
100
AcDbLine
 10
-0.080748031496063
 20
2.6005905511811025
 30
0
 11
-0.0802985039370079
 21
2.6028505118110234
 31
0
  0
LINE
  5
61B
330
1A
100
AcDbEntity
  8
BLACK
  6
CONTINUOUS
100
AcDbLine
 10
-0.0802985039370079
 20
2.6028505118110234
 30
0
 11
-0.0790183464566929
 21
2.6047663779527559
 31
0
  0
LINE
  5
61C
330
1A
100
AcDbEntity
  8
BLACK
  6
CONTINUOUS
100
AcDbLine
 10
-0.0790183464566929
 20
2.6047663779527559
 30
0
 11
-0.0771024803149606
 21
2.6060465354330709
 31
0
  0
LINE
  5
61D
330
1A
100
AcDbEntity
  8
BLACK
  6
CONTINUOUS
100
AcDbLine
 10
-0.0771024803149606
 20
2.6060465354330709
 30
0
 11
-0.0748425196850394
 21
2.6064960629921261
 31
0
  0
LINE
  5
61E
330
1A
100
AcDbEntity
  8
BLACK
  6
CONTINUOUS
100
AcDbLine
 10
-0.0748425196850394
 20
2.6064960629921261
 30
0
 11
-0.0630314960629921
 21
2.6064960629921261
 31
0
  0
LINE
  5
61F
330
1A
100
AcDbEntity
  8
BLACK
  6
CONTINUOUS
100
AcDbLine
 10
-0.0630314960629921
 20
2.6064960629921261
 30
0
 11
-0.0607715354330709
 21
2.6060465354330709
 31
0
  0
LINE
  5
620
330
1A
100
AcDbEntity
  8
BLACK
  6
CONTINUOUS
100
AcDbLine
 10
-0.011558937007874
 20
2.6060465354330709
 30
0
 11
-0.0096430708661417
 21
2.6047663779527559
 31
0
  0
LINE
  5
621
330
1A
100
AcDbEntity
  8
BLACK
  6
CONTINUOUS
100
AcDbLine
 10
-0.0096430708661417
 20
2.6047663779527559
 30
0
 11
-0.0083629133858268
 21
2.6028505118110234
 31
0
  0
LINE
  5
622
330
1A
100
AcDbEntity
  8
BLACK
  6
CONTINUOUS
100
AcDbLine
 10
-0.0083629133858268
 20
2.6028505118110234
 30
0
 11
-0.0079133858267717
 21
2.6005905511811025
 31
0
  0
LINE
  5
623
330
1A
100
AcDbEntity
  8
BLACK
  6
CONTINUOUS
100
AcDbLine
 10
-0.0079133858267717
 20
2.6005905511811025
 30
0
 11
-0.0079133858267717
 21
2.5454724409448817
 31
0
  0
LINE
  5
624
330
1A
100
AcDbEntity
  8
BLACK
  6
CONTINUOUS
100
AcDbLine
 10
-0.0079133858267717
 20
2.5454724409448817
 30
0
 11
-0.0083629133858268
 21
2.5432124803149607
 31
0
  0
LINE
  5
625
330
1A
100
AcDbEntity
  8
BLACK
  6
CONTINUOUS
100
AcDbLine
 10
-0.0083629133858268
 20
2.5432124803149607
 30
0
 11
-0.0096430708661417
 21
2.5412966141732283
 31
0
  0
LINE
  5
626
330
1A
100
AcDbEntity
  8
BLACK
  6
CONTINUOUS
100
AcDbLine
 10
-0.0096430708661417
 20
2.5412966141732283
 30
0
 11
-0.011558937007874
 21
2.5400164566929133
 31
0
  0
LINE
  5
627
330
1A
100
AcDbEntity
  8
BLACK
  6
CONTINUOUS
100
AcDbLine
 10
-0.011558937007874
 20
2.5400164566929133
 30
0
 11
-0.0138188976377953
 21
2.5395669291338581
 31
0
  0
LINE
  5
628
330
1A
100
AcDbEntity
  8
BLACK
  6
CONTINUOUS
100
AcDbLine
 10
-0.0138188976377953
 20
2.5395669291338581
 30
0
 11
-0.0256299212598425
 21
2.5395669291338581
 31
0
  0
LINE
  5
629
330
1A
100
AcDbEntity
  8
BLACK
  6
CONTINUOUS
100
AcDbLine
 10
-0.0256299212598425
 20
2.5395669291338581
 30
0
 11
-0.0278898818897638
 21
2.5400164566929133
 31
0
  0
LINE
  5
62A
330
1A
100
AcDbEntity
  8
BLACK
  6
CONTINUOUS
100
AcDbLine
 10
-0.0278898818897638
 20
2.5400164566929133
 30
0
 11
-0.0298057480314961
 21
2.5412966141732283
 31
0
  0
LINE
  5
62B
330
1A
100
AcDbEntity
  8
BLACK
  6
CONTINUOUS
100
AcDbLine
 10
-0.0298057480314961
 20
2.5412966141732283
 30
0
 11
-0.031085905511811
 21
2.5432124803149607
 31
0
  0
LINE
  5
62C
330
1A
100
AcDbEntity
  8
BLACK
  6
CONTINUOUS
100
AcDbLine
 10
-0.031085905511811
 20
2.5432124803149607
 30
0
 11
-0.0315354330708661
 21
2.5454724409448817
 31
0
  0
LINE
  5
62D
330
1A
100
AcDbEntity
  8
BLACK
  6
CONTINUOUS
100
AcDbLine
 10
-0.0315354330708661
 20
2.5454724409448817
 30
0
 11
-0.0315354330708661
 21
2.6005905511811025
 31
0
  0
LINE
  5
62E
330
1A
100
AcDbEntity
  8
BLACK
  6
CONTINUOUS
100
AcDbLine
 10
-0.0315354330708661
 20
2.6005905511811025
 30
0
 11
-0.031085905511811
 21
2.6028505118110234
 31
0
  0
LINE
  5
62F
330
1A
100
AcDbEntity
  8
BLACK
  6
CONTINUOUS
100
AcDbLine
 10
-0.031085905511811
 20
2.6028505118110234
 30
0
 11
-0.0298057480314961
 21
2.6047663779527559
 31
0
  0
LINE
  5
630
330
1A
100
AcDbEntity
  8
BLACK
  6
CONTINUOUS
100
AcDbLine
 10
-0.0298057480314961
 20
2.6047663779527559
 30
0
 11
-0.0278898818897638
 21
2.6060465354330709
 31
0
  0
LINE
  5
631
330
1A
100
AcDbEntity
  8
BLACK
  6
CONTINUOUS
100
AcDbLine
 10
-0.0278898818897638
 20
2.6060465354330709
 30
0
 11
-0.0256299212598425
 21
2.6064960629921261
 31
0
  0
LINE
  5
632
330
1A
100
AcDbEntity
  8
BLACK
  6
CONTINUOUS
100
AcDbLine
 10
-0.0256299212598425
 20
2.6064960629921261
 30
0
 11
-0.0138188976377953
 21
2.6064960629921261
 31
0
  0
LINE
  5
633
330
1A
100
AcDbEntity
  8
BLACK
  6
CONTINUOUS
100
AcDbLine
 10
-0.0138188976377953
 20
2.6064960629921261
 30
0
 11
-0.011558937007874
 21
2.6060465354330709
 31
0
  0
LINE
  5
634
330
1A
100
AcDbEntity
  8
BLACK
  6
CONTINUOUS
100
AcDbLine
 10
0.0376536614173228
 20
2.6060465354330709
 30
0
 11
0.0395695275590551
 21
2.6047663779527559
 31
0
  0
LINE
  5
635
330
1A
100
AcDbEntity
  8
BLACK
  6
CONTINUOUS
100
AcDbLine
 10
0.0395695275590551
 20
2.6047663779527559
 30
0
 11
0.0408496850393701
 21
2.6028505118110234
 31
0
  0
LINE
  5
636
330
1A
100
AcDbEntity
  8
BLACK
  6
CONTINUOUS
100
AcDbLine
 10
0.0408496850393701
 20
2.6028505118110234
 30
0
 11
0.0412992125984252
 21
2.6005905511811025
 31
0
  0
LINE
  5
637
330
1A
100
AcDbEntity
  8
BLACK
  6
CONTINUOUS
100
AcDbLine
 10
0.0412992125984252
 20
2.6005905511811025
 30
0
 11
0.0412992125984252
 21
2.5454724409448817
 31
0
  0
LINE
  5
638
330
1A
100
AcDbEntity
  8
BLACK
  6
CONTINUOUS
100
AcDbLine
 10
0.0412992125984252
 20
2.5454724409448817
 30
0
 11
0.0408496850393701
 21
2.5432124803149607
 31
0
  0
LINE
  5
639
330
1A
100
AcDbEntity
  8
BLACK
  6
CONTINUOUS
100
AcDbLine
 10
0.0408496850393701
 20
2.5432124803149607
 30
0
 11
0.0395695275590551
 21
2.5412966141732283
 31
0
  0
LINE
  5
63A
330
1A
100
AcDbEntity
  8
BLACK
  6
CONTINUOUS
100
AcDbLine
 10
0.0395695275590551
 20
2.5412966141732283
 30
0
 11
0.0376536614173228
 21
2.5400164566929133
 31
0
  0
LINE
  5
63B
330
1A
100
AcDbEntity
  8
BLACK
  6
CONTINUOUS
100
AcDbLine
 10
0.0376536614173228
 20
2.5400164566929133
 30
0
 11
0.0353937007874016
 21
2.5395669291338581
 31
0
  0
LINE
  5
63C
330
1A
100
AcDbEntity
  8
BLACK
  6
CONTINUOUS
100
AcDbLine
 10
0.0353937007874016
 20
2.5395669291338581
 30
0
 11
0.0235826771653543
 21
2.5395669291338581
 31
0
  0
LINE
  5
63D
330
1A
100
AcDbEntity
  8
BLACK
  6
CONTINUOUS
100
AcDbLine
 10
0.0235826771653543
 20
2.5395669291338581
 30
0
 11
0.0213227165354331
 21
2.5400164566929133
 31
0
  0
LINE
  5
63E
330
1A
100
AcDbEntity
  8
BLACK
  6
CONTINUOUS
100
AcDbLine
 10
0.0213227165354331
 20
2.5400164566929133
 30
0
 11
0.0194068503937008
 21
2.5412966141732283
 31
0
  0
LINE
  5
63F
330
1A
100
AcDbEntity
  8
BLACK
  6
CONTINUOUS
100
AcDbLine
 10
0.0194068503937008
 20
2.5412966141732283
 30
0
 11
0.0181266929133858
 21
2.5432124803149607
 31
0
  0
LINE
  5
640
330
1A
100
AcDbEntity
  8
BLACK
  6
CONTINUOUS
100
AcDbLine
 10
0.0181266929133858
 20
2.5432124803149607
 30
0
 11
0.0176771653543307
 21
2.5454724409448817
 31
0
  0
LINE
  5
641
330
1A
100
AcDbEntity
  8
BLACK
  6
CONTINUOUS
100
AcDbLine
 10
0.0176771653543307
 20
2.5454724409448817
 30
0
 11
0.0176771653543307
 21
2.6005905511811025
 31
0
  0
LINE
  5
642
330
1A
100
AcDbEntity
  8
BLACK
  6
CONTINUOUS
100
AcDbLine
 10
0.0176771653543307
 20
2.6005905511811025
 30
0
 11
0.0181266929133858
 21
2.6028505118110234
 31
0
  0
LINE
  5
643
330
1A
100
AcDbEntity
  8
BLACK
  6
CONTINUOUS
100
AcDbLine
 10
0.0181266929133858
 20
2.6028505118110234
 30
0
 11
0.0194068503937008
 21
2.6047663779527559
 31
0
  0
LINE
  5
644
330
1A
100
AcDbEntity
  8
BLACK
  6
CONTINUOUS
100
AcDbLine
 10
0.0194068503937008
 20
2.6047663779527559
 30
0
 11
0.0213227165354331
 21
2.6060465354330709
 31
0
  0
LINE
  5
645
330
1A
100
AcDbEntity
  8
BLACK
  6
CONTINUOUS
100
AcDbLine
 10
0.0213227165354331
 20
2.6060465354330709
 30
0
 11
0.0235826771653543
 21
2.6064960629921261
 31
0
  0
LINE
  5
646
330
1A
100
AcDbEntity
  8
BLACK
  6
CONTINUOUS
100
AcDbLine
 10
0.0235826771653543
 20
2.6064960629921261
 30
0
 11
0.0353937007874016
 21
2.6064960629921261
 31
0
  0
LINE
  5
647
330
1A
100
AcDbEntity
  8
BLACK
  6
CONTINUOUS
100
AcDbLine
 10
0.0353937007874016
 20
2.6064960629921261
 30
0
 11
0.0376536614173228
 21
2.6060465354330709
 31
0
  0
LINE
  5
648
330
1A
100
AcDbEntity
  8
BLACK
  6
CONTINUOUS
100
AcDbLine
 10
0.0868662598425197
 20
2.6060465354330709
 30
0
 11
0.088782125984252
 21
2.6047663779527559
 31
0
  0
LINE
  5
649
330
1A
100
AcDbEntity
  8
BLACK
  6
CONTINUOUS
100
AcDbLine
 10
0.088782125984252
 20
2.6047663779527559
 30
0
 11
0.0900622834645669
 21
2.6028505118110234
 31
0
  0
LINE
  5
64A
330
1A
100
AcDbEntity
  8
BLACK
  6
CONTINUOUS
100
AcDbLine
 10
0.0900622834645669
 20
2.6028505118110234
 30
0
 11
0.090511811023622
 21
2.6005905511811025
 31
0
  0
LINE
  5
64B
330
1A
100
AcDbEntity
  8
BLACK
  6
CONTINUOUS
100
AcDbLine
 10
0.090511811023622
 20
2.6005905511811025
 30
0
 11
0.090511811023622
 21
2.5454724409448817
 31
0
  0
LINE
  5
64C
330
1A
100
AcDbEntity
  8
BLACK
  6
CONTINUOUS
100
AcDbLine
 10
0.090511811023622
 20
2.5454724409448817
 30
0
 11
0.0900622834645669
 21
2.5432124803149607
 31
0
  0
LINE
  5
64D
330
1A
100
AcDbEntity
  8
BLACK
  6
CONTINUOUS
100
AcDbLine
 10
0.0900622834645669
 20
2.5432124803149607
 30
0
 11
0.088782125984252
 21
2.5412966141732283
 31
0
  0
LINE
  5
64E
330
1A
100
AcDbEntity
  8
BLACK
  6
CONTINUOUS
100
AcDbLine
 10
0.088782125984252
 20
2.5412966141732283
 30
0
 11
0.0868662598425197
 21
2.5400164566929133
 31
0
  0
LINE
  5
64F
330
1A
100
AcDbEntity
  8
BLACK
  6
CONTINUOUS
100
AcDbLine
 10
0.0868662598425197
 20
2.5400164566929133
 30
0
 11
0.0846062992125984
 21
2.5395669291338581
 31
0
  0
LINE
  5
650
330
1A
100
AcDbEntity
  8
BLACK
  6
CONTINUOUS
100
AcDbLine
 10
0.0846062992125984
 20
2.5395669291338581
 30
0
 11
0.0727952755905512
 21
2.5395669291338581
 31
0
  0
LINE
  5
651
330
1A
100
AcDbEntity
  8
BLACK
  6
CONTINUOUS
100
AcDbLine
 10
0.0727952755905512
 20
2.5395669291338581
 30
0
 11
0.0705353149606299
 21
2.5400164566929133
 31
0
  0
LINE
  5
652
330
1A
100
AcDbEntity
  8
BLACK
  6
CONTINUOUS
100
AcDbLine
 10
0.0705353149606299
 20
2.5400164566929133
 30
0
 11
0.0686194488188976
 21
2.5412966141732283
 31
0
  0
LINE
  5
653
330
1A
100
AcDbEntity
  8
BLACK
  6
CONTINUOUS
100
AcDbLine
 10
0.0686194488188976
 20
2.5412966141732283
 30
0
 11
0.0673392913385827
 21
2.5432124803149607
 31
0
  0
LINE
  5
654
330
1A
100
AcDbEntity
  8
BLACK
  6
CONTINUOUS
100
AcDbLine
 10
0.0673392913385827
 20
2.5432124803149607
 30
0
 11
0.0668897637795276
 21
2.5454724409448817
 31
0
  0
LINE
  5
655
330
1A
100
AcDbEntity
  8
BLACK
  6
CONTINUOUS
100
AcDbLine
 10
0.0668897637795276
 20
2.5454724409448817
 30
0
 11
0.0668897637795276
 21
2.6005905511811025
 31
0
  0
LINE
  5
656
330
1A
100
AcDbEntity
  8
BLACK
  6
CONTINUOUS
100
AcDbLine
 10
0.0668897637795276
 20
2.6005905511811025
 30
0
 11
0.0673392913385827
 21
2.6028505118110234
 31
0
  0
LINE
  5
657
330
1A
100
AcDbEntity
  8
BLACK
  6
CONTINUOUS
100
AcDbLine
 10
0.0673392913385827
 20
2.6028505118110234
 30
0
 11
0.0686194488188976
 21
2.6047663779527559
 31
0
  0
LINE
  5
658
330
1A
100
AcDbEntity
  8
BLACK
  6
CONTINUOUS
100
AcDbLine
 10
0.0686194488188976
 20
2.6047663779527559
 30
0
 11
0.0705353149606299
 21
2.6060465354330709
 31
0
  0
LINE
  5
659
330
1A
100
AcDbEntity
  8
BLACK
  6
CONTINUOUS
100
AcDbLine
 10
0.0705353149606299
 20
2.6060465354330709
 30
0
 11
0.0727952755905512
 21
2.6064960629921261
 31
0
  0
LINE
  5
65A
330
1A
100
AcDbEntity
  8
BLACK
  6
CONTINUOUS
100
AcDbLine
 10
0.0727952755905512
 20
2.6064960629921261
 30
0
 11
0.0846062992125984
 21
2.6064960629921261
 31
0
  0
LINE
  5
65B
330
1A
100
AcDbEntity
  8
BLACK
  6
CONTINUOUS
100
AcDbLine
 10
0.0846062992125984
 20
2.6064960629921261
 30
0
 11
0.0868662598425197
 21
2.6060465354330709
 31
0
  0
LINE
  5
65C
330
1A
100
AcDbEntity
  8
BLACK
  6
CONTINUOUS
100
AcDbLine
 10
0.1360788582677165
 20
2.6060465354330709
 30
0
 11
0.1379947244094488
 21
2.6047663779527559
 31
0
  0
LINE
  5
65D
330
1A
100
AcDbEntity
  8
BLACK
  6
CONTINUOUS
100
AcDbLine
 10
0.1379947244094488
 20
2.6047663779527559
 30
0
 11
0.1392748818897638
 21
2.6028505118110234
 31
0
  0
LINE
  5
65E
330
1A
100
AcDbEntity
  8
BLACK
  6
CONTINUOUS
100
AcDbLine
 10
0.1392748818897638
 20
2.6028505118110234
 30
0
 11
0.1397244094488189
 21
2.6005905511811025
 31
0
  0
LINE
  5
65F
330
1A
100
AcDbEntity
  8
BLACK
  6
CONTINUOUS
100
AcDbLine
 10
0.1397244094488189
 20
2.6005905511811025
 30
0
 11
0.1397244094488189
 21
2.5454724409448817
 31
0
  0
LINE
  5
660
330
1A
100
AcDbEntity
  8
BLACK
  6
CONTINUOUS
100
AcDbLine
 10
0.1397244094488189
 20
2.5454724409448817
 30
0
 11
0.1392748818897638
 21
2.5432124803149607
 31
0
  0
LINE
  5
661
330
1A
100
AcDbEntity
  8
BLACK
  6
CONTINUOUS
100
AcDbLine
 10
0.1392748818897638
 20
2.5432124803149607
 30
0
 11
0.1379947244094488
 21
2.5412966141732283
 31
0
  0
LINE
  5
662
330
1A
100
AcDbEntity
  8
BLACK
  6
CONTINUOUS
100
AcDbLine
 10
0.1379947244094488
 20
2.5412966141732283
 30
0
 11
0.1360788582677165
 21
2.5400164566929133
 31
0
  0
LINE
  5
663
330
1A
100
AcDbEntity
  8
BLACK
  6
CONTINUOUS
100
AcDbLine
 10
0.1360788582677165
 20
2.5400164566929133
 30
0
 11
0.1338188976377953
 21
2.5395669291338581
 31
0
  0
LINE
  5
664
330
1A
100
AcDbEntity
  8
BLACK
  6
CONTINUOUS
100
AcDbLine
 10
0.1338188976377953
 20
2.5395669291338581
 30
0
 11
0.122007874015748
 21
2.5395669291338581
 31
0
  0
LINE
  5
665
330
1A
100
AcDbEntity
  8
BLACK
  6
CONTINUOUS
100
AcDbLine
 10
0.122007874015748
 20
2.5395669291338581
 30
0
 11
0.1197479133858268
 21
2.5400164566929133
 31
0
  0
LINE
  5
666
330
1A
100
AcDbEntity
  8
BLACK
  6
CONTINUOUS
100
AcDbLine
 10
0.1197479133858268
 20
2.5400164566929133
 30
0
 11
0.1178320472440945
 21
2.5412966141732283
 31
0
  0
LINE
  5
667
330
1A
100
AcDbEntity
  8
BLACK
  6
CONTINUOUS
100
AcDbLine
 10
0.1178320472440945
 20
2.5412966141732283
 30
0
 11
0.1165518897637795
 21
2.5432124803149607
 31
0
  0
LINE
  5
668
330
1A
100
AcDbEntity
  8
BLACK
  6
CONTINUOUS
100
AcDbLine
 10
0.1165518897637795
 20
2.5432124803149607
 30
0
 11
0.1161023622047244
 21
2.5454724409448817
 31
0
  0
LINE
  5
669
330
1A
100
AcDbEntity
  8
BLACK
  6
CONTINUOUS
100
AcDbLine
 10
0.1161023622047244
 20
2.5454724409448817
 30
0
 11
0.1161023622047244
 21
2.6005905511811025
 31
0
  0
LINE
  5
66A
330
1A
100
AcDbEntity
  8
BLACK
  6
CONTINUOUS
100
AcDbLine
 10
0.1161023622047244
 20
2.6005905511811025
 30
0
 11
0.1165518897637795
 21
2.6028505118110234
 31
0
  0
LINE
  5
66B
330
1A
100
AcDbEntity
  8
BLACK
  6
CONTINUOUS
100
AcDbLine
 10
0.1165518897637795
 20
2.6028505118110234
 30
0
 11
0.1178320472440945
 21
2.6047663779527559
 31
0
  0
LINE
  5
66C
330
1A
100
AcDbEntity
  8
BLACK
  6
CONTINUOUS
100
AcDbLine
 10
0.1178320472440945
 20
2.6047663779527559
 30
0
 11
0.1197479133858268
 21
2.6060465354330709
 31
0
  0
LINE
  5
66D
330
1A
100
AcDbEntity
  8
BLACK
  6
CONTINUOUS
100
AcDbLine
 10
0.1197479133858268
 20
2.6060465354330709
 30
0
 11
0.122007874015748
 21
2.6064960629921261
 31
0
  0
LINE
  5
66E
330
1A
100
AcDbEntity
  8
BLACK
  6
CONTINUOUS
100
AcDbLine
 10
0.122007874015748
 20
2.6064960629921261
 30
0
 11
0.1338188976377953
 21
2.6064960629921261
 31
0
  0
LINE
  5
66F
330
1A
100
AcDbEntity
  8
BLACK
  6
CONTINUOUS
100
AcDbLine
 10
0.1338188976377953
 20
2.6064960629921261
 30
0
 11
0.1360788582677165
 21
2.6060465354330709
 31
0
  0
LINE
  5
670
330
1A
100
AcDbEntity
  8
BLACK
  6
CONTINUOUS
100
AcDbLine
 10
0.1852914566929134
 20
2.6060465354330709
 30
0
 11
0.1872073228346457
 21
2.6047663779527559
 31
0
  0
LINE
  5
671
330
1A
100
AcDbEntity
  8
BLACK
  6
CONTINUOUS
100
AcDbLine
 10
0.1872073228346457
 20
2.6047663779527559
 30
0
 11
0.1884874803149606
 21
2.6028505118110234
 31
0
  0
LINE
  5
672
330
1A
100
AcDbEntity
  8
BLACK
  6
CONTINUOUS
100
AcDbLine
 10
0.1884874803149606
 20
2.6028505118110234
 30
0
 11
0.1889370078740157
 21
2.6005905511811025
 31
0
  0
LINE
  5
673
330
1A
100
AcDbEntity
  8
BLACK
  6
CONTINUOUS
100
AcDbLine
 10
0.1889370078740157
 20
2.6005905511811025
 30
0
 11
0.1889370078740157
 21
2.5454724409448817
 31
0
  0
LINE
  5
674
330
1A
100
AcDbEntity
  8
BLACK
  6
CONTINUOUS
100
AcDbLine
 10
0.1889370078740157
 20
2.5454724409448817
 30
0
 11
0.1884874803149606
 21
2.5432124803149607
 31
0
  0
LINE
  5
675
330
1A
100
AcDbEntity
  8
BLACK
  6
CONTINUOUS
100
AcDbLine
 10
0.1884874803149606
 20
2.5432124803149607
 30
0
 11
0.1872073228346457
 21
2.5412966141732283
 31
0
  0
LINE
  5
676
330
1A
100
AcDbEntity
  8
BLACK
  6
CONTINUOUS
100
AcDbLine
 10
0.1872073228346457
 20
2.5412966141732283
 30
0
 11
0.1852914566929134
 21
2.5400164566929133
 31
0
  0
LINE
  5
677
330
1A
100
AcDbEntity
  8
BLACK
  6
CONTINUOUS
100
AcDbLine
 10
0.1852914566929134
 20
2.5400164566929133
 30
0
 11
0.1830314960629921
 21
2.5395669291338581
 31
0
  0
LINE
  5
678
330
1A
100
AcDbEntity
  8
BLACK
  6
CONTINUOUS
100
AcDbLine
 10
0.1830314960629921
 20
2.5395669291338581
 30
0
 11
0.1712204724409449
 21
2.5395669291338581
 31
0
  0
LINE
  5
679
330
1A
100
AcDbEntity
  8
BLACK
  6
CONTINUOUS
100
AcDbLine
 10
0.1712204724409449
 20
2.5395669291338581
 30
0
 11
0.1689605118110236
 21
2.5400164566929133
 31
0
  0
LINE
  5
67A
330
1A
100
AcDbEntity
  8
BLACK
  6
CONTINUOUS
100
AcDbLine
 10
0.1689605118110236
 20
2.5400164566929133
 30
0
 11
0.1670446456692913
 21
2.5412966141732283
 31
0
  0
LINE
  5
67B
330
1A
100
AcDbEntity
  8
BLACK
  6
CONTINUOUS
100
AcDbLine
 10
0.1670446456692913
 20
2.5412966141732283
 30
0
 11
0.1657644881889764
 21
2.5432124803149607
 31
0
  0
LINE
  5
67C
330
1A
100
AcDbEntity
  8
BLACK
  6
CONTINUOUS
100
AcDbLine
 10
0.1657644881889764
 20
2.5432124803149607
 30
0
 11
0.1653149606299213
 21
2.5454724409448817
 31
0
  0
LINE
  5
67D
330
1A
100
AcDbEntity
  8
BLACK
  6
CONTINUOUS
100
AcDbLine
 10
0.1653149606299213
 20
2.5454724409448817
 30
0
 11
0.1653149606299213
 21
2.6005905511811025
 31
0
  0
LINE
  5
67E
330
1A
100
AcDbEntity
  8
BLACK
  6
CONTINUOUS
100
AcDbLine
 10
0.1653149606299213
 20
2.6005905511811025
 30
0
 11
0.1657644881889764
 21
2.6028505118110234
 31
0
  0
LINE
  5
67F
330
1A
100
AcDbEntity
  8
BLACK
  6
CONTINUOUS
100
AcDbLine
 10
0.1657644881889764
 20
2.6028505118110234
 30
0
 11
0.1670446456692913
 21
2.6047663779527559
 31
0
  0
LINE
  5
680
330
1A
100
AcDbEntity
  8
BLACK
  6
CONTINUOUS
100
AcDbLine
 10
0.1670446456692913
 20
2.6047663779527559
 30
0
 11
0.1689605118110236
 21
2.6060465354330709
 31
0
  0
LINE
  5
681
330
1A
100
AcDbEntity
  8
BLACK
  6
CONTINUOUS
100
AcDbLine
 10
0.1689605118110236
 20
2.6060465354330709
 30
0
 11
0.1712204724409449
 21
2.6064960629921261
 31
0
  0
LINE
  5
682
330
1A
100
AcDbEntity
  8
BLACK
  6
CONTINUOUS
100
AcDbLine
 10
0.1712204724409449
 20
2.6064960629921261
 30
0
 11
0.1830314960629921
 21
2.6064960629921261
 31
0
  0
LINE
  5
683
330
1A
100
AcDbEntity
  8
BLACK
  6
CONTINUOUS
100
AcDbLine
 10
0.1830314960629921
 20
2.6064960629921261
 30
0
 11
0.1852914566929134
 21
2.6060465354330709
 31
0
  0
LINE
  5
684
330
1A
100
AcDbEntity
  8
BLACK
  6
CONTINUOUS
100
AcDbLine
 10
0.427007874015748
 20
2.5461811023622047
 30
0
 11
0.367007874015748
 21
2.5461811023622047
 31
0
  0
LINE
  5
685
330
1A
100
AcDbEntity
  8
BLACK
  6
CONTINUOUS
100
AcDbLine
 10
0.367007874015748
 20
2.5461811023622047
 30
0
 11
0.367007874015748
 21
2.6061811023622048
 31
0
  0
LINE
  5
686
330
1A
100
AcDbEntity
  8
BLACK
  6
CONTINUOUS
100
AcDbLine
 10
0.367007874015748
 20
2.6061811023622048
 30
0
 11
0.427007874015748
 21
2.6061811023622048
 31
0
  0
LINE
  5
687
330
1A
100
AcDbEntity
  8
BLACK
  6
CONTINUOUS
100
AcDbLine
 10
0.427007874015748
 20
2.6061811023622048
 30
0
 11
0.427007874015748
 21
2.5461811023622047
 31
0
  0
LINE
  5
688
330
1A
100
AcDbEntity
  8
BLACK
  6
CONTINUOUS
100
AcDbLine
 10
0.527007874015748
 20
2.5461811023622047
 30
0
 11
0.467007874015748
 21
2.5461811023622047
 31
0
  0
LINE
  5
689
330
1A
100
AcDbEntity
  8
BLACK
  6
CONTINUOUS
100
AcDbLine
 10
0.467007874015748
 20
2.5461811023622047
 30
0
 11
0.467007874015748
 21
2.6061811023622048
 31
0
  0
LINE
  5
68A
330
1A
100
AcDbEntity
  8
BLACK
  6
CONTINUOUS
100
AcDbLine
 10
0.467007874015748
 20
2.6061811023622048
 30
0
 11
0.527007874015748
 21
2.6061811023622048
 31
0
  0
LINE
  5
68B
330
1A
100
AcDbEntity
  8
BLACK
  6
CONTINUOUS
100
AcDbLine
 10
0.527007874015748
 20
2.6061811023622048
 30
0
 11
0.527007874015748
 21
2.5461811023622047
 31
0
  0
LINE
  5
68C
330
1A
100
AcDbEntity
  8
BLACK
  6
CONTINUOUS
100
AcDbLine
 10
0.627007874015748
 20
2.5461811023622047
 30
0
 11
0.567007874015748
 21
2.5461811023622047
 31
0
  0
LINE
  5
68D
330
1A
100
AcDbEntity
  8
BLACK
  6
CONTINUOUS
100
AcDbLine
 10
0.567007874015748
 20
2.5461811023622047
 30
0
 11
0.567007874015748
 21
2.6061811023622048
 31
0
  0
LINE
  5
68E
330
1A
100
AcDbEntity
  8
BLACK
  6
CONTINUOUS
100
AcDbLine
 10
0.567007874015748
 20
2.6061811023622048
 30
0
 11
0.627007874015748
 21
2.6061811023622048
 31
0
  0
LINE
  5
68F
330
1A
100
AcDbEntity
  8
BLACK
  6
CONTINUOUS
100
AcDbLine
 10
0.627007874015748
 20
2.6061811023622048
 30
0
 11
0.627007874015748
 21
2.5461811023622047
 31
0
  0
LINE
  5
690
330
1A
100
AcDbEntity
  8
BLACK
  6
CONTINUOUS
100
AcDbLine
 10
-1.4399999999999999
 20
2.585
 30
0
 11
-1.5
 21
2.585
 31
0
  0
LINE
  5
691
330
1A
100
AcDbEntity
  8
BLACK
  6
CONTINUOUS
100
AcDbLine
 10
-1.5
 20
2.585
 30
0
 11
-1.5
 21
2.645
 31
0
  0
LINE
  5
692
330
1A
100
AcDbEntity
  8
BLACK
  6
CONTINUOUS
100
AcDbLine
 10
-1.5
 20
2.645
 30
0
 11
-1.4399999999999999
 21
2.645
 31
0
  0
LINE
  5
693
330
1A
100
AcDbEntity
  8
BLACK
  6
CONTINUOUS
100
AcDbLine
 10
-1.4399999999999999
 20
2.645
 30
0
 11
-1.4399999999999999
 21
2.585
 31
0
  0
LINE
  5
694
330
1A
100
AcDbEntity
  8
BLACK
  6
CONTINUOUS
100
AcDbLine
 10
-1.3400000000000001
 20
2.585
 30
0
 11
-1.3999999999999999
 21
2.585
 31
0
  0
LINE
  5
695
330
1A
100
AcDbEntity
  8
BLACK
  6
CONTINUOUS
100
AcDbLine
 10
-1.3999999999999999
 20
2.585
 30
0
 11
-1.3999999999999999
 21
2.645
 31
0
  0
LINE
  5
696
330
1A
100
AcDbEntity
  8
BLACK
  6
CONTINUOUS
100
AcDbLine
 10
-1.3999999999999999
 20
2.645
 30
0
 11
-1.3400000000000001
 21
2.645
 31
0
  0
LINE
  5
697
330
1A
100
AcDbEntity
  8
BLACK
  6
CONTINUOUS
100
AcDbLine
 10
-1.3400000000000001
 20
2.645
 30
0
 11
-1.3400000000000001
 21
2.585
 31
0
  0
LINE
  5
698
330
1A
100
AcDbEntity
  8
BLACK
  6
CONTINUOUS
100
AcDbLine
 10
-1.210787401574803
 20
2.6064173228346457
 30
0
 11
-1.2707874015748031
 21
2.6064173228346457
 31
0
  0
LINE
  5
699
330
1A
100
AcDbEntity
  8
BLACK
  6
CONTINUOUS
100
AcDbLine
 10
-1.2707874015748031
 20
2.6064173228346457
 30
0
 11
-1.2707874015748031
 21
2.6664173228346457
 31
0
  0
LINE
  5
69A
330
1A
100
AcDbEntity
  8
BLACK
  6
CONTINUOUS
100
AcDbLine
 10
-1.2707874015748031
 20
2.6664173228346457
 30
0
 11
-1.210787401574803
 21
2.6664173228346457
 31
0
  0
LINE
  5
69B
330
1A
100
AcDbEntity
  8
BLACK
  6
CONTINUOUS
100
AcDbLine
 10
-1.210787401574803
 20
2.6664173228346457
 30
0
 11
-1.210787401574803
 21
2.6064173228346457
 31
0
  0
LINE
  5
69C
330
1A
100
AcDbEntity
  8
BLACK
  6
CONTINUOUS
100
AcDbLine
 10
-1.1107874015748032
 20
2.6064173228346457
 30
0
 11
-1.1707874015748032
 21
2.6064173228346457
 31
0
  0
LINE
  5
69D
330
1A
100
AcDbEntity
  8
BLACK
  6
CONTINUOUS
100
AcDbLine
 10
-1.1707874015748032
 20
2.6064173228346457
 30
0
 11
-1.1707874015748032
 21
2.6664173228346457
 31
0
  0
LINE
  5
69E
330
1A
100
AcDbEntity
  8
BLACK
  6
CONTINUOUS
100
AcDbLine
 10
-1.1707874015748032
 20
2.6664173228346457
 30
0
 11
-1.1107874015748032
 21
2.6664173228346457
 31
0
  0
LINE
  5
69F
330
1A
100
AcDbEntity
  8
BLACK
  6
CONTINUOUS
100
AcDbLine
 10
-1.1107874015748032
 20
2.6664173228346457
 30
0
 11
-1.1107874015748032
 21
2.6064173228346457
 31
0
  0
LINE
  5
6A0
330
1A
100
AcDbEntity
  8
BLACK
  6
CONTINUOUS
100
AcDbLine
 10
-1.0107874015748031
 20
2.6064173228346457
 30
0
 11
-1.0707874015748031
 21
2.6064173228346457
 31
0
  0
LINE
  5
6A1
330
1A
100
AcDbEntity
  8
BLACK
  6
CONTINUOUS
100
AcDbLine
 10
-1.0707874015748031
 20
2.6064173228346457
 30
0
 11
-1.0707874015748031
 21
2.6664173228346457
 31
0
  0
LINE
  5
6A2
330
1A
100
AcDbEntity
  8
BLACK
  6
CONTINUOUS
100
AcDbLine
 10
-1.0707874015748031
 20
2.6664173228346457
 30
0
 11
-1.0107874015748031
 21
2.6664173228346457
 31
0
  0
LINE
  5
6A3
330
1A
100
AcDbEntity
  8
BLACK
  6
CONTINUOUS
100
AcDbLine
 10
-1.0107874015748031
 20
2.6664173228346457
 30
0
 11
-1.0107874015748031
 21
2.6064173228346457
 31
0
  0
LINE
  5
6A4
330
1A
100
AcDbEntity
  8
BLACK
  6
CONTINUOUS
100
AcDbLine
 10
-0.9107874015748031
 20
2.6064173228346457
 30
0
 11
-0.9707874015748031
 21
2.6064173228346457
 31
0
  0
LINE
  5
6A5
330
1A
100
AcDbEntity
  8
BLACK
  6
CONTINUOUS
100
AcDbLine
 10
-0.9707874015748031
 20
2.6064173228346457
 30
0
 11
-0.9707874015748031
 21
2.6664173228346457
 31
0
  0
LINE
  5
6A6
330
1A
100
AcDbEntity
  8
BLACK
  6
CONTINUOUS
100
AcDbLine
 10
-0.9707874015748031
 20
2.6664173228346457
 30
0
 11
-0.9107874015748031
 21
2.6664173228346457
 31
0
  0
LINE
  5
6A7
330
1A
100
AcDbEntity
  8
BLACK
  6
CONTINUOUS
100
AcDbLine
 10
-0.9107874015748031
 20
2.6664173228346457
 30
0
 11
-0.9107874015748031
 21
2.6064173228346457
 31
0
  0
LINE
  5
6A8
330
1A
100
AcDbEntity
  8
BLACK
  6
CONTINUOUS
100
AcDbLine
 10
-0.8107874015748031
 20
2.6064173228346457
 30
0
 11
-0.8707874015748032
 21
2.6064173228346457
 31
0
  0
LINE
  5
6A9
330
1A
100
AcDbEntity
  8
BLACK
  6
CONTINUOUS
100
AcDbLine
 10
-0.8707874015748032
 20
2.6064173228346457
 30
0
 11
-0.8707874015748032
 21
2.6664173228346457
 31
0
  0
LINE
  5
6AA
330
1A
100
AcDbEntity
  8
BLACK
  6
CONTINUOUS
100
AcDbLine
 10
-0.8707874015748032
 20
2.6664173228346457
 30
0
 11
-0.8107874015748031
 21
2.6664173228346457
 31
0
  0
LINE
  5
6AB
330
1A
100
AcDbEntity
  8
BLACK
  6
CONTINUOUS
100
AcDbLine
 10
-0.8107874015748031
 20
2.6664173228346457
 30
0
 11
-0.8107874015748031
 21
2.6064173228346457
 31
0
  0
LINE
  5
6AC
330
1A
100
AcDbEntity
  8
BLACK
  6
CONTINUOUS
100
AcDbLine
 10
-0.7107874015748031
 20
2.6064173228346457
 30
0
 11
-0.7707874015748031
 21
2.6064173228346457
 31
0
  0
LINE
  5
6AD
330
1A
100
AcDbEntity
  8
BLACK
  6
CONTINUOUS
100
AcDbLine
 10
-0.7707874015748031
 20
2.6064173228346457
 30
0
 11
-0.7707874015748031
 21
2.6664173228346457
 31
0
  0
LINE
  5
6AE
330
1A
100
AcDbEntity
  8
BLACK
  6
CONTINUOUS
100
AcDbLine
 10
-0.7707874015748031
 20
2.6664173228346457
 30
0
 11
-0.7107874015748031
 21
2.6664173228346457
 31
0
  0
LINE
  5
6AF
330
1A
100
AcDbEntity
  8
BLACK
  6
CONTINUOUS
100
AcDbLine
 10
-0.7107874015748031
 20
2.6664173228346457
 30
0
 11
-0.7107874015748031
 21
2.6064173228346457
 31
0
  0
LINE
  5
6B0
330
1A
100
AcDbEntity
  8
BLACK
  6
CONTINUOUS
100
AcDbLine
 10
-0.6107874015748032
 20
2.6064173228346457
 30
0
 11
-0.6707874015748031
 21
2.6064173228346457
 31
0
  0
LINE
  5
6B1
330
1A
100
AcDbEntity
  8
BLACK
  6
CONTINUOUS
100
AcDbLine
 10
-0.6707874015748031
 20
2.6064173228346457
 30
0
 11
-0.6707874015748031
 21
2.6664173228346457
 31
0
  0
LINE
  5
6B2
330
1A
100
AcDbEntity
  8
BLACK
  6
CONTINUOUS
100
AcDbLine
 10
-0.6707874015748031
 20
2.6664173228346457
 30
0
 11
-0.6107874015748032
 21
2.6664173228346457
 31
0
  0
LINE
  5
6B3
330
1A
100
AcDbEntity
  8
BLACK
  6
CONTINUOUS
100
AcDbLine
 10
-0.6107874015748032
 20
2.6664173228346457
 30
0
 11
-0.6107874015748032
 21
2.6064173228346457
 31
0
  0
LINE
  5
6B4
330
1A
100
AcDbEntity
  8
BLACK
  6
CONTINUOUS
100
AcDbLine
 10
-0.4735826771653543
 20
2.6074015748031494
 30
0
 11
-0.5335826771653543
 21
2.6074015748031494
 31
0
  0
LINE
  5
6B5
330
1A
100
AcDbEntity
  8
BLACK
  6
CONTINUOUS
100
AcDbLine
 10
-0.5335826771653543
 20
2.6074015748031494
 30
0
 11
-0.5335826771653543
 21
2.6674015748031494
 31
0
  0
LINE
  5
6B6
330
1A
100
AcDbEntity
  8
BLACK
  6
CONTINUOUS
100
AcDbLine
 10
-0.5335826771653543
 20
2.6674015748031494
 30
0
 11
-0.4735826771653543
 21
2.6674015748031494
 31
0
  0
LINE
  5
6B7
330
1A
100
AcDbEntity
  8
BLACK
  6
CONTINUOUS
100
AcDbLine
 10
-0.4735826771653543
 20
2.6674015748031494
 30
0
 11
-0.4735826771653543
 21
2.6074015748031494
 31
0
  0
LINE
  5
6B8
330
1A
100
AcDbEntity
  8
BLACK
  6
CONTINUOUS
100
AcDbLine
 10
-0.3735826771653543
 20
2.6074015748031494
 30
0
 11
-0.4335826771653543
 21
2.6074015748031494
 31
0
  0
LINE
  5
6B9
330
1A
100
AcDbEntity
  8
BLACK
  6
CONTINUOUS
100
AcDbLine
 10
-0.4335826771653543
 20
2.6074015748031494
 30
0
 11
-0.4335826771653543
 21
2.6674015748031494
 31
0
  0
LINE
  5
6BA
330
1A
100
AcDbEntity
  8
BLACK
  6
CONTINUOUS
100
AcDbLine
 10
-0.4335826771653543
 20
2.6674015748031494
 30
0
 11
-0.3735826771653543
 21
2.6674015748031494
 31
0
  0
LINE
  5
6BB
330
1A
100
AcDbEntity
  8
BLACK
  6
CONTINUOUS
100
AcDbLine
 10
-0.3735826771653543
 20
2.6674015748031494
 30
0
 11
-0.3735826771653543
 21
2.6074015748031494
 31
0
  0
LINE
  5
6BC
330
1A
100
AcDbEntity
  8
BLACK
  6
CONTINUOUS
100
AcDbLine
 10
-0.2735826771653543
 20
2.6074015748031494
 30
0
 11
-0.3335826771653543
 21
2.6074015748031494
 31
0
  0
LINE
  5
6BD
330
1A
100
AcDbEntity
  8
BLACK
  6
CONTINUOUS
100
AcDbLine
 10
-0.3335826771653543
 20
2.6074015748031494
 30
0
 11
-0.3335826771653543
 21
2.6674015748031494
 31
0
  0
LINE
  5
6BE
330
1A
100
AcDbEntity
  8
BLACK
  6
CONTINUOUS
100
AcDbLine
 10
-0.3335826771653543
 20
2.6674015748031494
 30
0
 11
-0.2735826771653543
 21
2.6674015748031494
 31
0
  0
LINE
  5
6BF
330
1A
100
AcDbEntity
  8
BLACK
  6
CONTINUOUS
100
AcDbLine
 10
-0.2735826771653543
 20
2.6674015748031494
 30
0
 11
-0.2735826771653543
 21
2.6074015748031494
 31
0
  0
LINE
  5
6C0
330
1A
100
AcDbEntity
  8
BLACK
  6
CONTINUOUS
100
AcDbLine
 10
-0.177375157480315
 20
2.7514161417322835
 30
0
 11
-0.1741820078740157
 21
2.7492825590551182
 31
0
  0
LINE
  5
6C1
330
1A
100
AcDbEntity
  8
BLACK
  6
CONTINUOUS
100
AcDbLine
 10
-0.1741820078740157
 20
2.7492825590551182
 30
0
 11
-0.1720484251968504
 21
2.7460894094488189
 31
0
  0
LINE
  5
6C2
330
1A
100
AcDbEntity
  8
BLACK
  6
CONTINUOUS
100
AcDbLine
 10
-0.1720484251968504
 20
2.7460894094488189
 30
0
 11
-0.1712992125984252
 21
2.7423228346456692
 31
0
  0
LINE
  5
6C3
330
1A
100
AcDbEntity
  8
BLACK
  6
CONTINUOUS
100
AcDbLine
 10
-0.1712992125984252
 20
2.7423228346456692
 30
0
 11
-0.1712992125984252
 21
2.6557086614173229
 31
0
  0
LINE
  5
6C4
330
1A
100
AcDbEntity
  8
BLACK
  6
CONTINUOUS
100
AcDbLine
 10
-0.1712992125984252
 20
2.6557086614173229
 30
0
 11
-0.1720484251968504
 21
2.6519420866141732
 31
0
  0
LINE
  5
6C5
330
1A
100
AcDbEntity
  8
BLACK
  6
CONTINUOUS
100
AcDbLine
 10
-0.1720484251968504
 20
2.6519420866141732
 30
0
 11
-0.1741820078740157
 21
2.6487489370078738
 31
0
  0
LINE
  5
6C6
330
1A
100
AcDbEntity
  8
BLACK
  6
CONTINUOUS
100
AcDbLine
 10
-0.1741820078740157
 20
2.6487489370078738
 30
0
 11
-0.177375157480315
 21
2.6466153543307085
 31
0
  0
LINE
  5
6C7
330
1A
100
AcDbEntity
  8
BLACK
  6
CONTINUOUS
100
AcDbLine
 10
-0.177375157480315
 20
2.6466153543307085
 30
0
 11
-0.1811417322834646
 21
2.6458661417322835
 31
0
  0
LINE
  5
6C8
330
1A
100
AcDbEntity
  8
BLACK
  6
CONTINUOUS
100
AcDbLine
 10
-0.1811417322834646
 20
2.6458661417322835
 30
0
 11
-0.2008267716535433
 21
2.6458661417322835
 31
0
  0
LINE
  5
6C9
330
1A
100
AcDbEntity
  8
BLACK
  6
CONTINUOUS
100
AcDbLine
 10
-0.2008267716535433
 20
2.6458661417322835
 30
0
 11
-0.2045933464566929
 21
2.6466153543307085
 31
0
  0
LINE
  5
6CA
330
1A
100
AcDbEntity
  8
BLACK
  6
CONTINUOUS
100
AcDbLine
 10
-0.2045933464566929
 20
2.6466153543307085
 30
0
 11
-0.2077864960629921
 21
2.6487489370078738
 31
0
  0
LINE
  5
6CB
330
1A
100
AcDbEntity
  8
BLACK
  6
CONTINUOUS
100
AcDbLine
 10
-0.2077864960629921
 20
2.6487489370078738
 30
0
 11
-0.2099200787401575
 21
2.6519420866141732
 31
0
  0
LINE
  5
6CC
330
1A
100
AcDbEntity
  8
BLACK
  6
CONTINUOUS
100
AcDbLine
 10
-0.2099200787401575
 20
2.6519420866141732
 30
0
 11
-0.2106692913385827
 21
2.6557086614173229
 31
0
  0
LINE
  5
6CD
330
1A
100
AcDbEntity
  8
BLACK
  6
CONTINUOUS
100
AcDbLine
 10
-0.2106692913385827
 20
2.6557086614173229
 30
0
 11
-0.2106692913385827
 21
2.7423228346456692
 31
0
  0
LINE
  5
6CE
330
1A
100
AcDbEntity
  8
BLACK
  6
CONTINUOUS
100
AcDbLine
 10
-0.2106692913385827
 20
2.7423228346456692
 30
0
 11
-0.2099200787401575
 21
2.7460894094488189
 31
0
  0
LINE
  5
6CF
330
1A
100
AcDbEntity
  8
BLACK
  6
CONTINUOUS
100
AcDbLine
 10
-0.2099200787401575
 20
2.7460894094488189
 30
0
 11
-0.2077864960629921
 21
2.7492825590551182
 31
0
  0
LINE
  5
6D0
330
1A
100
AcDbEntity
  8
BLACK
  6
CONTINUOUS
100
AcDbLine
 10
-0.2077864960629921
 20
2.7492825590551182
 30
0
 11
-0.2045933464566929
 21
2.7514161417322835
 31
0
  0
LINE
  5
6D1
330
1A
100
AcDbEntity
  8
BLACK
  6
CONTINUOUS
100
AcDbLine
 10
-0.2045933464566929
 20
2.7514161417322835
 30
0
 11
-0.2008267716535433
 21
2.7521653543307085
 31
0
  0
LINE
  5
6D2
330
1A
100
AcDbEntity
  8
BLACK
  6
CONTINUOUS
100
AcDbLine
 10
-0.2008267716535433
 20
2.7521653543307085
 30
0
 11
-0.1811417322834646
 21
2.7521653543307085
 31
0
  0
LINE
  5
6D3
330
1A
100
AcDbEntity
  8
BLACK
  6
CONTINUOUS
100
AcDbLine
 10
-0.1811417322834646
 20
2.7521653543307085
 30
0
 11
-0.177375157480315
 21
2.7514161417322835
 31
0
  0
LINE
  5
6D4
330
1A
100
AcDbEntity
  8
BLACK
  6
CONTINUOUS
100
AcDbLine
 10
0.2635697244094488
 20
2.7514161417322835
 30
0
 11
0.2667628740157481
 21
2.7492825590551182
 31
0
  0
LINE
  5
6D5
330
1A
100
AcDbEntity
  8
BLACK
  6
CONTINUOUS
100
AcDbLine
 10
0.2667628740157481
 20
2.7492825590551182
 30
0
 11
0.2688964566929134
 21
2.7460894094488189
 31
0
  0
LINE
  5
6D6
330
1A
100
AcDbEntity
  8
BLACK
  6
CONTINUOUS
100
AcDbLine
 10
0.2688964566929134
 20
2.7460894094488189
 30
0
 11
0.2696456692913386
 21
2.7423228346456692
 31
0
  0
LINE
  5
6D7
330
1A
100
AcDbEntity
  8
BLACK
  6
CONTINUOUS
100
AcDbLine
 10
0.2696456692913386
 20
2.7423228346456692
 30
0
 11
0.2696456692913386
 21
2.6557086614173229
 31
0
  0
LINE
  5
6D8
330
1A
100
AcDbEntity
  8
BLACK
  6
CONTINUOUS
100
AcDbLine
 10
0.2696456692913386
 20
2.6557086614173229
 30
0
 11
0.2688964566929134
 21
2.6519420866141732
 31
0
  0
LINE
  5
6D9
330
1A
100
AcDbEntity
  8
BLACK
  6
CONTINUOUS
100
AcDbLine
 10
0.2688964566929134
 20
2.6519420866141732
 30
0
 11
0.2667628740157481
 21
2.6487489370078738
 31
0
  0
LINE
  5
6DA
330
1A
100
AcDbEntity
  8
BLACK
  6
CONTINUOUS
100
AcDbLine
 10
0.2667628740157481
 20
2.6487489370078738
 30
0
 11
0.2635697244094488
 21
2.6466153543307085
 31
0
  0
LINE
  5
6DB
330
1A
100
AcDbEntity
  8
BLACK
  6
CONTINUOUS
100
AcDbLine
 10
0.2635697244094488
 20
2.6466153543307085
 30
0
 11
0.2598031496062992
 21
2.6458661417322835
 31
0
  0
LINE
  5
6DC
330
1A
100
AcDbEntity
  8
BLACK
  6
CONTINUOUS
100
AcDbLine
 10
0.2598031496062992
 20
2.6458661417322835
 30
0
 11
0.2401181102362205
 21
2.6458661417322835
 31
0
  0
LINE
  5
6DD
330
1A
100
AcDbEntity
  8
BLACK
  6
CONTINUOUS
100
AcDbLine
 10
0.2401181102362205
 20
2.6458661417322835
 30
0
 11
0.2363515354330709
 21
2.6466153543307085
 31
0
  0
LINE
  5
6DE
330
1A
100
AcDbEntity
  8
BLACK
  6
CONTINUOUS
100
AcDbLine
 10
0.2363515354330709
 20
2.6466153543307085
 30
0
 11
0.2331583858267716
 21
2.6487489370078738
 31
0
  0
LINE
  5
6DF
330
1A
100
AcDbEntity
  8
BLACK
  6
CONTINUOUS
100
AcDbLine
 10
0.2331583858267716
 20
2.6487489370078738
 30
0
 11
0.2310248031496063
 21
2.6519420866141732
 31
0
  0
LINE
  5
6E0
330
1A
100
AcDbEntity
  8
BLACK
  6
CONTINUOUS
100
AcDbLine
 10
0.2310248031496063
 20
2.6519420866141732
 30
0
 11
0.2302755905511811
 21
2.6557086614173229
 31
0
  0
LINE
  5
6E1
330
1A
100
AcDbEntity
  8
BLACK
  6
CONTINUOUS
100
AcDbLine
 10
0.2302755905511811
 20
2.6557086614173229
 30
0
 11
0.2302755905511811
 21
2.7423228346456692
 31
0
  0
LINE
  5
6E2
330
1A
100
AcDbEntity
  8
BLACK
  6
CONTINUOUS
100
AcDbLine
 10
0.2302755905511811
 20
2.7423228346456692
 30
0
 11
0.2310248031496063
 21
2.7460894094488189
 31
0
  0
LINE
  5
6E3
330
1A
100
AcDbEntity
  8
BLACK
  6
CONTINUOUS
100
AcDbLine
 10
0.2310248031496063
 20
2.7460894094488189
 30
0
 11
0.2331583858267716
 21
2.7492825590551182
 31
0
  0
LINE
  5
6E4
330
1A
100
AcDbEntity
  8
BLACK
  6
CONTINUOUS
100
AcDbLine
 10
0.2331583858267716
 20
2.7492825590551182
 30
0
 11
0.2363515354330709
 21
2.7514161417322835
 31
0
  0
LINE
  5
6E5
330
1A
100
AcDbEntity
  8
BLACK
  6
CONTINUOUS
100
AcDbLine
 10
0.2363515354330709
 20
2.7514161417322835
 30
0
 11
0.2401181102362205
 21
2.7521653543307085
 31
0
  0
LINE
  5
6E6
330
1A
100
AcDbEntity
  8
BLACK
  6
CONTINUOUS
100
AcDbLine
 10
0.2401181102362205
 20
2.7521653543307085
 30
0
 11
0.2598031496062992
 21
2.7521653543307085
 31
0
  0
LINE
  5
6E7
330
1A
100
AcDbEntity
  8
BLACK
  6
CONTINUOUS
100
AcDbLine
 10
0.2598031496062992
 20
2.7521653543307085
 30
0
 11
0.2635697244094488
 21
2.7514161417322835
 31
0
  0
LINE
  5
6E8
330
1A
100
AcDbEntity
  8
BLACK
  6
CONTINUOUS
100
AcDbLine
 10
0.427007874015748
 20
2.6461811023622048
 30
0
 11
0.367007874015748
 21
2.6461811023622048
 31
0
  0
LINE
  5
6E9
330
1A
100
AcDbEntity
  8
BLACK
  6
CONTINUOUS
100
AcDbLine
 10
0.367007874015748
 20
2.6461811023622048
 30
0
 11
0.367007874015748
 21
2.7061811023622049
 31
0
  0
LINE
  5
6EA
330
1A
100
AcDbEntity
  8
BLACK
  6
CONTINUOUS
100
AcDbLine
 10
0.367007874015748
 20
2.7061811023622049
 30
0
 11
0.427007874015748
 21
2.7061811023622049
 31
0
  0
LINE
  5
6EB
330
1A
100
AcDbEntity
  8
BLACK
  6
CONTINUOUS
100
AcDbLine
 10
0.427007874015748
 20
2.7061811023622049
 30
0
 11
0.427007874015748
 21
2.6461811023622048
 31
0
  0
LINE
  5
6EC
330
1A
100
AcDbEntity
  8
BLACK
  6
CONTINUOUS
100
AcDbLine
 10
0.527007874015748
 20
2.6461811023622048
 30
0
 11
0.467007874015748
 21
2.6461811023622048
 31
0
  0
LINE
  5
6ED
330
1A
100
AcDbEntity
  8
BLACK
  6
CONTINUOUS
100
AcDbLine
 10
0.467007874015748
 20
2.6461811023622048
 30
0
 11
0.467007874015748
 21
2.7061811023622049
 31
0
  0
LINE
  5
6EE
330
1A
100
AcDbEntity
  8
BLACK
  6
CONTINUOUS
100
AcDbLine
 10
0.467007874015748
 20
2.7061811023622049
 30
0
 11
0.527007874015748
 21
2.7061811023622049
 31
0
  0
LINE
  5
6EF
330
1A
100
AcDbEntity
  8
BLACK
  6
CONTINUOUS
100
AcDbLine
 10
0.527007874015748
 20
2.7061811023622049
 30
0
 11
0.527007874015748
 21
2.6461811023622048
 31
0
  0
LINE
  5
6F0
330
1A
100
AcDbEntity
  8
BLACK
  6
CONTINUOUS
100
AcDbLine
 10
0.627007874015748
 20
2.6461811023622048
 30
0
 11
0.567007874015748
 21
2.6461811023622048
 31
0
  0
LINE
  5
6F1
330
1A
100
AcDbEntity
  8
BLACK
  6
CONTINUOUS
100
AcDbLine
 10
0.567007874015748
 20
2.6461811023622048
 30
0
 11
0.567007874015748
 21
2.7061811023622049
 31
0
  0
LINE
  5
6F2
330
1A
100
AcDbEntity
  8
BLACK
  6
CONTINUOUS
100
AcDbLine
 10
0.567007874015748
 20
2.7061811023622049
 30
0
 11
0.627007874015748
 21
2.7061811023622049
 31
0
  0
LINE
  5
6F3
330
1A
100
AcDbEntity
  8
BLACK
  6
CONTINUOUS
100
AcDbLine
 10
0.627007874015748
 20
2.7061811023622049
 30
0
 11
0.627007874015748
 21
2.6461811023622048
 31
0
  0
LINE
  5
6F4
330
1A
100
AcDbEntity
  8
BLACK
  6
CONTINUOUS
100
AcDbLine
 10
-1.7179415354330709
 20
2.7248795275590552
 30
0
 11
-1.7108111417322833
 21
2.7219260236220473
 31
0
  0
LINE
  5
6F5
330
1A
100
AcDbEntity
  8
BLACK
  6
CONTINUOUS
100
AcDbLine
 10
-1.7108111417322833
 20
2.7219260236220473
 30
0
 11
-1.7043939763779528
 21
2.7176381889763781
 31
0
  0
LINE
  5
6F6
330
1A
100
AcDbEntity
  8
BLACK
  6
CONTINUOUS
100
AcDbLine
 10
-1.7043939763779528
 20
2.7176381889763781
 30
0
 11
-1.6989366141732283
 21
2.7121808267716534
 31
0
  0
LINE
  5
6F7
330
1A
100
AcDbEntity
  8
BLACK
  6
CONTINUOUS
100
AcDbLine
 10
-1.6989366141732283
 20
2.7121808267716534
 30
0
 11
-1.6946487795275591
 21
2.7057636614173228
 31
0
  0
LINE
  5
6F8
330
1A
100
AcDbEntity
  8
BLACK
  6
CONTINUOUS
100
AcDbLine
 10
-1.6946487795275591
 20
2.7057636614173228
 30
0
 11
-1.6916952755905512
 21
2.6986332677165352
 31
0
  0
LINE
  5
6F9
330
1A
100
AcDbEntity
  8
BLACK
  6
CONTINUOUS
100
AcDbLine
 10
-1.6916952755905512
 20
2.6986332677165352
 30
0
 11
-1.6901895669291338
 21
2.6910636614173229
 31
0
  0
LINE
  5
6FA
330
1A
100
AcDbEntity
  8
BLACK
  6
CONTINUOUS
100
AcDbLine
 10
-1.6901895669291338
 20
2.6910636614173229
 30
0
 11
-1.6901895669291338
 21
2.6833457874015747
 31
0
  0
LINE
  5
6FB
330
1A
100
AcDbEntity
  8
BLACK
  6
CONTINUOUS
100
AcDbLine
 10
-1.6901895669291338
 20
2.6833457874015747
 30
0
 11
-1.6916952755905512
 21
2.6757761811023619
 31
0
  0
LINE
  5
6FC
330
1A
100
AcDbEntity
  8
BLACK
  6
CONTINUOUS
100
AcDbLine
 10
-1.6916952755905512
 20
2.6757761811023619
 30
0
 11
-1.6946487795275591
 21
2.6686457874015748
 31
0
  0
LINE
  5
6FD
330
1A
100
AcDbEntity
  8
BLACK
  6
CONTINUOUS
100
AcDbLine
 10
-1.6946487795275591
 20
2.6686457874015748
 30
0
 11
-1.6989366141732283
 21
2.6622286220472442
 31
0
  0
LINE
  5
6FE
330
1A
100
AcDbEntity
  8
BLACK
  6
CONTINUOUS
100
AcDbLine
 10
-1.6989366141732283
 20
2.6622286220472442
 30
0
 11
-1.7043939763779528
 21
2.6567712598425195
 31
0
  0
LINE
  5
6FF
330
1A
100
AcDbEntity
  8
BLACK
  6
CONTINUOUS
100
AcDbLine
 10
-1.7043939763779528
 20
2.6567712598425195
 30
0
 11
-1.7108111417322833
 21
2.6524834251968503
 31
0
  0
LINE
  5
700
330
1A
100
AcDbEntity
  8
BLACK
  6
CONTINUOUS
100
AcDbLine
 10
-1.7108111417322833
 20
2.6524834251968503
 30
0
 11
-1.7179415354330709
 21
2.6495299212598424
 31
0
  0
LINE
  5
701
330
1A
100
AcDbEntity
  8
BLACK
  6
CONTINUOUS
100
AcDbLine
 10
-1.7179415354330709
 20
2.6495299212598424
 30
0
 11
-1.7255111417322835
 21
2.648024212598425
 31
0
  0
LINE
  5
702
330
1A
100
AcDbEntity
  8
BLACK
  6
CONTINUOUS
100
AcDbLine
 10
-1.7255111417322835
 20
2.648024212598425
 30
0
 11
-1.7332290157480315
 21
2.648024212598425
 31
0
  0
LINE
  5
703
330
1A
100
AcDbEntity
  8
BLACK
  6
CONTINUOUS
100
AcDbLine
 10
-1.7332290157480315
 20
2.648024212598425
 30
0
 11
-1.740798622047244
 21
2.6495299212598424
 31
0
  0
LINE
  5
704
330
1A
100
AcDbEntity
  8
BLACK
  6
CONTINUOUS
100
AcDbLine
 10
-1.740798622047244
 20
2.6495299212598424
 30
0
 11
-1.7479290157480314
 21
2.6524834251968503
 31
0
  0
LINE
  5
705
330
1A
100
AcDbEntity
  8
BLACK
  6
CONTINUOUS
100
AcDbLine
 10
-1.7479290157480314
 20
2.6524834251968503
 30
0
 11
-1.7543461811023622
 21
2.6567712598425195
 31
0
  0
LINE
  5
706
330
1A
100
AcDbEntity
  8
BLACK
  6
CONTINUOUS
100
AcDbLine
 10
-1.7543461811023622
 20
2.6567712598425195
 30
0
 11
-1.7598035433070867
 21
2.6622286220472442
 31
0
  0
LINE
  5
707
330
1A
100
AcDbEntity
  8
BLACK
  6
CONTINUOUS
100
AcDbLine
 10
-1.7598035433070867
 20
2.6622286220472442
 30
0
 11
-1.7640913779527558
 21
2.6686457874015748
 31
0
  0
LINE
  5
708
330
1A
100
AcDbEntity
  8
BLACK
  6
CONTINUOUS
100
AcDbLine
 10
-1.7640913779527558
 20
2.6686457874015748
 30
0
 11
-1.7670448818897637
 21
2.6757761811023619
 31
0
  0
LINE
  5
709
330
1A
100
AcDbEntity
  8
BLACK
  6
CONTINUOUS
100
AcDbLine
 10
-1.7670448818897637
 20
2.6757761811023619
 30
0
 11
-1.7685505905511811
 21
2.6833457874015747
 31
0
  0
LINE
  5
70A
330
1A
100
AcDbEntity
  8
BLACK
  6
CONTINUOUS
100
AcDbLine
 10
-1.7685505905511811
 20
2.6833457874015747
 30
0
 11
-1.7685505905511811
 21
2.6910636614173229
 31
0
  0
LINE
  5
70B
330
1A
100
AcDbEntity
  8
BLACK
  6
CONTINUOUS
100
AcDbLine
 10
-1.7685505905511811
 20
2.6910636614173229
 30
0
 11
-1.7670448818897637
 21
2.6986332677165352
 31
0
  0
LINE
  5
70C
330
1A
100
AcDbEntity
  8
BLACK
  6
CONTINUOUS
100
AcDbLine
 10
-1.7670448818897637
 20
2.6986332677165352
 30
0
 11
-1.7640913779527558
 21
2.7057636614173228
 31
0
  0
LINE
  5
70D
330
1A
100
AcDbEntity
  8
BLACK
  6
CONTINUOUS
100
AcDbLine
 10
-1.7640913779527558
 20
2.7057636614173228
 30
0
 11
-1.7598035433070867
 21
2.7121808267716534
 31
0
  0
LINE
  5
70E
330
1A
100
AcDbEntity
  8
BLACK
  6
CONTINUOUS
100
AcDbLine
 10
-1.7598035433070867
 20
2.7121808267716534
 30
0
 11
-1.7543461811023622
 21
2.7176381889763781
 31
0
  0
LINE
  5
70F
330
1A
100
AcDbEntity
  8
BLACK
  6
CONTINUOUS
100
AcDbLine
 10
-1.7543461811023622
 20
2.7176381889763781
 30
0
 11
-1.7479290157480314
 21
2.7219260236220473
 31
0
  0
LINE
  5
710
330
1A
100
AcDbEntity
  8
BLACK
  6
CONTINUOUS
100
AcDbLine
 10
-1.7479290157480314
 20
2.7219260236220473
 30
0
 11
-1.740798622047244
 21
2.7248795275590552
 31
0
  0
LINE
  5
711
330
1A
100
AcDbEntity
  8
BLACK
  6
CONTINUOUS
100
AcDbLine
 10
-1.740798622047244
 20
2.7248795275590552
 30
0
 11
-1.7332290157480315
 21
2.7263852362204726
 31
0
  0
LINE
  5
712
330
1A
100
AcDbEntity
  8
BLACK
  6
CONTINUOUS
100
AcDbLine
 10
-1.7332290157480315
 20
2.7263852362204726
 30
0
 11
-1.7255111417322835
 21
2.7263852362204726
 31
0
  0
LINE
  5
713
330
1A
100
AcDbEntity
  8
BLACK
  6
CONTINUOUS
100
AcDbLine
 10
-1.7255111417322835
 20
2.7263852362204726
 30
0
 11
-1.7179415354330709
 21
2.7248795275590552
 31
0
  0
LINE
  5
714
330
1A
100
AcDbEntity
  8
BLACK
  6
CONTINUOUS
100
AcDbLine
 10
-1.4399999999999999
 20
2.6850000000000001
 30
0
 11
-1.5
 21
2.6850000000000001
 31
0
  0
LINE
  5
715
330
1A
100
AcDbEntity
  8
BLACK
  6
CONTINUOUS
100
AcDbLine
 10
-1.5
 20
2.6850000000000001
 30
0
 11
-1.5
 21
2.7450000000000001
 31
0
  0
LINE
  5
716
330
1A
100
AcDbEntity
  8
BLACK
  6
CONTINUOUS
100
AcDbLine
 10
-1.5
 20
2.7450000000000001
 30
0
 11
-1.4399999999999999
 21
2.7450000000000001
 31
0
  0
LINE
  5
717
330
1A
100
AcDbEntity
  8
BLACK
  6
CONTINUOUS
100
AcDbLine
 10
-1.4399999999999999
 20
2.7450000000000001
 30
0
 11
-1.4399999999999999
 21
2.6850000000000001
 31
0
  0
LINE
  5
718
330
1A
100
AcDbEntity
  8
BLACK
  6
CONTINUOUS
100
AcDbLine
 10
-1.3400000000000001
 20
2.6850000000000001
 30
0
 11
-1.3999999999999999
 21
2.6850000000000001
 31
0
  0
LINE
  5
719
330
1A
100
AcDbEntity
  8
BLACK
  6
CONTINUOUS
100
AcDbLine
 10
-1.3999999999999999
 20
2.6850000000000001
 30
0
 11
-1.3999999999999999
 21
2.7450000000000001
 31
0
  0
LINE
  5
71A
330
1A
100
AcDbEntity
  8
BLACK
  6
CONTINUOUS
100
AcDbLine
 10
-1.3999999999999999
 20
2.7450000000000001
 30
0
 11
-1.3400000000000001
 21
2.7450000000000001
 31
0
  0
LINE
  5
71B
330
1A
100
AcDbEntity
  8
BLACK
  6
CONTINUOUS
100
AcDbLine
 10
-1.3400000000000001
 20
2.7450000000000001
 30
0
 11
-1.3400000000000001
 21
2.6850000000000001
 31
0
  0
LINE
  5
71C
330
1A
100
AcDbEntity
  8
BLACK
  6
CONTINUOUS
100
AcDbLine
 10
-1.210787401574803
 20
2.7064173228346458
 30
0
 11
-1.2707874015748031
 21
2.7064173228346458
 31
0
  0
LINE
  5
71D
330
1A
100
AcDbEntity
  8
BLACK
  6
CONTINUOUS
100
AcDbLine
 10
-1.2707874015748031
 20
2.7064173228346458
 30
0
 11
-1.2707874015748031
 21
2.7664173228346458
 31
0
  0
LINE
  5
71E
330
1A
100
AcDbEntity
  8
BLACK
  6
CONTINUOUS
100
AcDbLine
 10
-1.2707874015748031
 20
2.7664173228346458
 30
0
 11
-1.210787401574803
 21
2.7664173228346458
 31
0
  0
LINE
  5
71F
330
1A
100
AcDbEntity
  8
BLACK
  6
CONTINUOUS
100
AcDbLine
 10
-1.210787401574803
 20
2.7664173228346458
 30
0
 11
-1.210787401574803
 21
2.7064173228346458
 31
0
  0
LINE
  5
720
330
1A
100
AcDbEntity
  8
BLACK
  6
CONTINUOUS
100
AcDbLine
 10
-1.1107874015748032
 20
2.7064173228346458
 30
0
 11
-1.1707874015748032
 21
2.7064173228346458
 31
0
  0
LINE
  5
721
330
1A
100
AcDbEntity
  8
BLACK
  6
CONTINUOUS
100
AcDbLine
 10
-1.1707874015748032
 20
2.7064173228346458
 30
0
 11
-1.1707874015748032
 21
2.7664173228346458
 31
0
  0
LINE
  5
722
330
1A
100
AcDbEntity
  8
BLACK
  6
CONTINUOUS
100
AcDbLine
 10
-1.1707874015748032
 20
2.7664173228346458
 30
0
 11
-1.1107874015748032
 21
2.7664173228346458
 31
0
  0
LINE
  5
723
330
1A
100
AcDbEntity
  8
BLACK
  6
CONTINUOUS
100
AcDbLine
 10
-1.1107874015748032
 20
2.7664173228346458
 30
0
 11
-1.1107874015748032
 21
2.7064173228346458
 31
0
  0
LINE
  5
724
330
1A
100
AcDbEntity
  8
BLACK
  6
CONTINUOUS
100
AcDbLine
 10
-1.0107874015748031
 20
2.7064173228346458
 30
0
 11
-1.0707874015748031
 21
2.7064173228346458
 31
0
  0
LINE
  5
725
330
1A
100
AcDbEntity
  8
BLACK
  6
CONTINUOUS
100
AcDbLine
 10
-1.0707874015748031
 20
2.7064173228346458
 30
0
 11
-1.0707874015748031
 21
2.7664173228346458
 31
0
  0
LINE
  5
726
330
1A
100
AcDbEntity
  8
BLACK
  6
CONTINUOUS
100
AcDbLine
 10
-1.0707874015748031
 20
2.7664173228346458
 30
0
 11
-1.0107874015748031
 21
2.7664173228346458
 31
0
  0
LINE
  5
727
330
1A
100
AcDbEntity
  8
BLACK
  6
CONTINUOUS
100
AcDbLine
 10
-1.0107874015748031
 20
2.7664173228346458
 30
0
 11
-1.0107874015748031
 21
2.7064173228346458
 31
0
  0
LINE
  5
728
330
1A
100
AcDbEntity
  8
BLACK
  6
CONTINUOUS
100
AcDbLine
 10
-0.9107874015748031
 20
2.7064173228346458
 30
0
 11
-0.9707874015748031
 21
2.7064173228346458
 31
0
  0
LINE
  5
729
330
1A
100
AcDbEntity
  8
BLACK
  6
CONTINUOUS
100
AcDbLine
 10
-0.9707874015748031
 20
2.7064173228346458
 30
0
 11
-0.9707874015748031
 21
2.7664173228346458
 31
0
  0
LINE
  5
72A
330
1A
100
AcDbEntity
  8
BLACK
  6
CONTINUOUS
100
AcDbLine
 10
-0.9707874015748031
 20
2.7664173228346458
 30
0
 11
-0.9107874015748031
 21
2.7664173228346458
 31
0
  0
LINE
  5
72B
330
1A
100
AcDbEntity
  8
BLACK
  6
CONTINUOUS
100
AcDbLine
 10
-0.9107874015748031
 20
2.7664173228346458
 30
0
 11
-0.9107874015748031
 21
2.7064173228346458
 31
0
  0
LINE
  5
72C
330
1A
100
AcDbEntity
  8
BLACK
  6
CONTINUOUS
100
AcDbLine
 10
-0.8107874015748031
 20
2.7064173228346458
 30
0
 11
-0.8707874015748032
 21
2.7064173228346458
 31
0
  0
LINE
  5
72D
330
1A
100
AcDbEntity
  8
BLACK
  6
CONTINUOUS
100
AcDbLine
 10
-0.8707874015748032
 20
2.7064173228346458
 30
0
 11
-0.8707874015748032
 21
2.7664173228346458
 31
0
  0
LINE
  5
72E
330
1A
100
AcDbEntity
  8
BLACK
  6
CONTINUOUS
100
AcDbLine
 10
-0.8707874015748032
 20
2.7664173228346458
 30
0
 11
-0.8107874015748031
 21
2.7664173228346458
 31
0
  0
LINE
  5
72F
330
1A
100
AcDbEntity
  8
BLACK
  6
CONTINUOUS
100
AcDbLine
 10
-0.8107874015748031
 20
2.7664173228346458
 30
0
 11
-0.8107874015748031
 21
2.7064173228346458
 31
0
  0
LINE
  5
730
330
1A
100
AcDbEntity
  8
BLACK
  6
CONTINUOUS
100
AcDbLine
 10
-0.7107874015748031
 20
2.7064173228346458
 30
0
 11
-0.7707874015748031
 21
2.7064173228346458
 31
0
  0
LINE
  5
731
330
1A
100
AcDbEntity
  8
BLACK
  6
CONTINUOUS
100
AcDbLine
 10
-0.7707874015748031
 20
2.7064173228346458
 30
0
 11
-0.7707874015748031
 21
2.7664173228346458
 31
0
  0
LINE
  5
732
330
1A
100
AcDbEntity
  8
BLACK
  6
CONTINUOUS
100
AcDbLine
 10
-0.7707874015748031
 20
2.7664173228346458
 30
0
 11
-0.7107874015748031
 21
2.7664173228346458
 31
0
  0
LINE
  5
733
330
1A
100
AcDbEntity
  8
BLACK
  6
CONTINUOUS
100
AcDbLine
 10
-0.7107874015748031
 20
2.7664173228346458
 30
0
 11
-0.7107874015748031
 21
2.7064173228346458
 31
0
  0
LINE
  5
734
330
1A
100
AcDbEntity
  8
BLACK
  6
CONTINUOUS
100
AcDbLine
 10
-0.6107874015748032
 20
2.7064173228346458
 30
0
 11
-0.6707874015748031
 21
2.7064173228346458
 31
0
  0
LINE
  5
735
330
1A
100
AcDbEntity
  8
BLACK
  6
CONTINUOUS
100
AcDbLine
 10
-0.6707874015748031
 20
2.7064173228346458
 30
0
 11
-0.6707874015748031
 21
2.7664173228346458
 31
0
  0
LINE
  5
736
330
1A
100
AcDbEntity
  8
BLACK
  6
CONTINUOUS
100
AcDbLine
 10
-0.6707874015748031
 20
2.7664173228346458
 30
0
 11
-0.6107874015748032
 21
2.7664173228346458
 31
0
  0
LINE
  5
737
330
1A
100
AcDbEntity
  8
BLACK
  6
CONTINUOUS
100
AcDbLine
 10
-0.6107874015748032
 20
2.7664173228346458
 30
0
 11
-0.6107874015748032
 21
2.7064173228346458
 31
0
  0
LINE
  5
738
330
1A
100
AcDbEntity
  8
BLACK
  6
CONTINUOUS
100
AcDbLine
 10
-0.4735826771653543
 20
2.7074015748031495
 30
0
 11
-0.5335826771653543
 21
2.7074015748031495
 31
0
  0
LINE
  5
739
330
1A
100
AcDbEntity
  8
BLACK
  6
CONTINUOUS
100
AcDbLine
 10
-0.5335826771653543
 20
2.7074015748031495
 30
0
 11
-0.5335826771653543
 21
2.7674015748031495
 31
0
  0
LINE
  5
73A
330
1A
100
AcDbEntity
  8
BLACK
  6
CONTINUOUS
100
AcDbLine
 10
-0.5335826771653543
 20
2.7674015748031495
 30
0
 11
-0.4735826771653543
 21
2.7674015748031495
 31
0
  0
LINE
  5
73B
330
1A
100
AcDbEntity
  8
BLACK
  6
CONTINUOUS
100
AcDbLine
 10
-0.4735826771653543
 20
2.7674015748031495
 30
0
 11
-0.4735826771653543
 21
2.7074015748031495
 31
0
  0
LINE
  5
73C
330
1A
100
AcDbEntity
  8
BLACK
  6
CONTINUOUS
100
AcDbLine
 10
-0.3735826771653543
 20
2.7074015748031495
 30
0
 11
-0.4335826771653543
 21
2.7074015748031495
 31
0
  0
LINE
  5
73D
330
1A
100
AcDbEntity
  8
BLACK
  6
CONTINUOUS
100
AcDbLine
 10
-0.4335826771653543
 20
2.7074015748031495
 30
0
 11
-0.4335826771653543
 21
2.7674015748031495
 31
0
  0
LINE
  5
73E
330
1A
100
AcDbEntity
  8
BLACK
  6
CONTINUOUS
100
AcDbLine
 10
-0.4335826771653543
 20
2.7674015748031495
 30
0
 11
-0.3735826771653543
 21
2.7674015748031495
 31
0
  0
LINE
  5
73F
330
1A
100
AcDbEntity
  8
BLACK
  6
CONTINUOUS
100
AcDbLine
 10
-0.3735826771653543
 20
2.7674015748031495
 30
0
 11
-0.3735826771653543
 21
2.7074015748031495
 31
0
  0
LINE
  5
740
330
1A
100
AcDbEntity
  8
BLACK
  6
CONTINUOUS
100
AcDbLine
 10
-0.2735826771653543
 20
2.7074015748031495
 30
0
 11
-0.3335826771653543
 21
2.7074015748031495
 31
0
  0
LINE
  5
741
330
1A
100
AcDbEntity
  8
BLACK
  6
CONTINUOUS
100
AcDbLine
 10
-0.3335826771653543
 20
2.7074015748031495
 30
0
 11
-0.3335826771653543
 21
2.7674015748031495
 31
0
  0
LINE
  5
742
330
1A
100
AcDbEntity
  8
BLACK
  6
CONTINUOUS
100
AcDbLine
 10
-0.3335826771653543
 20
2.7674015748031495
 30
0
 11
-0.2735826771653543
 21
2.7674015748031495
 31
0
  0
LINE
  5
743
330
1A
100
AcDbEntity
  8
BLACK
  6
CONTINUOUS
100
AcDbLine
 10
-0.2735826771653543
 20
2.7674015748031495
 30
0
 11
-0.2735826771653543
 21
2.7074015748031495
 31
0
  0
CIRCLE
  5
744
330
1A
100
AcDbEntity
  8
BLACK
100
AcDbCircle
 10
1.7
 20
1.9450000000000001
 30
0
 40
0.0068897637795276
  0
CIRCLE
  5
745
330
1A
100
AcDbEntity
  8
BLACK
100
AcDbCircle
 10
1.5999999999999999
 20
1.9450000000000001
 30
0
 40
0.0068897637795276
  0
CIRCLE
  5
746
330
1A
100
AcDbEntity
  8
BLACK
100
AcDbCircle
 10
1.7
 20
2.0449999999999999
 30
0
 40
0.0068897637795276
  0
CIRCLE
  5
747
330
1A
100
AcDbEntity
  8
BLACK
100
AcDbCircle
 10
1.5999999999999999
 20
2.0449999999999999
 30
0
 40
0.0068897637795276
  0
CIRCLE
  5
748
330
1A
100
AcDbEntity
  8
BLACK
100
AcDbCircle
 10
1.7
 20
2.145
 30
0
 40
0.0068897637795276
  0
CIRCLE
  5
749
330
1A
100
AcDbEntity
  8
BLACK
100
AcDbCircle
 10
1.5999999999999999
 20
2.145
 30
0
 40
0.0068897637795276
  0
CIRCLE
  5
74A
330
1A
100
AcDbEntity
  8
BLACK
100
AcDbCircle
 10
-0.24
 20
0.635
 30
0
 40
0.0068897637795276
  0
CIRCLE
  5
74B
330
1A
100
AcDbEntity
  8
BLACK
100
AcDbCircle
 10
-0.24
 20
0.535
 30
0
 40
0.0068897637795276
  0
CIRCLE
  5
74C
330
1A
100
AcDbEntity
  8
BLACK
100
AcDbCircle
 10
-0.34
 20
0.635
 30
0
 40
0.0068897637795276
  0
CIRCLE
  5
74D
330
1A
100
AcDbEntity
  8
BLACK
100
AcDbCircle
 10
-0.34
 20
0.535
 30
0
 40
0.0068897637795276
  0
CIRCLE
  5
74E
330
1A
100
AcDbEntity
  8
BLACK
100
AcDbCircle
 10
-0.44
 20
0.635
 30
0
 40
0.0068897637795276
  0
CIRCLE
  5
74F
330
1A
100
AcDbEntity
  8
BLACK
100
AcDbCircle
 10
-0.44
 20
0.535
 30
0
 40
0.0068897637795276
  0
CIRCLE
  5
750
330
1A
100
AcDbEntity
  8
BLACK
100
AcDbCircle
 10
-0.54
 20
0.635
 30
0
 40
0.0068897637795276
  0
CIRCLE
  5
751
330
1A
100
AcDbEntity
  8
BLACK
100
AcDbCircle
 10
-0.54
 20
0.535
 30
0
 40
0.0068897637795276
  0
CIRCLE
  5
752
330
1A
100
AcDbEntity
  8
BLACK
100
AcDbCircle
 10
-0.64
 20
0.635
 30
0
 40
0.0068897637795276
  0
CIRCLE
  5
753
330
1A
100
AcDbEntity
  8
BLACK
100
AcDbCircle
 10
-0.64
 20
0.535
 30
0
 40
0.0068897637795276
  0
CIRCLE
  5
754
330
1A
100
AcDbEntity
  8
BLACK
100
AcDbCircle
 10
-1.99
 20
2.625
 30
0
 40
0.0068897637795276
  0
CIRCLE
  5
755
330
1A
100
AcDbEntity
  8
BLACK
100
AcDbCircle
 10
1.6099999999999999
 20
2.625
 30
0
 40
0.0068897637795276
  0
CIRCLE
  5
756
330
1A
100
AcDbEntity
  8
BLACK
100
AcDbCircle
 10
-1.2407874015748031
 20
2.6364173228346455
 30
0
 40
0.0068897637795276
  0
CIRCLE
  5
757
330
1A
100
AcDbEntity
  8
BLACK
100
AcDbCircle
 10
-1.2407874015748031
 20
2.7364173228346456
 30
0
 40
0.0068897637795276
  0
CIRCLE
  5
758
330
1A
100
AcDbEntity
  8
BLACK
100
AcDbCircle
 10
-1.1407874015748032
 20
2.6364173228346455
 30
0
 40
0.0068897637795276
  0
CIRCLE
  5
759
330
1A
100
AcDbEntity
  8
BLACK
100
AcDbCircle
 10
-1.1407874015748032
 20
2.7364173228346456
 30
0
 40
0.0068897637795276
  0
CIRCLE
  5
75A
330
1A
100
AcDbEntity
  8
BLACK
100
AcDbCircle
 10
-1.0407874015748031
 20
2.6364173228346455
 30
0
 40
0.0068897637795276
  0
CIRCLE
  5
75B
330
1A
100
AcDbEntity
  8
BLACK
100
AcDbCircle
 10
-1.0407874015748031
 20
2.7364173228346456
 30
0
 40
0.0068897637795276
  0
CIRCLE
  5
75C
330
1A
100
AcDbEntity
  8
BLACK
100
AcDbCircle
 10
-0.9407874015748031
 20
2.6364173228346455
 30
0
 40
0.0068897637795276
  0
CIRCLE
  5
75D
330
1A
100
AcDbEntity
  8
BLACK
100
AcDbCircle
 10
-0.9407874015748031
 20
2.7364173228346456
 30
0
 40
0.0068897637795276
  0
CIRCLE
  5
75E
330
1A
100
AcDbEntity
  8
BLACK
100
AcDbCircle
 10
-0.8407874015748031
 20
2.6364173228346455
 30
0
 40
0.0068897637795276
  0
CIRCLE
  5
75F
330
1A
100
AcDbEntity
  8
BLACK
100
AcDbCircle
 10
-0.8407874015748031
 20
2.7364173228346456
 30
0
 40
0.0068897637795276
  0
CIRCLE
  5
760
330
1A
100
AcDbEntity
  8
BLACK
100
AcDbCircle
 10
-0.7407874015748032
 20
2.6364173228346455
 30
0
 40
0.0068897637795276
  0
CIRCLE
  5
761
330
1A
100
AcDbEntity
  8
BLACK
100
AcDbCircle
 10
-0.7407874015748032
 20
2.7364173228346456
 30
0
 40
0.0068897637795276
  0
CIRCLE
  5
762
330
1A
100
AcDbEntity
  8
BLACK
100
AcDbCircle
 10
-0.6407874015748032
 20
2.6364173228346455
 30
0
 40
0.0068897637795276
  0
CIRCLE
  5
763
330
1A
100
AcDbEntity
  8
BLACK
100
AcDbCircle
 10
-0.6407874015748032
 20
2.7364173228346456
 30
0
 40
0.0068897637795276
  0
CIRCLE
  5
764
330
1A
100
AcDbEntity
  8
BLACK
100
AcDbCircle
 10
-0.5035826771653543
 20
2.6374015748031496
 30
0
 40
0.0068897637795276
  0
CIRCLE
  5
765
330
1A
100
AcDbEntity
  8
BLACK
100
AcDbCircle
 10
-0.5035826771653543
 20
2.7374015748031497
 30
0
 40
0.0068897637795276
  0
CIRCLE
  5
766
330
1A
100
AcDbEntity
  8
BLACK
100
AcDbCircle
 10
-0.4035826771653543
 20
2.6374015748031496
 30
0
 40
0.0068897637795276
  0
CIRCLE
  5
767
330
1A
100
AcDbEntity
  8
BLACK
100
AcDbCircle
 10
-0.4035826771653543
 20
2.7374015748031497
 30
0
 40
0.0068897637795276
  0
CIRCLE
  5
768
330
1A
100
AcDbEntity
  8
BLACK
100
AcDbCircle
 10
-0.3035826771653543
 20
2.6374015748031496
 30
0
 40
0.0068897637795276
  0
CIRCLE
  5
769
330
1A
100
AcDbEntity
  8
BLACK
100
AcDbCircle
 10
-0.3035826771653543
 20
2.7374015748031497
 30
0
 40
0.0068897637795276
  0
CIRCLE
  5
76A
330
1A
100
AcDbEntity
  8
BLACK
100
AcDbCircle
 10
-1.99
 20
0.625
 30
0
 40
0.0068897637795276
  0
CIRCLE
  5
76B
330
1A
100
AcDbEntity
  8
BLACK
100
AcDbCircle
 10
-1.2793700787401574
 20
1.8277559055118109
 30
0
 40
0.0068897637795276
  0
CIRCLE
  5
76C
330
1A
100
AcDbEntity
  8
BLACK
100
AcDbCircle
 10
-1.2793700787401574
 20
1.0009842519685039
 30
0
 40
0.0068897637795276
  0
CIRCLE
  5
76D
330
1A
100
AcDbEntity
  8
BLACK
100
AcDbCircle
 10
-1.99
 20
2.2050000000000001
 30
0
 40
0.0068897637795276
  0
CIRCLE
  5
76E
330
1A
100
AcDbEntity
  8
BLACK
100
AcDbCircle
 10
-2.0899999999999999
 20
2.3050000000000002
 30
0
 40
0.0068897637795276
  0
CIRCLE
  5
76F
330
1A
100
AcDbEntity
  8
BLACK
100
AcDbCircle
 10
-2.0899999999999999
 20
2.105
 30
0
 40
0.0068897637795276
  0
CIRCLE
  5
770
330
1A
100
AcDbEntity
  8
BLACK
100
AcDbCircle
 10
-1.8899999999999999
 20
2.3050000000000002
 30
0
 40
0.0068897637795276
  0
CIRCLE
  5
771
330
1A
100
AcDbEntity
  8
BLACK
100
AcDbCircle
 10
-1.8899999999999999
 20
2.105
 30
0
 40
0.0068897637795276
  0
CIRCLE
  5
772
330
1A
100
AcDbEntity
  8
BLACK
100
AcDbCircle
 10
0.9399999999999999
 20
2.4049999999999998
 30
0
 40
0.0068897637795276
  0
CIRCLE
  5
773
330
1A
100
AcDbEntity
  8
BLACK
100
AcDbCircle
 10
1.235275590551181
 20
2.4049999999999998
 30
0
 40
0.0068897637795276
  0
CIRCLE
  5
774
330
1A
100
AcDbEntity
  8
BLACK
100
AcDbCircle
 10
-1.0069291338582678
 20
1.776496062992126
 30
0
 40
0.0068897637795276
  0
CIRCLE
  5
775
330
1A
100
AcDbEntity
  8
BLACK
100
AcDbCircle
 10
-0.9069291338582677
 20
1.776496062992126
 30
0
 40
0.0068897637795276
  0
CIRCLE
  5
776
330
1A
100
AcDbEntity
  8
BLACK
100
AcDbCircle
 10
1.6099999999999999
 20
0.625
 30
0
 40
0.0068897637795276
  0
CIRCLE
  5
777
330
1A
100
AcDbEntity
  8
BLACK
100
AcDbCircle
 10
-1.47
 20
2.6149999999999998
 30
0
 40
0.0068897637795276
  0
CIRCLE
  5
778
330
1A
100
AcDbEntity
  8
BLACK
100
AcDbCircle
 10
-1.47
 20
2.7149999999999999
 30
0
 40
0.0068897637795276
  0
CIRCLE
  5
779
330
1A
100
AcDbEntity
  8
BLACK
100
AcDbCircle
 10
-1.3699999999999999
 20
2.6149999999999998
 30
0
 40
0.0068897637795276
  0
CIRCLE
  5
77A
330
1A
100
AcDbEntity
  8
BLACK
100
AcDbCircle
 10
-1.3699999999999999
 20
2.7149999999999999
 30
0
 40
0.0068897637795276
  0
CIRCLE
  5
77B
330
1A
100
AcDbEntity
  8
BLACK
100
AcDbCircle
 10
0.33
 20
2.0049999999999999
 30
0
 40
0.0068897637795276
  0
CIRCLE
  5
77C
330
1A
100
AcDbEntity
  8
BLACK
100
AcDbCircle
 10
0.43
 20
2.0049999999999999
 30
0
 40
0.0068897637795276
  0
CIRCLE
  5
77D
330
1A
100
AcDbEntity
  8
BLACK
100
AcDbCircle
 10
-1.1699999999999999
 20
0.535
 30
0
 40
0.0068897637795276
  0
CIRCLE
  5
77E
330
1A
100
AcDbEntity
  8
BLACK
100
AcDbCircle
 10
-1.1699999999999999
 20
0.635
 30
0
 40
0.0068897637795276
  0
CIRCLE
  5
77F
330
1A
100
AcDbEntity
  8
BLACK
100
AcDbCircle
 10
-1.0700000000000001
 20
0.535
 30
0
 40
0.0068897637795276
  0
CIRCLE
  5
780
330
1A
100
AcDbEntity
  8
BLACK
100
AcDbCircle
 10
-1.0700000000000001
 20
0.635
 30
0
 40
0.0068897637795276
  0
CIRCLE
  5
781
330
1A
100
AcDbEntity
  8
BLACK
100
AcDbCircle
 10
-0.97
 20
0.535
 30
0
 40
0.0068897637795276
  0
CIRCLE
  5
782
330
1A
100
AcDbEntity
  8
BLACK
100
AcDbCircle
 10
-0.97
 20
0.635
 30
0
 40
0.0068897637795276
  0
CIRCLE
  5
783
330
1A
100
AcDbEntity
  8
BLACK
100
AcDbCircle
 10
-0.87
 20
0.535
 30
0
 40
0.0068897637795276
  0
CIRCLE
  5
784
330
1A
100
AcDbEntity
  8
BLACK
100
AcDbCircle
 10
-0.87
 20
0.635
 30
0
 40
0.0068897637795276
  0
CIRCLE
  5
785
330
1A
100
AcDbEntity
  8
BLACK
100
AcDbCircle
 10
-0.77
 20
0.535
 30
0
 40
0.0068897637795276
  0
CIRCLE
  5
786
330
1A
100
AcDbEntity
  8
BLACK
100
AcDbCircle
 10
-0.77
 20
0.635
 30
0
 40
0.0068897637795276
  0
CIRCLE
  5
787
330
1A
100
AcDbEntity
  8
BLACK
100
AcDbCircle
 10
1.5682677165354331
 20
1.7659448818897638
 30
0
 40
0.0068897637795276
  0
CIRCLE
  5
788
330
1A
100
AcDbEntity
  8
BLACK
100
AcDbCircle
 10
1.6682677165354329
 20
1.7659448818897638
 30
0
 40
0.0068897637795276
  0
CIRCLE
  5
789
330
1A
100
AcDbEntity
  8
BLACK
100
AcDbCircle
 10
1.5682677165354331
 20
1.6659448818897638
 30
0
 40
0.0068897637795276
  0
CIRCLE
  5
78A
330
1A
100
AcDbEntity
  8
BLACK
100
AcDbCircle
 10
1.6682677165354329
 20
1.6659448818897638
 30
0
 40
0.0068897637795276
  0
CIRCLE
  5
78B
330
1A
100
AcDbEntity
  8
BLACK
100
AcDbCircle
 10
1.5682677165354331
 20
1.5659448818897637
 30
0
 40
0.0068897637795276
  0
CIRCLE
  5
78C
330
1A
100
AcDbEntity
  8
BLACK
100
AcDbCircle
 10
1.6682677165354329
 20
1.5659448818897637
 30
0
 40
0.0068897637795276
  0
CIRCLE
  5
78D
330
1A
100
AcDbEntity
  8
BLACK
100
AcDbCircle
 10
-0.9194488188976377
 20
2.2426181102362204
 30
0
 40
0.0068897637795276
  0
CIRCLE
  5
78E
330
1A
100
AcDbEntity
  8
BLACK
100
AcDbCircle
 10
-0.9607874015748031
 20
2.2426181102362204
 30
0
 40
0.0068897637795276
  0
CIRCLE
  5
78F
330
1A
100
AcDbEntity
  8
BLACK
100
AcDbCircle
 10
-1.0021259842519685
 20
2.2426181102362204
 30
0
 40
0.0068897637795276
  0
CIRCLE
  5
790
330
1A
100
AcDbEntity
  8
BLACK
100
AcDbCircle
 10
-0.9194488188976377
 20
2.2012795275590551
 30
0
 40
0.0068897637795276
  0
CIRCLE
  5
791
330
1A
100
AcDbEntity
  8
BLACK
100
AcDbCircle
 10
-0.9607874015748031
 20
2.2012795275590551
 30
0
 40
0.0068897637795276
  0
CIRCLE
  5
792
330
1A
100
AcDbEntity
  8
BLACK
100
AcDbCircle
 10
-1.0021259842519685
 20
2.2012795275590551
 30
0
 40
0.0068897637795276
  0
CIRCLE
  5
793
330
1A
100
AcDbEntity
  8
BLACK
100
AcDbCircle
 10
-0.9194488188976377
 20
2.1599409448818898
 30
0
 40
0.0068897637795276
  0
CIRCLE
  5
794
330
1A
100
AcDbEntity
  8
BLACK
100
AcDbCircle
 10
-0.9607874015748031
 20
2.1599409448818898
 30
0
 40
0.0068897637795276
  0
CIRCLE
  5
795
330
1A
100
AcDbEntity
  8
BLACK
100
AcDbCircle
 10
-1.0021259842519685
 20
2.1599409448818898
 30
0
 40
0.0068897637795276
  0
CIRCLE
  5
796
330
1A
100
AcDbEntity
  8
BLACK
100
AcDbCircle
 10
-0.4301574803149606
 20
2.3624015748031497
 30
0
 40
0.0068897637795276
  0
CIRCLE
  5
797
330
1A
100
AcDbEntity
  8
BLACK
100
AcDbCircle
 10
-0.3907874015748031
 20
2.3624015748031497
 30
0
 40
0.0068897637795276
  0
CIRCLE
  5
798
330
1A
100
AcDbEntity
  8
WHITE
100
AcDbCircle
 10
1.7
 20
1.9450000000000001
 30
0
 40
0.0068897637795276
  0
CIRCLE
  5
799
330
1A
100
AcDbEntity
  8
WHITE
100
AcDbCircle
 10
1.5999999999999999
 20
1.9450000000000001
 30
0
 40
0.0068897637795276
  0
CIRCLE
  5
79A
330
1A
100
AcDbEntity
  8
WHITE
100
AcDbCircle
 10
1.7
 20
2.0449999999999999
 30
0
 40
0.0068897637795276
  0
CIRCLE
  5
79B
330
1A
100
AcDbEntity
  8
WHITE
100
AcDbCircle
 10
1.5999999999999999
 20
2.0449999999999999
 30
0
 40
0.0068897637795276
  0
CIRCLE
  5
79C
330
1A
100
AcDbEntity
  8
WHITE
100
AcDbCircle
 10
1.7
 20
2.145
 30
0
 40
0.0068897637795276
  0
CIRCLE
  5
79D
330
1A
100
AcDbEntity
  8
WHITE
100
AcDbCircle
 10
1.5999999999999999
 20
2.145
 30
0
 40
0.0068897637795276
  0
CIRCLE
  5
79E
330
1A
100
AcDbEntity
  8
WHITE
100
AcDbCircle
 10
-0.24
 20
0.635
 30
0
 40
0.0068897637795276
  0
CIRCLE
  5
79F
330
1A
100
AcDbEntity
  8
WHITE
100
AcDbCircle
 10
-0.24
 20
0.535
 30
0
 40
0.0068897637795276
  0
CIRCLE
  5
7A0
330
1A
100
AcDbEntity
  8
WHITE
100
AcDbCircle
 10
-0.34
 20
0.635
 30
0
 40
0.0068897637795276
  0
CIRCLE
  5
7A1
330
1A
100
AcDbEntity
  8
WHITE
100
AcDbCircle
 10
-0.34
 20
0.535
 30
0
 40
0.0068897637795276
  0
CIRCLE
  5
7A2
330
1A
100
AcDbEntity
  8
WHITE
100
AcDbCircle
 10
-0.44
 20
0.635
 30
0
 40
0.0068897637795276
  0
CIRCLE
  5
7A3
330
1A
100
AcDbEntity
  8
WHITE
100
AcDbCircle
 10
-0.44
 20
0.535
 30
0
 40
0.0068897637795276
  0
CIRCLE
  5
7A4
330
1A
100
AcDbEntity
  8
WHITE
100
AcDbCircle
 10
-0.54
 20
0.635
 30
0
 40
0.0068897637795276
  0
CIRCLE
  5
7A5
330
1A
100
AcDbEntity
  8
WHITE
100
AcDbCircle
 10
-0.54
 20
0.535
 30
0
 40
0.0068897637795276
  0
CIRCLE
  5
7A6
330
1A
100
AcDbEntity
  8
WHITE
100
AcDbCircle
 10
-0.64
 20
0.635
 30
0
 40
0.0068897637795276
  0
CIRCLE
  5
7A7
330
1A
100
AcDbEntity
  8
WHITE
100
AcDbCircle
 10
-0.64
 20
0.535
 30
0
 40
0.0068897637795276
  0
CIRCLE
  5
7A8
330
1A
100
AcDbEntity
  8
WHITE
100
AcDbCircle
 10
-1.99
 20
2.625
 30
0
 40
0.0068897637795276
  0
CIRCLE
  5
7A9
330
1A
100
AcDbEntity
  8
WHITE
100
AcDbCircle
 10
1.6099999999999999
 20
2.625
 30
0
 40
0.0068897637795276
  0
CIRCLE
  5
7AA
330
1A
100
AcDbEntity
  8
WHITE
100
AcDbCircle
 10
-1.2407874015748031
 20
2.6364173228346455
 30
0
 40
0.0068897637795276
  0
CIRCLE
  5
7AB
330
1A
100
AcDbEntity
  8
WHITE
100
AcDbCircle
 10
-1.2407874015748031
 20
2.7364173228346456
 30
0
 40
0.0068897637795276
  0
CIRCLE
  5
7AC
330
1A
100
AcDbEntity
  8
WHITE
100
AcDbCircle
 10
-1.1407874015748032
 20
2.6364173228346455
 30
0
 40
0.0068897637795276
  0
CIRCLE
  5
7AD
330
1A
100
AcDbEntity
  8
WHITE
100
AcDbCircle
 10
-1.1407874015748032
 20
2.7364173228346456
 30
0
 40
0.0068897637795276
  0
CIRCLE
  5
7AE
330
1A
100
AcDbEntity
  8
WHITE
100
AcDbCircle
 10
-1.0407874015748031
 20
2.6364173228346455
 30
0
 40
0.0068897637795276
  0
CIRCLE
  5
7AF
330
1A
100
AcDbEntity
  8
WHITE
100
AcDbCircle
 10
-1.0407874015748031
 20
2.7364173228346456
 30
0
 40
0.0068897637795276
  0
CIRCLE
  5
7B0
330
1A
100
AcDbEntity
  8
WHITE
100
AcDbCircle
 10
-0.9407874015748031
 20
2.6364173228346455
 30
0
 40
0.0068897637795276
  0
CIRCLE
  5
7B1
330
1A
100
AcDbEntity
  8
WHITE
100
AcDbCircle
 10
-0.9407874015748031
 20
2.7364173228346456
 30
0
 40
0.0068897637795276
  0
CIRCLE
  5
7B2
330
1A
100
AcDbEntity
  8
WHITE
100
AcDbCircle
 10
-0.8407874015748031
 20
2.6364173228346455
 30
0
 40
0.0068897637795276
  0
CIRCLE
  5
7B3
330
1A
100
AcDbEntity
  8
WHITE
100
AcDbCircle
 10
-0.8407874015748031
 20
2.7364173228346456
 30
0
 40
0.0068897637795276
  0
CIRCLE
  5
7B4
330
1A
100
AcDbEntity
  8
WHITE
100
AcDbCircle
 10
-0.7407874015748032
 20
2.6364173228346455
 30
0
 40
0.0068897637795276
  0
CIRCLE
  5
7B5
330
1A
100
AcDbEntity
  8
WHITE
100
AcDbCircle
 10
-0.7407874015748032
 20
2.7364173228346456
 30
0
 40
0.0068897637795276
  0
CIRCLE
  5
7B6
330
1A
100
AcDbEntity
  8
WHITE
100
AcDbCircle
 10
-0.6407874015748032
 20
2.6364173228346455
 30
0
 40
0.0068897637795276
  0
CIRCLE
  5
7B7
330
1A
100
AcDbEntity
  8
WHITE
100
AcDbCircle
 10
-0.6407874015748032
 20
2.7364173228346456
 30
0
 40
0.0068897637795276
  0
CIRCLE
  5
7B8
330
1A
100
AcDbEntity
  8
WHITE
100
AcDbCircle
 10
-0.5035826771653543
 20
2.6374015748031496
 30
0
 40
0.0068897637795276
  0
CIRCLE
  5
7B9
330
1A
100
AcDbEntity
  8
WHITE
100
AcDbCircle
 10
-0.5035826771653543
 20
2.7374015748031497
 30
0
 40
0.0068897637795276
  0
CIRCLE
  5
7BA
330
1A
100
AcDbEntity
  8
WHITE
100
AcDbCircle
 10
-0.4035826771653543
 20
2.6374015748031496
 30
0
 40
0.0068897637795276
  0
CIRCLE
  5
7BB
330
1A
100
AcDbEntity
  8
WHITE
100
AcDbCircle
 10
-0.4035826771653543
 20
2.7374015748031497
 30
0
 40
0.0068897637795276
  0
CIRCLE
  5
7BC
330
1A
100
AcDbEntity
  8
WHITE
100
AcDbCircle
 10
-0.3035826771653543
 20
2.6374015748031496
 30
0
 40
0.0068897637795276
  0
CIRCLE
  5
7BD
330
1A
100
AcDbEntity
  8
WHITE
100
AcDbCircle
 10
-0.3035826771653543
 20
2.7374015748031497
 30
0
 40
0.0068897637795276
  0
CIRCLE
  5
7BE
330
1A
100
AcDbEntity
  8
WHITE
100
AcDbCircle
 10
-1.99
 20
0.625
 30
0
 40
0.0068897637795276
  0
CIRCLE
  5
7BF
330
1A
100
AcDbEntity
  8
BLACK
100
AcDbCircle
 10
-1.2793700787401574
 20
1.8277559055118109
 30
0
 40
0.0068897637795276
  0
CIRCLE
  5
7C0
330
1A
100
AcDbEntity
  8
BLACK
100
AcDbCircle
 10
-1.2793700787401574
 20
1.0009842519685039
 30
0
 40
0.0068897637795276
  0
CIRCLE
  5
7C1
330
1A
100
AcDbEntity
  8
WHITE
100
AcDbCircle
 10
-1.99
 20
2.2050000000000001
 30
0
 40
0.0068897637795276
  0
CIRCLE
  5
7C2
330
1A
100
AcDbEntity
  8
WHITE
100
AcDbCircle
 10
-2.0899999999999999
 20
2.3050000000000002
 30
0
 40
0.0068897637795276
  0
CIRCLE
  5
7C3
330
1A
100
AcDbEntity
  8
WHITE
100
AcDbCircle
 10
-2.0899999999999999
 20
2.105
 30
0
 40
0.0068897637795276
  0
CIRCLE
  5
7C4
330
1A
100
AcDbEntity
  8
WHITE
100
AcDbCircle
 10
-1.8899999999999999
 20
2.3050000000000002
 30
0
 40
0.0068897637795276
  0
CIRCLE
  5
7C5
330
1A
100
AcDbEntity
  8
WHITE
100
AcDbCircle
 10
-1.8899999999999999
 20
2.105
 30
0
 40
0.0068897637795276
  0
CIRCLE
  5
7C6
330
1A
100
AcDbEntity
  8
WHITE
100
AcDbCircle
 10
0.9399999999999999
 20
2.4049999999999998
 30
0
 40
0.0068897637795276
  0
CIRCLE
  5
7C7
330
1A
100
AcDbEntity
  8
WHITE
100
AcDbCircle
 10
1.235275590551181
 20
2.4049999999999998
 30
0
 40
0.0068897637795276
  0
CIRCLE
  5
7C8
330
1A
100
AcDbEntity
  8
WHITE
100
AcDbCircle
 10
-1.0069291338582678
 20
1.776496062992126
 30
0
 40
0.0068897637795276
  0
CIRCLE
  5
7C9
330
1A
100
AcDbEntity
  8
WHITE
100
AcDbCircle
 10
-0.9069291338582677
 20
1.776496062992126
 30
0
 40
0.0068897637795276
  0
CIRCLE
  5
7CA
330
1A
100
AcDbEntity
  8
WHITE
100
AcDbCircle
 10
1.6099999999999999
 20
0.625
 30
0
 40
0.0068897637795276
  0
CIRCLE
  5
7CB
330
1A
100
AcDbEntity
  8
WHITE
100
AcDbCircle
 10
-1.47
 20
2.6149999999999998
 30
0
 40
0.0068897637795276
  0
CIRCLE
  5
7CC
330
1A
100
AcDbEntity
  8
WHITE
100
AcDbCircle
 10
-1.47
 20
2.7149999999999999
 30
0
 40
0.0068897637795276
  0
CIRCLE
  5
7CD
330
1A
100
AcDbEntity
  8
WHITE
100
AcDbCircle
 10
-1.3699999999999999
 20
2.6149999999999998
 30
0
 40
0.0068897637795276
  0
CIRCLE
  5
7CE
330
1A
100
AcDbEntity
  8
WHITE
100
AcDbCircle
 10
-1.3699999999999999
 20
2.7149999999999999
 30
0
 40
0.0068897637795276
  0
CIRCLE
  5
7CF
330
1A
100
AcDbEntity
  8
WHITE
100
AcDbCircle
 10
0.33
 20
2.0049999999999999
 30
0
 40
0.0068897637795276
  0
CIRCLE
  5
7D0
330
1A
100
AcDbEntity
  8
WHITE
100
AcDbCircle
 10
0.43
 20
2.0049999999999999
 30
0
 40
0.0068897637795276
  0
CIRCLE
  5
7D1
330
1A
100
AcDbEntity
  8
WHITE
100
AcDbCircle
 10
-1.1699999999999999
 20
0.535
 30
0
 40
0.0068897637795276
  0
CIRCLE
  5
7D2
330
1A
100
AcDbEntity
  8
WHITE
100
AcDbCircle
 10
-1.1699999999999999
 20
0.635
 30
0
 40
0.0068897637795276
  0
CIRCLE
  5
7D3
330
1A
100
AcDbEntity
  8
WHITE
100
AcDbCircle
 10
-1.0700000000000001
 20
0.535
 30
0
 40
0.0068897637795276
  0
CIRCLE
  5
7D4
330
1A
100
AcDbEntity
  8
WHITE
100
AcDbCircle
 10
-1.0700000000000001
 20
0.635
 30
0
 40
0.0068897637795276
  0
CIRCLE
  5
7D5
330
1A
100
AcDbEntity
  8
WHITE
100
AcDbCircle
 10
-0.97
 20
0.535
 30
0
 40
0.0068897637795276
  0
CIRCLE
  5
7D6
330
1A
100
AcDbEntity
  8
WHITE
100
AcDbCircle
 10
-0.97
 20
0.635
 30
0
 40
0.0068897637795276
  0
CIRCLE
  5
7D7
330
1A
100
AcDbEntity
  8
WHITE
100
AcDbCircle
 10
-0.87
 20
0.535
 30
0
 40
0.0068897637795276
  0
CIRCLE
  5
7D8
330
1A
100
AcDbEntity
  8
WHITE
100
AcDbCircle
 10
-0.87
 20
0.635
 30
0
 40
0.0068897637795276
  0
CIRCLE
  5
7D9
330
1A
100
AcDbEntity
  8
WHITE
100
AcDbCircle
 10
-0.77
 20
0.535
 30
0
 40
0.0068897637795276
  0
CIRCLE
  5
7DA
330
1A
100
AcDbEntity
  8
WHITE
100
AcDbCircle
 10
-0.77
 20
0.635
 30
0
 40
0.0068897637795276
  0
CIRCLE
  5
7DB
330
1A
100
AcDbEntity
  8
WHITE
100
AcDbCircle
 10
1.5682677165354331
 20
1.7659448818897638
 30
0
 40
0.0068897637795276
  0
CIRCLE
  5
7DC
330
1A
100
AcDbEntity
  8
WHITE
100
AcDbCircle
 10
1.6682677165354329
 20
1.7659448818897638
 30
0
 40
0.0068897637795276
  0
CIRCLE
  5
7DD
330
1A
100
AcDbEntity
  8
WHITE
100
AcDbCircle
 10
1.5682677165354331
 20
1.6659448818897638
 30
0
 40
0.0068897637795276
  0
CIRCLE
  5
7DE
330
1A
100
AcDbEntity
  8
WHITE
100
AcDbCircle
 10
1.6682677165354329
 20
1.6659448818897638
 30
0
 40
0.0068897637795276
  0
CIRCLE
  5
7DF
330
1A
100
AcDbEntity
  8
WHITE
100
AcDbCircle
 10
1.5682677165354331
 20
1.5659448818897637
 30
0
 40
0.0068897637795276
  0
CIRCLE
  5
7E0
330
1A
100
AcDbEntity
  8
WHITE
100
AcDbCircle
 10
1.6682677165354329
 20
1.5659448818897637
 30
0
 40
0.0068897637795276
  0
CIRCLE
  5
7E1
330
1A
100
AcDbEntity
  8
BLACK
100
AcDbCircle
 10
-0.9194488188976377
 20
2.2426181102362204
 30
0
 40
0.0068897637795276
  0
CIRCLE
  5
7E2
330
1A
100
AcDbEntity
  8
BLACK
100
AcDbCircle
 10
-0.9607874015748031
 20
2.2426181102362204
 30
0
 40
0.0068897637795276
  0
CIRCLE
  5
7E3
330
1A
100
AcDbEntity
  8
BLACK
100
AcDbCircle
 10
-1.0021259842519685
 20
2.2426181102362204
 30
0
 40
0.0068897637795276
  0
CIRCLE
  5
7E4
330
1A
100
AcDbEntity
  8
BLACK
100
AcDbCircle
 10
-0.9194488188976377
 20
2.2012795275590551
 30
0
 40
0.0068897637795276
  0
CIRCLE
  5
7E5
330
1A
100
AcDbEntity
  8
BLACK
100
AcDbCircle
 10
-0.9607874015748031
 20
2.2012795275590551
 30
0
 40
0.0068897637795276
  0
CIRCLE
  5
7E6
330
1A
100
AcDbEntity
  8
BLACK
100
AcDbCircle
 10
-1.0021259842519685
 20
2.2012795275590551
 30
0
 40
0.0068897637795276
  0
CIRCLE
  5
7E7
330
1A
100
AcDbEntity
  8
BLACK
100
AcDbCircle
 10
-0.9194488188976377
 20
2.1599409448818898
 30
0
 40
0.0068897637795276
  0
CIRCLE
  5
7E8
330
1A
100
AcDbEntity
  8
BLACK
100
AcDbCircle
 10
-0.9607874015748031
 20
2.1599409448818898
 30
0
 40
0.0068897637795276
  0
CIRCLE
  5
7E9
330
1A
100
AcDbEntity
  8
BLACK
100
AcDbCircle
 10
-1.0021259842519685
 20
2.1599409448818898
 30
0
 40
0.0068897637795276
  0
CIRCLE
  5
7EA
330
1A
100
AcDbEntity
  8
BLACK
100
AcDbCircle
 10
-0.4301574803149606
 20
2.3624015748031497
 30
0
 40
0.0068897637795276
  0
CIRCLE
  5
7EB
330
1A
100
AcDbEntity
  8
BLACK
100
AcDbCircle
 10
-0.3907874015748031
 20
2.3624015748031497
 30
0
 40
0.0068897637795276
  0
ENDSEC
  0
SECTION
  2
OBJECTS
  0
DICTIONARY
  5
20
330
0
100
AcDbDictionary
281
1
  3
ACAD_GROUP
350
7EC
  3
ACAD_LAYOUT
350
21
  3
ACAD_PLOTSTYLENAME
350
11
  0
DICTIONARY
  5
7EC
330
20
100
AcDbDictionary
281
1
  0
ACDBDICTIONARYWDFLT
  5
11
330
20
100
AcDbDictionary
281
1
  3
Normal
350
10
100
AcDbDictionaryWithDefault
340
10
  0
ACDBPLACEHOLDER
  5
10
330
11
  0
DICTIONARY
  5
21
330
20
100
AcDbDictionary
281
1
  3
Model
350
1D
  3
Layout1
350
1E
  3
Layout2
350
1F
  0
LAYOUT
  5
1D
330
21
100
AcDbPlotSettings
  1

  2
none_device
  4
A3
  6

 40
0.0
 41
0.0
 42
0.0
 43
0.0
 44
420.0
 45
297.0
 46
0.0
 47
0.0
 48
0.0
 49
0.0
140
0.0
141
0.0
142
1.0
143
1.0
 70
1024
 72
1
 73
0
 74
5
  7

 75
16
 76
0
 77
2
 78
300
147
1.0
148
0.0
149
0.0
100
AcDbLayout
  1
Model
 70
1
 71
0
 10
0.0
 20
0.0
 11
420.0
 21
297.0
 12
0.0
 22
0.0
 32
0.0
 14
1e+20
 24
1e+20
 34
1e+20
 15
-1e+20
 25
-1e+20
 35
-1e+20
146
0.0
 13
0.0
 23
0.0
 33
0.0
 16
1.0
 26
0.0
 36
0.0
 17
0.0
 27
1.0
 37
0.0
 76
0
330
1A
  0
LAYOUT
  5
1E
330
21
100
AcDbPlotSettings
  1

  2
none_device
  4
A3
  6

 40
0.0
 41
0.0
 42
0.0
 43
0.0
 44
420.0
 45
297.0
 46
0.0
 47
0.0
 48
0.0
 49
0.0
140
0.0
141
0.0
142
1.0
143
1.0
 70
0
 72
1
 73
0
 74
5
  7

 75
16
 76
0
 77
2
 78
300
147
1.0
148
0.0
149
0.0
100
AcDbLayout
  1
Layout1
 70
1
 71
1
 10
0.0
 20
0.0
 11
420.0
 21
297.0
 12
0.0
 22
0.0
 32
0.0
 14
1e+20
 24
1e+20
 34
1e+20
 15
-1e+20
 25
-1e+20
 35
-1e+20
146
0.0
 13
0.0
 23
0.0
 33
0.0
 16
1.0
 26
0.0
 36
0.0
 17
0.0
 27
1.0
 37
0.0
 76
0
330
1B
  0
LAYOUT
  5
1F
330
21
100
AcDbPlotSettings
  1

  2
none_device
  4
A3
  6

 40
0.0
 41
0.0
 42
0.0
 43
0.0
 44
420.0
 45
297.0
 46
0.0
 47
0.0
 48
0.0
 49
0.0
140
0.0
141
0.0
142
1.0
143
1.0
 70
0
 72
1
 73
0
 74
5
  7

 75
16
 76
0
 77
2
 78
300
147
1.0
148
0.0
149
0.0
100
AcDbLayout
  1
Layout2
 70
1
 71
2
 10
0.0
 20
0.0
 11
420.0
 21
297.0
 12
0.0
 22
0.0
 32
0.0
 14
1e+20
 24
1e+20
 34
1e+20
 15
-1e+20
 25
-1e+20
 35
-1e+20
146
0.0
 13
0.0
 23
0.0
 33
0.0
 16
1.0
 26
0.0
 36
0.0
 17
0.0
 27
1.0
 37
0.0
 76
0
330
1C
  0
ENDSEC
  0
EOF
