  0
SECTION
  2
HEADER
  9
$ACADVER
  1
AC1018
  9
$HANDSEED
  5
FFFFFFFF
  9
$ANGBASE
  50
0.0
  9
$ANGDIR
  70
1
  9
$MEASUREMENT
  70
0
  9
$INSUNITS
  70
1
  0
ENDSEC
  0
SECTION
  2
TABLES
  0
TABLE
  2
APPID
  5
1
330
0
100
AcDbSymbolTable
 70
1
  0
APPID
  5
2
330
1
100
AcDbSymbolTableRecord
100
AcDbRegAppTableRecord
  2
ACAD
 70
0
  0
ENDTAB
  0
TABLE
  2
LTYPE
  5
3
330
0
100
AcDbSymbolTable
 70
6
  0
LTYPE
  5
4
330
3
100
AcDbSymbolTableRecord
100
AcDbLinetypeTableRecord
  2
ByBlock
 70
0
  3

 72
65
 73
0
 40
0
  0
LTYPE
  5
5
330
3
100
AcDbSymbolTableRecord
100
AcDbLinetypeTableRecord
  2
ByLayer
 70
0
  3

 72
65
 73
0
 40
0
  0
LTYPE
  5
6
330
3
100
AcDbSymbolTableRecord
100
AcDbLinetypeTableRecord
  2
CONTINUOUS
 70
0
  3
Solid line
 72
65
 73
0
 40
0
  0
LTYPE
  5
7
330
3
100
AcDbSymbolTableRecord
100
AcDbLinetypeTableRecord
  2
DASHDOT
 70
0
  3
Dash Dot ____ _ ____ _
 72
65
 73
4
 40
2
 49
1.25
 74
0
 49
-0.25
 74
0
 49
0.25
 74
0
 49
-0.25
 74
0
  0
LTYPE
  5
8
330
3
100
AcDbSymbolTableRecord
100
AcDbLinetypeTableRecord
  2
DASHED
 70
0
  3
Dashed __ __ __ __ __
 72
65
 73
2
 40
0.75
 49
0.5
 74
0
 49
-0.25
 74
0
  0
LTYPE
  5
9
330
3
100
AcDbSymbolTableRecord
100
AcDbLinetypeTableRecord
  2
DOTTED
 70
0
  3
Dotted .  .  .  .
 72
65
 73
2
 40
0.2
 49
0.0
 74
0
 49
-0.2
 74
0
  0
ENDTAB
  0
TABLE
  2
STYLE
  5
A
330
0
100
AcDbSymbolTable
 70
4
  0
STYLE
  5
B
330
A
100
AcDbSymbolTableRecord
100
AcDbTextStyleTableRecord
  2
KICAD
 70
0
 40
0
 41
1
 42
1
 50
0
 71
0
  3
isocp.shx
  0
STYLE
  5
C
330
A
100
AcDbSymbolTableRecord
100
AcDbTextStyleTableRecord
  2
KICADB
 70
0
 40
0
 41
1
 42
1
 50
0
 71
0
  3
isocp.shx
  0
STYLE
  5
D
330
A
100
AcDbSymbolTableRecord
100
AcDbTextStyleTableRecord
  2
KICADI
 70
0
 40
0
 41
1
 42
1
 50
15
 71
0
  3
isocp.shx
  0
STYLE
  5
E
330
A
100
AcDbSymbolTableRecord
100
AcDbTextStyleTableRecord
  2
KICADBI
 70
0
 40
0
 41
1
 42
1
 50
15
 71
0
  3
isocp.shx
  0
ENDTAB
  0
TABLE
  2
LAYER
  5
F
330
0
100
AcDbSymbolTable
 70
2
  0
LAYER
  5
12
330
F
100
AcDbSymbolTableRecord
100
AcDbLayerTableRecord
  2
0
 70
0
 62
7
  6
CONTINUOUS
390
10
  0
LAYER
  5
13
330
F
100
AcDbSymbolTableRecord
100
AcDbLayerTableRecord
  2
BLACK
 70
0
 62
250
  6
CONTINUOUS
390
10
  0
ENDTAB
  0
TABLE
  2
VPORT
  5
14
330
0
100
AcDbSymbolTable
 70
0
  0
ENDTAB
  0
TABLE
  2
VIEW
  5
15
330
0
100
AcDbSymbolTable
 70
0
  0
ENDTAB
  0
TABLE
  2
UCS
  5
16
330
0
100
AcDbSymbolTable
 70
0
  0
ENDTAB
  0
TABLE
  2
DIMSTYLE
  5
17
330
0
100
AcDbSymbolTable
 70
1
100
AcDbDimStyleTable
 71
0
  0
DIMSTYLE
105
18
330
17
100
AcDbSymbolTableRecord
100
AcDbDimStyleTableRecord
  2
Standard
 70
0
  0
ENDTAB
  0
TABLE
  2
BLOCK_RECORD
  5
19
330
0
100
AcDbSymbolTable
 70
3
  0
BLOCK_RECORD
  5
1A
330
19
100
AcDbSymbolTableRecord
100
AcDbBlockTableRecord
  2
*Model_Space
340
1D
 70
0
280
1
281
0
  0
BLOCK_RECORD
  5
1B
330
19
100
AcDbSymbolTableRecord
100
AcDbBlockTableRecord
  2
*Paper_Space
340
1E
 70
0
280
1
281
0
  0
BLOCK_RECORD
  5
1C
330
19
100
AcDbSymbolTableRecord
100
AcDbBlockTableRecord
  2
*Paper_Space0
340
1F
 70
0
280
1
281
0
  0
ENDTAB
  0
ENDSEC
  0
SECTION
  2
BLOCKS
  0
BLOCK
  5
23
330
1A
100
AcDbEntity
  8
0
100
AcDbBlockBegin
  2
*Model_Space
 70
0
 10
0.0
 20
0.0
 30
0.0
  3
*Model_Space
  1

  0
ENDBLK
  5
22
330
1A
100
AcDbEntity
  8
0
100
AcDbBlockEnd
  0
BLOCK
  5
25
330
1B
100
AcDbEntity
 67
1
  8
0
100
AcDbBlockBegin
  2
*Paper_Space
 70
0
 10
0.0
 20
0.0
 30
0.0
  3
*Paper_Space
  1

  0
ENDBLK
  5
24
330
1B
100
AcDbEntity
 67
1
  8
0
100
AcDbBlockEnd
  0
BLOCK
  5
27
330
1C
100
AcDbEntity
 67
1
  8
0
100
AcDbBlockBegin
  2
*Paper_Space0
 70
0
 10
0.0
 20
0.0
 30
0.0
  3
*Paper_Space0
  1

  0
ENDBLK
  5
26
330
1C
100
AcDbEntity
 67
1
  8
0
100
AcDbBlockEnd
  0
ENDSEC
  0
SECTION
  2
ENTITIES
  0
LINE
  5
28
330
1A
100
AcDbEntity
  8
BLACK
  6
CONTINUOUS
100
AcDbLine
 10
0.0484978346456693
 20
1.0097257874015748
 30
0
 11
0.0489239763779528
 21
1.0092996456692913
 31
0
  0
LINE
  5
29
330
1A
100
AcDbEntity
  8
BLACK
  6
CONTINUOUS
100
AcDbLine
 10
0.0489239763779528
 20
1.0092996456692913
 30
0
 11
0.0489239763779528
 21
1.0086969685039371
 31
0
  0
LINE
  5
2A
330
1A
100
AcDbEntity
  8
BLACK
  6
CONTINUOUS
100
AcDbLine
 10
0.0489239763779528
 20
1.0086969685039371
 30
0
 11
0.0484978346456693
 21
1.0082708267716536
 31
0
  0
LINE
  5
2B
330
1A
100
AcDbEntity
  8
BLACK
  6
CONTINUOUS
100
AcDbLine
 10
0.0484978346456693
 20
1.0082708267716536
 30
0
 11
0.0481964960629921
 21
1.0082109055118109
 31
0
  0
LINE
  5
2C
330
1A
100
AcDbEntity
  8
BLACK
  6
CONTINUOUS
100
AcDbLine
 10
0.0481964960629921
 20
1.0082109055118109
 30
0
 11
0.0452343700787402
 21
1.0082109055118109
 31
0
  0
LINE
  5
2D
330
1A
100
AcDbEntity
  8
BLACK
  6
CONTINUOUS
100
AcDbLine
 10
0.0452343700787402
 20
1.0082109055118109
 30
0
 11
0.0452343700787402
 21
1.0060361811023621
 31
0
  0
LINE
  5
2E
330
1A
100
AcDbEntity
  8
BLACK
  6
CONTINUOUS
100
AcDbLine
 10
0.0452343700787402
 20
1.0060361811023621
 30
0
 11
0.0470716141732283
 21
1.0060361811023621
 31
0
  0
LINE
  5
2F
330
1A
100
AcDbEntity
  8
BLACK
  6
CONTINUOUS
100
AcDbLine
 10
0.0470716141732283
 20
1.0060361811023621
 30
0
 11
0.0473729527559055
 21
1.0059762598425197
 31
0
  0
LINE
  5
30
330
1A
100
AcDbEntity
  8
BLACK
  6
CONTINUOUS
100
AcDbLine
 10
0.0473729527559055
 20
1.0059762598425197
 30
0
 11
0.047799094488189
 21
1.0055501181102362
 31
0
  0
LINE
  5
31
330
1A
100
AcDbEntity
  8
BLACK
  6
CONTINUOUS
100
AcDbLine
 10
0.047799094488189
 20
1.0055501181102362
 30
0
 11
0.047799094488189
 21
1.004947440944882
 31
0
  0
LINE
  5
32
330
1A
100
AcDbEntity
  8
BLACK
  6
CONTINUOUS
100
AcDbLine
 10
0.047799094488189
 20
1.004947440944882
 30
0
 11
0.0473729527559055
 21
1.0045212992125985
 31
0
  0
LINE
  5
33
330
1A
100
AcDbEntity
  8
BLACK
  6
CONTINUOUS
100
AcDbLine
 10
0.0473729527559055
 20
1.0045212992125985
 30
0
 11
0.0470716141732283
 21
1.0044613779527558
 31
0
  0
LINE
  5
34
330
1A
100
AcDbEntity
  8
BLACK
  6
CONTINUOUS
100
AcDbLine
 10
0.0470716141732283
 20
1.0044613779527558
 30
0
 11
0.0452343700787402
 21
1.0044613779527558
 31
0
  0
LINE
  5
35
330
1A
100
AcDbEntity
  8
BLACK
  6
CONTINUOUS
100
AcDbLine
 10
0.0452343700787402
 20
1.0044613779527558
 30
0
 11
0.0452343700787402
 21
1.0019116929133858
 31
0
  0
LINE
  5
36
330
1A
100
AcDbEntity
  8
BLACK
  6
CONTINUOUS
100
AcDbLine
 10
0.0452343700787402
 20
1.0019116929133858
 30
0
 11
0.0481964960629921
 21
1.0019116929133858
 31
0
  0
LINE
  5
37
330
1A
100
AcDbEntity
  8
BLACK
  6
CONTINUOUS
100
AcDbLine
 10
0.0481964960629921
 20
1.0019116929133858
 30
0
 11
0.0484978346456693
 21
1.0018517716535433
 31
0
  0
LINE
  5
38
330
1A
100
AcDbEntity
  8
BLACK
  6
CONTINUOUS
100
AcDbLine
 10
0.0484978346456693
 20
1.0018517716535433
 30
0
 11
0.0489239763779528
 21
1.0014256299212598
 31
0
  0
LINE
  5
39
330
1A
100
AcDbEntity
  8
BLACK
  6
CONTINUOUS
100
AcDbLine
 10
0.0489239763779528
 20
1.0014256299212598
 30
0
 11
0.0489239763779528
 21
1.0008229527559054
 31
0
  0
LINE
  5
3A
330
1A
100
AcDbEntity
  8
BLACK
  6
CONTINUOUS
100
AcDbLine
 10
0.0489239763779528
 20
1.0008229527559054
 30
0
 11
0.0484978346456693
 21
1.0003968110236221
 31
0
  0
LINE
  5
3B
330
1A
100
AcDbEntity
  8
BLACK
  6
CONTINUOUS
100
AcDbLine
 10
0.0484978346456693
 20
1.0003968110236221
 30
0
 11
0.0481964960629921
 21
1.0003368897637794
 31
0
  0
LINE
  5
3C
330
1A
100
AcDbEntity
  8
BLACK
  6
CONTINUOUS
100
AcDbLine
 10
0.0481964960629921
 20
1.0003368897637794
 30
0
 11
0.044446968503937
 21
1.0003368897637794
 31
0
  0
LINE
  5
3D
330
1A
100
AcDbEntity
  8
BLACK
  6
CONTINUOUS
100
AcDbLine
 10
0.044446968503937
 20
1.0003368897637794
 30
0
 11
0.0441456299212598
 21
1.0003968110236221
 31
0
  0
LINE
  5
3E
330
1A
100
AcDbEntity
  8
BLACK
  6
CONTINUOUS
100
AcDbLine
 10
0.0441456299212598
 20
1.0003968110236221
 30
0
 11
0.0437194881889764
 21
1.0008229527559054
 31
0
  0
LINE
  5
3F
330
1A
100
AcDbEntity
  8
BLACK
  6
CONTINUOUS
100
AcDbLine
 10
0.0437194881889764
 20
1.0008229527559054
 30
0
 11
0.0436595669291339
 21
1.0011242913385827
 31
0
  0
LINE
  5
40
330
1A
100
AcDbEntity
  8
BLACK
  6
CONTINUOUS
100
AcDbLine
 10
0.0436595669291339
 20
1.0011242913385827
 30
0
 11
0.0436595669291339
 21
1.0089983070866142
 31
0
  0
LINE
  5
41
330
1A
100
AcDbEntity
  8
BLACK
  6
CONTINUOUS
100
AcDbLine
 10
0.0436595669291339
 20
1.0089983070866142
 30
0
 11
0.0437194881889764
 21
1.0092996456692913
 31
0
  0
LINE
  5
42
330
1A
100
AcDbEntity
  8
BLACK
  6
CONTINUOUS
100
AcDbLine
 10
0.0437194881889764
 20
1.0092996456692913
 30
0
 11
0.0441456299212598
 21
1.0097257874015748
 31
0
  0
LINE
  5
43
330
1A
100
AcDbEntity
  8
BLACK
  6
CONTINUOUS
100
AcDbLine
 10
0.0441456299212598
 20
1.0097257874015748
 30
0
 11
0.044446968503937
 21
1.0097857086614173
 31
0
  0
LINE
  5
44
330
1A
100
AcDbEntity
  8
BLACK
  6
CONTINUOUS
100
AcDbLine
 10
0.044446968503937
 20
1.0097857086614173
 30
0
 11
0.0481964960629921
 21
1.0097857086614173
 31
0
  0
LINE
  5
45
330
1A
100
AcDbEntity
  8
BLACK
  6
CONTINUOUS
100
AcDbLine
 10
0.0481964960629921
 20
1.0097857086614173
 30
0
 11
0.0484978346456693
 21
1.0097257874015748
 31
0
  0
LINE
  5
46
330
1A
100
AcDbEntity
  8
BLACK
  6
CONTINUOUS
100
AcDbLine
 10
0.0556219291338583
 20
1.0097257874015748
 30
0
 11
0.0560480708661417
 21
1.0092996456692913
 31
0
  0
LINE
  5
47
330
1A
100
AcDbEntity
  8
BLACK
  6
CONTINUOUS
100
AcDbLine
 10
0.0560480708661417
 20
1.0092996456692913
 30
0
 11
0.0560480708661417
 21
1.0086969685039371
 31
0
  0
LINE
  5
48
330
1A
100
AcDbEntity
  8
BLACK
  6
CONTINUOUS
100
AcDbLine
 10
0.0560480708661417
 20
1.0086969685039371
 30
0
 11
0.0556219291338583
 21
1.0082708267716536
 31
0
  0
LINE
  5
49
330
1A
100
AcDbEntity
  8
BLACK
  6
CONTINUOUS
100
AcDbLine
 10
0.0556219291338583
 20
1.0082708267716536
 30
0
 11
0.0553205905511811
 21
1.0082109055118109
 31
0
  0
LINE
  5
4A
330
1A
100
AcDbEntity
  8
BLACK
  6
CONTINUOUS
100
AcDbLine
 10
0.0553205905511811
 20
1.0082109055118109
 30
0
 11
0.0523584645669291
 21
1.0082109055118109
 31
0
  0
LINE
  5
4B
330
1A
100
AcDbEntity
  8
BLACK
  6
CONTINUOUS
100
AcDbLine
 10
0.0523584645669291
 20
1.0082109055118109
 30
0
 11
0.0523584645669291
 21
1.0060361811023621
 31
0
  0
LINE
  5
4C
330
1A
100
AcDbEntity
  8
BLACK
  6
CONTINUOUS
100
AcDbLine
 10
0.0523584645669291
 20
1.0060361811023621
 30
0
 11
0.0541957086614173
 21
1.0060361811023621
 31
0
  0
LINE
  5
4D
330
1A
100
AcDbEntity
  8
BLACK
  6
CONTINUOUS
100
AcDbLine
 10
0.0541957086614173
 20
1.0060361811023621
 30
0
 11
0.0544970472440945
 21
1.0059762598425197
 31
0
  0
LINE
  5
4E
330
1A
100
AcDbEntity
  8
BLACK
  6
CONTINUOUS
100
AcDbLine
 10
0.0544970472440945
 20
1.0059762598425197
 30
0
 11
0.0549231889763779
 21
1.0055501181102362
 31
0
  0
LINE
  5
4F
330
1A
100
AcDbEntity
  8
BLACK
  6
CONTINUOUS
100
AcDbLine
 10
0.0549231889763779
 20
1.0055501181102362
 30
0
 11
0.0549231889763779
 21
1.004947440944882
 31
0
  0
LINE
  5
50
330
1A
100
AcDbEntity
  8
BLACK
  6
CONTINUOUS
100
AcDbLine
 10
0.0549231889763779
 20
1.004947440944882
 30
0
 11
0.0544970472440945
 21
1.0045212992125985
 31
0
  0
LINE
  5
51
330
1A
100
AcDbEntity
  8
BLACK
  6
CONTINUOUS
100
AcDbLine
 10
0.0544970472440945
 20
1.0045212992125985
 30
0
 11
0.0541957086614173
 21
1.0044613779527558
 31
0
  0
LINE
  5
52
330
1A
100
AcDbEntity
  8
BLACK
  6
CONTINUOUS
100
AcDbLine
 10
0.0541957086614173
 20
1.0044613779527558
 30
0
 11
0.0523584645669291
 21
1.0044613779527558
 31
0
  0
LINE
  5
53
330
1A
100
AcDbEntity
  8
BLACK
  6
CONTINUOUS
100
AcDbLine
 10
0.0523584645669291
 20
1.0044613779527558
 30
0
 11
0.0523584645669291
 21
1.0019116929133858
 31
0
  0
LINE
  5
54
330
1A
100
AcDbEntity
  8
BLACK
  6
CONTINUOUS
100
AcDbLine
 10
0.0523584645669291
 20
1.0019116929133858
 30
0
 11
0.0553205905511811
 21
1.0019116929133858
 31
0
  0
LINE
  5
55
330
1A
100
AcDbEntity
  8
BLACK
  6
CONTINUOUS
100
AcDbLine
 10
0.0553205905511811
 20
1.0019116929133858
 30
0
 11
0.0556219291338583
 21
1.0018517716535433
 31
0
  0
LINE
  5
56
330
1A
100
AcDbEntity
  8
BLACK
  6
CONTINUOUS
100
AcDbLine
 10
0.0556219291338583
 20
1.0018517716535433
 30
0
 11
0.0560480708661417
 21
1.0014256299212598
 31
0
  0
LINE
  5
57
330
1A
100
AcDbEntity
  8
BLACK
  6
CONTINUOUS
100
AcDbLine
 10
0.0560480708661417
 20
1.0014256299212598
 30
0
 11
0.0560480708661417
 21
1.0008229527559054
 31
0
  0
LINE
  5
58
330
1A
100
AcDbEntity
  8
BLACK
  6
CONTINUOUS
100
AcDbLine
 10
0.0560480708661417
 20
1.0008229527559054
 30
0
 11
0.0556219291338583
 21
1.0003968110236221
 31
0
  0
LINE
  5
59
330
1A
100
AcDbEntity
  8
BLACK
  6
CONTINUOUS
100
AcDbLine
 10
0.0556219291338583
 20
1.0003968110236221
 30
0
 11
0.0553205905511811
 21
1.0003368897637794
 31
0
  0
LINE
  5
5A
330
1A
100
AcDbEntity
  8
BLACK
  6
CONTINUOUS
100
AcDbLine
 10
0.0553205905511811
 20
1.0003368897637794
 30
0
 11
0.051571062992126
 21
1.0003368897637794
 31
0
  0
LINE
  5
5B
330
1A
100
AcDbEntity
  8
BLACK
  6
CONTINUOUS
100
AcDbLine
 10
0.051571062992126
 20
1.0003368897637794
 30
0
 11
0.0512697244094488
 21
1.0003968110236221
 31
0
  0
LINE
  5
5C
330
1A
100
AcDbEntity
  8
BLACK
  6
CONTINUOUS
100
AcDbLine
 10
0.0512697244094488
 20
1.0003968110236221
 30
0
 11
0.0508435826771653
 21
1.0008229527559054
 31
0
  0
LINE
  5
5D
330
1A
100
AcDbEntity
  8
BLACK
  6
CONTINUOUS
100
AcDbLine
 10
0.0508435826771653
 20
1.0008229527559054
 30
0
 11
0.0507836614173228
 21
1.0011242913385827
 31
0
  0
LINE
  5
5E
330
1A
100
AcDbEntity
  8
BLACK
  6
CONTINUOUS
100
AcDbLine
 10
0.0507836614173228
 20
1.0011242913385827
 30
0
 11
0.0507836614173228
 21
1.0089983070866142
 31
0
  0
LINE
  5
5F
330
1A
100
AcDbEntity
  8
BLACK
  6
CONTINUOUS
100
AcDbLine
 10
0.0507836614173228
 20
1.0089983070866142
 30
0
 11
0.0508435826771653
 21
1.0092996456692913
 31
0
  0
LINE
  5
60
330
1A
100
AcDbEntity
  8
BLACK
  6
CONTINUOUS
100
AcDbLine
 10
0.0508435826771653
 20
1.0092996456692913
 30
0
 11
0.0512697244094488
 21
1.0097257874015748
 31
0
  0
LINE
  5
61
330
1A
100
AcDbEntity
  8
BLACK
  6
CONTINUOUS
100
AcDbLine
 10
0.0512697244094488
 20
1.0097257874015748
 30
0
 11
0.051571062992126
 21
1.0097857086614173
 31
0
  0
LINE
  5
62
330
1A
100
AcDbEntity
  8
BLACK
  6
CONTINUOUS
100
AcDbLine
 10
0.051571062992126
 20
1.0097857086614173
 30
0
 11
0.0553205905511811
 21
1.0097857086614173
 31
0
  0
LINE
  5
63
330
1A
100
AcDbEntity
  8
BLACK
  6
CONTINUOUS
100
AcDbLine
 10
0.0553205905511811
 20
1.0097857086614173
 30
0
 11
0.0556219291338583
 21
1.0097257874015748
 31
0
  0
LINE
  5
64
330
1A
100
AcDbEntity
  8
BLACK
  6
CONTINUOUS
100
AcDbLine
 10
0.0696074409448819
 20
1.0097780314960629
 30
0
 11
0.0696246062992126
 21
1.0097837401574803
 31
0
  0
LINE
  5
65
330
1A
100
AcDbEntity
  8
BLACK
  6
CONTINUOUS
100
AcDbLine
 10
0.0696246062992126
 20
1.0097837401574803
 30
0
 11
0.0697463385826772
 21
1.0097504330708662
 31
0
  0
LINE
  5
66
330
1A
100
AcDbEntity
  8
BLACK
  6
CONTINUOUS
100
AcDbLine
 10
0.0697463385826772
 20
1.0097504330708662
 30
0
 11
0.0698701181102362
 21
1.0097257874015748
 31
0
  0
LINE
  5
67
330
1A
100
AcDbEntity
  8
BLACK
  6
CONTINUOUS
100
AcDbLine
 10
0.0698701181102362
 20
1.0097257874015748
 30
0
 11
0.069882874015748
 21
1.009713031496063
 31
0
  0
LINE
  5
68
330
1A
100
AcDbEntity
  8
BLACK
  6
CONTINUOUS
100
AcDbLine
 10
0.069882874015748
 20
1.009713031496063
 30
0
 11
0.069920905511811
 21
1.0097025984251968
 31
0
  0
LINE
  5
69
330
1A
100
AcDbEntity
  8
BLACK
  6
CONTINUOUS
100
AcDbLine
 10
0.069920905511811
 20
1.0097025984251968
 30
0
 11
0.0706708267716535
 21
1.0093276377952756
 31
0
  0
LINE
  5
6A
330
1A
100
AcDbEntity
  8
BLACK
  6
CONTINUOUS
100
AcDbLine
 10
0.0706708267716535
 20
1.0093276377952756
 30
0
 11
0.0707703543307087
 21
1.0092503937007873
 31
0
  0
LINE
  5
6B
330
1A
100
AcDbEntity
  8
BLACK
  6
CONTINUOUS
100
AcDbLine
 10
0.0707703543307087
 20
1.0092503937007873
 30
0
 11
0.0708755118110236
 21
1.0091801181102362
 31
0
  0
LINE
  5
6C
330
1A
100
AcDbEntity
  8
BLACK
  6
CONTINUOUS
100
AcDbLine
 10
0.0708755118110236
 20
1.0091801181102362
 30
0
 11
0.0716253543307087
 21
1.0084301968503937
 31
0
  0
LINE
  5
6D
330
1A
100
AcDbEntity
  8
BLACK
  6
CONTINUOUS
100
AcDbLine
 10
0.0716253543307087
 20
1.0084301968503937
 30
0
 11
0.0716726771653543
 21
1.0083593700787401
 31
0
  0
LINE
  5
6E
330
1A
100
AcDbEntity
  8
BLACK
  6
CONTINUOUS
100
AcDbLine
 10
0.0716726771653543
 20
1.0083593700787401
 30
0
 11
0.0717012598425197
 21
1.0083422047244095
 31
0
  0
LINE
  5
6F
330
1A
100
AcDbEntity
  8
BLACK
  6
CONTINUOUS
100
AcDbLine
 10
0.0717012598425197
 20
1.0083422047244095
 30
0
 11
0.0717425196850394
 21
1.0082548818897639
 31
0
  0
LINE
  5
70
330
1A
100
AcDbEntity
  8
BLACK
  6
CONTINUOUS
100
AcDbLine
 10
0.0717425196850394
 20
1.0082548818897639
 30
0
 11
0.071796062992126
 21
1.0081747244094488
 31
0
  0
LINE
  5
71
330
1A
100
AcDbEntity
  8
BLACK
  6
CONTINUOUS
100
AcDbLine
 10
0.071796062992126
 20
1.0081747244094488
 30
0
 11
0.071796062992126
 21
1.0081415354330709
 31
0
  0
LINE
  5
72
330
1A
100
AcDbEntity
  8
BLACK
  6
CONTINUOUS
100
AcDbLine
 10
0.071796062992126
 20
1.0081415354330709
 30
0
 11
0.0718324803149606
 21
1.0080644094488189
 31
0
  0
LINE
  5
73
330
1A
100
AcDbEntity
  8
BLACK
  6
CONTINUOUS
100
AcDbLine
 10
0.0718324803149606
 20
1.0080644094488189
 30
0
 11
0.0722074409448819
 21
1.0065646062992126
 31
0
  0
LINE
  5
74
330
1A
100
AcDbEntity
  8
BLACK
  6
CONTINUOUS
100
AcDbLine
 10
0.0722074409448819
 20
1.0065646062992126
 30
0
 11
0.072212125984252
 21
1.006468188976378
 31
0
  0
LINE
  5
75
330
1A
100
AcDbEntity
  8
BLACK
  6
CONTINUOUS
100
AcDbLine
 10
0.072212125984252
 20
1.006468188976378
 30
0
 11
0.0722309448818898
 21
1.0063736220472441
 31
0
  0
LINE
  5
76
330
1A
100
AcDbEntity
  8
BLACK
  6
CONTINUOUS
100
AcDbLine
 10
0.0722309448818898
 20
1.0063736220472441
 30
0
 11
0.0722309448818898
 21
1.003748937007874
 31
0
  0
LINE
  5
77
330
1A
100
AcDbEntity
  8
BLACK
  6
CONTINUOUS
100
AcDbLine
 10
0.0722309448818898
 20
1.003748937007874
 30
0
 11
0.072212125984252
 21
1.0036544094488189
 31
0
  0
LINE
  5
78
330
1A
100
AcDbEntity
  8
BLACK
  6
CONTINUOUS
100
AcDbLine
 10
0.072212125984252
 20
1.0036544094488189
 30
0
 11
0.0722074409448819
 21
1.0035579527559055
 31
0
  0
LINE
  5
79
330
1A
100
AcDbEntity
  8
BLACK
  6
CONTINUOUS
100
AcDbLine
 10
0.0722074409448819
 20
1.0035579527559055
 30
0
 11
0.0718324803149606
 21
1.0020581496062992
 31
0
  0
LINE
  5
7A
330
1A
100
AcDbEntity
  8
BLACK
  6
CONTINUOUS
100
AcDbLine
 10
0.0718324803149606
 20
1.0020581496062992
 30
0
 11
0.071796062992126
 21
1.001981062992126
 31
0
  0
LINE
  5
7B
330
1A
100
AcDbEntity
  8
BLACK
  6
CONTINUOUS
100
AcDbLine
 10
0.071796062992126
 20
1.001981062992126
 30
0
 11
0.071796062992126
 21
1.0019478346456692
 31
0
  0
LINE
  5
7C
330
1A
100
AcDbEntity
  8
BLACK
  6
CONTINUOUS
100
AcDbLine
 10
0.071796062992126
 20
1.0019478346456692
 30
0
 11
0.0717425196850394
 21
1.0018677165354331
 31
0
  0
LINE
  5
7D
330
1A
100
AcDbEntity
  8
BLACK
  6
CONTINUOUS
100
AcDbLine
 10
0.0717425196850394
 20
1.0018677165354331
 30
0
 11
0.0717012598425197
 21
1.0017803543307087
 31
0
  0
LINE
  5
7E
330
1A
100
AcDbEntity
  8
BLACK
  6
CONTINUOUS
100
AcDbLine
 10
0.0717012598425197
 20
1.0017803543307087
 30
0
 11
0.0716726771653543
 21
1.0017632283464566
 31
0
  0
LINE
  5
7F
330
1A
100
AcDbEntity
  8
BLACK
  6
CONTINUOUS
100
AcDbLine
 10
0.0716726771653543
 20
1.0017632283464566
 30
0
 11
0.0716253543307087
 21
1.0016923622047245
 31
0
  0
LINE
  5
80
330
1A
100
AcDbEntity
  8
BLACK
  6
CONTINUOUS
100
AcDbLine
 10
0.0716253543307087
 20
1.0016923622047245
 30
0
 11
0.0708755118110236
 21
1.0009424409448819
 31
0
  0
LINE
  5
81
330
1A
100
AcDbEntity
  8
BLACK
  6
CONTINUOUS
100
AcDbLine
 10
0.0708755118110236
 20
1.0009424409448819
 30
0
 11
0.0707705118110236
 21
1.0008723228346457
 31
0
  0
LINE
  5
82
330
1A
100
AcDbEntity
  8
BLACK
  6
CONTINUOUS
100
AcDbLine
 10
0.0707705118110236
 20
1.0008723228346457
 30
0
 11
0.0706708267716535
 21
1.0007949212598426
 31
0
  0
LINE
  5
83
330
1A
100
AcDbEntity
  8
BLACK
  6
CONTINUOUS
100
AcDbLine
 10
0.0706708267716535
 20
1.0007949212598426
 30
0
 11
0.069920905511811
 21
1.0004200000000001
 31
0
  0
LINE
  5
84
330
1A
100
AcDbEntity
  8
BLACK
  6
CONTINUOUS
100
AcDbLine
 10
0.069920905511811
 20
1.0004200000000001
 30
0
 11
0.069882874015748
 21
1.0004096062992125
 31
0
  0
LINE
  5
85
330
1A
100
AcDbEntity
  8
BLACK
  6
CONTINUOUS
100
AcDbLine
 10
0.069882874015748
 20
1.0004096062992125
 30
0
 11
0.0698701181102362
 21
1.0003968110236221
 31
0
  0
LINE
  5
86
330
1A
100
AcDbEntity
  8
BLACK
  6
CONTINUOUS
100
AcDbLine
 10
0.0698701181102362
 20
1.0003968110236221
 30
0
 11
0.0697462598425197
 21
1.0003722047244095
 31
0
  0
LINE
  5
87
330
1A
100
AcDbEntity
  8
BLACK
  6
CONTINUOUS
100
AcDbLine
 10
0.0697462598425197
 20
1.0003722047244095
 30
0
 11
0.0696245669291339
 21
1.0003388582677164
 31
0
  0
LINE
  5
88
330
1A
100
AcDbEntity
  8
BLACK
  6
CONTINUOUS
100
AcDbLine
 10
0.0696245669291339
 20
1.0003388582677164
 30
0
 11
0.0696074015748031
 21
1.0003446062992125
 31
0
  0
LINE
  5
89
330
1A
100
AcDbEntity
  8
BLACK
  6
CONTINUOUS
100
AcDbLine
 10
0.0696074015748031
 20
1.0003446062992125
 30
0
 11
0.069568779527559
 21
1.0003368897637794
 31
0
  0
LINE
  5
8A
330
1A
100
AcDbEntity
  8
BLACK
  6
CONTINUOUS
100
AcDbLine
 10
0.069568779527559
 20
1.0003368897637794
 30
0
 11
0.0680689763779528
 21
1.0003368897637794
 31
0
  0
LINE
  5
8B
330
1A
100
AcDbEntity
  8
BLACK
  6
CONTINUOUS
100
AcDbLine
 10
0.0680689763779528
 20
1.0003368897637794
 30
0
 11
0.0680303149606299
 21
1.0003446062992125
 31
0
  0
LINE
  5
8C
330
1A
100
AcDbEntity
  8
BLACK
  6
CONTINUOUS
100
AcDbLine
 10
0.0680303149606299
 20
1.0003446062992125
 30
0
 11
0.068013188976378
 21
1.0003388582677164
 31
0
  0
LINE
  5
8D
330
1A
100
AcDbEntity
  8
BLACK
  6
CONTINUOUS
100
AcDbLine
 10
0.068013188976378
 20
1.0003388582677164
 30
0
 11
0.0678914960629921
 21
1.0003722047244095
 31
0
  0
LINE
  5
8E
330
1A
100
AcDbEntity
  8
BLACK
  6
CONTINUOUS
100
AcDbLine
 10
0.0678914960629921
 20
1.0003722047244095
 30
0
 11
0.0677676377952756
 21
1.0003968110236221
 31
0
  0
LINE
  5
8F
330
1A
100
AcDbEntity
  8
BLACK
  6
CONTINUOUS
100
AcDbLine
 10
0.0677676377952756
 20
1.0003968110236221
 30
0
 11
0.0677548031496063
 21
1.0004096456692912
 31
0
  0
LINE
  5
90
330
1A
100
AcDbEntity
  8
BLACK
  6
CONTINUOUS
100
AcDbLine
 10
0.0677548031496063
 20
1.0004096456692912
 30
0
 11
0.0677168897637795
 21
1.0004200000000001
 31
0
  0
LINE
  5
91
330
1A
100
AcDbEntity
  8
BLACK
  6
CONTINUOUS
100
AcDbLine
 10
0.0677168897637795
 20
1.0004200000000001
 30
0
 11
0.0669669291338583
 21
1.0007949212598426
 31
0
  0
LINE
  5
92
330
1A
100
AcDbEntity
  8
BLACK
  6
CONTINUOUS
100
AcDbLine
 10
0.0669669291338583
 20
1.0007949212598426
 30
0
 11
0.0668672047244094
 21
1.0008723228346457
 31
0
  0
LINE
  5
93
330
1A
100
AcDbEntity
  8
BLACK
  6
CONTINUOUS
100
AcDbLine
 10
0.0668672047244094
 20
1.0008723228346457
 30
0
 11
0.0667622440944882
 21
1.0009424409448819
 31
0
  0
LINE
  5
94
330
1A
100
AcDbEntity
  8
BLACK
  6
CONTINUOUS
100
AcDbLine
 10
0.0667622440944882
 20
1.0009424409448819
 30
0
 11
0.0660123622047244
 21
1.0016923622047245
 31
0
  0
LINE
  5
95
330
1A
100
AcDbEntity
  8
BLACK
  6
CONTINUOUS
100
AcDbLine
 10
0.0660123622047244
 20
1.0016923622047245
 30
0
 11
0.065965
 21
1.0017632677165353
 31
0
  0
LINE
  5
96
330
1A
100
AcDbEntity
  8
BLACK
  6
CONTINUOUS
100
AcDbLine
 10
0.065965
 20
1.0017632677165353
 30
0
 11
0.0659364960629921
 21
1.0017803543307087
 31
0
  0
LINE
  5
97
330
1A
100
AcDbEntity
  8
BLACK
  6
CONTINUOUS
100
AcDbLine
 10
0.0659364960629921
 20
1.0017803543307087
 30
0
 11
0.0658952755905512
 21
1.0018676377952755
 31
0
  0
LINE
  5
98
330
1A
100
AcDbEntity
  8
BLACK
  6
CONTINUOUS
100
AcDbLine
 10
0.0658952755905512
 20
1.0018676377952755
 30
0
 11
0.0658416929133858
 21
1.0019478346456692
 31
0
  0
LINE
  5
99
330
1A
100
AcDbEntity
  8
BLACK
  6
CONTINUOUS
100
AcDbLine
 10
0.0658416929133858
 20
1.0019478346456692
 30
0
 11
0.0658416929133858
 21
1.0019811023622047
 31
0
  0
LINE
  5
9A
330
1A
100
AcDbEntity
  8
BLACK
  6
CONTINUOUS
100
AcDbLine
 10
0.0658416929133858
 20
1.0019811023622047
 30
0
 11
0.0658052755905512
 21
1.002058188976378
 31
0
  0
LINE
  5
9B
330
1A
100
AcDbEntity
  8
BLACK
  6
CONTINUOUS
100
AcDbLine
 10
0.0658052755905512
 20
1.002058188976378
 30
0
 11
0.0654303149606299
 21
1.0035579527559055
 31
0
  0
LINE
  5
9C
330
1A
100
AcDbEntity
  8
BLACK
  6
CONTINUOUS
100
AcDbLine
 10
0.0654303149606299
 20
1.0035579527559055
 30
0
 11
0.0654255905511811
 21
1.0036544094488189
 31
0
  0
LINE
  5
9D
330
1A
100
AcDbEntity
  8
BLACK
  6
CONTINUOUS
100
AcDbLine
 10
0.0654255905511811
 20
1.0036544094488189
 30
0
 11
0.065406811023622
 21
1.003748937007874
 31
0
  0
LINE
  5
9E
330
1A
100
AcDbEntity
  8
BLACK
  6
CONTINUOUS
100
AcDbLine
 10
0.065406811023622
 20
1.003748937007874
 30
0
 11
0.065406811023622
 21
1.0063736220472441
 31
0
  0
LINE
  5
9F
330
1A
100
AcDbEntity
  8
BLACK
  6
CONTINUOUS
100
AcDbLine
 10
0.065406811023622
 20
1.0063736220472441
 30
0
 11
0.0654255905511811
 21
1.006468188976378
 31
0
  0
LINE
  5
A0
330
1A
100
AcDbEntity
  8
BLACK
  6
CONTINUOUS
100
AcDbLine
 10
0.0654255905511811
 20
1.006468188976378
 30
0
 11
0.0654303149606299
 21
1.0065646062992126
 31
0
  0
LINE
  5
A1
330
1A
100
AcDbEntity
  8
BLACK
  6
CONTINUOUS
100
AcDbLine
 10
0.0654303149606299
 20
1.0065646062992126
 30
0
 11
0.0658052755905512
 21
1.0080643700787402
 31
0
  0
LINE
  5
A2
330
1A
100
AcDbEntity
  8
BLACK
  6
CONTINUOUS
100
AcDbLine
 10
0.0658052755905512
 20
1.0080643700787402
 30
0
 11
0.0658416929133858
 21
1.0081414960629922
 31
0
  0
LINE
  5
A3
330
1A
100
AcDbEntity
  8
BLACK
  6
CONTINUOUS
100
AcDbLine
 10
0.0658416929133858
 20
1.0081414960629922
 30
0
 11
0.0658416929133858
 21
1.0081747244094488
 31
0
  0
LINE
  5
A4
330
1A
100
AcDbEntity
  8
BLACK
  6
CONTINUOUS
100
AcDbLine
 10
0.0658416929133858
 20
1.0081747244094488
 30
0
 11
0.0658952755905512
 21
1.0082549606299211
 31
0
  0
LINE
  5
A5
330
1A
100
AcDbEntity
  8
BLACK
  6
CONTINUOUS
100
AcDbLine
 10
0.0658952755905512
 20
1.0082549606299211
 30
0
 11
0.0659364960629921
 21
1.0083422047244095
 31
0
  0
LINE
  5
A6
330
1A
100
AcDbEntity
  8
BLACK
  6
CONTINUOUS
100
AcDbLine
 10
0.0659364960629921
 20
1.0083422047244095
 30
0
 11
0.065965
 21
1.0083593307086613
 31
0
  0
LINE
  5
A7
330
1A
100
AcDbEntity
  8
BLACK
  6
CONTINUOUS
100
AcDbLine
 10
0.065965
 20
1.0083593307086613
 30
0
 11
0.0660123622047244
 21
1.0084301968503937
 31
0
  0
LINE
  5
A8
330
1A
100
AcDbEntity
  8
BLACK
  6
CONTINUOUS
100
AcDbLine
 10
0.0660123622047244
 20
1.0084301968503937
 30
0
 11
0.0667622440944882
 21
1.0091801181102362
 31
0
  0
LINE
  5
A9
330
1A
100
AcDbEntity
  8
BLACK
  6
CONTINUOUS
100
AcDbLine
 10
0.0667622440944882
 20
1.0091801181102362
 30
0
 11
0.0668672440944882
 21
1.00925031496063
 31
0
  0
LINE
  5
AA
330
1A
100
AcDbEntity
  8
BLACK
  6
CONTINUOUS
100
AcDbLine
 10
0.0668672440944882
 20
1.00925031496063
 30
0
 11
0.0669669291338583
 21
1.0093276377952756
 31
0
  0
LINE
  5
AB
330
1A
100
AcDbEntity
  8
BLACK
  6
CONTINUOUS
100
AcDbLine
 10
0.0669669291338583
 20
1.0093276377952756
 30
0
 11
0.0677168110236221
 21
1.0097025590551181
 31
0
  0
LINE
  5
AC
330
1A
100
AcDbEntity
  8
BLACK
  6
CONTINUOUS
100
AcDbLine
 10
0.0677168110236221
 20
1.0097025590551181
 30
0
 11
0.0677548031496063
 21
1.0097129921259842
 31
0
  0
LINE
  5
AD
330
1A
100
AcDbEntity
  8
BLACK
  6
CONTINUOUS
100
AcDbLine
 10
0.0677548031496063
 20
1.0097129921259842
 30
0
 11
0.0677676377952756
 21
1.0097257874015748
 31
0
  0
LINE
  5
AE
330
1A
100
AcDbEntity
  8
BLACK
  6
CONTINUOUS
100
AcDbLine
 10
0.0677676377952756
 20
1.0097257874015748
 30
0
 11
0.0678915354330709
 21
1.0097504330708662
 31
0
  0
LINE
  5
AF
330
1A
100
AcDbEntity
  8
BLACK
  6
CONTINUOUS
100
AcDbLine
 10
0.0678915354330709
 20
1.0097504330708662
 30
0
 11
0.0680131496062992
 21
1.0097837401574803
 31
0
  0
LINE
  5
B0
330
1A
100
AcDbEntity
  8
BLACK
  6
CONTINUOUS
100
AcDbLine
 10
0.0680131496062992
 20
1.0097837401574803
 30
0
 11
0.0680302755905512
 21
1.0097780314960629
 31
0
  0
LINE
  5
B1
330
1A
100
AcDbEntity
  8
BLACK
  6
CONTINUOUS
100
AcDbLine
 10
0.0680302755905512
 20
1.0097780314960629
 30
0
 11
0.0680689763779528
 21
1.0097857086614173
 31
0
  0
LINE
  5
B2
330
1A
100
AcDbEntity
  8
BLACK
  6
CONTINUOUS
100
AcDbLine
 10
0.0680689763779528
 20
1.0097857086614173
 30
0
 11
0.069568779527559
 21
1.0097857086614173
 31
0
  0
LINE
  5
B3
330
1A
100
AcDbEntity
  8
BLACK
  6
CONTINUOUS
100
AcDbLine
 10
0.069568779527559
 20
1.0097857086614173
 30
0
 11
0.0696074409448819
 21
1.0097780314960629
 31
0
  0
LINE
  5
B4
330
1A
100
AcDbEntity
  8
BLACK
  6
CONTINUOUS
100
AcDbLine
 10
0.0677854330708661
 20
1.007976220472441
 30
0
 11
0.067280157480315
 21
1.0074708661417322
 31
0
  0
LINE
  5
B5
330
1A
100
AcDbEntity
  8
BLACK
  6
CONTINUOUS
100
AcDbLine
 10
0.067280157480315
 20
1.0074708661417322
 30
0
 11
0.0669816141732283
 21
1.006276653543307
 31
0
  0
LINE
  5
B6
330
1A
100
AcDbEntity
  8
BLACK
  6
CONTINUOUS
100
AcDbLine
 10
0.0669816141732283
 20
1.006276653543307
 30
0
 11
0.0669816141732283
 21
1.0038459448818897
 31
0
  0
LINE
  5
B7
330
1A
100
AcDbEntity
  8
BLACK
  6
CONTINUOUS
100
AcDbLine
 10
0.0669816141732283
 20
1.0038459448818897
 30
0
 11
0.067280157480315
 21
1.0026517322834645
 31
0
  0
LINE
  5
B8
330
1A
100
AcDbEntity
  8
BLACK
  6
CONTINUOUS
100
AcDbLine
 10
0.067280157480315
 20
1.0026517322834645
 30
0
 11
0.0677854330708661
 21
1.0021464173228347
 31
0
  0
LINE
  5
B9
330
1A
100
AcDbEntity
  8
BLACK
  6
CONTINUOUS
100
AcDbLine
 10
0.0677854330708661
 20
1.0021464173228347
 30
0
 11
0.0682548818897638
 21
1.0019116929133858
 31
0
  0
LINE
  5
BA
330
1A
100
AcDbEntity
  8
BLACK
  6
CONTINUOUS
100
AcDbLine
 10
0.0682548818897638
 20
1.0019116929133858
 30
0
 11
0.0693829133858268
 21
1.0019116929133858
 31
0
  0
LINE
  5
BB
330
1A
100
AcDbEntity
  8
BLACK
  6
CONTINUOUS
100
AcDbLine
 10
0.0693829133858268
 20
1.0019116929133858
 30
0
 11
0.0698522047244095
 21
1.0021463385826772
 31
0
  0
LINE
  5
BC
330
1A
100
AcDbEntity
  8
BLACK
  6
CONTINUOUS
100
AcDbLine
 10
0.0698522047244095
 20
1.0021463385826772
 30
0
 11
0.0703575590551181
 21
1.0026517322834645
 31
0
  0
LINE
  5
BD
330
1A
100
AcDbEntity
  8
BLACK
  6
CONTINUOUS
100
AcDbLine
 10
0.0703575590551181
 20
1.0026517322834645
 30
0
 11
0.0706561417322835
 21
1.003845905511811
 31
0
  0
LINE
  5
BE
330
1A
100
AcDbEntity
  8
BLACK
  6
CONTINUOUS
100
AcDbLine
 10
0.0706561417322835
 20
1.003845905511811
 30
0
 11
0.0706561417322835
 21
1.0062766929133857
 31
0
  0
LINE
  5
BF
330
1A
100
AcDbEntity
  8
BLACK
  6
CONTINUOUS
100
AcDbLine
 10
0.0706561417322835
 20
1.0062766929133857
 30
0
 11
0.0703575590551181
 21
1.0074708661417322
 31
0
  0
LINE
  5
C0
330
1A
100
AcDbEntity
  8
BLACK
  6
CONTINUOUS
100
AcDbLine
 10
0.0703575590551181
 20
1.0074708661417322
 30
0
 11
0.0698521653543307
 21
1.0079762598425197
 31
0
  0
LINE
  5
C1
330
1A
100
AcDbEntity
  8
BLACK
  6
CONTINUOUS
100
AcDbLine
 10
0.0698521653543307
 20
1.0079762598425197
 30
0
 11
0.069382874015748
 21
1.0082109055118109
 31
0
  0
LINE
  5
C2
330
1A
100
AcDbEntity
  8
BLACK
  6
CONTINUOUS
100
AcDbLine
 10
0.069382874015748
 20
1.0082109055118109
 30
0
 11
0.0682548818897638
 21
1.0082109055118109
 31
0
  0
LINE
  5
C3
330
1A
100
AcDbEntity
  8
BLACK
  6
CONTINUOUS
100
AcDbLine
 10
0.0682548818897638
 20
1.0082109055118109
 30
0
 11
0.0677854330708661
 21
1.007976220472441
 31
0
  0
LINE
  5
C4
330
1A
100
AcDbEntity
  8
BLACK
  6
CONTINUOUS
100
AcDbLine
 10
0.0755456299212598
 20
1.0092996456692913
 30
0
 11
0.0756055511811024
 21
1.0089983070866142
 31
0
  0
LINE
  5
C5
330
1A
100
AcDbEntity
  8
BLACK
  6
CONTINUOUS
100
AcDbLine
 10
0.0756055511811024
 20
1.0089983070866142
 30
0
 11
0.0756055511811024
 21
1.00281
 31
0
  0
LINE
  5
C6
330
1A
100
AcDbEntity
  8
BLACK
  6
CONTINUOUS
100
AcDbLine
 10
0.0756055511811024
 20
1.00281
 30
0
 11
0.0758401968503937
 21
1.0023405905511811
 31
0
  0
LINE
  5
C7
330
1A
100
AcDbEntity
  8
BLACK
  6
CONTINUOUS
100
AcDbLine
 10
0.0758401968503937
 20
1.0023405905511811
 30
0
 11
0.0760343700787402
 21
1.0021464173228347
 31
0
  0
LINE
  5
C8
330
1A
100
AcDbEntity
  8
BLACK
  6
CONTINUOUS
100
AcDbLine
 10
0.0760343700787402
 20
1.0021464173228347
 30
0
 11
0.0765038582677165
 21
1.0019116929133858
 31
0
  0
LINE
  5
C9
330
1A
100
AcDbEntity
  8
BLACK
  6
CONTINUOUS
100
AcDbLine
 10
0.0765038582677165
 20
1.0019116929133858
 30
0
 11
0.0776318897637795
 21
1.0019116929133858
 31
0
  0
LINE
  5
CA
330
1A
100
AcDbEntity
  8
BLACK
  6
CONTINUOUS
100
AcDbLine
 10
0.0776318897637795
 20
1.0019116929133858
 30
0
 11
0.0781012204724409
 21
1.002146377952756
 31
0
  0
LINE
  5
CB
330
1A
100
AcDbEntity
  8
BLACK
  6
CONTINUOUS
100
AcDbLine
 10
0.0781012204724409
 20
1.002146377952756
 30
0
 11
0.0782953937007874
 21
1.0023405511811023
 31
0
  0
LINE
  5
CC
330
1A
100
AcDbEntity
  8
BLACK
  6
CONTINUOUS
100
AcDbLine
 10
0.0782953937007874
 20
1.0023405511811023
 30
0
 11
0.078530157480315
 21
1.00281
 31
0
  0
LINE
  5
CD
330
1A
100
AcDbEntity
  8
BLACK
  6
CONTINUOUS
100
AcDbLine
 10
0.078530157480315
 20
1.00281
 30
0
 11
0.078530157480315
 21
1.0089983070866142
 31
0
  0
LINE
  5
CE
330
1A
100
AcDbEntity
  8
BLACK
  6
CONTINUOUS
100
AcDbLine
 10
0.078530157480315
 20
1.0089983070866142
 30
0
 11
0.0785900787401575
 21
1.0092996456692913
 31
0
  0
LINE
  5
CF
330
1A
100
AcDbEntity
  8
BLACK
  6
CONTINUOUS
100
AcDbLine
 10
0.0785900787401575
 20
1.0092996456692913
 30
0
 11
0.0790162204724409
 21
1.0097257874015748
 31
0
  0
LINE
  5
D0
330
1A
100
AcDbEntity
  8
BLACK
  6
CONTINUOUS
100
AcDbLine
 10
0.0790162204724409
 20
1.0097257874015748
 30
0
 11
0.0796188976377953
 21
1.0097257874015748
 31
0
  0
LINE
  5
D1
330
1A
100
AcDbEntity
  8
BLACK
  6
CONTINUOUS
100
AcDbLine
 10
0.0796188976377953
 20
1.0097257874015748
 30
0
 11
0.0800450393700787
 21
1.0092996456692913
 31
0
  0
LINE
  5
D2
330
1A
100
AcDbEntity
  8
BLACK
  6
CONTINUOUS
100
AcDbLine
 10
0.0800450393700787
 20
1.0092996456692913
 30
0
 11
0.0801049606299213
 21
1.0089983070866142
 31
0
  0
LINE
  5
D3
330
1A
100
AcDbEntity
  8
BLACK
  6
CONTINUOUS
100
AcDbLine
 10
0.0801049606299213
 20
1.0089983070866142
 30
0
 11
0.0801049606299213
 21
1.002624094488189
 31
0
  0
LINE
  5
D4
330
1A
100
AcDbEntity
  8
BLACK
  6
CONTINUOUS
100
AcDbLine
 10
0.0801049606299213
 20
1.002624094488189
 30
0
 11
0.0800972440944882
 21
1.0025854330708661
 31
0
  0
LINE
  5
D5
330
1A
100
AcDbEntity
  8
BLACK
  6
CONTINUOUS
100
AcDbLine
 10
0.0800972440944882
 20
1.0025854330708661
 30
0
 11
0.0801029921259842
 21
1.0025682677165355
 31
0
  0
LINE
  5
D6
330
1A
100
AcDbEntity
  8
BLACK
  6
CONTINUOUS
100
AcDbLine
 10
0.0801029921259842
 20
1.0025682677165355
 30
0
 11
0.0800696456692913
 21
1.0024466929133857
 31
0
  0
LINE
  5
D7
330
1A
100
AcDbEntity
  8
BLACK
  6
CONTINUOUS
100
AcDbLine
 10
0.0800696456692913
 20
1.0024466929133857
 30
0
 11
0.0800450393700787
 21
1.0023227559055119
 31
0
  0
LINE
  5
D8
330
1A
100
AcDbEntity
  8
BLACK
  6
CONTINUOUS
100
AcDbLine
 10
0.0800450393700787
 20
1.0023227559055119
 30
0
 11
0.0800322047244094
 21
1.0023099606299213
 31
0
  0
LINE
  5
D9
330
1A
100
AcDbEntity
  8
BLACK
  6
CONTINUOUS
100
AcDbLine
 10
0.0800322047244094
 20
1.0023099606299213
 30
0
 11
0.080021811023622
 21
1.0022719291338582
 31
0
  0
LINE
  5
DA
330
1A
100
AcDbEntity
  8
BLACK
  6
CONTINUOUS
100
AcDbLine
 10
0.080021811023622
 20
1.0022719291338582
 30
0
 11
0.0796468897637795
 21
1.0015220472440944
 31
0
  0
LINE
  5
DB
330
1A
100
AcDbEntity
  8
BLACK
  6
CONTINUOUS
100
AcDbLine
 10
0.0796468897637795
 20
1.0015220472440944
 30
0
 11
0.0795694881889764
 21
1.0014223622047245
 31
0
  0
LINE
  5
DC
330
1A
100
AcDbEntity
  8
BLACK
  6
CONTINUOUS
100
AcDbLine
 10
0.0795694881889764
 20
1.0014223622047245
 30
0
 11
0.0794994094488189
 21
1.0013174015748032
 31
0
  0
LINE
  5
DD
330
1A
100
AcDbEntity
  8
BLACK
  6
CONTINUOUS
100
AcDbLine
 10
0.0794994094488189
 20
1.0013174015748032
 30
0
 11
0.0791244881889764
 21
1.0009424803149607
 31
0
  0
LINE
  5
DE
330
1A
100
AcDbEntity
  8
BLACK
  6
CONTINUOUS
100
AcDbLine
 10
0.0791244881889764
 20
1.0009424803149607
 30
0
 11
0.0790196062992126
 21
1.0008724015748032
 31
0
  0
LINE
  5
DF
330
1A
100
AcDbEntity
  8
BLACK
  6
CONTINUOUS
100
AcDbLine
 10
0.0790196062992126
 20
1.0008724015748032
 30
0
 11
0.0789198031496063
 21
1.0007949212598426
 31
0
  0
LINE
  5
E0
330
1A
100
AcDbEntity
  8
BLACK
  6
CONTINUOUS
100
AcDbLine
 10
0.0789198031496063
 20
1.0007949212598426
 30
0
 11
0.0781698818897638
 21
1.0004200000000001
 31
0
  0
LINE
  5
E1
330
1A
100
AcDbEntity
  8
BLACK
  6
CONTINUOUS
100
AcDbLine
 10
0.0781698818897638
 20
1.0004200000000001
 30
0
 11
0.0781318503937008
 21
1.0004096062992125
 31
0
  0
LINE
  5
E2
330
1A
100
AcDbEntity
  8
BLACK
  6
CONTINUOUS
100
AcDbLine
 10
0.0781318503937008
 20
1.0004096062992125
 30
0
 11
0.078119094488189
 21
1.0003968110236221
 31
0
  0
LINE
  5
E3
330
1A
100
AcDbEntity
  8
BLACK
  6
CONTINUOUS
100
AcDbLine
 10
0.078119094488189
 20
1.0003968110236221
 30
0
 11
0.0779952362204724
 21
1.0003722047244095
 31
0
  0
LINE
  5
E4
330
1A
100
AcDbEntity
  8
BLACK
  6
CONTINUOUS
100
AcDbLine
 10
0.0779952362204724
 20
1.0003722047244095
 30
0
 11
0.0778735433070866
 21
1.0003388582677164
 31
0
  0
LINE
  5
E5
330
1A
100
AcDbEntity
  8
BLACK
  6
CONTINUOUS
100
AcDbLine
 10
0.0778735433070866
 20
1.0003388582677164
 30
0
 11
0.0778563779527559
 21
1.0003446062992125
 31
0
  0
LINE
  5
E6
330
1A
100
AcDbEntity
  8
BLACK
  6
CONTINUOUS
100
AcDbLine
 10
0.0778563779527559
 20
1.0003446062992125
 30
0
 11
0.0778177559055118
 21
1.0003368897637794
 31
0
  0
LINE
  5
E7
330
1A
100
AcDbEntity
  8
BLACK
  6
CONTINUOUS
100
AcDbLine
 10
0.0778177559055118
 20
1.0003368897637794
 30
0
 11
0.0763179527559055
 21
1.0003368897637794
 31
0
  0
LINE
  5
E8
330
1A
100
AcDbEntity
  8
BLACK
  6
CONTINUOUS
100
AcDbLine
 10
0.0763179527559055
 20
1.0003368897637794
 30
0
 11
0.0762792913385827
 21
1.0003446062992125
 31
0
  0
LINE
  5
E9
330
1A
100
AcDbEntity
  8
BLACK
  6
CONTINUOUS
100
AcDbLine
 10
0.0762792913385827
 20
1.0003446062992125
 30
0
 11
0.0762621653543307
 21
1.0003388582677164
 31
0
  0
LINE
  5
EA
330
1A
100
AcDbEntity
  8
BLACK
  6
CONTINUOUS
100
AcDbLine
 10
0.0762621653543307
 20
1.0003388582677164
 30
0
 11
0.0761404724409449
 21
1.0003722047244095
 31
0
  0
LINE
  5
EB
330
1A
100
AcDbEntity
  8
BLACK
  6
CONTINUOUS
100
AcDbLine
 10
0.0761404724409449
 20
1.0003722047244095
 30
0
 11
0.0760166141732283
 21
1.0003968110236221
 31
0
  0
LINE
  5
EC
330
1A
100
AcDbEntity
  8
BLACK
  6
CONTINUOUS
100
AcDbLine
 10
0.0760166141732283
 20
1.0003968110236221
 30
0
 11
0.0760037795275591
 21
1.0004096456692912
 31
0
  0
LINE
  5
ED
330
1A
100
AcDbEntity
  8
BLACK
  6
CONTINUOUS
100
AcDbLine
 10
0.0760037795275591
 20
1.0004096456692912
 30
0
 11
0.0759658661417323
 21
1.0004200000000001
 31
0
  0
LINE
  5
EE
330
1A
100
AcDbEntity
  8
BLACK
  6
CONTINUOUS
100
AcDbLine
 10
0.0759658661417323
 20
1.0004200000000001
 30
0
 11
0.075215905511811
 21
1.0007949212598426
 31
0
  0
LINE
  5
EF
330
1A
100
AcDbEntity
  8
BLACK
  6
CONTINUOUS
100
AcDbLine
 10
0.075215905511811
 20
1.0007949212598426
 30
0
 11
0.0751160236220472
 21
1.0008724409448819
 31
0
  0
LINE
  5
F0
330
1A
100
AcDbEntity
  8
BLACK
  6
CONTINUOUS
100
AcDbLine
 10
0.0751160236220472
 20
1.0008724409448819
 30
0
 11
0.0750112598425197
 21
1.0009424409448819
 31
0
  0
LINE
  5
F1
330
1A
100
AcDbEntity
  8
BLACK
  6
CONTINUOUS
100
AcDbLine
 10
0.0750112598425197
 20
1.0009424409448819
 30
0
 11
0.0746362992125984
 21
1.0013174015748032
 31
0
  0
LINE
  5
F2
330
1A
100
AcDbEntity
  8
BLACK
  6
CONTINUOUS
100
AcDbLine
 10
0.0746362992125984
 20
1.0013174015748032
 30
0
 11
0.0745662598425197
 21
1.0014222047244095
 31
0
  0
LINE
  5
F3
330
1A
100
AcDbEntity
  8
BLACK
  6
CONTINUOUS
100
AcDbLine
 10
0.0745662598425197
 20
1.0014222047244095
 30
0
 11
0.0744887795275591
 21
1.0015220472440944
 31
0
  0
LINE
  5
F4
330
1A
100
AcDbEntity
  8
BLACK
  6
CONTINUOUS
100
AcDbLine
 10
0.0744887795275591
 20
1.0015220472440944
 30
0
 11
0.0741138582677165
 21
1.002271968503937
 31
0
  0
LINE
  5
F5
330
1A
100
AcDbEntity
  8
BLACK
  6
CONTINUOUS
100
AcDbLine
 10
0.0741138582677165
 20
1.002271968503937
 30
0
 11
0.0741034251968504
 21
1.00231
 31
0
  0
LINE
  5
F6
330
1A
100
AcDbEntity
  8
BLACK
  6
CONTINUOUS
100
AcDbLine
 10
0.0741034251968504
 20
1.00231
 30
0
 11
0.0740906692913386
 21
1.0023227559055119
 31
0
  0
LINE
  5
F7
330
1A
100
AcDbEntity
  8
BLACK
  6
CONTINUOUS
100
AcDbLine
 10
0.0740906692913386
 20
1.0023227559055119
 30
0
 11
0.0740660236220472
 21
1.0024466141732282
 31
0
  0
LINE
  5
F8
330
1A
100
AcDbEntity
  8
BLACK
  6
CONTINUOUS
100
AcDbLine
 10
0.0740660236220472
 20
1.0024466141732282
 30
0
 11
0.0740327165354331
 21
1.002568307086614
 31
0
  0
LINE
  5
F9
330
1A
100
AcDbEntity
  8
BLACK
  6
CONTINUOUS
100
AcDbLine
 10
0.0740327165354331
 20
1.002568307086614
 30
0
 11
0.0740384251968504
 21
1.0025854724409449
 31
0
  0
LINE
  5
FA
330
1A
100
AcDbEntity
  8
BLACK
  6
CONTINUOUS
100
AcDbLine
 10
0.0740384251968504
 20
1.0025854724409449
 30
0
 11
0.0740307480314961
 21
1.002624094488189
 31
0
  0
LINE
  5
FB
330
1A
100
AcDbEntity
  8
BLACK
  6
CONTINUOUS
100
AcDbLine
 10
0.0740307480314961
 20
1.002624094488189
 30
0
 11
0.0740307480314961
 21
1.0089983070866142
 31
0
  0
LINE
  5
FC
330
1A
100
AcDbEntity
  8
BLACK
  6
CONTINUOUS
100
AcDbLine
 10
0.0740307480314961
 20
1.0089983070866142
 30
0
 11
0.0740906692913386
 21
1.0092996456692913
 31
0
  0
LINE
  5
FD
330
1A
100
AcDbEntity
  8
BLACK
  6
CONTINUOUS
100
AcDbLine
 10
0.0740906692913386
 20
1.0092996456692913
 30
0
 11
0.0745168110236221
 21
1.0097257874015748
 31
0
  0
LINE
  5
FE
330
1A
100
AcDbEntity
  8
BLACK
  6
CONTINUOUS
100
AcDbLine
 10
0.0745168110236221
 20
1.0097257874015748
 30
0
 11
0.0751194881889764
 21
1.0097257874015748
 31
0
  0
LINE
  5
FF
330
1A
100
AcDbEntity
  8
BLACK
  6
CONTINUOUS
100
AcDbLine
 10
0.0751194881889764
 20
1.0097257874015748
 30
0
 11
0.0755456299212598
 21
1.0092996456692913
 31
0
  0
LINE
  5
100
330
1A
100
AcDbEntity
  8
BLACK
  6
CONTINUOUS
100
AcDbLine
 10
0.0373004330708661
 20
1.0092996456692913
 30
0
 11
0.0373603543307087
 21
1.0089983070866142
 31
0
  0
LINE
  5
101
330
1A
100
AcDbEntity
  8
BLACK
  6
CONTINUOUS
100
AcDbLine
 10
0.0373603543307087
 20
1.0089983070866142
 30
0
 11
0.0373603543307087
 21
1.006399842519685
 31
0
  0
LINE
  5
102
330
1A
100
AcDbEntity
  8
BLACK
  6
CONTINUOUS
100
AcDbLine
 10
0.0373603543307087
 20
1.006399842519685
 30
0
 11
0.0405155905511811
 21
1.0095550787401575
 31
0
  0
LINE
  5
103
330
1A
100
AcDbEntity
  8
BLACK
  6
CONTINUOUS
100
AcDbLine
 10
0.0405155905511811
 20
1.0095550787401575
 30
0
 11
0.0407710236220472
 21
1.0097257874015748
 31
0
  0
LINE
  5
104
330
1A
100
AcDbEntity
  8
BLACK
  6
CONTINUOUS
100
AcDbLine
 10
0.0407710236220472
 20
1.0097257874015748
 30
0
 11
0.0413737007874016
 21
1.0097257874015748
 31
0
  0
LINE
  5
105
330
1A
100
AcDbEntity
  8
BLACK
  6
CONTINUOUS
100
AcDbLine
 10
0.0413737007874016
 20
1.0097257874015748
 30
0
 11
0.041799842519685
 21
1.0092996456692913
 31
0
  0
LINE
  5
106
330
1A
100
AcDbEntity
  8
BLACK
  6
CONTINUOUS
100
AcDbLine
 10
0.041799842519685
 20
1.0092996456692913
 30
0
 11
0.041799842519685
 21
1.0086969685039371
 31
0
  0
LINE
  5
107
330
1A
100
AcDbEntity
  8
BLACK
  6
CONTINUOUS
100
AcDbLine
 10
0.041799842519685
 20
1.0086969685039371
 30
0
 11
0.0416291338582677
 21
1.0084415354330709
 31
0
  0
LINE
  5
108
330
1A
100
AcDbEntity
  8
BLACK
  6
CONTINUOUS
100
AcDbLine
 10
0.0416291338582677
 20
1.0084415354330709
 30
0
 11
0.0387374409448819
 21
1.0055498425196849
 31
0
  0
LINE
  5
109
330
1A
100
AcDbEntity
  8
BLACK
  6
CONTINUOUS
100
AcDbLine
 10
0.0387374409448819
 20
1.0055498425196849
 30
0
 11
0.0417022834645669
 21
1.0015967322834645
 31
0
  0
LINE
  5
10A
330
1A
100
AcDbEntity
  8
BLACK
  6
CONTINUOUS
100
AcDbLine
 10
0.0417022834645669
 20
1.0015967322834645
 30
0
 11
0.041835157480315
 21
1.0013197244094487
 31
0
  0
LINE
  5
10B
330
1A
100
AcDbEntity
  8
BLACK
  6
CONTINUOUS
100
AcDbLine
 10
0.041835157480315
 20
1.0013197244094487
 30
0
 11
0.0417499212598425
 21
1.0007231102362204
 31
0
  0
LINE
  5
10C
330
1A
100
AcDbEntity
  8
BLACK
  6
CONTINUOUS
100
AcDbLine
 10
0.0417499212598425
 20
1.0007231102362204
 30
0
 11
0.0412677559055118
 21
1.0003615354330708
 31
0
  0
LINE
  5
10D
330
1A
100
AcDbEntity
  8
BLACK
  6
CONTINUOUS
100
AcDbLine
 10
0.0412677559055118
 20
1.0003615354330708
 30
0
 11
0.0406711811023622
 21
1.0004467322834645
 31
0
  0
LINE
  5
10E
330
1A
100
AcDbEntity
  8
BLACK
  6
CONTINUOUS
100
AcDbLine
 10
0.0406711811023622
 20
1.0004467322834645
 30
0
 11
0.0404424409448819
 21
1.0006518503937007
 31
0
  0
LINE
  5
10F
330
1A
100
AcDbEntity
  8
BLACK
  6
CONTINUOUS
100
AcDbLine
 10
0.0404424409448819
 20
1.0006518503937007
 30
0
 11
0.0376125590551181
 21
1.0044249999999999
 31
0
  0
LINE
  5
110
330
1A
100
AcDbEntity
  8
BLACK
  6
CONTINUOUS
100
AcDbLine
 10
0.0376125590551181
 20
1.0044249999999999
 30
0
 11
0.0373603543307087
 21
1.0041727559055118
 31
0
  0
LINE
  5
111
330
1A
100
AcDbEntity
  8
BLACK
  6
CONTINUOUS
100
AcDbLine
 10
0.0373603543307087
 20
1.0041727559055118
 30
0
 11
0.0373603543307087
 21
1.0011242913385827
 31
0
  0
LINE
  5
112
330
1A
100
AcDbEntity
  8
BLACK
  6
CONTINUOUS
100
AcDbLine
 10
0.0373603543307087
 20
1.0011242913385827
 30
0
 11
0.0373004330708661
 21
1.0008229527559054
 31
0
  0
LINE
  5
113
330
1A
100
AcDbEntity
  8
BLACK
  6
CONTINUOUS
100
AcDbLine
 10
0.0373004330708661
 20
1.0008229527559054
 30
0
 11
0.0368742913385827
 21
1.0003968110236221
 31
0
  0
LINE
  5
114
330
1A
100
AcDbEntity
  8
BLACK
  6
CONTINUOUS
100
AcDbLine
 10
0.0368742913385827
 20
1.0003968110236221
 30
0
 11
0.0362716141732283
 21
1.0003968110236221
 31
0
  0
LINE
  5
115
330
1A
100
AcDbEntity
  8
BLACK
  6
CONTINUOUS
100
AcDbLine
 10
0.0362716141732283
 20
1.0003968110236221
 30
0
 11
0.0358454724409449
 21
1.0008229527559054
 31
0
  0
LINE
  5
116
330
1A
100
AcDbEntity
  8
BLACK
  6
CONTINUOUS
100
AcDbLine
 10
0.0358454724409449
 20
1.0008229527559054
 30
0
 11
0.0357855511811024
 21
1.0011242913385827
 31
0
  0
LINE
  5
117
330
1A
100
AcDbEntity
  8
BLACK
  6
CONTINUOUS
100
AcDbLine
 10
0.0357855511811024
 20
1.0011242913385827
 30
0
 11
0.0357855511811024
 21
1.0089983070866142
 31
0
  0
LINE
  5
118
330
1A
100
AcDbEntity
  8
BLACK
  6
CONTINUOUS
100
AcDbLine
 10
0.0357855511811024
 20
1.0089983070866142
 30
0
 11
0.0358454724409449
 21
1.0092996456692913
 31
0
  0
LINE
  5
119
330
1A
100
AcDbEntity
  8
BLACK
  6
CONTINUOUS
100
AcDbLine
 10
0.0358454724409449
 20
1.0092996456692913
 30
0
 11
0.0362716141732283
 21
1.0097257874015748
 31
0
  0
LINE
  5
11A
330
1A
100
AcDbEntity
  8
BLACK
  6
CONTINUOUS
100
AcDbLine
 10
0.0362716141732283
 20
1.0097257874015748
 30
0
 11
0.0368742913385827
 21
1.0097257874015748
 31
0
  0
LINE
  5
11B
330
1A
100
AcDbEntity
  8
BLACK
  6
CONTINUOUS
100
AcDbLine
 10
0.0368742913385827
 20
1.0097257874015748
 30
0
 11
0.0373004330708661
 21
1.0092996456692913
 31
0
  0
LINE
  5
11C
330
1A
100
AcDbEntity
  8
BLACK
  6
CONTINUOUS
100
AcDbLine
 10
0.0617334251968504
 20
1.0097780314960629
 30
0
 11
0.0617505905511811
 21
1.0097837401574803
 31
0
  0
LINE
  5
11D
330
1A
100
AcDbEntity
  8
BLACK
  6
CONTINUOUS
100
AcDbLine
 10
0.0617505905511811
 20
1.0097837401574803
 30
0
 11
0.0618723228346457
 21
1.0097504330708662
 31
0
  0
LINE
  5
11E
330
1A
100
AcDbEntity
  8
BLACK
  6
CONTINUOUS
100
AcDbLine
 10
0.0618723228346457
 20
1.0097504330708662
 30
0
 11
0.0619961023622047
 21
1.0097257874015748
 31
0
  0
LINE
  5
11F
330
1A
100
AcDbEntity
  8
BLACK
  6
CONTINUOUS
100
AcDbLine
 10
0.0619961023622047
 20
1.0097257874015748
 30
0
 11
0.0620088582677165
 21
1.009713031496063
 31
0
  0
LINE
  5
120
330
1A
100
AcDbEntity
  8
BLACK
  6
CONTINUOUS
100
AcDbLine
 10
0.0620088582677165
 20
1.009713031496063
 30
0
 11
0.0620468897637795
 21
1.0097025984251968
 31
0
  0
LINE
  5
121
330
1A
100
AcDbEntity
  8
BLACK
  6
CONTINUOUS
100
AcDbLine
 10
0.0620468897637795
 20
1.0097025984251968
 30
0
 11
0.062796811023622
 21
1.0093276377952756
 31
0
  0
LINE
  5
122
330
1A
100
AcDbEntity
  8
BLACK
  6
CONTINUOUS
100
AcDbLine
 10
0.062796811023622
 20
1.0093276377952756
 30
0
 11
0.0628964566929134
 21
1.0092502755905512
 31
0
  0
LINE
  5
123
330
1A
100
AcDbEntity
  8
BLACK
  6
CONTINUOUS
100
AcDbLine
 10
0.0628964566929134
 20
1.0092502755905512
 30
0
 11
0.0630014960629921
 21
1.0091800787401575
 31
0
  0
LINE
  5
124
330
1A
100
AcDbEntity
  8
BLACK
  6
CONTINUOUS
100
AcDbLine
 10
0.0630014960629921
 20
1.0091800787401575
 30
0
 11
0.0633764173228346
 21
1.008805157480315
 31
0
  0
LINE
  5
125
330
1A
100
AcDbEntity
  8
BLACK
  6
CONTINUOUS
100
AcDbLine
 10
0.0633764173228346
 20
1.008805157480315
 30
0
 11
0.0634464960629921
 21
1.0087002362204724
 31
0
  0
LINE
  5
126
330
1A
100
AcDbEntity
  8
BLACK
  6
CONTINUOUS
100
AcDbLine
 10
0.0634464960629921
 20
1.0087002362204724
 30
0
 11
0.0635238976377953
 21
1.0086005118110235
 31
0
  0
LINE
  5
127
330
1A
100
AcDbEntity
  8
BLACK
  6
CONTINUOUS
100
AcDbLine
 10
0.0635238976377953
 20
1.0086005118110235
 30
0
 11
0.0638988188976378
 21
1.0078506299212597
 31
0
  0
LINE
  5
128
330
1A
100
AcDbEntity
  8
BLACK
  6
CONTINUOUS
100
AcDbLine
 10
0.0638988188976378
 20
1.0078506299212597
 30
0
 11
0.0639092125984252
 21
1.0078126377952756
 31
0
  0
LINE
  5
129
330
1A
100
AcDbEntity
  8
BLACK
  6
CONTINUOUS
100
AcDbLine
 10
0.0639092125984252
 20
1.0078126377952756
 30
0
 11
0.0639220472440945
 21
1.0077998031496063
 31
0
  0
LINE
  5
12A
330
1A
100
AcDbEntity
  8
BLACK
  6
CONTINUOUS
100
AcDbLine
 10
0.0639220472440945
 20
1.0077998031496063
 30
0
 11
0.0639466535433071
 21
1.007675905511811
 31
0
  0
LINE
  5
12B
330
1A
100
AcDbEntity
  8
BLACK
  6
CONTINUOUS
100
AcDbLine
 10
0.0639466535433071
 20
1.007675905511811
 30
0
 11
0.06398
 21
1.0075542913385827
 31
0
  0
LINE
  5
12C
330
1A
100
AcDbEntity
  8
BLACK
  6
CONTINUOUS
100
AcDbLine
 10
0.06398
 20
1.0075542913385827
 30
0
 11
0.0639742519685039
 21
1.0075371653543306
 31
0
  0
LINE
  5
12D
330
1A
100
AcDbEntity
  8
BLACK
  6
CONTINUOUS
100
AcDbLine
 10
0.0639742519685039
 20
1.0075371653543306
 30
0
 11
0.063981968503937
 21
1.0074984645669292
 31
0
  0
LINE
  5
12E
330
1A
100
AcDbEntity
  8
BLACK
  6
CONTINUOUS
100
AcDbLine
 10
0.063981968503937
 20
1.0074984645669292
 30
0
 11
0.063981968503937
 21
1.0063736220472441
 31
0
  0
LINE
  5
12F
330
1A
100
AcDbEntity
  8
BLACK
  6
CONTINUOUS
100
AcDbLine
 10
0.063981968503937
 20
1.0063736220472441
 30
0
 11
0.0639742519685039
 21
1.0063349606299212
 31
0
  0
LINE
  5
130
330
1A
100
AcDbEntity
  8
BLACK
  6
CONTINUOUS
100
AcDbLine
 10
0.0639742519685039
 20
1.0063349606299212
 30
0
 11
0.06398
 21
1.0063177952755906
 31
0
  0
LINE
  5
131
330
1A
100
AcDbEntity
  8
BLACK
  6
CONTINUOUS
100
AcDbLine
 10
0.06398
 20
1.0063177952755906
 30
0
 11
0.0639466535433071
 21
1.0061962204724408
 31
0
  0
LINE
  5
132
330
1A
100
AcDbEntity
  8
BLACK
  6
CONTINUOUS
100
AcDbLine
 10
0.0639466535433071
 20
1.0061962204724408
 30
0
 11
0.0639220472440945
 21
1.006072283464567
 31
0
  0
LINE
  5
133
330
1A
100
AcDbEntity
  8
BLACK
  6
CONTINUOUS
100
AcDbLine
 10
0.0639220472440945
 20
1.006072283464567
 30
0
 11
0.0639092125984252
 21
1.0060594881889764
 31
0
  0
LINE
  5
134
330
1A
100
AcDbEntity
  8
BLACK
  6
CONTINUOUS
100
AcDbLine
 10
0.0639092125984252
 20
1.0060594881889764
 30
0
 11
0.0638988188976378
 21
1.0060214566929133
 31
0
  0
LINE
  5
135
330
1A
100
AcDbEntity
  8
BLACK
  6
CONTINUOUS
100
AcDbLine
 10
0.0638988188976378
 20
1.0060214566929133
 30
0
 11
0.0635238976377953
 21
1.0052715748031495
 31
0
  0
LINE
  5
136
330
1A
100
AcDbEntity
  8
BLACK
  6
CONTINUOUS
100
AcDbLine
 10
0.0635238976377953
 20
1.0052715748031495
 30
0
 11
0.0634463385826772
 21
1.0051716535433071
 31
0
  0
LINE
  5
137
330
1A
100
AcDbEntity
  8
BLACK
  6
CONTINUOUS
100
AcDbLine
 10
0.0634463385826772
 20
1.0051716535433071
 30
0
 11
0.0633763779527559
 21
1.0050669291338583
 31
0
  0
LINE
  5
138
330
1A
100
AcDbEntity
  8
BLACK
  6
CONTINUOUS
100
AcDbLine
 10
0.0633763779527559
 20
1.0050669291338583
 30
0
 11
0.0630014566929134
 21
1.0046920078740158
 31
0
  0
LINE
  5
139
330
1A
100
AcDbEntity
  8
BLACK
  6
CONTINUOUS
100
AcDbLine
 10
0.0630014566929134
 20
1.0046920078740158
 30
0
 11
0.0628964960629921
 21
1.0046218897637795
 31
0
  0
LINE
  5
13A
330
1A
100
AcDbEntity
  8
BLACK
  6
CONTINUOUS
100
AcDbLine
 10
0.0628964960629921
 20
1.0046218897637795
 30
0
 11
0.062796811023622
 21
1.0045444881889765
 31
0
  0
LINE
  5
13B
330
1A
100
AcDbEntity
  8
BLACK
  6
CONTINUOUS
100
AcDbLine
 10
0.062796811023622
 20
1.0045444881889765
 30
0
 11
0.0620468897637795
 21
1.0041695275590552
 31
0
  0
LINE
  5
13C
330
1A
100
AcDbEntity
  8
BLACK
  6
CONTINUOUS
100
AcDbLine
 10
0.0620468897637795
 20
1.0041695275590552
 30
0
 11
0.0620088582677165
 21
1.0041591338582676
 31
0
  0
LINE
  5
13D
330
1A
100
AcDbEntity
  8
BLACK
  6
CONTINUOUS
100
AcDbLine
 10
0.0620088582677165
 20
1.0041591338582676
 30
0
 11
0.0619961023622047
 21
1.0041463385826772
 31
0
  0
LINE
  5
13E
330
1A
100
AcDbEntity
  8
BLACK
  6
CONTINUOUS
100
AcDbLine
 10
0.0619961023622047
 20
1.0041463385826772
 30
0
 11
0.0618723228346457
 21
1.0041217322834646
 31
0
  0
LINE
  5
13F
330
1A
100
AcDbEntity
  8
BLACK
  6
CONTINUOUS
100
AcDbLine
 10
0.0618723228346457
 20
1.0041217322834646
 30
0
 11
0.0617505905511811
 21
1.0040883858267717
 31
0
  0
LINE
  5
140
330
1A
100
AcDbEntity
  8
BLACK
  6
CONTINUOUS
100
AcDbLine
 10
0.0617505905511811
 20
1.0040883858267717
 30
0
 11
0.0617334251968504
 21
1.0040941338582676
 31
0
  0
LINE
  5
141
330
1A
100
AcDbEntity
  8
BLACK
  6
CONTINUOUS
100
AcDbLine
 10
0.0617334251968504
 20
1.0040941338582676
 30
0
 11
0.0616947637795276
 21
1.0040864173228345
 31
0
  0
LINE
  5
142
330
1A
100
AcDbEntity
  8
BLACK
  6
CONTINUOUS
100
AcDbLine
 10
0.0616947637795276
 20
1.0040864173228345
 30
0
 11
0.0594825590551181
 21
1.0040864173228345
 31
0
  0
LINE
  5
143
330
1A
100
AcDbEntity
  8
BLACK
  6
CONTINUOUS
100
AcDbLine
 10
0.0594825590551181
 20
1.0040864173228345
 30
0
 11
0.0594825590551181
 21
1.0011242913385827
 31
0
  0
LINE
  5
144
330
1A
100
AcDbEntity
  8
BLACK
  6
CONTINUOUS
100
AcDbLine
 10
0.0594825590551181
 20
1.0011242913385827
 30
0
 11
0.0594226377952756
 21
1.0008229527559054
 31
0
  0
LINE
  5
145
330
1A
100
AcDbEntity
  8
BLACK
  6
CONTINUOUS
100
AcDbLine
 10
0.0594226377952756
 20
1.0008229527559054
 30
0
 11
0.0589964960629921
 21
1.0003968110236221
 31
0
  0
LINE
  5
146
330
1A
100
AcDbEntity
  8
BLACK
  6
CONTINUOUS
100
AcDbLine
 10
0.0589964960629921
 20
1.0003968110236221
 30
0
 11
0.0583938188976378
 21
1.0003968110236221
 31
0
  0
LINE
  5
147
330
1A
100
AcDbEntity
  8
BLACK
  6
CONTINUOUS
100
AcDbLine
 10
0.0583938188976378
 20
1.0003968110236221
 30
0
 11
0.0579676771653543
 21
1.0008229527559054
 31
0
  0
LINE
  5
148
330
1A
100
AcDbEntity
  8
BLACK
  6
CONTINUOUS
100
AcDbLine
 10
0.0579676771653543
 20
1.0008229527559054
 30
0
 11
0.0579077559055118
 21
1.0011242913385827
 31
0
  0
LINE
  5
149
330
1A
100
AcDbEntity
  8
BLACK
  6
CONTINUOUS
100
AcDbLine
 10
0.0579077559055118
 20
1.0011242913385827
 30
0
 11
0.0579077559055118
 21
1.0089983070866142
 31
0
  0
LINE
  5
14A
330
1A
100
AcDbEntity
  8
BLACK
  6
CONTINUOUS
100
AcDbLine
 10
0.0579077559055118
 20
1.0089983070866142
 30
0
 11
0.0579676771653543
 21
1.0092996456692913
 31
0
  0
LINE
  5
14B
330
1A
100
AcDbEntity
  8
BLACK
  6
CONTINUOUS
100
AcDbLine
 10
0.0579676771653543
 20
1.0092996456692913
 30
0
 11
0.0583938188976378
 21
1.0097257874015748
 31
0
  0
LINE
  5
14C
330
1A
100
AcDbEntity
  8
BLACK
  6
CONTINUOUS
100
AcDbLine
 10
0.0583938188976378
 20
1.0097257874015748
 30
0
 11
0.058695157480315
 21
1.0097857086614173
 31
0
  0
LINE
  5
14D
330
1A
100
AcDbEntity
  8
BLACK
  6
CONTINUOUS
100
AcDbLine
 10
0.058695157480315
 20
1.0097857086614173
 30
0
 11
0.0616947637795276
 21
1.0097857086614173
 31
0
  0
LINE
  5
14E
330
1A
100
AcDbEntity
  8
BLACK
  6
CONTINUOUS
100
AcDbLine
 10
0.0616947637795276
 20
1.0097857086614173
 30
0
 11
0.0617334251968504
 21
1.0097780314960629
 31
0
  0
LINE
  5
14F
330
1A
100
AcDbEntity
  8
BLACK
  6
CONTINUOUS
100
AcDbLine
 10
0.0594825590551181
 20
1.0056612204724409
 30
0
 11
0.0615088582677165
 21
1.0056612204724409
 31
0
  0
LINE
  5
150
330
1A
100
AcDbEntity
  8
BLACK
  6
CONTINUOUS
100
AcDbLine
 10
0.0615088582677165
 20
1.0056612204724409
 30
0
 11
0.0619782677165354
 21
1.0058959448818898
 31
0
  0
LINE
  5
151
330
1A
100
AcDbEntity
  8
BLACK
  6
CONTINUOUS
100
AcDbLine
 10
0.0619782677165354
 20
1.0058959448818898
 30
0
 11
0.0621724409448819
 21
1.0060900787401574
 31
0
  0
LINE
  5
152
330
1A
100
AcDbEntity
  8
BLACK
  6
CONTINUOUS
100
AcDbLine
 10
0.0621724409448819
 20
1.0060900787401574
 30
0
 11
0.0624071653543307
 21
1.0065595275590551
 31
0
  0
LINE
  5
153
330
1A
100
AcDbEntity
  8
BLACK
  6
CONTINUOUS
100
AcDbLine
 10
0.0624071653543307
 20
1.0065595275590551
 30
0
 11
0.0624071653543307
 21
1.0073125590551182
 31
0
  0
LINE
  5
154
330
1A
100
AcDbEntity
  8
BLACK
  6
CONTINUOUS
100
AcDbLine
 10
0.0624071653543307
 20
1.0073125590551182
 30
0
 11
0.0621724015748032
 21
1.0077820472440944
 31
0
  0
LINE
  5
155
330
1A
100
AcDbEntity
  8
BLACK
  6
CONTINUOUS
100
AcDbLine
 10
0.0621724015748032
 20
1.0077820472440944
 30
0
 11
0.0619782283464567
 21
1.0079762598425197
 31
0
  0
LINE
  5
156
330
1A
100
AcDbEntity
  8
BLACK
  6
CONTINUOUS
100
AcDbLine
 10
0.0619782283464567
 20
1.0079762598425197
 30
0
 11
0.0615088582677165
 21
1.0082109055118109
 31
0
  0
LINE
  5
157
330
1A
100
AcDbEntity
  8
BLACK
  6
CONTINUOUS
100
AcDbLine
 10
0.0615088582677165
 20
1.0082109055118109
 30
0
 11
0.0594825590551181
 21
1.0082109055118109
 31
0
  0
LINE
  5
158
330
1A
100
AcDbEntity
  8
BLACK
  6
CONTINUOUS
100
AcDbLine
 10
0.0594825590551181
 20
1.0082109055118109
 30
0
 11
0.0594825590551181
 21
1.0056612204724409
 31
0
  0
LINE
  5
159
330
1A
100
AcDbEntity
  8
BLACK
  6
CONTINUOUS
100
AcDbLine
 10
0.086743031496063
 20
1.0097257874015748
 30
0
 11
0.0871691732283465
 21
1.0092996456692913
 31
0
  0
LINE
  5
15A
330
1A
100
AcDbEntity
  8
BLACK
  6
CONTINUOUS
100
AcDbLine
 10
0.0871691732283465
 20
1.0092996456692913
 30
0
 11
0.0871691732283465
 21
1.0086969685039371
 31
0
  0
LINE
  5
15B
330
1A
100
AcDbEntity
  8
BLACK
  6
CONTINUOUS
100
AcDbLine
 10
0.0871691732283465
 20
1.0086969685039371
 30
0
 11
0.086743031496063
 21
1.0082708267716536
 31
0
  0
LINE
  5
15C
330
1A
100
AcDbEntity
  8
BLACK
  6
CONTINUOUS
100
AcDbLine
 10
0.086743031496063
 20
1.0082708267716536
 30
0
 11
0.0864416929133858
 21
1.0082109055118109
 31
0
  0
LINE
  5
15D
330
1A
100
AcDbEntity
  8
BLACK
  6
CONTINUOUS
100
AcDbLine
 10
0.0864416929133858
 20
1.0082109055118109
 30
0
 11
0.0849793700787402
 21
1.0082109055118109
 31
0
  0
LINE
  5
15E
330
1A
100
AcDbEntity
  8
BLACK
  6
CONTINUOUS
100
AcDbLine
 10
0.0849793700787402
 20
1.0082109055118109
 30
0
 11
0.0849793700787402
 21
1.0011242913385827
 31
0
  0
LINE
  5
15F
330
1A
100
AcDbEntity
  8
BLACK
  6
CONTINUOUS
100
AcDbLine
 10
0.0849793700787402
 20
1.0011242913385827
 30
0
 11
0.0849194488188976
 21
1.0008229527559054
 31
0
  0
LINE
  5
160
330
1A
100
AcDbEntity
  8
BLACK
  6
CONTINUOUS
100
AcDbLine
 10
0.0849194488188976
 20
1.0008229527559054
 30
0
 11
0.0844933070866142
 21
1.0003968110236221
 31
0
  0
LINE
  5
161
330
1A
100
AcDbEntity
  8
BLACK
  6
CONTINUOUS
100
AcDbLine
 10
0.0844933070866142
 20
1.0003968110236221
 30
0
 11
0.0838906299212598
 21
1.0003968110236221
 31
0
  0
LINE
  5
162
330
1A
100
AcDbEntity
  8
BLACK
  6
CONTINUOUS
100
AcDbLine
 10
0.0838906299212598
 20
1.0003968110236221
 30
0
 11
0.0834644881889764
 21
1.0008229527559054
 31
0
  0
LINE
  5
163
330
1A
100
AcDbEntity
  8
BLACK
  6
CONTINUOUS
100
AcDbLine
 10
0.0834644881889764
 20
1.0008229527559054
 30
0
 11
0.0834045669291339
 21
1.0011242913385827
 31
0
  0
LINE
  5
164
330
1A
100
AcDbEntity
  8
BLACK
  6
CONTINUOUS
100
AcDbLine
 10
0.0834045669291339
 20
1.0011242913385827
 30
0
 11
0.0834045669291339
 21
1.0082109055118109
 31
0
  0
LINE
  5
165
330
1A
100
AcDbEntity
  8
BLACK
  6
CONTINUOUS
100
AcDbLine
 10
0.0834045669291339
 20
1.0082109055118109
 30
0
 11
0.0819422440944882
 21
1.0082109055118109
 31
0
  0
LINE
  5
166
330
1A
100
AcDbEntity
  8
BLACK
  6
CONTINUOUS
100
AcDbLine
 10
0.0819422440944882
 20
1.0082109055118109
 30
0
 11
0.081640905511811
 21
1.0082708267716536
 31
0
  0
LINE
  5
167
330
1A
100
AcDbEntity
  8
BLACK
  6
CONTINUOUS
100
AcDbLine
 10
0.081640905511811
 20
1.0082708267716536
 30
0
 11
0.0812147637795276
 21
1.0086969685039371
 31
0
  0
LINE
  5
168
330
1A
100
AcDbEntity
  8
BLACK
  6
CONTINUOUS
100
AcDbLine
 10
0.0812147637795276
 20
1.0086969685039371
 30
0
 11
0.0812147637795276
 21
1.0092996456692913
 31
0
  0
LINE
  5
169
330
1A
100
AcDbEntity
  8
BLACK
  6
CONTINUOUS
100
AcDbLine
 10
0.0812147637795276
 20
1.0092996456692913
 30
0
 11
0.081640905511811
 21
1.0097257874015748
 31
0
  0
LINE
  5
16A
330
1A
100
AcDbEntity
  8
BLACK
  6
CONTINUOUS
100
AcDbLine
 10
0.081640905511811
 20
1.0097257874015748
 30
0
 11
0.0819422440944882
 21
1.0097857086614173
 31
0
  0
LINE
  5
16B
330
1A
100
AcDbEntity
  8
BLACK
  6
CONTINUOUS
100
AcDbLine
 10
0.0819422440944882
 20
1.0097857086614173
 30
0
 11
0.0864416929133858
 21
1.0097857086614173
 31
0
  0
LINE
  5
16C
330
1A
100
AcDbEntity
  8
BLACK
  6
CONTINUOUS
100
AcDbLine
 10
0.0864416929133858
 20
1.0097857086614173
 30
0
 11
0.086743031496063
 21
1.0097257874015748
 31
0
  0
LINE
  5
16D
330
1A
100
AcDbEntity
  8
BLACK
  6
CONTINUOUS
100
AcDbLine
 10
0.0703573228346457
 20
1.0229013779527558
 30
0
 11
0.0703744881889764
 21
1.0229070866141732
 31
0
  0
LINE
  5
16E
330
1A
100
AcDbEntity
  8
BLACK
  6
CONTINUOUS
100
AcDbLine
 10
0.0703744881889764
 20
1.0229070866141732
 30
0
 11
0.0704962204724409
 21
1.0228737795275591
 31
0
  0
LINE
  5
16F
330
1A
100
AcDbEntity
  8
BLACK
  6
CONTINUOUS
100
AcDbLine
 10
0.0704962204724409
 20
1.0228737795275591
 30
0
 11
0.07062
 21
1.0228491338582677
 31
0
  0
LINE
  5
170
330
1A
100
AcDbEntity
  8
BLACK
  6
CONTINUOUS
100
AcDbLine
 10
0.07062
 20
1.0228491338582677
 30
0
 11
0.0706327559055118
 21
1.0228363779527558
 31
0
  0
LINE
  5
171
330
1A
100
AcDbEntity
  8
BLACK
  6
CONTINUOUS
100
AcDbLine
 10
0.0706327559055118
 20
1.0228363779527558
 30
0
 11
0.0706707874015748
 21
1.0228259448818897
 31
0
  0
LINE
  5
172
330
1A
100
AcDbEntity
  8
BLACK
  6
CONTINUOUS
100
AcDbLine
 10
0.0706707874015748
 20
1.0228259448818897
 30
0
 11
0.0714207086614173
 21
1.0224509842519685
 31
0
  0
LINE
  5
173
330
1A
100
AcDbEntity
  8
BLACK
  6
CONTINUOUS
100
AcDbLine
 10
0.0714207086614173
 20
1.0224509842519685
 30
0
 11
0.0715203937007874
 21
1.0223736220472441
 31
0
  0
LINE
  5
174
330
1A
100
AcDbEntity
  8
BLACK
  6
CONTINUOUS
100
AcDbLine
 10
0.0715203937007874
 20
1.0223736220472441
 30
0
 11
0.0716253543307087
 21
1.0223034645669291
 31
0
  0
LINE
  5
175
330
1A
100
AcDbEntity
  8
BLACK
  6
CONTINUOUS
100
AcDbLine
 10
0.0716253543307087
 20
1.0223034645669291
 30
0
 11
0.0720003149606299
 21
1.0219285039370078
 31
0
  0
LINE
  5
176
330
1A
100
AcDbEntity
  8
BLACK
  6
CONTINUOUS
100
AcDbLine
 10
0.0720003149606299
 20
1.0219285039370078
 30
0
 11
0.0720703937007874
 21
1.0218236614173228
 31
0
  0
LINE
  5
177
330
1A
100
AcDbEntity
  8
BLACK
  6
CONTINUOUS
100
AcDbLine
 10
0.0720703937007874
 20
1.0218236614173228
 30
0
 11
0.0721477952755906
 21
1.0217238976377951
 31
0
  0
LINE
  5
178
330
1A
100
AcDbEntity
  8
BLACK
  6
CONTINUOUS
100
AcDbLine
 10
0.0721477952755906
 20
1.0217238976377951
 30
0
 11
0.0725227559055118
 21
1.0209740157480314
 31
0
  0
LINE
  5
179
330
1A
100
AcDbEntity
  8
BLACK
  6
CONTINUOUS
100
AcDbLine
 10
0.0725227559055118
 20
1.0209740157480314
 30
0
 11
0.0725331496062992
 21
1.0209360236220473
 31
0
  0
LINE
  5
17A
330
1A
100
AcDbEntity
  8
BLACK
  6
CONTINUOUS
100
AcDbLine
 10
0.0725331496062992
 20
1.0209360236220473
 30
0
 11
0.0725459842519685
 21
1.0209231889763779
 31
0
  0
LINE
  5
17B
330
1A
100
AcDbEntity
  8
BLACK
  6
CONTINUOUS
100
AcDbLine
 10
0.0725459842519685
 20
1.0209231889763779
 30
0
 11
0.0725705905511811
 21
1.0207992913385826
 31
0
  0
LINE
  5
17C
330
1A
100
AcDbEntity
  8
BLACK
  6
CONTINUOUS
100
AcDbLine
 10
0.0725705905511811
 20
1.0207992913385826
 30
0
 11
0.072603937007874
 21
1.0206776771653543
 31
0
  0
LINE
  5
17D
330
1A
100
AcDbEntity
  8
BLACK
  6
CONTINUOUS
100
AcDbLine
 10
0.072603937007874
 20
1.0206776771653543
 30
0
 11
0.0725981889763779
 21
1.0206605511811024
 31
0
  0
LINE
  5
17E
330
1A
100
AcDbEntity
  8
BLACK
  6
CONTINUOUS
100
AcDbLine
 10
0.0725981889763779
 20
1.0206605511811024
 30
0
 11
0.072605905511811
 21
1.0206218503937008
 31
0
  0
LINE
  5
17F
330
1A
100
AcDbEntity
  8
BLACK
  6
CONTINUOUS
100
AcDbLine
 10
0.072605905511811
 20
1.0206218503937008
 30
0
 11
0.072605905511811
 21
1.018372125984252
 31
0
  0
LINE
  5
180
330
1A
100
AcDbEntity
  8
BLACK
  6
CONTINUOUS
100
AcDbLine
 10
0.072605905511811
 20
1.018372125984252
 30
0
 11
0.0725981889763779
 21
1.0183334645669291
 31
0
  0
LINE
  5
181
330
1A
100
AcDbEntity
  8
BLACK
  6
CONTINUOUS
100
AcDbLine
 10
0.0725981889763779
 20
1.0183334645669291
 30
0
 11
0.072603937007874
 21
1.0183162992125985
 31
0
  0
LINE
  5
182
330
1A
100
AcDbEntity
  8
BLACK
  6
CONTINUOUS
100
AcDbLine
 10
0.072603937007874
 20
1.0183162992125985
 30
0
 11
0.0725705905511811
 21
1.0181947244094487
 31
0
  0
LINE
  5
183
330
1A
100
AcDbEntity
  8
BLACK
  6
CONTINUOUS
100
AcDbLine
 10
0.0725705905511811
 20
1.0181947244094487
 30
0
 11
0.0725459842519685
 21
1.0180707874015749
 31
0
  0
LINE
  5
184
330
1A
100
AcDbEntity
  8
BLACK
  6
CONTINUOUS
100
AcDbLine
 10
0.0725459842519685
 20
1.0180707874015749
 30
0
 11
0.0725331496062992
 21
1.0180579921259842
 31
0
  0
LINE
  5
185
330
1A
100
AcDbEntity
  8
BLACK
  6
CONTINUOUS
100
AcDbLine
 10
0.0725331496062992
 20
1.0180579921259842
 30
0
 11
0.0725227559055118
 21
1.0180199606299212
 31
0
  0
LINE
  5
186
330
1A
100
AcDbEntity
  8
BLACK
  6
CONTINUOUS
100
AcDbLine
 10
0.0725227559055118
 20
1.0180199606299212
 30
0
 11
0.0721478346456693
 21
1.0172700787401574
 31
0
  0
LINE
  5
187
330
1A
100
AcDbEntity
  8
BLACK
  6
CONTINUOUS
100
AcDbLine
 10
0.0721478346456693
 20
1.0172700787401574
 30
0
 11
0.0720703543307087
 21
1.0171702755905512
 31
0
  0
LINE
  5
188
330
1A
100
AcDbEntity
  8
BLACK
  6
CONTINUOUS
100
AcDbLine
 10
0.0720703543307087
 20
1.0171702755905512
 30
0
 11
0.0720003149606299
 21
1.0170654330708662
 31
0
  0
LINE
  5
189
330
1A
100
AcDbEntity
  8
BLACK
  6
CONTINUOUS
100
AcDbLine
 10
0.0720003149606299
 20
1.0170654330708662
 30
0
 11
0.0716253543307087
 21
1.0166904724409449
 31
0
  0
LINE
  5
18A
330
1A
100
AcDbEntity
  8
BLACK
  6
CONTINUOUS
100
AcDbLine
 10
0.0716253543307087
 20
1.0166904724409449
 30
0
 11
0.0715205511811024
 21
1.0166204724409449
 31
0
  0
LINE
  5
18B
330
1A
100
AcDbEntity
  8
BLACK
  6
CONTINUOUS
100
AcDbLine
 10
0.0715205511811024
 20
1.0166204724409449
 30
0
 11
0.0714207086614173
 21
1.0165429527559056
 31
0
  0
LINE
  5
18C
330
1A
100
AcDbEntity
  8
BLACK
  6
CONTINUOUS
100
AcDbLine
 10
0.0714207086614173
 20
1.0165429527559056
 30
0
 11
0.0706707874015748
 21
1.0161680314960631
 31
0
  0
LINE
  5
18D
330
1A
100
AcDbEntity
  8
BLACK
  6
CONTINUOUS
100
AcDbLine
 10
0.0706707874015748
 20
1.0161680314960631
 30
0
 11
0.0706327559055118
 21
1.0161576377952755
 31
0
  0
LINE
  5
18E
330
1A
100
AcDbEntity
  8
BLACK
  6
CONTINUOUS
100
AcDbLine
 10
0.0706327559055118
 20
1.0161576377952755
 30
0
 11
0.07062
 21
1.0161448425196851
 31
0
  0
LINE
  5
18F
330
1A
100
AcDbEntity
  8
BLACK
  6
CONTINUOUS
100
AcDbLine
 10
0.07062
 20
1.0161448425196851
 30
0
 11
0.0704961417322835
 21
1.0161202362204724
 31
0
  0
LINE
  5
190
330
1A
100
AcDbEntity
  8
BLACK
  6
CONTINUOUS
100
AcDbLine
 10
0.0704961417322835
 20
1.0161202362204724
 30
0
 11
0.0703744488188976
 21
1.0160868897637796
 31
0
  0
LINE
  5
191
330
1A
100
AcDbEntity
  8
BLACK
  6
CONTINUOUS
100
AcDbLine
 10
0.0703744488188976
 20
1.0160868897637796
 30
0
 11
0.0703572834645669
 21
1.0160926377952755
 31
0
  0
LINE
  5
192
330
1A
100
AcDbEntity
  8
BLACK
  6
CONTINUOUS
100
AcDbLine
 10
0.0703572834645669
 20
1.0160926377952755
 30
0
 11
0.0703186614173228
 21
1.0160849212598424
 31
0
  0
LINE
  5
193
330
1A
100
AcDbEntity
  8
BLACK
  6
CONTINUOUS
100
AcDbLine
 10
0.0703186614173228
 20
1.0160849212598424
 30
0
 11
0.0688563779527559
 21
1.0160849212598424
 31
0
  0
LINE
  5
194
330
1A
100
AcDbEntity
  8
BLACK
  6
CONTINUOUS
100
AcDbLine
 10
0.0688563779527559
 20
1.0160849212598424
 30
0
 11
0.0688563779527559
 21
1.0142476377952756
 31
0
  0
LINE
  5
195
330
1A
100
AcDbEntity
  8
BLACK
  6
CONTINUOUS
100
AcDbLine
 10
0.0688563779527559
 20
1.0142476377952756
 30
0
 11
0.0687964566929134
 21
1.0139462992125985
 31
0
  0
LINE
  5
196
330
1A
100
AcDbEntity
  8
BLACK
  6
CONTINUOUS
100
AcDbLine
 10
0.0687964566929134
 20
1.0139462992125985
 30
0
 11
0.0683703149606299
 21
1.013520157480315
 31
0
  0
LINE
  5
197
330
1A
100
AcDbEntity
  8
BLACK
  6
CONTINUOUS
100
AcDbLine
 10
0.0683703149606299
 20
1.013520157480315
 30
0
 11
0.0677676377952756
 21
1.013520157480315
 31
0
  0
LINE
  5
198
330
1A
100
AcDbEntity
  8
BLACK
  6
CONTINUOUS
100
AcDbLine
 10
0.0677676377952756
 20
1.013520157480315
 30
0
 11
0.0673414960629921
 21
1.0139462992125985
 31
0
  0
LINE
  5
199
330
1A
100
AcDbEntity
  8
BLACK
  6
CONTINUOUS
100
AcDbLine
 10
0.0673414960629921
 20
1.0139462992125985
 30
0
 11
0.0672815748031496
 21
1.0142476377952756
 31
0
  0
LINE
  5
19A
330
1A
100
AcDbEntity
  8
BLACK
  6
CONTINUOUS
100
AcDbLine
 10
0.0672815748031496
 20
1.0142476377952756
 30
0
 11
0.0672815748031496
 21
1.0221216535433071
 31
0
  0
LINE
  5
19B
330
1A
100
AcDbEntity
  8
BLACK
  6
CONTINUOUS
100
AcDbLine
 10
0.0672815748031496
 20
1.0221216535433071
 30
0
 11
0.0673414960629921
 21
1.0224229921259842
 31
0
  0
LINE
  5
19C
330
1A
100
AcDbEntity
  8
BLACK
  6
CONTINUOUS
100
AcDbLine
 10
0.0673414960629921
 20
1.0224229921259842
 30
0
 11
0.0677676377952756
 21
1.0228491338582677
 31
0
  0
LINE
  5
19D
330
1A
100
AcDbEntity
  8
BLACK
  6
CONTINUOUS
100
AcDbLine
 10
0.0677676377952756
 20
1.0228491338582677
 30
0
 11
0.0683703149606299
 21
1.0228491338582677
 31
0
  0
LINE
  5
19E
330
1A
100
AcDbEntity
  8
BLACK
  6
CONTINUOUS
100
AcDbLine
 10
0.0683703149606299
 20
1.0228491338582677
 30
0
 11
0.0684179133858268
 21
1.0228015354330708
 31
0
  0
LINE
  5
19F
330
1A
100
AcDbEntity
  8
BLACK
  6
CONTINUOUS
100
AcDbLine
 10
0.0684179133858268
 20
1.0228015354330708
 30
0
 11
0.0684666929133858
 21
1.022825905511811
 31
0
  0
LINE
  5
1A0
330
1A
100
AcDbEntity
  8
BLACK
  6
CONTINUOUS
100
AcDbLine
 10
0.0684666929133858
 20
1.022825905511811
 30
0
 11
0.0685046850393701
 21
1.0228363385826771
 31
0
  0
LINE
  5
1A1
330
1A
100
AcDbEntity
  8
BLACK
  6
CONTINUOUS
100
AcDbLine
 10
0.0685046850393701
 20
1.0228363385826771
 30
0
 11
0.0685175196850394
 21
1.0228491338582677
 31
0
  0
LINE
  5
1A2
330
1A
100
AcDbEntity
  8
BLACK
  6
CONTINUOUS
100
AcDbLine
 10
0.0685175196850394
 20
1.0228491338582677
 30
0
 11
0.0686414173228346
 21
1.0228737795275591
 31
0
  0
LINE
  5
1A3
330
1A
100
AcDbEntity
  8
BLACK
  6
CONTINUOUS
100
AcDbLine
 10
0.0686414173228346
 20
1.0228737795275591
 30
0
 11
0.068763031496063
 21
1.0229070866141732
 31
0
  0
LINE
  5
1A4
330
1A
100
AcDbEntity
  8
BLACK
  6
CONTINUOUS
100
AcDbLine
 10
0.068763031496063
 20
1.0229070866141732
 30
0
 11
0.068780157480315
 21
1.0229013779527558
 31
0
  0
LINE
  5
1A5
330
1A
100
AcDbEntity
  8
BLACK
  6
CONTINUOUS
100
AcDbLine
 10
0.068780157480315
 20
1.0229013779527558
 30
0
 11
0.0688188582677165
 21
1.0229090551181101
 31
0
  0
LINE
  5
1A6
330
1A
100
AcDbEntity
  8
BLACK
  6
CONTINUOUS
100
AcDbLine
 10
0.0688188582677165
 20
1.0229090551181101
 30
0
 11
0.0703186614173228
 21
1.0229090551181101
 31
0
  0
LINE
  5
1A7
330
1A
100
AcDbEntity
  8
BLACK
  6
CONTINUOUS
100
AcDbLine
 10
0.0703186614173228
 20
1.0229090551181101
 30
0
 11
0.0703573228346457
 21
1.0229013779527558
 31
0
  0
LINE
  5
1A8
330
1A
100
AcDbEntity
  8
BLACK
  6
CONTINUOUS
100
AcDbLine
 10
0.0688563779527559
 20
1.0212600787401576
 30
0
 11
0.0688563779527559
 21
1.017733937007874
 31
0
  0
LINE
  5
1A9
330
1A
100
AcDbEntity
  8
BLACK
  6
CONTINUOUS
100
AcDbLine
 10
0.0688563779527559
 20
1.017733937007874
 30
0
 11
0.0690047637795276
 21
1.0176597244094487
 31
0
  0
LINE
  5
1AA
330
1A
100
AcDbEntity
  8
BLACK
  6
CONTINUOUS
100
AcDbLine
 10
0.0690047637795276
 20
1.0176597244094487
 30
0
 11
0.0701327952755905
 21
1.0176597244094487
 31
0
  0
LINE
  5
1AB
330
1A
100
AcDbEntity
  8
BLACK
  6
CONTINUOUS
100
AcDbLine
 10
0.0701327952755905
 20
1.0176597244094487
 30
0
 11
0.0706021653543307
 21
1.0178944094488189
 31
0
  0
LINE
  5
1AC
330
1A
100
AcDbEntity
  8
BLACK
  6
CONTINUOUS
100
AcDbLine
 10
0.0706021653543307
 20
1.0178944094488189
 30
0
 11
0.0707963779527559
 21
1.0180885826771653
 31
0
  0
LINE
  5
1AD
330
1A
100
AcDbEntity
  8
BLACK
  6
CONTINUOUS
100
AcDbLine
 10
0.0707963779527559
 20
1.0180885826771653
 30
0
 11
0.0710311023622047
 21
1.0185580314960629
 31
0
  0
LINE
  5
1AE
330
1A
100
AcDbEntity
  8
BLACK
  6
CONTINUOUS
100
AcDbLine
 10
0.0710311023622047
 20
1.0185580314960629
 30
0
 11
0.0710311023622047
 21
1.0204359448818898
 31
0
  0
LINE
  5
1AF
330
1A
100
AcDbEntity
  8
BLACK
  6
CONTINUOUS
100
AcDbLine
 10
0.0710311023622047
 20
1.0204359448818898
 30
0
 11
0.0707964173228346
 21
1.02090531496063
 31
0
  0
LINE
  5
1B0
330
1A
100
AcDbEntity
  8
BLACK
  6
CONTINUOUS
100
AcDbLine
 10
0.0707964173228346
 20
1.02090531496063
 30
0
 11
0.0706021653543307
 21
1.0210995669291338
 31
0
  0
LINE
  5
1B1
330
1A
100
AcDbEntity
  8
BLACK
  6
CONTINUOUS
100
AcDbLine
 10
0.0706021653543307
 20
1.0210995669291338
 30
0
 11
0.0701327559055118
 21
1.0213342519685038
 31
0
  0
LINE
  5
1B2
330
1A
100
AcDbEntity
  8
BLACK
  6
CONTINUOUS
100
AcDbLine
 10
0.0701327559055118
 20
1.0213342519685038
 30
0
 11
0.0690047637795276
 21
1.0213342519685038
 31
0
  0
LINE
  5
1B3
330
1A
100
AcDbEntity
  8
BLACK
  6
CONTINUOUS
100
AcDbLine
 10
0.0690047637795276
 20
1.0213342519685038
 30
0
 11
0.0688563779527559
 21
1.0212600787401576
 31
0
  0
LINE
  5
1B4
330
1A
100
AcDbEntity
  8
BLACK
  6
CONTINUOUS
100
AcDbLine
 10
0.0774814173228346
 20
1.0229013779527558
 30
0
 11
0.0774985826771653
 21
1.0229070866141732
 31
0
  0
LINE
  5
1B5
330
1A
100
AcDbEntity
  8
BLACK
  6
CONTINUOUS
100
AcDbLine
 10
0.0774985826771653
 20
1.0229070866141732
 30
0
 11
0.0776203149606299
 21
1.0228737795275591
 31
0
  0
LINE
  5
1B6
330
1A
100
AcDbEntity
  8
BLACK
  6
CONTINUOUS
100
AcDbLine
 10
0.0776203149606299
 20
1.0228737795275591
 30
0
 11
0.077744094488189
 21
1.0228491338582677
 31
0
  0
LINE
  5
1B7
330
1A
100
AcDbEntity
  8
BLACK
  6
CONTINUOUS
100
AcDbLine
 10
0.077744094488189
 20
1.0228491338582677
 30
0
 11
0.0777568503937008
 21
1.0228363779527558
 31
0
  0
LINE
  5
1B8
330
1A
100
AcDbEntity
  8
BLACK
  6
CONTINUOUS
100
AcDbLine
 10
0.0777568503937008
 20
1.0228363779527558
 30
0
 11
0.0777948818897638
 21
1.0228259448818897
 31
0
  0
LINE
  5
1B9
330
1A
100
AcDbEntity
  8
BLACK
  6
CONTINUOUS
100
AcDbLine
 10
0.0777948818897638
 20
1.0228259448818897
 30
0
 11
0.0785448031496063
 21
1.0224509842519685
 31
0
  0
LINE
  5
1BA
330
1A
100
AcDbEntity
  8
BLACK
  6
CONTINUOUS
100
AcDbLine
 10
0.0785448031496063
 20
1.0224509842519685
 30
0
 11
0.0786444881889764
 21
1.0223736220472441
 31
0
  0
LINE
  5
1BB
330
1A
100
AcDbEntity
  8
BLACK
  6
CONTINUOUS
100
AcDbLine
 10
0.0786444881889764
 20
1.0223736220472441
 30
0
 11
0.0787494488188976
 21
1.0223034645669291
 31
0
  0
LINE
  5
1BC
330
1A
100
AcDbEntity
  8
BLACK
  6
CONTINUOUS
100
AcDbLine
 10
0.0787494488188976
 20
1.0223034645669291
 30
0
 11
0.0791244094488189
 21
1.0219285039370078
 31
0
  0
LINE
  5
1BD
330
1A
100
AcDbEntity
  8
BLACK
  6
CONTINUOUS
100
AcDbLine
 10
0.0791244094488189
 20
1.0219285039370078
 30
0
 11
0.0791944881889764
 21
1.0218236614173228
 31
0
  0
LINE
  5
1BE
330
1A
100
AcDbEntity
  8
BLACK
  6
CONTINUOUS
100
AcDbLine
 10
0.0791944881889764
 20
1.0218236614173228
 30
0
 11
0.0792718897637795
 21
1.0217238976377951
 31
0
  0
LINE
  5
1BF
330
1A
100
AcDbEntity
  8
BLACK
  6
CONTINUOUS
100
AcDbLine
 10
0.0792718897637795
 20
1.0217238976377951
 30
0
 11
0.0796468503937008
 21
1.0209740157480314
 31
0
  0
LINE
  5
1C0
330
1A
100
AcDbEntity
  8
BLACK
  6
CONTINUOUS
100
AcDbLine
 10
0.0796468503937008
 20
1.0209740157480314
 30
0
 11
0.0796572440944882
 21
1.0209360236220473
 31
0
  0
LINE
  5
1C1
330
1A
100
AcDbEntity
  8
BLACK
  6
CONTINUOUS
100
AcDbLine
 10
0.0796572440944882
 20
1.0209360236220473
 30
0
 11
0.0796700787401575
 21
1.0209231889763779
 31
0
  0
LINE
  5
1C2
330
1A
100
AcDbEntity
  8
BLACK
  6
CONTINUOUS
100
AcDbLine
 10
0.0796700787401575
 20
1.0209231889763779
 30
0
 11
0.0796946850393701
 21
1.0207992913385826
 31
0
  0
LINE
  5
1C3
330
1A
100
AcDbEntity
  8
BLACK
  6
CONTINUOUS
100
AcDbLine
 10
0.0796946850393701
 20
1.0207992913385826
 30
0
 11
0.079728031496063
 21
1.0206776771653543
 31
0
  0
LINE
  5
1C4
330
1A
100
AcDbEntity
  8
BLACK
  6
CONTINUOUS
100
AcDbLine
 10
0.079728031496063
 20
1.0206776771653543
 30
0
 11
0.0797222834645669
 21
1.0206605511811024
 31
0
  0
LINE
  5
1C5
330
1A
100
AcDbEntity
  8
BLACK
  6
CONTINUOUS
100
AcDbLine
 10
0.0797222834645669
 20
1.0206605511811024
 30
0
 11
0.07973
 21
1.0206218503937008
 31
0
  0
LINE
  5
1C6
330
1A
100
AcDbEntity
  8
BLACK
  6
CONTINUOUS
100
AcDbLine
 10
0.07973
 20
1.0206218503937008
 30
0
 11
0.07973
 21
1.018372125984252
 31
0
  0
LINE
  5
1C7
330
1A
100
AcDbEntity
  8
BLACK
  6
CONTINUOUS
100
AcDbLine
 10
0.07973
 20
1.018372125984252
 30
0
 11
0.0797222834645669
 21
1.0183334645669291
 31
0
  0
LINE
  5
1C8
330
1A
100
AcDbEntity
  8
BLACK
  6
CONTINUOUS
100
AcDbLine
 10
0.0797222834645669
 20
1.0183334645669291
 30
0
 11
0.079728031496063
 21
1.0183162992125985
 31
0
  0
LINE
  5
1C9
330
1A
100
AcDbEntity
  8
BLACK
  6
CONTINUOUS
100
AcDbLine
 10
0.079728031496063
 20
1.0183162992125985
 30
0
 11
0.0796946850393701
 21
1.0181947244094487
 31
0
  0
LINE
  5
1CA
330
1A
100
AcDbEntity
  8
BLACK
  6
CONTINUOUS
100
AcDbLine
 10
0.0796946850393701
 20
1.0181947244094487
 30
0
 11
0.0796700787401575
 21
1.0180707874015749
 31
0
  0
LINE
  5
1CB
330
1A
100
AcDbEntity
  8
BLACK
  6
CONTINUOUS
100
AcDbLine
 10
0.0796700787401575
 20
1.0180707874015749
 30
0
 11
0.0796572440944882
 21
1.0180579921259842
 31
0
  0
LINE
  5
1CC
330
1A
100
AcDbEntity
  8
BLACK
  6
CONTINUOUS
100
AcDbLine
 10
0.0796572440944882
 20
1.0180579921259842
 30
0
 11
0.0796468503937008
 21
1.0180199606299212
 31
0
  0
LINE
  5
1CD
330
1A
100
AcDbEntity
  8
BLACK
  6
CONTINUOUS
100
AcDbLine
 10
0.0796468503937008
 20
1.0180199606299212
 30
0
 11
0.0792719291338583
 21
1.0172700787401574
 31
0
  0
LINE
  5
1CE
330
1A
100
AcDbEntity
  8
BLACK
  6
CONTINUOUS
100
AcDbLine
 10
0.0792719291338583
 20
1.0172700787401574
 30
0
 11
0.0791944488188976
 21
1.0171702755905512
 31
0
  0
LINE
  5
1CF
330
1A
100
AcDbEntity
  8
BLACK
  6
CONTINUOUS
100
AcDbLine
 10
0.0791944488188976
 20
1.0171702755905512
 30
0
 11
0.0791244094488189
 21
1.0170654330708662
 31
0
  0
LINE
  5
1D0
330
1A
100
AcDbEntity
  8
BLACK
  6
CONTINUOUS
100
AcDbLine
 10
0.0791244094488189
 20
1.0170654330708662
 30
0
 11
0.0787494488188976
 21
1.0166904724409449
 31
0
  0
LINE
  5
1D1
330
1A
100
AcDbEntity
  8
BLACK
  6
CONTINUOUS
100
AcDbLine
 10
0.0787494488188976
 20
1.0166904724409449
 30
0
 11
0.0786446456692913
 21
1.0166204724409449
 31
0
  0
LINE
  5
1D2
330
1A
100
AcDbEntity
  8
BLACK
  6
CONTINUOUS
100
AcDbLine
 10
0.0786446456692913
 20
1.0166204724409449
 30
0
 11
0.0785448031496063
 21
1.0165429527559056
 31
0
  0
LINE
  5
1D3
330
1A
100
AcDbEntity
  8
BLACK
  6
CONTINUOUS
100
AcDbLine
 10
0.0785448031496063
 20
1.0165429527559056
 30
0
 11
0.0777948818897638
 21
1.0161680314960631
 31
0
  0
LINE
  5
1D4
330
1A
100
AcDbEntity
  8
BLACK
  6
CONTINUOUS
100
AcDbLine
 10
0.0777948818897638
 20
1.0161680314960631
 30
0
 11
0.0777568503937008
 21
1.0161576377952755
 31
0
  0
LINE
  5
1D5
330
1A
100
AcDbEntity
  8
BLACK
  6
CONTINUOUS
100
AcDbLine
 10
0.0777568503937008
 20
1.0161576377952755
 30
0
 11
0.077744094488189
 21
1.0161448425196851
 31
0
  0
LINE
  5
1D6
330
1A
100
AcDbEntity
  8
BLACK
  6
CONTINUOUS
100
AcDbLine
 10
0.077744094488189
 20
1.0161448425196851
 30
0
 11
0.0776202362204724
 21
1.0161202362204724
 31
0
  0
LINE
  5
1D7
330
1A
100
AcDbEntity
  8
BLACK
  6
CONTINUOUS
100
AcDbLine
 10
0.0776202362204724
 20
1.0161202362204724
 30
0
 11
0.0774985433070866
 21
1.0160868897637796
 31
0
  0
LINE
  5
1D8
330
1A
100
AcDbEntity
  8
BLACK
  6
CONTINUOUS
100
AcDbLine
 10
0.0774985433070866
 20
1.0160868897637796
 30
0
 11
0.0774813779527559
 21
1.0160926377952755
 31
0
  0
LINE
  5
1D9
330
1A
100
AcDbEntity
  8
BLACK
  6
CONTINUOUS
100
AcDbLine
 10
0.0774813779527559
 20
1.0160926377952755
 30
0
 11
0.0774427559055118
 21
1.0160849212598424
 31
0
  0
LINE
  5
1DA
330
1A
100
AcDbEntity
  8
BLACK
  6
CONTINUOUS
100
AcDbLine
 10
0.0774427559055118
 20
1.0160849212598424
 30
0
 11
0.0759804724409449
 21
1.0160849212598424
 31
0
  0
LINE
  5
1DB
330
1A
100
AcDbEntity
  8
BLACK
  6
CONTINUOUS
100
AcDbLine
 10
0.0759804724409449
 20
1.0160849212598424
 30
0
 11
0.0759804724409449
 21
1.0142476377952756
 31
0
  0
LINE
  5
1DC
330
1A
100
AcDbEntity
  8
BLACK
  6
CONTINUOUS
100
AcDbLine
 10
0.0759804724409449
 20
1.0142476377952756
 30
0
 11
0.0759205511811024
 21
1.0139462992125985
 31
0
  0
LINE
  5
1DD
330
1A
100
AcDbEntity
  8
BLACK
  6
CONTINUOUS
100
AcDbLine
 10
0.0759205511811024
 20
1.0139462992125985
 30
0
 11
0.0754944094488189
 21
1.013520157480315
 31
0
  0
LINE
  5
1DE
330
1A
100
AcDbEntity
  8
BLACK
  6
CONTINUOUS
100
AcDbLine
 10
0.0754944094488189
 20
1.013520157480315
 30
0
 11
0.0748917322834646
 21
1.013520157480315
 31
0
  0
LINE
  5
1DF
330
1A
100
AcDbEntity
  8
BLACK
  6
CONTINUOUS
100
AcDbLine
 10
0.0748917322834646
 20
1.013520157480315
 30
0
 11
0.0744655905511811
 21
1.0139462992125985
 31
0
  0
LINE
  5
1E0
330
1A
100
AcDbEntity
  8
BLACK
  6
CONTINUOUS
100
AcDbLine
 10
0.0744655905511811
 20
1.0139462992125985
 30
0
 11
0.0744056692913386
 21
1.0142476377952756
 31
0
  0
LINE
  5
1E1
330
1A
100
AcDbEntity
  8
BLACK
  6
CONTINUOUS
100
AcDbLine
 10
0.0744056692913386
 20
1.0142476377952756
 30
0
 11
0.0744056692913386
 21
1.0221216535433071
 31
0
  0
LINE
  5
1E2
330
1A
100
AcDbEntity
  8
BLACK
  6
CONTINUOUS
100
AcDbLine
 10
0.0744056692913386
 20
1.0221216535433071
 30
0
 11
0.0744655905511811
 21
1.0224229921259842
 31
0
  0
LINE
  5
1E3
330
1A
100
AcDbEntity
  8
BLACK
  6
CONTINUOUS
100
AcDbLine
 10
0.0744655905511811
 20
1.0224229921259842
 30
0
 11
0.0748917322834646
 21
1.0228491338582677
 31
0
  0
LINE
  5
1E4
330
1A
100
AcDbEntity
  8
BLACK
  6
CONTINUOUS
100
AcDbLine
 10
0.0748917322834646
 20
1.0228491338582677
 30
0
 11
0.0754944094488189
 21
1.0228491338582677
 31
0
  0
LINE
  5
1E5
330
1A
100
AcDbEntity
  8
BLACK
  6
CONTINUOUS
100
AcDbLine
 10
0.0754944094488189
 20
1.0228491338582677
 30
0
 11
0.0755420078740157
 21
1.0228015354330708
 31
0
  0
LINE
  5
1E6
330
1A
100
AcDbEntity
  8
BLACK
  6
CONTINUOUS
100
AcDbLine
 10
0.0755420078740157
 20
1.0228015354330708
 30
0
 11
0.0755907874015748
 21
1.022825905511811
 31
0
  0
LINE
  5
1E7
330
1A
100
AcDbEntity
  8
BLACK
  6
CONTINUOUS
100
AcDbLine
 10
0.0755907874015748
 20
1.022825905511811
 30
0
 11
0.0756287795275591
 21
1.0228363385826771
 31
0
  0
LINE
  5
1E8
330
1A
100
AcDbEntity
  8
BLACK
  6
CONTINUOUS
100
AcDbLine
 10
0.0756287795275591
 20
1.0228363385826771
 30
0
 11
0.0756416141732283
 21
1.0228491338582677
 31
0
  0
LINE
  5
1E9
330
1A
100
AcDbEntity
  8
BLACK
  6
CONTINUOUS
100
AcDbLine
 10
0.0756416141732283
 20
1.0228491338582677
 30
0
 11
0.0757655118110236
 21
1.0228737795275591
 31
0
  0
LINE
  5
1EA
330
1A
100
AcDbEntity
  8
BLACK
  6
CONTINUOUS
100
AcDbLine
 10
0.0757655118110236
 20
1.0228737795275591
 30
0
 11
0.075887125984252
 21
1.0229070866141732
 31
0
  0
LINE
  5
1EB
330
1A
100
AcDbEntity
  8
BLACK
  6
CONTINUOUS
100
AcDbLine
 10
0.075887125984252
 20
1.0229070866141732
 30
0
 11
0.0759042519685039
 21
1.0229013779527558
 31
0
  0
LINE
  5
1EC
330
1A
100
AcDbEntity
  8
BLACK
  6
CONTINUOUS
100
AcDbLine
 10
0.0759042519685039
 20
1.0229013779527558
 30
0
 11
0.0759429527559055
 21
1.0229090551181101
 31
0
  0
LINE
  5
1ED
330
1A
100
AcDbEntity
  8
BLACK
  6
CONTINUOUS
100
AcDbLine
 10
0.0759429527559055
 20
1.0229090551181101
 30
0
 11
0.0774427559055118
 21
1.0229090551181101
 31
0
  0
LINE
  5
1EE
330
1A
100
AcDbEntity
  8
BLACK
  6
CONTINUOUS
100
AcDbLine
 10
0.0774427559055118
 20
1.0229090551181101
 30
0
 11
0.0774814173228346
 21
1.0229013779527558
 31
0
  0
LINE
  5
1EF
330
1A
100
AcDbEntity
  8
BLACK
  6
CONTINUOUS
100
AcDbLine
 10
0.0759804724409449
 20
1.0212600787401576
 30
0
 11
0.0759804724409449
 21
1.017733937007874
 31
0
  0
LINE
  5
1F0
330
1A
100
AcDbEntity
  8
BLACK
  6
CONTINUOUS
100
AcDbLine
 10
0.0759804724409449
 20
1.017733937007874
 30
0
 11
0.0761288582677165
 21
1.0176597244094487
 31
0
  0
LINE
  5
1F1
330
1A
100
AcDbEntity
  8
BLACK
  6
CONTINUOUS
100
AcDbLine
 10
0.0761288582677165
 20
1.0176597244094487
 30
0
 11
0.0772568897637795
 21
1.0176597244094487
 31
0
  0
LINE
  5
1F2
330
1A
100
AcDbEntity
  8
BLACK
  6
CONTINUOUS
100
AcDbLine
 10
0.0772568897637795
 20
1.0176597244094487
 30
0
 11
0.0777262598425197
 21
1.0178944094488189
 31
0
  0
LINE
  5
1F3
330
1A
100
AcDbEntity
  8
BLACK
  6
CONTINUOUS
100
AcDbLine
 10
0.0777262598425197
 20
1.0178944094488189
 30
0
 11
0.0779204724409449
 21
1.0180885826771653
 31
0
  0
LINE
  5
1F4
330
1A
100
AcDbEntity
  8
BLACK
  6
CONTINUOUS
100
AcDbLine
 10
0.0779204724409449
 20
1.0180885826771653
 30
0
 11
0.0781551968503937
 21
1.0185580314960629
 31
0
  0
LINE
  5
1F5
330
1A
100
AcDbEntity
  8
BLACK
  6
CONTINUOUS
100
AcDbLine
 10
0.0781551968503937
 20
1.0185580314960629
 30
0
 11
0.0781551968503937
 21
1.0204359448818898
 31
0
  0
LINE
  5
1F6
330
1A
100
AcDbEntity
  8
BLACK
  6
CONTINUOUS
100
AcDbLine
 10
0.0781551968503937
 20
1.0204359448818898
 30
0
 11
0.0779205118110236
 21
1.02090531496063
 31
0
  0
LINE
  5
1F7
330
1A
100
AcDbEntity
  8
BLACK
  6
CONTINUOUS
100
AcDbLine
 10
0.0779205118110236
 20
1.02090531496063
 30
0
 11
0.0777262598425197
 21
1.0210995669291338
 31
0
  0
LINE
  5
1F8
330
1A
100
AcDbEntity
  8
BLACK
  6
CONTINUOUS
100
AcDbLine
 10
0.0777262598425197
 20
1.0210995669291338
 30
0
 11
0.0772568503937008
 21
1.0213342519685038
 31
0
  0
LINE
  5
1F9
330
1A
100
AcDbEntity
  8
BLACK
  6
CONTINUOUS
100
AcDbLine
 10
0.0772568503937008
 20
1.0213342519685038
 30
0
 11
0.0761288582677165
 21
1.0213342519685038
 31
0
  0
LINE
  5
1FA
330
1A
100
AcDbEntity
  8
BLACK
  6
CONTINUOUS
100
AcDbLine
 10
0.0761288582677165
 20
1.0213342519685038
 30
0
 11
0.0759804724409449
 21
1.0212600787401576
 31
0
  0
LINE
  5
1FB
330
1A
100
AcDbEntity
  8
BLACK
  6
CONTINUOUS
100
AcDbLine
 10
0.0422358661417323
 20
1.0229013779527558
 30
0
 11
0.042253031496063
 21
1.0229070866141732
 31
0
  0
LINE
  5
1FC
330
1A
100
AcDbEntity
  8
BLACK
  6
CONTINUOUS
100
AcDbLine
 10
0.042253031496063
 20
1.0229070866141732
 30
0
 11
0.0423747637795276
 21
1.0228737795275591
 31
0
  0
LINE
  5
1FD
330
1A
100
AcDbEntity
  8
BLACK
  6
CONTINUOUS
100
AcDbLine
 10
0.0423747637795276
 20
1.0228737795275591
 30
0
 11
0.0424985433070866
 21
1.0228491338582677
 31
0
  0
LINE
  5
1FE
330
1A
100
AcDbEntity
  8
BLACK
  6
CONTINUOUS
100
AcDbLine
 10
0.0424985433070866
 20
1.0228491338582677
 30
0
 11
0.0425112992125984
 21
1.0228363779527558
 31
0
  0
LINE
  5
1FF
330
1A
100
AcDbEntity
  8
BLACK
  6
CONTINUOUS
100
AcDbLine
 10
0.0425112992125984
 20
1.0228363779527558
 30
0
 11
0.0425493307086614
 21
1.0228259448818897
 31
0
  0
LINE
  5
200
330
1A
100
AcDbEntity
  8
BLACK
  6
CONTINUOUS
100
AcDbLine
 10
0.0425493307086614
 20
1.0228259448818897
 30
0
 11
0.0432992519685039
 21
1.0224509842519685
 31
0
  0
LINE
  5
201
330
1A
100
AcDbEntity
  8
BLACK
  6
CONTINUOUS
100
AcDbLine
 10
0.0432992519685039
 20
1.0224509842519685
 30
0
 11
0.043398937007874
 21
1.0223736220472441
 31
0
  0
LINE
  5
202
330
1A
100
AcDbEntity
  8
BLACK
  6
CONTINUOUS
100
AcDbLine
 10
0.043398937007874
 20
1.0223736220472441
 30
0
 11
0.0435038976377953
 21
1.0223034645669291
 31
0
  0
LINE
  5
203
330
1A
100
AcDbEntity
  8
BLACK
  6
CONTINUOUS
100
AcDbLine
 10
0.0435038976377953
 20
1.0223034645669291
 30
0
 11
0.0438788582677165
 21
1.0219285039370078
 31
0
  0
LINE
  5
204
330
1A
100
AcDbEntity
  8
BLACK
  6
CONTINUOUS
100
AcDbLine
 10
0.0438788582677165
 20
1.0219285039370078
 30
0
 11
0.043948937007874
 21
1.0218236614173228
 31
0
  0
LINE
  5
205
330
1A
100
AcDbEntity
  8
BLACK
  6
CONTINUOUS
100
AcDbLine
 10
0.043948937007874
 20
1.0218236614173228
 30
0
 11
0.0440263385826772
 21
1.0217238976377951
 31
0
  0
LINE
  5
206
330
1A
100
AcDbEntity
  8
BLACK
  6
CONTINUOUS
100
AcDbLine
 10
0.0440263385826772
 20
1.0217238976377951
 30
0
 11
0.0444012992125984
 21
1.0209740157480314
 31
0
  0
LINE
  5
207
330
1A
100
AcDbEntity
  8
BLACK
  6
CONTINUOUS
100
AcDbLine
 10
0.0444012992125984
 20
1.0209740157480314
 30
0
 11
0.0444116929133858
 21
1.0209360236220473
 31
0
  0
LINE
  5
208
330
1A
100
AcDbEntity
  8
BLACK
  6
CONTINUOUS
100
AcDbLine
 10
0.0444116929133858
 20
1.0209360236220473
 30
0
 11
0.0444245275590551
 21
1.0209231889763779
 31
0
  0
LINE
  5
209
330
1A
100
AcDbEntity
  8
BLACK
  6
CONTINUOUS
100
AcDbLine
 10
0.0444245275590551
 20
1.0209231889763779
 30
0
 11
0.0444491338582677
 21
1.0207992913385826
 31
0
  0
LINE
  5
20A
330
1A
100
AcDbEntity
  8
BLACK
  6
CONTINUOUS
100
AcDbLine
 10
0.0444491338582677
 20
1.0207992913385826
 30
0
 11
0.0444824803149606
 21
1.0206776771653543
 31
0
  0
LINE
  5
20B
330
1A
100
AcDbEntity
  8
BLACK
  6
CONTINUOUS
100
AcDbLine
 10
0.0444824803149606
 20
1.0206776771653543
 30
0
 11
0.0444767322834646
 21
1.0206605511811024
 31
0
  0
LINE
  5
20C
330
1A
100
AcDbEntity
  8
BLACK
  6
CONTINUOUS
100
AcDbLine
 10
0.0444767322834646
 20
1.0206605511811024
 30
0
 11
0.0444844488188976
 21
1.0206218503937008
 31
0
  0
LINE
  5
20D
330
1A
100
AcDbEntity
  8
BLACK
  6
CONTINUOUS
100
AcDbLine
 10
0.0444844488188976
 20
1.0206218503937008
 30
0
 11
0.0444844488188976
 21
1.018372125984252
 31
0
  0
LINE
  5
20E
330
1A
100
AcDbEntity
  8
BLACK
  6
CONTINUOUS
100
AcDbLine
 10
0.0444844488188976
 20
1.018372125984252
 30
0
 11
0.0444767322834646
 21
1.0183334645669291
 31
0
  0
LINE
  5
20F
330
1A
100
AcDbEntity
  8
BLACK
  6
CONTINUOUS
100
AcDbLine
 10
0.0444767322834646
 20
1.0183334645669291
 30
0
 11
0.0444824803149606
 21
1.0183162992125985
 31
0
  0
LINE
  5
210
330
1A
100
AcDbEntity
  8
BLACK
  6
CONTINUOUS
100
AcDbLine
 10
0.0444824803149606
 20
1.0183162992125985
 30
0
 11
0.0444491338582677
 21
1.0181947244094487
 31
0
  0
LINE
  5
211
330
1A
100
AcDbEntity
  8
BLACK
  6
CONTINUOUS
100
AcDbLine
 10
0.0444491338582677
 20
1.0181947244094487
 30
0
 11
0.0444245275590551
 21
1.0180707874015749
 31
0
  0
LINE
  5
212
330
1A
100
AcDbEntity
  8
BLACK
  6
CONTINUOUS
100
AcDbLine
 10
0.0444245275590551
 20
1.0180707874015749
 30
0
 11
0.0444116929133858
 21
1.0180579921259842
 31
0
  0
LINE
  5
213
330
1A
100
AcDbEntity
  8
BLACK
  6
CONTINUOUS
100
AcDbLine
 10
0.0444116929133858
 20
1.0180579921259842
 30
0
 11
0.0444012992125984
 21
1.0180199606299212
 31
0
  0
LINE
  5
214
330
1A
100
AcDbEntity
  8
BLACK
  6
CONTINUOUS
100
AcDbLine
 10
0.0444012992125984
 20
1.0180199606299212
 30
0
 11
0.0440263779527559
 21
1.0172700787401574
 31
0
  0
LINE
  5
215
330
1A
100
AcDbEntity
  8
BLACK
  6
CONTINUOUS
100
AcDbLine
 10
0.0440263779527559
 20
1.0172700787401574
 30
0
 11
0.0439488976377953
 21
1.0171702755905512
 31
0
  0
LINE
  5
216
330
1A
100
AcDbEntity
  8
BLACK
  6
CONTINUOUS
100
AcDbLine
 10
0.0439488976377953
 20
1.0171702755905512
 30
0
 11
0.0438788582677165
 21
1.0170654330708662
 31
0
  0
LINE
  5
217
330
1A
100
AcDbEntity
  8
BLACK
  6
CONTINUOUS
100
AcDbLine
 10
0.0438788582677165
 20
1.0170654330708662
 30
0
 11
0.0435038976377953
 21
1.0166904724409449
 31
0
  0
LINE
  5
218
330
1A
100
AcDbEntity
  8
BLACK
  6
CONTINUOUS
100
AcDbLine
 10
0.0435038976377953
 20
1.0166904724409449
 30
0
 11
0.043399094488189
 21
1.0166204724409449
 31
0
  0
LINE
  5
219
330
1A
100
AcDbEntity
  8
BLACK
  6
CONTINUOUS
100
AcDbLine
 10
0.043399094488189
 20
1.0166204724409449
 30
0
 11
0.0432992519685039
 21
1.0165429527559056
 31
0
  0
LINE
  5
21A
330
1A
100
AcDbEntity
  8
BLACK
  6
CONTINUOUS
100
AcDbLine
 10
0.0432992519685039
 20
1.0165429527559056
 30
0
 11
0.0425493307086614
 21
1.0161680314960631
 31
0
  0
LINE
  5
21B
330
1A
100
AcDbEntity
  8
BLACK
  6
CONTINUOUS
100
AcDbLine
 10
0.0425493307086614
 20
1.0161680314960631
 30
0
 11
0.0425112992125984
 21
1.0161576377952755
 31
0
  0
LINE
  5
21C
330
1A
100
AcDbEntity
  8
BLACK
  6
CONTINUOUS
100
AcDbLine
 10
0.0425112992125984
 20
1.0161576377952755
 30
0
 11
0.0424985433070866
 21
1.0161448425196851
 31
0
  0
LINE
  5
21D
330
1A
100
AcDbEntity
  8
BLACK
  6
CONTINUOUS
100
AcDbLine
 10
0.0424985433070866
 20
1.0161448425196851
 30
0
 11
0.0423746850393701
 21
1.0161202362204724
 31
0
  0
LINE
  5
21E
330
1A
100
AcDbEntity
  8
BLACK
  6
CONTINUOUS
100
AcDbLine
 10
0.0423746850393701
 20
1.0161202362204724
 30
0
 11
0.0422529921259843
 21
1.0160868897637796
 31
0
  0
LINE
  5
21F
330
1A
100
AcDbEntity
  8
BLACK
  6
CONTINUOUS
100
AcDbLine
 10
0.0422529921259843
 20
1.0160868897637796
 30
0
 11
0.0422358267716535
 21
1.0160926377952755
 31
0
  0
LINE
  5
220
330
1A
100
AcDbEntity
  8
BLACK
  6
CONTINUOUS
100
AcDbLine
 10
0.0422358267716535
 20
1.0160926377952755
 30
0
 11
0.0421972047244095
 21
1.0160849212598424
 31
0
  0
LINE
  5
221
330
1A
100
AcDbEntity
  8
BLACK
  6
CONTINUOUS
100
AcDbLine
 10
0.0421972047244095
 20
1.0160849212598424
 30
0
 11
0.0410723622047244
 21
1.0160849212598424
 31
0
  0
LINE
  5
222
330
1A
100
AcDbEntity
  8
BLACK
  6
CONTINUOUS
100
AcDbLine
 10
0.0410723622047244
 20
1.0160849212598424
 30
0
 11
0.0410337007874016
 21
1.0160926377952755
 31
0
  0
LINE
  5
223
330
1A
100
AcDbEntity
  8
BLACK
  6
CONTINUOUS
100
AcDbLine
 10
0.0410337007874016
 20
1.0160926377952755
 30
0
 11
0.0410165748031496
 21
1.0160868897637796
 31
0
  0
LINE
  5
224
330
1A
100
AcDbEntity
  8
BLACK
  6
CONTINUOUS
100
AcDbLine
 10
0.0410165748031496
 20
1.0160868897637796
 30
0
 11
0.0408948818897638
 21
1.0161202362204724
 31
0
  0
LINE
  5
225
330
1A
100
AcDbEntity
  8
BLACK
  6
CONTINUOUS
100
AcDbLine
 10
0.0408948818897638
 20
1.0161202362204724
 30
0
 11
0.0407710236220472
 21
1.0161448425196851
 31
0
  0
LINE
  5
226
330
1A
100
AcDbEntity
  8
BLACK
  6
CONTINUOUS
100
AcDbLine
 10
0.0407710236220472
 20
1.0161448425196851
 30
0
 11
0.040758188976378
 21
1.0161576771653542
 31
0
  0
LINE
  5
227
330
1A
100
AcDbEntity
  8
BLACK
  6
CONTINUOUS
100
AcDbLine
 10
0.040758188976378
 20
1.0161576771653542
 30
0
 11
0.0407202755905512
 21
1.0161680314960631
 31
0
  0
LINE
  5
228
330
1A
100
AcDbEntity
  8
BLACK
  6
CONTINUOUS
100
AcDbLine
 10
0.0407202755905512
 20
1.0161680314960631
 30
0
 11
0.0399703149606299
 21
1.0165429527559056
 31
0
  0
LINE
  5
229
330
1A
100
AcDbEntity
  8
BLACK
  6
CONTINUOUS
100
AcDbLine
 10
0.0399703149606299
 20
1.0165429527559056
 30
0
 11
0.0398704724409449
 21
1.0166204330708661
 31
0
  0
LINE
  5
22A
330
1A
100
AcDbEntity
  8
BLACK
  6
CONTINUOUS
100
AcDbLine
 10
0.0398704724409449
 20
1.0166204330708661
 30
0
 11
0.0397656299212598
 21
1.0166905118110237
 31
0
  0
LINE
  5
22B
330
1A
100
AcDbEntity
  8
BLACK
  6
CONTINUOUS
100
AcDbLine
 10
0.0397656299212598
 20
1.0166905118110237
 30
0
 11
0.0393907086614173
 21
1.0170654724409449
 31
0
  0
LINE
  5
22C
330
1A
100
AcDbEntity
  8
BLACK
  6
CONTINUOUS
100
AcDbLine
 10
0.0393907086614173
 20
1.0170654724409449
 30
0
 11
0.0393205118110236
 21
1.0171705118110237
 31
0
  0
LINE
  5
22D
330
1A
100
AcDbEntity
  8
BLACK
  6
CONTINUOUS
100
AcDbLine
 10
0.0393205118110236
 20
1.0171705118110237
 30
0
 11
0.0392432283464567
 21
1.0172700787401574
 31
0
  0
LINE
  5
22E
330
1A
100
AcDbEntity
  8
BLACK
  6
CONTINUOUS
100
AcDbLine
 10
0.0392432283464567
 20
1.0172700787401574
 30
0
 11
0.0388682677165354
 21
1.0180199999999999
 31
0
  0
LINE
  5
22F
330
1A
100
AcDbEntity
  8
BLACK
  6
CONTINUOUS
100
AcDbLine
 10
0.0388682677165354
 20
1.0180199999999999
 30
0
 11
0.0388578346456693
 21
1.018058031496063
 31
0
  0
LINE
  5
230
330
1A
100
AcDbEntity
  8
BLACK
  6
CONTINUOUS
100
AcDbLine
 10
0.0388578346456693
 20
1.018058031496063
 30
0
 11
0.0388450787401575
 21
1.0180707874015749
 31
0
  0
LINE
  5
231
330
1A
100
AcDbEntity
  8
BLACK
  6
CONTINUOUS
100
AcDbLine
 10
0.0388450787401575
 20
1.0180707874015749
 30
0
 11
0.0388204330708661
 21
1.0181945669291339
 31
0
  0
LINE
  5
232
330
1A
100
AcDbEntity
  8
BLACK
  6
CONTINUOUS
100
AcDbLine
 10
0.0388204330708661
 20
1.0181945669291339
 30
0
 11
0.038787125984252
 21
1.0183162992125985
 31
0
  0
LINE
  5
233
330
1A
100
AcDbEntity
  8
BLACK
  6
CONTINUOUS
100
AcDbLine
 10
0.038787125984252
 20
1.0183162992125985
 30
0
 11
0.0387928346456693
 21
1.0183334645669291
 31
0
  0
LINE
  5
234
330
1A
100
AcDbEntity
  8
BLACK
  6
CONTINUOUS
100
AcDbLine
 10
0.0387928346456693
 20
1.0183334645669291
 30
0
 11
0.038785157480315
 21
1.018372125984252
 31
0
  0
LINE
  5
235
330
1A
100
AcDbEntity
  8
BLACK
  6
CONTINUOUS
100
AcDbLine
 10
0.038785157480315
 20
1.018372125984252
 30
0
 11
0.038785157480315
 21
1.0206218503937008
 31
0
  0
LINE
  5
236
330
1A
100
AcDbEntity
  8
BLACK
  6
CONTINUOUS
100
AcDbLine
 10
0.038785157480315
 20
1.0206218503937008
 30
0
 11
0.0387928346456693
 21
1.0206605511811024
 31
0
  0
LINE
  5
237
330
1A
100
AcDbEntity
  8
BLACK
  6
CONTINUOUS
100
AcDbLine
 10
0.0387928346456693
 20
1.0206605511811024
 30
0
 11
0.038787125984252
 21
1.0206776771653543
 31
0
  0
LINE
  5
238
330
1A
100
AcDbEntity
  8
BLACK
  6
CONTINUOUS
100
AcDbLine
 10
0.038787125984252
 20
1.0206776771653543
 30
0
 11
0.0388204330708661
 21
1.0207992913385826
 31
0
  0
LINE
  5
239
330
1A
100
AcDbEntity
  8
BLACK
  6
CONTINUOUS
100
AcDbLine
 10
0.0388204330708661
 20
1.0207992913385826
 30
0
 11
0.0388450787401575
 21
1.0209231889763779
 31
0
  0
LINE
  5
23A
330
1A
100
AcDbEntity
  8
BLACK
  6
CONTINUOUS
100
AcDbLine
 10
0.0388450787401575
 20
1.0209231889763779
 30
0
 11
0.038857874015748
 21
1.0209360236220473
 31
0
  0
LINE
  5
23B
330
1A
100
AcDbEntity
  8
BLACK
  6
CONTINUOUS
100
AcDbLine
 10
0.038857874015748
 20
1.0209360236220473
 30
0
 11
0.0388683070866142
 21
1.0209740157480314
 31
0
  0
LINE
  5
23C
330
1A
100
AcDbEntity
  8
BLACK
  6
CONTINUOUS
100
AcDbLine
 10
0.0388683070866142
 20
1.0209740157480314
 30
0
 11
0.0392432283464567
 21
1.0217238582677166
 31
0
  0
LINE
  5
23D
330
1A
100
AcDbEntity
  8
BLACK
  6
CONTINUOUS
100
AcDbLine
 10
0.0392432283464567
 20
1.0217238582677166
 30
0
 11
0.0393205118110236
 21
1.0218234645669291
 31
0
  0
LINE
  5
23E
330
1A
100
AcDbEntity
  8
BLACK
  6
CONTINUOUS
100
AcDbLine
 10
0.0393205118110236
 20
1.0218234645669291
 30
0
 11
0.0393907086614173
 21
1.0219284645669291
 31
0
  0
LINE
  5
23F
330
1A
100
AcDbEntity
  8
BLACK
  6
CONTINUOUS
100
AcDbLine
 10
0.0393907086614173
 20
1.0219284645669291
 30
0
 11
0.0397656299212598
 21
1.0223034251968504
 31
0
  0
LINE
  5
240
330
1A
100
AcDbEntity
  8
BLACK
  6
CONTINUOUS
100
AcDbLine
 10
0.0397656299212598
 20
1.0223034251968504
 30
0
 11
0.0398705118110236
 21
1.0223735433070866
 31
0
  0
LINE
  5
241
330
1A
100
AcDbEntity
  8
BLACK
  6
CONTINUOUS
100
AcDbLine
 10
0.0398705118110236
 20
1.0223735433070866
 30
0
 11
0.0399703149606299
 21
1.0224509842519685
 31
0
  0
LINE
  5
242
330
1A
100
AcDbEntity
  8
BLACK
  6
CONTINUOUS
100
AcDbLine
 10
0.0399703149606299
 20
1.0224509842519685
 30
0
 11
0.0407201968503937
 21
1.022825905511811
 31
0
  0
LINE
  5
243
330
1A
100
AcDbEntity
  8
BLACK
  6
CONTINUOUS
100
AcDbLine
 10
0.0407201968503937
 20
1.022825905511811
 30
0
 11
0.040758188976378
 21
1.0228363385826771
 31
0
  0
LINE
  5
244
330
1A
100
AcDbEntity
  8
BLACK
  6
CONTINUOUS
100
AcDbLine
 10
0.040758188976378
 20
1.0228363385826771
 30
0
 11
0.0407710236220472
 21
1.0228491338582677
 31
0
  0
LINE
  5
245
330
1A
100
AcDbEntity
  8
BLACK
  6
CONTINUOUS
100
AcDbLine
 10
0.0407710236220472
 20
1.0228491338582677
 30
0
 11
0.0408949212598425
 21
1.0228737795275591
 31
0
  0
LINE
  5
246
330
1A
100
AcDbEntity
  8
BLACK
  6
CONTINUOUS
100
AcDbLine
 10
0.0408949212598425
 20
1.0228737795275591
 30
0
 11
0.0410165354330709
 21
1.0229070866141732
 31
0
  0
LINE
  5
247
330
1A
100
AcDbEntity
  8
BLACK
  6
CONTINUOUS
100
AcDbLine
 10
0.0410165354330709
 20
1.0229070866141732
 30
0
 11
0.0410336614173228
 21
1.0229013779527558
 31
0
  0
LINE
  5
248
330
1A
100
AcDbEntity
  8
BLACK
  6
CONTINUOUS
100
AcDbLine
 10
0.0410336614173228
 20
1.0229013779527558
 30
0
 11
0.0410723622047244
 21
1.0229090551181101
 31
0
  0
LINE
  5
249
330
1A
100
AcDbEntity
  8
BLACK
  6
CONTINUOUS
100
AcDbLine
 10
0.0410723622047244
 20
1.0229090551181101
 30
0
 11
0.0421972047244095
 21
1.0229090551181101
 31
0
  0
LINE
  5
24A
330
1A
100
AcDbEntity
  8
BLACK
  6
CONTINUOUS
100
AcDbLine
 10
0.0421972047244095
 20
1.0229090551181101
 30
0
 11
0.0422358661417323
 21
1.0229013779527558
 31
0
  0
LINE
  5
24B
330
1A
100
AcDbEntity
  8
BLACK
  6
CONTINUOUS
100
AcDbLine
 10
0.0407888976377953
 20
1.0210995669291338
 30
0
 11
0.0405946062992126
 21
1.02090531496063
 31
0
  0
LINE
  5
24C
330
1A
100
AcDbEntity
  8
BLACK
  6
CONTINUOUS
100
AcDbLine
 10
0.0405946062992126
 20
1.02090531496063
 30
0
 11
0.0403599606299213
 21
1.0204359842519686
 31
0
  0
LINE
  5
24D
330
1A
100
AcDbEntity
  8
BLACK
  6
CONTINUOUS
100
AcDbLine
 10
0.0403599606299213
 20
1.0204359842519686
 30
0
 11
0.0403599606299213
 21
1.0185580314960629
 31
0
  0
LINE
  5
24E
330
1A
100
AcDbEntity
  8
BLACK
  6
CONTINUOUS
100
AcDbLine
 10
0.0403599606299213
 20
1.0185580314960629
 30
0
 11
0.0405946456692913
 21
1.018088622047244
 31
0
  0
LINE
  5
24F
330
1A
100
AcDbEntity
  8
BLACK
  6
CONTINUOUS
100
AcDbLine
 10
0.0405946456692913
 20
1.018088622047244
 30
0
 11
0.0407888582677165
 21
1.0178944094488189
 31
0
  0
LINE
  5
250
330
1A
100
AcDbEntity
  8
BLACK
  6
CONTINUOUS
100
AcDbLine
 10
0.0407888582677165
 20
1.0178944094488189
 30
0
 11
0.0412582677165354
 21
1.0176597244094487
 31
0
  0
LINE
  5
251
330
1A
100
AcDbEntity
  8
BLACK
  6
CONTINUOUS
100
AcDbLine
 10
0.0412582677165354
 20
1.0176597244094487
 30
0
 11
0.0420113385826772
 21
1.0176597244094487
 31
0
  0
LINE
  5
252
330
1A
100
AcDbEntity
  8
BLACK
  6
CONTINUOUS
100
AcDbLine
 10
0.0420113385826772
 20
1.0176597244094487
 30
0
 11
0.0424807086614173
 21
1.0178944094488189
 31
0
  0
LINE
  5
253
330
1A
100
AcDbEntity
  8
BLACK
  6
CONTINUOUS
100
AcDbLine
 10
0.0424807086614173
 20
1.0178944094488189
 30
0
 11
0.0426749212598425
 21
1.0180885826771653
 31
0
  0
LINE
  5
254
330
1A
100
AcDbEntity
  8
BLACK
  6
CONTINUOUS
100
AcDbLine
 10
0.0426749212598425
 20
1.0180885826771653
 30
0
 11
0.0429096456692913
 21
1.0185580314960629
 31
0
  0
LINE
  5
255
330
1A
100
AcDbEntity
  8
BLACK
  6
CONTINUOUS
100
AcDbLine
 10
0.0429096456692913
 20
1.0185580314960629
 30
0
 11
0.0429096456692913
 21
1.0204359448818898
 31
0
  0
LINE
  5
256
330
1A
100
AcDbEntity
  8
BLACK
  6
CONTINUOUS
100
AcDbLine
 10
0.0429096456692913
 20
1.0204359448818898
 30
0
 11
0.0426749606299213
 21
1.02090531496063
 31
0
  0
LINE
  5
257
330
1A
100
AcDbEntity
  8
BLACK
  6
CONTINUOUS
100
AcDbLine
 10
0.0426749606299213
 20
1.02090531496063
 30
0
 11
0.0424807086614173
 21
1.0210995669291338
 31
0
  0
LINE
  5
258
330
1A
100
AcDbEntity
  8
BLACK
  6
CONTINUOUS
100
AcDbLine
 10
0.0424807086614173
 20
1.0210995669291338
 30
0
 11
0.0420112992125984
 21
1.0213342519685038
 31
0
  0
LINE
  5
259
330
1A
100
AcDbEntity
  8
BLACK
  6
CONTINUOUS
100
AcDbLine
 10
0.0420112992125984
 20
1.0213342519685038
 30
0
 11
0.0412582677165354
 21
1.0213342519685038
 31
0
  0
LINE
  5
25A
330
1A
100
AcDbEntity
  8
BLACK
  6
CONTINUOUS
100
AcDbLine
 10
0.0412582677165354
 20
1.0213342519685038
 30
0
 11
0.0407888976377953
 21
1.0210995669291338
 31
0
  0
LINE
  5
25B
330
1A
100
AcDbEntity
  8
BLACK
  6
CONTINUOUS
100
AcDbLine
 10
0.0561941338582677
 20
1.0255091732283463
 30
0
 11
0.0563194881889764
 21
1.0254933464566929
 31
0
  0
LINE
  5
25C
330
1A
100
AcDbEntity
  8
BLACK
  6
CONTINUOUS
100
AcDbLine
 10
0.0563194881889764
 20
1.0254933464566929
 30
0
 11
0.0574443307086614
 21
1.0251183464566929
 31
0
  0
LINE
  5
25D
330
1A
100
AcDbEntity
  8
BLACK
  6
CONTINUOUS
100
AcDbLine
 10
0.0574443307086614
 20
1.0251183464566929
 30
0
 11
0.0574785433070866
 21
1.0250988582677165
 31
0
  0
LINE
  5
25E
330
1A
100
AcDbEntity
  8
BLACK
  6
CONTINUOUS
100
AcDbLine
 10
0.0574785433070866
 20
1.0250988582677165
 30
0
 11
0.0574966535433071
 21
1.0250988582677165
 31
0
  0
LINE
  5
25F
330
1A
100
AcDbEntity
  8
BLACK
  6
CONTINUOUS
100
AcDbLine
 10
0.0574966535433071
 20
1.0250988582677165
 30
0
 11
0.0576016141732283
 21
1.0250287007874015
 31
0
  0
LINE
  5
260
330
1A
100
AcDbEntity
  8
BLACK
  6
CONTINUOUS
100
AcDbLine
 10
0.0576016141732283
 20
1.0250287007874015
 30
0
 11
0.0577112598425197
 21
1.024966220472441
 31
0
  0
LINE
  5
261
330
1A
100
AcDbEntity
  8
BLACK
  6
CONTINUOUS
100
AcDbLine
 10
0.0577112598425197
 20
1.024966220472441
 30
0
 11
0.0577193307086614
 21
1.0249500393700788
 31
0
  0
LINE
  5
262
330
1A
100
AcDbEntity
  8
BLACK
  6
CONTINUOUS
100
AcDbLine
 10
0.0577193307086614
 20
1.0249500393700788
 30
0
 11
0.0577520866141732
 21
1.0249281496062992
 31
0
  0
LINE
  5
263
330
1A
100
AcDbEntity
  8
BLACK
  6
CONTINUOUS
100
AcDbLine
 10
0.0577520866141732
 20
1.0249281496062992
 30
0
 11
0.0581270472440945
 21
1.0245531889763779
 31
0
  0
LINE
  5
264
330
1A
100
AcDbEntity
  8
BLACK
  6
CONTINUOUS
100
AcDbLine
 10
0.0581270472440945
 20
1.0245531889763779
 30
0
 11
0.0582977559055118
 21
1.0242977559055118
 31
0
  0
LINE
  5
265
330
1A
100
AcDbEntity
  8
BLACK
  6
CONTINUOUS
100
AcDbLine
 10
0.0582977559055118
 20
1.0242977559055118
 30
0
 11
0.0582977559055118
 21
1.0236950787401575
 31
0
  0
LINE
  5
266
330
1A
100
AcDbEntity
  8
BLACK
  6
CONTINUOUS
100
AcDbLine
 10
0.0582977559055118
 20
1.0236950787401575
 30
0
 11
0.0578716141732283
 21
1.023268937007874
 31
0
  0
LINE
  5
267
330
1A
100
AcDbEntity
  8
BLACK
  6
CONTINUOUS
100
AcDbLine
 10
0.0578716141732283
 20
1.023268937007874
 30
0
 11
0.057268937007874
 21
1.023268937007874
 31
0
  0
LINE
  5
268
330
1A
100
AcDbEntity
  8
BLACK
  6
CONTINUOUS
100
AcDbLine
 10
0.057268937007874
 20
1.023268937007874
 30
0
 11
0.0570135039370079
 21
1.0234396456692914
 31
0
  0
LINE
  5
269
330
1A
100
AcDbEntity
  8
BLACK
  6
CONTINUOUS
100
AcDbLine
 10
0.0570135039370079
 20
1.0234396456692914
 30
0
 11
0.05677
 21
1.0236831496062992
 31
0
  0
LINE
  5
26A
330
1A
100
AcDbEntity
  8
BLACK
  6
CONTINUOUS
100
AcDbLine
 10
0.05677
 20
1.0236831496062992
 30
0
 11
0.0559426377952756
 21
1.0239589370078739
 31
0
  0
LINE
  5
26B
330
1A
100
AcDbEntity
  8
BLACK
  6
CONTINUOUS
100
AcDbLine
 10
0.0559426377952756
 20
1.0239589370078739
 30
0
 11
0.0554482677165354
 21
1.0239589370078739
 31
0
  0
LINE
  5
26C
330
1A
100
AcDbEntity
  8
BLACK
  6
CONTINUOUS
100
AcDbLine
 10
0.0554482677165354
 20
1.0239589370078739
 30
0
 11
0.0546209842519685
 21
1.0236831496062992
 31
0
  0
LINE
  5
26D
330
1A
100
AcDbEntity
  8
BLACK
  6
CONTINUOUS
100
AcDbLine
 10
0.0546209842519685
 20
1.0236831496062992
 30
0
 11
0.0540929527559055
 21
1.0231551181102363
 31
0
  0
LINE
  5
26E
330
1A
100
AcDbEntity
  8
BLACK
  6
CONTINUOUS
100
AcDbLine
 10
0.0540929527559055
 20
1.0231551181102363
 30
0
 11
0.0538137795275591
 21
1.0225967716535433
 31
0
  0
LINE
  5
26F
330
1A
100
AcDbEntity
  8
BLACK
  6
CONTINUOUS
100
AcDbLine
 10
0.0538137795275591
 20
1.0225967716535433
 30
0
 11
0.0534833070866142
 21
1.0212747637795276
 31
0
  0
LINE
  5
270
330
1A
100
AcDbEntity
  8
BLACK
  6
CONTINUOUS
100
AcDbLine
 10
0.0534833070866142
 20
1.0212747637795276
 30
0
 11
0.0534833070866142
 21
1.0203438976377952
 31
0
  0
LINE
  5
271
330
1A
100
AcDbEntity
  8
BLACK
  6
CONTINUOUS
100
AcDbLine
 10
0.0534833070866142
 20
1.0203438976377952
 30
0
 11
0.0538137795275591
 21
1.0190219291338583
 31
0
  0
LINE
  5
272
330
1A
100
AcDbEntity
  8
BLACK
  6
CONTINUOUS
100
AcDbLine
 10
0.0538137795275591
 20
1.0190219291338583
 30
0
 11
0.0540929133858268
 21
1.0184635826771653
 31
0
  0
LINE
  5
273
330
1A
100
AcDbEntity
  8
BLACK
  6
CONTINUOUS
100
AcDbLine
 10
0.0540929133858268
 20
1.0184635826771653
 30
0
 11
0.0546209842519685
 21
1.0179355118110236
 31
0
  0
LINE
  5
274
330
1A
100
AcDbEntity
  8
BLACK
  6
CONTINUOUS
100
AcDbLine
 10
0.0546209842519685
 20
1.0179355118110236
 30
0
 11
0.0554483464566929
 21
1.0176597244094487
 31
0
  0
LINE
  5
275
330
1A
100
AcDbEntity
  8
BLACK
  6
CONTINUOUS
100
AcDbLine
 10
0.0554483464566929
 20
1.0176597244094487
 30
0
 11
0.0559426771653543
 21
1.0176597244094487
 31
0
  0
LINE
  5
276
330
1A
100
AcDbEntity
  8
BLACK
  6
CONTINUOUS
100
AcDbLine
 10
0.0559426771653543
 20
1.0176597244094487
 30
0
 11
0.05677
 21
1.0179355118110236
 31
0
  0
LINE
  5
277
330
1A
100
AcDbEntity
  8
BLACK
  6
CONTINUOUS
100
AcDbLine
 10
0.05677
 20
1.0179355118110236
 30
0
 11
0.0570135039370079
 21
1.0181789763779527
 31
0
  0
LINE
  5
278
330
1A
100
AcDbEntity
  8
BLACK
  6
CONTINUOUS
100
AcDbLine
 10
0.0570135039370079
 20
1.0181789763779527
 30
0
 11
0.057268937007874
 21
1.0183496850393701
 31
0
  0
LINE
  5
279
330
1A
100
AcDbEntity
  8
BLACK
  6
CONTINUOUS
100
AcDbLine
 10
0.057268937007874
 20
1.0183496850393701
 30
0
 11
0.0578716141732283
 21
1.0183496850393701
 31
0
  0
LINE
  5
27A
330
1A
100
AcDbEntity
  8
BLACK
  6
CONTINUOUS
100
AcDbLine
 10
0.0578716141732283
 20
1.0183496850393701
 30
0
 11
0.0582977559055118
 21
1.0179235433070866
 31
0
  0
LINE
  5
27B
330
1A
100
AcDbEntity
  8
BLACK
  6
CONTINUOUS
100
AcDbLine
 10
0.0582977559055118
 20
1.0179235433070866
 30
0
 11
0.0582977559055118
 21
1.0173208661417323
 31
0
  0
LINE
  5
27C
330
1A
100
AcDbEntity
  8
BLACK
  6
CONTINUOUS
100
AcDbLine
 10
0.0582977559055118
 20
1.0173208661417323
 30
0
 11
0.0581270472440945
 21
1.0170654330708662
 31
0
  0
LINE
  5
27D
330
1A
100
AcDbEntity
  8
BLACK
  6
CONTINUOUS
100
AcDbLine
 10
0.0581270472440945
 20
1.0170654330708662
 30
0
 11
0.0577520866141732
 21
1.0166904724409449
 31
0
  0
LINE
  5
27E
330
1A
100
AcDbEntity
  8
BLACK
  6
CONTINUOUS
100
AcDbLine
 10
0.0577520866141732
 20
1.0166904724409449
 30
0
 11
0.0577192913385827
 21
1.0166685826771653
 31
0
  0
LINE
  5
27F
330
1A
100
AcDbEntity
  8
BLACK
  6
CONTINUOUS
100
AcDbLine
 10
0.0577192913385827
 20
1.0166685826771653
 30
0
 11
0.0577112204724409
 21
1.0166523622047243
 31
0
  0
LINE
  5
280
330
1A
100
AcDbEntity
  8
BLACK
  6
CONTINUOUS
100
AcDbLine
 10
0.0577112204724409
 20
1.0166523622047243
 30
0
 11
0.0576014566929134
 21
1.0165898425196851
 31
0
  0
LINE
  5
281
330
1A
100
AcDbEntity
  8
BLACK
  6
CONTINUOUS
100
AcDbLine
 10
0.0576014566929134
 20
1.0165898425196851
 30
0
 11
0.0574966535433071
 21
1.0165197637795276
 31
0
  0
LINE
  5
282
330
1A
100
AcDbEntity
  8
BLACK
  6
CONTINUOUS
100
AcDbLine
 10
0.0574966535433071
 20
1.0165197637795276
 30
0
 11
0.0574785433070866
 21
1.0165197637795276
 31
0
  0
LINE
  5
283
330
1A
100
AcDbEntity
  8
BLACK
  6
CONTINUOUS
100
AcDbLine
 10
0.0574785433070866
 20
1.0165197637795276
 30
0
 11
0.0574442913385827
 21
1.0165002362204725
 31
0
  0
LINE
  5
284
330
1A
100
AcDbEntity
  8
BLACK
  6
CONTINUOUS
100
AcDbLine
 10
0.0574442913385827
 20
1.0165002362204725
 30
0
 11
0.0563194488188976
 21
1.01612531496063
 31
0
  0
LINE
  5
285
330
1A
100
AcDbEntity
  8
BLACK
  6
CONTINUOUS
100
AcDbLine
 10
0.0563194488188976
 20
1.01612531496063
 30
0
 11
0.0561941732283465
 21
1.016109527559055
 31
0
  0
LINE
  5
286
330
1A
100
AcDbEntity
  8
BLACK
  6
CONTINUOUS
100
AcDbLine
 10
0.0561941732283465
 20
1.016109527559055
 30
0
 11
0.0560704724409449
 21
1.0160849212598424
 31
0
  0
LINE
  5
287
330
1A
100
AcDbEntity
  8
BLACK
  6
CONTINUOUS
100
AcDbLine
 10
0.0560704724409449
 20
1.0160849212598424
 30
0
 11
0.0553205511811024
 21
1.0160849212598424
 31
0
  0
LINE
  5
288
330
1A
100
AcDbEntity
  8
BLACK
  6
CONTINUOUS
100
AcDbLine
 10
0.0553205511811024
 20
1.0160849212598424
 30
0
 11
0.055196811023622
 21
1.016109527559055
 31
0
  0
LINE
  5
289
330
1A
100
AcDbEntity
  8
BLACK
  6
CONTINUOUS
100
AcDbLine
 10
0.055196811023622
 20
1.016109527559055
 30
0
 11
0.0550715748031496
 21
1.01612531496063
 31
0
  0
LINE
  5
28A
330
1A
100
AcDbEntity
  8
BLACK
  6
CONTINUOUS
100
AcDbLine
 10
0.0550715748031496
 20
1.01612531496063
 30
0
 11
0.0539467322834646
 21
1.0165002362204725
 31
0
  0
LINE
  5
28B
330
1A
100
AcDbEntity
  8
BLACK
  6
CONTINUOUS
100
AcDbLine
 10
0.0539467322834646
 20
1.0165002362204725
 30
0
 11
0.0539124803149606
 21
1.0165197637795276
 31
0
  0
LINE
  5
28C
330
1A
100
AcDbEntity
  8
BLACK
  6
CONTINUOUS
100
AcDbLine
 10
0.0539124803149606
 20
1.0165197637795276
 30
0
 11
0.0538943700787402
 21
1.0165197637795276
 31
0
  0
LINE
  5
28D
330
1A
100
AcDbEntity
  8
BLACK
  6
CONTINUOUS
100
AcDbLine
 10
0.0538943700787402
 20
1.0165197637795276
 30
0
 11
0.0537895275590551
 21
1.0165898425196851
 31
0
  0
LINE
  5
28E
330
1A
100
AcDbEntity
  8
BLACK
  6
CONTINUOUS
100
AcDbLine
 10
0.0537895275590551
 20
1.0165898425196851
 30
0
 11
0.0536798031496063
 21
1.0166523622047243
 31
0
  0
LINE
  5
28F
330
1A
100
AcDbEntity
  8
BLACK
  6
CONTINUOUS
100
AcDbLine
 10
0.0536798031496063
 20
1.0166523622047243
 30
0
 11
0.0536716929133858
 21
1.0166685826771653
 31
0
  0
LINE
  5
290
330
1A
100
AcDbEntity
  8
BLACK
  6
CONTINUOUS
100
AcDbLine
 10
0.0536716929133858
 20
1.0166685826771653
 30
0
 11
0.053638937007874
 21
1.0166904724409449
 31
0
  0
LINE
  5
291
330
1A
100
AcDbEntity
  8
BLACK
  6
CONTINUOUS
100
AcDbLine
 10
0.053638937007874
 20
1.0166904724409449
 30
0
 11
0.0528890157480315
 21
1.0174403937007874
 31
0
  0
LINE
  5
292
330
1A
100
AcDbEntity
  8
BLACK
  6
CONTINUOUS
100
AcDbLine
 10
0.0528890157480315
 20
1.0174403937007874
 30
0
 11
0.0528189763779528
 21
1.0175451968503937
 31
0
  0
LINE
  5
293
330
1A
100
AcDbEntity
  8
BLACK
  6
CONTINUOUS
100
AcDbLine
 10
0.0528189763779528
 20
1.0175451968503937
 30
0
 11
0.0527414960629921
 21
1.0176450393700787
 31
0
  0
LINE
  5
294
330
1A
100
AcDbEntity
  8
BLACK
  6
CONTINUOUS
100
AcDbLine
 10
0.0527414960629921
 20
1.0176450393700787
 30
0
 11
0.0523665748031496
 21
1.0183949606299212
 31
0
  0
LINE
  5
295
330
1A
100
AcDbEntity
  8
BLACK
  6
CONTINUOUS
100
AcDbLine
 10
0.0523665748031496
 20
1.0183949606299212
 30
0
 11
0.0523437795275591
 21
1.0184781889763779
 31
0
  0
LINE
  5
296
330
1A
100
AcDbEntity
  8
BLACK
  6
CONTINUOUS
100
AcDbLine
 10
0.0523437795275591
 20
1.0184781889763779
 30
0
 11
0.052306968503937
 21
1.0185561417322835
 31
0
  0
LINE
  5
297
330
1A
100
AcDbEntity
  8
BLACK
  6
CONTINUOUS
100
AcDbLine
 10
0.052306968503937
 20
1.0185561417322835
 30
0
 11
0.0519320078740157
 21
1.020055905511811
 31
0
  0
LINE
  5
298
330
1A
100
AcDbEntity
  8
BLACK
  6
CONTINUOUS
100
AcDbLine
 10
0.0519320078740157
 20
1.020055905511811
 30
0
 11
0.0519272834645669
 21
1.0201523622047244
 31
0
  0
LINE
  5
299
330
1A
100
AcDbEntity
  8
BLACK
  6
CONTINUOUS
100
AcDbLine
 10
0.0519272834645669
 20
1.0201523622047244
 30
0
 11
0.0519085039370079
 21
1.0202468897637795
 31
0
  0
LINE
  5
29A
330
1A
100
AcDbEntity
  8
BLACK
  6
CONTINUOUS
100
AcDbLine
 10
0.0519085039370079
 20
1.0202468897637795
 30
0
 11
0.0519085039370079
 21
1.0213717322834646
 31
0
  0
LINE
  5
29B
330
1A
100
AcDbEntity
  8
BLACK
  6
CONTINUOUS
100
AcDbLine
 10
0.0519085039370079
 20
1.0213717322834646
 30
0
 11
0.0519272834645669
 21
1.0214662992125985
 31
0
  0
LINE
  5
29C
330
1A
100
AcDbEntity
  8
BLACK
  6
CONTINUOUS
100
AcDbLine
 10
0.0519272834645669
 20
1.0214662992125985
 30
0
 11
0.0519320078740157
 21
1.0215627165354331
 31
0
  0
LINE
  5
29D
330
1A
100
AcDbEntity
  8
BLACK
  6
CONTINUOUS
100
AcDbLine
 10
0.0519320078740157
 20
1.0215627165354331
 30
0
 11
0.052306968503937
 21
1.0230625196850394
 31
0
  0
LINE
  5
29E
330
1A
100
AcDbEntity
  8
BLACK
  6
CONTINUOUS
100
AcDbLine
 10
0.052306968503937
 20
1.0230625196850394
 30
0
 11
0.0523437795275591
 21
1.0231405118110235
 31
0
  0
LINE
  5
29F
330
1A
100
AcDbEntity
  8
BLACK
  6
CONTINUOUS
100
AcDbLine
 10
0.0523437795275591
 20
1.0231405118110235
 30
0
 11
0.0523665748031496
 21
1.0232237007874017
 31
0
  0
LINE
  5
2A0
330
1A
100
AcDbEntity
  8
BLACK
  6
CONTINUOUS
100
AcDbLine
 10
0.0523665748031496
 20
1.0232237007874017
 30
0
 11
0.0527414960629921
 21
1.0239735826771654
 31
0
  0
LINE
  5
2A1
330
1A
100
AcDbEntity
  8
BLACK
  6
CONTINUOUS
100
AcDbLine
 10
0.0527414960629921
 20
1.0239735826771654
 30
0
 11
0.0528189763779528
 21
1.0240734645669292
 31
0
  0
LINE
  5
2A2
330
1A
100
AcDbEntity
  8
BLACK
  6
CONTINUOUS
100
AcDbLine
 10
0.0528189763779528
 20
1.0240734645669292
 30
0
 11
0.0528890157480315
 21
1.0241782283464567
 31
0
  0
LINE
  5
2A3
330
1A
100
AcDbEntity
  8
BLACK
  6
CONTINUOUS
100
AcDbLine
 10
0.0528890157480315
 20
1.0241782283464567
 30
0
 11
0.053638937007874
 21
1.0249281496062992
 31
0
  0
LINE
  5
2A4
330
1A
100
AcDbEntity
  8
BLACK
  6
CONTINUOUS
100
AcDbLine
 10
0.053638937007874
 20
1.0249281496062992
 30
0
 11
0.0536716535433071
 21
1.0249500393700788
 31
0
  0
LINE
  5
2A5
330
1A
100
AcDbEntity
  8
BLACK
  6
CONTINUOUS
100
AcDbLine
 10
0.0536716535433071
 20
1.0249500393700788
 30
0
 11
0.0536797637795276
 21
1.024966220472441
 31
0
  0
LINE
  5
2A6
330
1A
100
AcDbEntity
  8
BLACK
  6
CONTINUOUS
100
AcDbLine
 10
0.0536797637795276
 20
1.024966220472441
 30
0
 11
0.0537895275590551
 21
1.0250288188976378
 31
0
  0
LINE
  5
2A7
330
1A
100
AcDbEntity
  8
BLACK
  6
CONTINUOUS
100
AcDbLine
 10
0.0537895275590551
 20
1.0250288188976378
 30
0
 11
0.0538943700787402
 21
1.0250988582677165
 31
0
  0
LINE
  5
2A8
330
1A
100
AcDbEntity
  8
BLACK
  6
CONTINUOUS
100
AcDbLine
 10
0.0538943700787402
 20
1.0250988582677165
 30
0
 11
0.0539124409448819
 21
1.0250988582677165
 31
0
  0
LINE
  5
2A9
330
1A
100
AcDbEntity
  8
BLACK
  6
CONTINUOUS
100
AcDbLine
 10
0.0539124409448819
 20
1.0250988582677165
 30
0
 11
0.0539466929133858
 21
1.0251183858267716
 31
0
  0
LINE
  5
2AA
330
1A
100
AcDbEntity
  8
BLACK
  6
CONTINUOUS
100
AcDbLine
 10
0.0539466929133858
 20
1.0251183858267716
 30
0
 11
0.0550715748031496
 21
1.0254933464566929
 31
0
  0
LINE
  5
2AB
330
1A
100
AcDbEntity
  8
BLACK
  6
CONTINUOUS
100
AcDbLine
 10
0.0550715748031496
 20
1.0254933464566929
 30
0
 11
0.055196811023622
 21
1.0255091732283463
 31
0
  0
LINE
  5
2AC
330
1A
100
AcDbEntity
  8
BLACK
  6
CONTINUOUS
100
AcDbLine
 10
0.055196811023622
 20
1.0255091732283463
 30
0
 11
0.0553205511811024
 21
1.0255337401574802
 31
0
  0
LINE
  5
2AD
330
1A
100
AcDbEntity
  8
BLACK
  6
CONTINUOUS
100
AcDbLine
 10
0.0553205511811024
 20
1.0255337401574802
 30
0
 11
0.0560704724409449
 21
1.0255337401574802
 31
0
  0
LINE
  5
2AE
330
1A
100
AcDbEntity
  8
BLACK
  6
CONTINUOUS
100
AcDbLine
 10
0.0560704724409449
 20
1.0255337401574802
 30
0
 11
0.0561941338582677
 21
1.0255091732283463
 31
0
  0
LINE
  5
2AF
330
1A
100
AcDbEntity
  8
BLACK
  6
CONTINUOUS
100
AcDbLine
 10
0.0632332283464567
 20
1.0229013779527558
 30
0
 11
0.0632503937007874
 21
1.0229070866141732
 31
0
  0
LINE
  5
2B0
330
1A
100
AcDbEntity
  8
BLACK
  6
CONTINUOUS
100
AcDbLine
 10
0.0632503937007874
 20
1.0229070866141732
 30
0
 11
0.063372125984252
 21
1.0228737795275591
 31
0
  0
LINE
  5
2B1
330
1A
100
AcDbEntity
  8
BLACK
  6
CONTINUOUS
100
AcDbLine
 10
0.063372125984252
 20
1.0228737795275591
 30
0
 11
0.063495905511811
 21
1.0228491338582677
 31
0
  0
LINE
  5
2B2
330
1A
100
AcDbEntity
  8
BLACK
  6
CONTINUOUS
100
AcDbLine
 10
0.063495905511811
 20
1.0228491338582677
 30
0
 11
0.0635086614173228
 21
1.0228363779527558
 31
0
  0
LINE
  5
2B3
330
1A
100
AcDbEntity
  8
BLACK
  6
CONTINUOUS
100
AcDbLine
 10
0.0635086614173228
 20
1.0228363779527558
 30
0
 11
0.0635466929133858
 21
1.0228259448818897
 31
0
  0
LINE
  5
2B4
330
1A
100
AcDbEntity
  8
BLACK
  6
CONTINUOUS
100
AcDbLine
 10
0.0635466929133858
 20
1.0228259448818897
 30
0
 11
0.0642966141732284
 21
1.0224509842519685
 31
0
  0
LINE
  5
2B5
330
1A
100
AcDbEntity
  8
BLACK
  6
CONTINUOUS
100
AcDbLine
 10
0.0642966141732284
 20
1.0224509842519685
 30
0
 11
0.0643962992125984
 21
1.0223736220472441
 31
0
  0
LINE
  5
2B6
330
1A
100
AcDbEntity
  8
BLACK
  6
CONTINUOUS
100
AcDbLine
 10
0.0643962992125984
 20
1.0223736220472441
 30
0
 11
0.0645012598425197
 21
1.0223034645669291
 31
0
  0
LINE
  5
2B7
330
1A
100
AcDbEntity
  8
BLACK
  6
CONTINUOUS
100
AcDbLine
 10
0.0645012598425197
 20
1.0223034645669291
 30
0
 11
0.0648762204724409
 21
1.0219285039370078
 31
0
  0
LINE
  5
2B8
330
1A
100
AcDbEntity
  8
BLACK
  6
CONTINUOUS
100
AcDbLine
 10
0.0648762204724409
 20
1.0219285039370078
 30
0
 11
0.0649462992125984
 21
1.0218236614173228
 31
0
  0
LINE
  5
2B9
330
1A
100
AcDbEntity
  8
BLACK
  6
CONTINUOUS
100
AcDbLine
 10
0.0649462992125984
 20
1.0218236614173228
 30
0
 11
0.0650237007874016
 21
1.0217238976377951
 31
0
  0
LINE
  5
2BA
330
1A
100
AcDbEntity
  8
BLACK
  6
CONTINUOUS
100
AcDbLine
 10
0.0650237007874016
 20
1.0217238976377951
 30
0
 11
0.0653986614173228
 21
1.0209740157480314
 31
0
  0
LINE
  5
2BB
330
1A
100
AcDbEntity
  8
BLACK
  6
CONTINUOUS
100
AcDbLine
 10
0.0653986614173228
 20
1.0209740157480314
 30
0
 11
0.0654090551181102
 21
1.0209360236220473
 31
0
  0
LINE
  5
2BC
330
1A
100
AcDbEntity
  8
BLACK
  6
CONTINUOUS
100
AcDbLine
 10
0.0654090551181102
 20
1.0209360236220473
 30
0
 11
0.0654218897637795
 21
1.0209231889763779
 31
0
  0
LINE
  5
2BD
330
1A
100
AcDbEntity
  8
BLACK
  6
CONTINUOUS
100
AcDbLine
 10
0.0654218897637795
 20
1.0209231889763779
 30
0
 11
0.0654464960629921
 21
1.0207992913385826
 31
0
  0
LINE
  5
2BE
330
1A
100
AcDbEntity
  8
BLACK
  6
CONTINUOUS
100
AcDbLine
 10
0.0654464960629921
 20
1.0207992913385826
 30
0
 11
0.065479842519685
 21
1.0206776771653543
 31
0
  0
LINE
  5
2BF
330
1A
100
AcDbEntity
  8
BLACK
  6
CONTINUOUS
100
AcDbLine
 10
0.065479842519685
 20
1.0206776771653543
 30
0
 11
0.065474094488189
 21
1.0206605511811024
 31
0
  0
LINE
  5
2C0
330
1A
100
AcDbEntity
  8
BLACK
  6
CONTINUOUS
100
AcDbLine
 10
0.065474094488189
 20
1.0206605511811024
 30
0
 11
0.065481811023622
 21
1.0206218503937008
 31
0
  0
LINE
  5
2C1
330
1A
100
AcDbEntity
  8
BLACK
  6
CONTINUOUS
100
AcDbLine
 10
0.065481811023622
 20
1.0206218503937008
 30
0
 11
0.065481811023622
 21
1.018372125984252
 31
0
  0
LINE
  5
2C2
330
1A
100
AcDbEntity
  8
BLACK
  6
CONTINUOUS
100
AcDbLine
 10
0.065481811023622
 20
1.018372125984252
 30
0
 11
0.065474094488189
 21
1.0183334645669291
 31
0
  0
LINE
  5
2C3
330
1A
100
AcDbEntity
  8
BLACK
  6
CONTINUOUS
100
AcDbLine
 10
0.065474094488189
 20
1.0183334645669291
 30
0
 11
0.065479842519685
 21
1.0183162992125985
 31
0
  0
LINE
  5
2C4
330
1A
100
AcDbEntity
  8
BLACK
  6
CONTINUOUS
100
AcDbLine
 10
0.065479842519685
 20
1.0183162992125985
 30
0
 11
0.0654464960629921
 21
1.0181947244094487
 31
0
  0
LINE
  5
2C5
330
1A
100
AcDbEntity
  8
BLACK
  6
CONTINUOUS
100
AcDbLine
 10
0.0654464960629921
 20
1.0181947244094487
 30
0
 11
0.0654218897637795
 21
1.0180707874015749
 31
0
  0
LINE
  5
2C6
330
1A
100
AcDbEntity
  8
BLACK
  6
CONTINUOUS
100
AcDbLine
 10
0.0654218897637795
 20
1.0180707874015749
 30
0
 11
0.0654090551181102
 21
1.0180579921259842
 31
0
  0
LINE
  5
2C7
330
1A
100
AcDbEntity
  8
BLACK
  6
CONTINUOUS
100
AcDbLine
 10
0.0654090551181102
 20
1.0180579921259842
 30
0
 11
0.0653986614173228
 21
1.0180199606299212
 31
0
  0
LINE
  5
2C8
330
1A
100
AcDbEntity
  8
BLACK
  6
CONTINUOUS
100
AcDbLine
 10
0.0653986614173228
 20
1.0180199606299212
 30
0
 11
0.0650237401574803
 21
1.0172700787401574
 31
0
  0
LINE
  5
2C9
330
1A
100
AcDbEntity
  8
BLACK
  6
CONTINUOUS
100
AcDbLine
 10
0.0650237401574803
 20
1.0172700787401574
 30
0
 11
0.0649462598425197
 21
1.0171702755905512
 31
0
  0
LINE
  5
2CA
330
1A
100
AcDbEntity
  8
BLACK
  6
CONTINUOUS
100
AcDbLine
 10
0.0649462598425197
 20
1.0171702755905512
 30
0
 11
0.0648762204724409
 21
1.0170654330708662
 31
0
  0
LINE
  5
2CB
330
1A
100
AcDbEntity
  8
BLACK
  6
CONTINUOUS
100
AcDbLine
 10
0.0648762204724409
 20
1.0170654330708662
 30
0
 11
0.0645012598425197
 21
1.0166904724409449
 31
0
  0
LINE
  5
2CC
330
1A
100
AcDbEntity
  8
BLACK
  6
CONTINUOUS
100
AcDbLine
 10
0.0645012598425197
 20
1.0166904724409449
 30
0
 11
0.0643964566929134
 21
1.0166204724409449
 31
0
  0
LINE
  5
2CD
330
1A
100
AcDbEntity
  8
BLACK
  6
CONTINUOUS
100
AcDbLine
 10
0.0643964566929134
 20
1.0166204724409449
 30
0
 11
0.0642966141732284
 21
1.0165429527559056
 31
0
  0
LINE
  5
2CE
330
1A
100
AcDbEntity
  8
BLACK
  6
CONTINUOUS
100
AcDbLine
 10
0.0642966141732284
 20
1.0165429527559056
 30
0
 11
0.0635466929133858
 21
1.0161680314960631
 31
0
  0
LINE
  5
2CF
330
1A
100
AcDbEntity
  8
BLACK
  6
CONTINUOUS
100
AcDbLine
 10
0.0635466929133858
 20
1.0161680314960631
 30
0
 11
0.0635086614173228
 21
1.0161576377952755
 31
0
  0
LINE
  5
2D0
330
1A
100
AcDbEntity
  8
BLACK
  6
CONTINUOUS
100
AcDbLine
 10
0.0635086614173228
 20
1.0161576377952755
 30
0
 11
0.063495905511811
 21
1.0161448425196851
 31
0
  0
LINE
  5
2D1
330
1A
100
AcDbEntity
  8
BLACK
  6
CONTINUOUS
100
AcDbLine
 10
0.063495905511811
 20
1.0161448425196851
 30
0
 11
0.0633720472440945
 21
1.0161202362204724
 31
0
  0
LINE
  5
2D2
330
1A
100
AcDbEntity
  8
BLACK
  6
CONTINUOUS
100
AcDbLine
 10
0.0633720472440945
 20
1.0161202362204724
 30
0
 11
0.0632503543307087
 21
1.0160868897637796
 31
0
  0
LINE
  5
2D3
330
1A
100
AcDbEntity
  8
BLACK
  6
CONTINUOUS
100
AcDbLine
 10
0.0632503543307087
 20
1.0160868897637796
 30
0
 11
0.0632331889763779
 21
1.0160926377952755
 31
0
  0
LINE
  5
2D4
330
1A
100
AcDbEntity
  8
BLACK
  6
CONTINUOUS
100
AcDbLine
 10
0.0632331889763779
 20
1.0160926377952755
 30
0
 11
0.0631945669291339
 21
1.0160849212598424
 31
0
  0
LINE
  5
2D5
330
1A
100
AcDbEntity
  8
BLACK
  6
CONTINUOUS
100
AcDbLine
 10
0.0631945669291339
 20
1.0160849212598424
 30
0
 11
0.0620697244094488
 21
1.0160849212598424
 31
0
  0
LINE
  5
2D6
330
1A
100
AcDbEntity
  8
BLACK
  6
CONTINUOUS
100
AcDbLine
 10
0.0620697244094488
 20
1.0160849212598424
 30
0
 11
0.062031062992126
 21
1.0160926377952755
 31
0
  0
LINE
  5
2D7
330
1A
100
AcDbEntity
  8
BLACK
  6
CONTINUOUS
100
AcDbLine
 10
0.062031062992126
 20
1.0160926377952755
 30
0
 11
0.062013937007874
 21
1.0160868897637796
 31
0
  0
LINE
  5
2D8
330
1A
100
AcDbEntity
  8
BLACK
  6
CONTINUOUS
100
AcDbLine
 10
0.062013937007874
 20
1.0160868897637796
 30
0
 11
0.0618922440944882
 21
1.0161202362204724
 31
0
  0
LINE
  5
2D9
330
1A
100
AcDbEntity
  8
BLACK
  6
CONTINUOUS
100
AcDbLine
 10
0.0618922440944882
 20
1.0161202362204724
 30
0
 11
0.0617683858267717
 21
1.0161448425196851
 31
0
  0
LINE
  5
2DA
330
1A
100
AcDbEntity
  8
BLACK
  6
CONTINUOUS
100
AcDbLine
 10
0.0617683858267717
 20
1.0161448425196851
 30
0
 11
0.0617555511811024
 21
1.0161576771653542
 31
0
  0
LINE
  5
2DB
330
1A
100
AcDbEntity
  8
BLACK
  6
CONTINUOUS
100
AcDbLine
 10
0.0617555511811024
 20
1.0161576771653542
 30
0
 11
0.0617176377952756
 21
1.0161680314960631
 31
0
  0
LINE
  5
2DC
330
1A
100
AcDbEntity
  8
BLACK
  6
CONTINUOUS
100
AcDbLine
 10
0.0617176377952756
 20
1.0161680314960631
 30
0
 11
0.0609676771653543
 21
1.0165429527559056
 31
0
  0
LINE
  5
2DD
330
1A
100
AcDbEntity
  8
BLACK
  6
CONTINUOUS
100
AcDbLine
 10
0.0609676771653543
 20
1.0165429527559056
 30
0
 11
0.0608678346456693
 21
1.0166204330708661
 31
0
  0
LINE
  5
2DE
330
1A
100
AcDbEntity
  8
BLACK
  6
CONTINUOUS
100
AcDbLine
 10
0.0608678346456693
 20
1.0166204330708661
 30
0
 11
0.0607629921259843
 21
1.0166905118110237
 31
0
  0
LINE
  5
2DF
330
1A
100
AcDbEntity
  8
BLACK
  6
CONTINUOUS
100
AcDbLine
 10
0.0607629921259843
 20
1.0166905118110237
 30
0
 11
0.0603880708661417
 21
1.0170654724409449
 31
0
  0
LINE
  5
2E0
330
1A
100
AcDbEntity
  8
BLACK
  6
CONTINUOUS
100
AcDbLine
 10
0.0603880708661417
 20
1.0170654724409449
 30
0
 11
0.060317874015748
 21
1.0171705118110237
 31
0
  0
LINE
  5
2E1
330
1A
100
AcDbEntity
  8
BLACK
  6
CONTINUOUS
100
AcDbLine
 10
0.060317874015748
 20
1.0171705118110237
 30
0
 11
0.0602405905511811
 21
1.0172700787401574
 31
0
  0
LINE
  5
2E2
330
1A
100
AcDbEntity
  8
BLACK
  6
CONTINUOUS
100
AcDbLine
 10
0.0602405905511811
 20
1.0172700787401574
 30
0
 11
0.0598656299212598
 21
1.0180199999999999
 31
0
  0
LINE
  5
2E3
330
1A
100
AcDbEntity
  8
BLACK
  6
CONTINUOUS
100
AcDbLine
 10
0.0598656299212598
 20
1.0180199999999999
 30
0
 11
0.0598551968503937
 21
1.018058031496063
 31
0
  0
LINE
  5
2E4
330
1A
100
AcDbEntity
  8
BLACK
  6
CONTINUOUS
100
AcDbLine
 10
0.0598551968503937
 20
1.018058031496063
 30
0
 11
0.0598424409448819
 21
1.0180707874015749
 31
0
  0
LINE
  5
2E5
330
1A
100
AcDbEntity
  8
BLACK
  6
CONTINUOUS
100
AcDbLine
 10
0.0598424409448819
 20
1.0180707874015749
 30
0
 11
0.0598177952755906
 21
1.0181945669291339
 31
0
  0
LINE
  5
2E6
330
1A
100
AcDbEntity
  8
BLACK
  6
CONTINUOUS
100
AcDbLine
 10
0.0598177952755906
 20
1.0181945669291339
 30
0
 11
0.0597844881889764
 21
1.0183162992125985
 31
0
  0
LINE
  5
2E7
330
1A
100
AcDbEntity
  8
BLACK
  6
CONTINUOUS
100
AcDbLine
 10
0.0597844881889764
 20
1.0183162992125985
 30
0
 11
0.0597901968503937
 21
1.0183334645669291
 31
0
  0
LINE
  5
2E8
330
1A
100
AcDbEntity
  8
BLACK
  6
CONTINUOUS
100
AcDbLine
 10
0.0597901968503937
 20
1.0183334645669291
 30
0
 11
0.0597825196850394
 21
1.018372125984252
 31
0
  0
LINE
  5
2E9
330
1A
100
AcDbEntity
  8
BLACK
  6
CONTINUOUS
100
AcDbLine
 10
0.0597825196850394
 20
1.018372125984252
 30
0
 11
0.0597825196850394
 21
1.0206218503937008
 31
0
  0
LINE
  5
2EA
330
1A
100
AcDbEntity
  8
BLACK
  6
CONTINUOUS
100
AcDbLine
 10
0.0597825196850394
 20
1.0206218503937008
 30
0
 11
0.0597901968503937
 21
1.0206605511811024
 31
0
  0
LINE
  5
2EB
330
1A
100
AcDbEntity
  8
BLACK
  6
CONTINUOUS
100
AcDbLine
 10
0.0597901968503937
 20
1.0206605511811024
 30
0
 11
0.0597844881889764
 21
1.0206776771653543
 31
0
  0
LINE
  5
2EC
330
1A
100
AcDbEntity
  8
BLACK
  6
CONTINUOUS
100
AcDbLine
 10
0.0597844881889764
 20
1.0206776771653543
 30
0
 11
0.0598177952755906
 21
1.0207992913385826
 31
0
  0
LINE
  5
2ED
330
1A
100
AcDbEntity
  8
BLACK
  6
CONTINUOUS
100
AcDbLine
 10
0.0598177952755906
 20
1.0207992913385826
 30
0
 11
0.0598424409448819
 21
1.0209231889763779
 31
0
  0
LINE
  5
2EE
330
1A
100
AcDbEntity
  8
BLACK
  6
CONTINUOUS
100
AcDbLine
 10
0.0598424409448819
 20
1.0209231889763779
 30
0
 11
0.0598552362204724
 21
1.0209360236220473
 31
0
  0
LINE
  5
2EF
330
1A
100
AcDbEntity
  8
BLACK
  6
CONTINUOUS
100
AcDbLine
 10
0.0598552362204724
 20
1.0209360236220473
 30
0
 11
0.0598656692913386
 21
1.0209740157480314
 31
0
  0
LINE
  5
2F0
330
1A
100
AcDbEntity
  8
BLACK
  6
CONTINUOUS
100
AcDbLine
 10
0.0598656692913386
 20
1.0209740157480314
 30
0
 11
0.0602405905511811
 21
1.0217238582677166
 31
0
  0
LINE
  5
2F1
330
1A
100
AcDbEntity
  8
BLACK
  6
CONTINUOUS
100
AcDbLine
 10
0.0602405905511811
 20
1.0217238582677166
 30
0
 11
0.060317874015748
 21
1.0218234645669291
 31
0
  0
LINE
  5
2F2
330
1A
100
AcDbEntity
  8
BLACK
  6
CONTINUOUS
100
AcDbLine
 10
0.060317874015748
 20
1.0218234645669291
 30
0
 11
0.0603880708661417
 21
1.0219284645669291
 31
0
  0
LINE
  5
2F3
330
1A
100
AcDbEntity
  8
BLACK
  6
CONTINUOUS
100
AcDbLine
 10
0.0603880708661417
 20
1.0219284645669291
 30
0
 11
0.0607629921259843
 21
1.0223034251968504
 31
0
  0
LINE
  5
2F4
330
1A
100
AcDbEntity
  8
BLACK
  6
CONTINUOUS
100
AcDbLine
 10
0.0607629921259843
 20
1.0223034251968504
 30
0
 11
0.060867874015748
 21
1.0223735433070866
 31
0
  0
LINE
  5
2F5
330
1A
100
AcDbEntity
  8
BLACK
  6
CONTINUOUS
100
AcDbLine
 10
0.060867874015748
 20
1.0223735433070866
 30
0
 11
0.0609676771653543
 21
1.0224509842519685
 31
0
  0
LINE
  5
2F6
330
1A
100
AcDbEntity
  8
BLACK
  6
CONTINUOUS
100
AcDbLine
 10
0.0609676771653543
 20
1.0224509842519685
 30
0
 11
0.0617175590551181
 21
1.022825905511811
 31
0
  0
LINE
  5
2F7
330
1A
100
AcDbEntity
  8
BLACK
  6
CONTINUOUS
100
AcDbLine
 10
0.0617175590551181
 20
1.022825905511811
 30
0
 11
0.0617555511811024
 21
1.0228363385826771
 31
0
  0
LINE
  5
2F8
330
1A
100
AcDbEntity
  8
BLACK
  6
CONTINUOUS
100
AcDbLine
 10
0.0617555511811024
 20
1.0228363385826771
 30
0
 11
0.0617683858267717
 21
1.0228491338582677
 31
0
  0
LINE
  5
2F9
330
1A
100
AcDbEntity
  8
BLACK
  6
CONTINUOUS
100
AcDbLine
 10
0.0617683858267717
 20
1.0228491338582677
 30
0
 11
0.0618922834645669
 21
1.0228737795275591
 31
0
  0
LINE
  5
2FA
330
1A
100
AcDbEntity
  8
BLACK
  6
CONTINUOUS
100
AcDbLine
 10
0.0618922834645669
 20
1.0228737795275591
 30
0
 11
0.0620138976377953
 21
1.0229070866141732
 31
0
  0
LINE
  5
2FB
330
1A
100
AcDbEntity
  8
BLACK
  6
CONTINUOUS
100
AcDbLine
 10
0.0620138976377953
 20
1.0229070866141732
 30
0
 11
0.0620310236220472
 21
1.0229013779527558
 31
0
  0
LINE
  5
2FC
330
1A
100
AcDbEntity
  8
BLACK
  6
CONTINUOUS
100
AcDbLine
 10
0.0620310236220472
 20
1.0229013779527558
 30
0
 11
0.0620697244094488
 21
1.0229090551181101
 31
0
  0
LINE
  5
2FD
330
1A
100
AcDbEntity
  8
BLACK
  6
CONTINUOUS
100
AcDbLine
 10
0.0620697244094488
 20
1.0229090551181101
 30
0
 11
0.0631945669291339
 21
1.0229090551181101
 31
0
  0
LINE
  5
2FE
330
1A
100
AcDbEntity
  8
BLACK
  6
CONTINUOUS
100
AcDbLine
 10
0.0631945669291339
 20
1.0229090551181101
 30
0
 11
0.0632332283464567
 21
1.0229013779527558
 31
0
  0
LINE
  5
2FF
330
1A
100
AcDbEntity
  8
BLACK
  6
CONTINUOUS
100
AcDbLine
 10
0.0617862598425197
 20
1.0210995669291338
 30
0
 11
0.061591968503937
 21
1.02090531496063
 31
0
  0
LINE
  5
300
330
1A
100
AcDbEntity
  8
BLACK
  6
CONTINUOUS
100
AcDbLine
 10
0.061591968503937
 20
1.02090531496063
 30
0
 11
0.0613573228346457
 21
1.0204359842519686
 31
0
  0
LINE
  5
301
330
1A
100
AcDbEntity
  8
BLACK
  6
CONTINUOUS
100
AcDbLine
 10
0.0613573228346457
 20
1.0204359842519686
 30
0
 11
0.0613573228346457
 21
1.0185580314960629
 31
0
  0
LINE
  5
302
330
1A
100
AcDbEntity
  8
BLACK
  6
CONTINUOUS
100
AcDbLine
 10
0.0613573228346457
 20
1.0185580314960629
 30
0
 11
0.0615920078740157
 21
1.018088622047244
 31
0
  0
LINE
  5
303
330
1A
100
AcDbEntity
  8
BLACK
  6
CONTINUOUS
100
AcDbLine
 10
0.0615920078740157
 20
1.018088622047244
 30
0
 11
0.0617862204724409
 21
1.0178944094488189
 31
0
  0
LINE
  5
304
330
1A
100
AcDbEntity
  8
BLACK
  6
CONTINUOUS
100
AcDbLine
 10
0.0617862204724409
 20
1.0178944094488189
 30
0
 11
0.0622556299212598
 21
1.0176597244094487
 31
0
  0
LINE
  5
305
330
1A
100
AcDbEntity
  8
BLACK
  6
CONTINUOUS
100
AcDbLine
 10
0.0622556299212598
 20
1.0176597244094487
 30
0
 11
0.0630087007874016
 21
1.0176597244094487
 31
0
  0
LINE
  5
306
330
1A
100
AcDbEntity
  8
BLACK
  6
CONTINUOUS
100
AcDbLine
 10
0.0630087007874016
 20
1.0176597244094487
 30
0
 11
0.0634780708661417
 21
1.0178944094488189
 31
0
  0
LINE
  5
307
330
1A
100
AcDbEntity
  8
BLACK
  6
CONTINUOUS
100
AcDbLine
 10
0.0634780708661417
 20
1.0178944094488189
 30
0
 11
0.0636722834645669
 21
1.0180885826771653
 31
0
  0
LINE
  5
308
330
1A
100
AcDbEntity
  8
BLACK
  6
CONTINUOUS
100
AcDbLine
 10
0.0636722834645669
 20
1.0180885826771653
 30
0
 11
0.0639070078740158
 21
1.0185580314960629
 31
0
  0
LINE
  5
309
330
1A
100
AcDbEntity
  8
BLACK
  6
CONTINUOUS
100
AcDbLine
 10
0.0639070078740158
 20
1.0185580314960629
 30
0
 11
0.0639070078740158
 21
1.0204359448818898
 31
0
  0
LINE
  5
30A
330
1A
100
AcDbEntity
  8
BLACK
  6
CONTINUOUS
100
AcDbLine
 10
0.0639070078740158
 20
1.0204359448818898
 30
0
 11
0.0636723228346457
 21
1.02090531496063
 31
0
  0
LINE
  5
30B
330
1A
100
AcDbEntity
  8
BLACK
  6
CONTINUOUS
100
AcDbLine
 10
0.0636723228346457
 20
1.02090531496063
 30
0
 11
0.0634780708661417
 21
1.0210995669291338
 31
0
  0
LINE
  5
30C
330
1A
100
AcDbEntity
  8
BLACK
  6
CONTINUOUS
100
AcDbLine
 10
0.0634780708661417
 20
1.0210995669291338
 30
0
 11
0.0630086614173228
 21
1.0213342519685038
 31
0
  0
LINE
  5
30D
330
1A
100
AcDbEntity
  8
BLACK
  6
CONTINUOUS
100
AcDbLine
 10
0.0630086614173228
 20
1.0213342519685038
 30
0
 11
0.0622556299212598
 21
1.0213342519685038
 31
0
  0
LINE
  5
30E
330
1A
100
AcDbEntity
  8
BLACK
  6
CONTINUOUS
100
AcDbLine
 10
0.0622556299212598
 20
1.0213342519685038
 30
0
 11
0.0617862598425197
 21
1.0210995669291338
 31
0
  0
LINE
  5
30F
330
1A
100
AcDbEntity
  8
BLACK
  6
CONTINUOUS
100
AcDbLine
 10
0.0846055118110236
 20
1.0229013779527558
 30
0
 11
0.0846226771653543
 21
1.0229070866141732
 31
0
  0
LINE
  5
310
330
1A
100
AcDbEntity
  8
BLACK
  6
CONTINUOUS
100
AcDbLine
 10
0.0846226771653543
 20
1.0229070866141732
 30
0
 11
0.0847444094488189
 21
1.0228737795275591
 31
0
  0
LINE
  5
311
330
1A
100
AcDbEntity
  8
BLACK
  6
CONTINUOUS
100
AcDbLine
 10
0.0847444094488189
 20
1.0228737795275591
 30
0
 11
0.0848681889763779
 21
1.0228491338582677
 31
0
  0
LINE
  5
312
330
1A
100
AcDbEntity
  8
BLACK
  6
CONTINUOUS
100
AcDbLine
 10
0.0848681889763779
 20
1.0228491338582677
 30
0
 11
0.0848809448818898
 21
1.0228363779527558
 31
0
  0
LINE
  5
313
330
1A
100
AcDbEntity
  8
BLACK
  6
CONTINUOUS
100
AcDbLine
 10
0.0848809448818898
 20
1.0228363779527558
 30
0
 11
0.0849189763779528
 21
1.0228259448818897
 31
0
  0
LINE
  5
314
330
1A
100
AcDbEntity
  8
BLACK
  6
CONTINUOUS
100
AcDbLine
 10
0.0849189763779528
 20
1.0228259448818897
 30
0
 11
0.0856688976377953
 21
1.0224509842519685
 31
0
  0
LINE
  5
315
330
1A
100
AcDbEntity
  8
BLACK
  6
CONTINUOUS
100
AcDbLine
 10
0.0856688976377953
 20
1.0224509842519685
 30
0
 11
0.0857926771653543
 21
1.0223549212598424
 31
0
  0
LINE
  5
316
330
1A
100
AcDbEntity
  8
BLACK
  6
CONTINUOUS
100
AcDbLine
 10
0.0857926771653543
 20
1.0223549212598424
 30
0
 11
0.0858326771653543
 21
1.0223415748031497
 31
0
  0
LINE
  5
317
330
1A
100
AcDbEntity
  8
BLACK
  6
CONTINUOUS
100
AcDbLine
 10
0.0858326771653543
 20
1.0223415748031497
 30
0
 11
0.0858672047244095
 21
1.0222970866141732
 31
0
  0
LINE
  5
318
330
1A
100
AcDbEntity
  8
BLACK
  6
CONTINUOUS
100
AcDbLine
 10
0.0858672047244095
 20
1.0222970866141732
 30
0
 11
0.0859116141732283
 21
1.0222625984251967
 31
0
  0
LINE
  5
319
330
1A
100
AcDbEntity
  8
BLACK
  6
CONTINUOUS
100
AcDbLine
 10
0.0859116141732283
 20
1.0222625984251967
 30
0
 11
0.0859248818897638
 21
1.0222227559055117
 31
0
  0
LINE
  5
31A
330
1A
100
AcDbEntity
  8
BLACK
  6
CONTINUOUS
100
AcDbLine
 10
0.0859248818897638
 20
1.0222227559055117
 30
0
 11
0.0860210236220472
 21
1.0220988582677164
 31
0
  0
LINE
  5
31B
330
1A
100
AcDbEntity
  8
BLACK
  6
CONTINUOUS
100
AcDbLine
 10
0.0860210236220472
 20
1.0220988582677164
 30
0
 11
0.0863959842519685
 21
1.0213489763779526
 31
0
  0
LINE
  5
31C
330
1A
100
AcDbEntity
  8
BLACK
  6
CONTINUOUS
100
AcDbLine
 10
0.0863959842519685
 20
1.0213489763779526
 30
0
 11
0.0864063779527559
 21
1.0213109842519685
 31
0
  0
LINE
  5
31D
330
1A
100
AcDbEntity
  8
BLACK
  6
CONTINUOUS
100
AcDbLine
 10
0.0864063779527559
 20
1.0213109842519685
 30
0
 11
0.0864192125984252
 21
1.0212981496062992
 31
0
  0
LINE
  5
31E
330
1A
100
AcDbEntity
  8
BLACK
  6
CONTINUOUS
100
AcDbLine
 10
0.0864192125984252
 20
1.0212981496062992
 30
0
 11
0.0864438188976378
 21
1.0211742519685039
 31
0
  0
LINE
  5
31F
330
1A
100
AcDbEntity
  8
BLACK
  6
CONTINUOUS
100
AcDbLine
 10
0.0864438188976378
 20
1.0211742519685039
 30
0
 11
0.0864771653543307
 21
1.0210526377952756
 31
0
  0
LINE
  5
320
330
1A
100
AcDbEntity
  8
BLACK
  6
CONTINUOUS
100
AcDbLine
 10
0.0864771653543307
 20
1.0210526377952756
 30
0
 11
0.0864714173228346
 21
1.0210355118110237
 31
0
  0
LINE
  5
321
330
1A
100
AcDbEntity
  8
BLACK
  6
CONTINUOUS
100
AcDbLine
 10
0.0864714173228346
 20
1.0210355118110237
 30
0
 11
0.0864791338582677
 21
1.0209968110236221
 31
0
  0
LINE
  5
322
330
1A
100
AcDbEntity
  8
BLACK
  6
CONTINUOUS
100
AcDbLine
 10
0.0864791338582677
 20
1.0209968110236221
 30
0
 11
0.0864791338582677
 21
1.0202468897637795
 31
0
  0
LINE
  5
323
330
1A
100
AcDbEntity
  8
BLACK
  6
CONTINUOUS
100
AcDbLine
 10
0.0864791338582677
 20
1.0202468897637795
 30
0
 11
0.0864564173228346
 21
1.0201327952755905
 31
0
  0
LINE
  5
324
330
1A
100
AcDbEntity
  8
BLACK
  6
CONTINUOUS
100
AcDbLine
 10
0.0864564173228346
 20
1.0201327952755905
 30
0
 11
0.0864641732283465
 21
1.0200940944881889
 31
0
  0
LINE
  5
325
330
1A
100
AcDbEntity
  8
BLACK
  6
CONTINUOUS
100
AcDbLine
 10
0.0864641732283465
 20
1.0200940944881889
 30
0
 11
0.0864421653543307
 21
1.0200611417322833
 31
0
  0
LINE
  5
326
330
1A
100
AcDbEntity
  8
BLACK
  6
CONTINUOUS
100
AcDbLine
 10
0.0864421653543307
 20
1.0200611417322833
 30
0
 11
0.0864192125984252
 21
1.0199455511811024
 31
0
  0
LINE
  5
327
330
1A
100
AcDbEntity
  8
BLACK
  6
CONTINUOUS
100
AcDbLine
 10
0.0864192125984252
 20
1.0199455511811024
 30
0
 11
0.0862570078740157
 21
1.0197833858267715
 31
0
  0
LINE
  5
328
330
1A
100
AcDbEntity
  8
BLACK
  6
CONTINUOUS
100
AcDbLine
 10
0.0862570078740157
 20
1.0197833858267715
 30
0
 11
0.0861298818897638
 21
1.0195926377952755
 31
0
  0
LINE
  5
329
330
1A
100
AcDbEntity
  8
BLACK
  6
CONTINUOUS
100
AcDbLine
 10
0.0861298818897638
 20
1.0195926377952755
 30
0
 11
0.0860211023622047
 21
1.0195474803149607
 31
0
  0
LINE
  5
32A
330
1A
100
AcDbEntity
  8
BLACK
  6
CONTINUOUS
100
AcDbLine
 10
0.0860211023622047
 20
1.0195474803149607
 30
0
 11
0.0859930708661417
 21
1.0195194094488189
 31
0
  0
LINE
  5
32B
330
1A
100
AcDbEntity
  8
BLACK
  6
CONTINUOUS
100
AcDbLine
 10
0.0859930708661417
 20
1.0195194094488189
 30
0
 11
0.0859536220472441
 21
1.0195194094488189
 31
0
  0
LINE
  5
32C
330
1A
100
AcDbEntity
  8
BLACK
  6
CONTINUOUS
100
AcDbLine
 10
0.0859536220472441
 20
1.0195194094488189
 30
0
 11
0.0858461417322835
 21
1.0194747637795276
 31
0
  0
LINE
  5
32D
330
1A
100
AcDbEntity
  8
BLACK
  6
CONTINUOUS
100
AcDbLine
 10
0.0858461417322835
 20
1.0194747637795276
 30
0
 11
0.0827296062992126
 21
1.0188514566929134
 31
0
  0
LINE
  5
32E
330
1A
100
AcDbEntity
  8
BLACK
  6
CONTINUOUS
100
AcDbLine
 10
0.0827296062992126
 20
1.0188514566929134
 30
0
 11
0.0827296062992126
 21
1.0181830708661417
 31
0
  0
LINE
  5
32F
330
1A
100
AcDbEntity
  8
BLACK
  6
CONTINUOUS
100
AcDbLine
 10
0.0827296062992126
 20
1.0181830708661417
 30
0
 11
0.0829040157480315
 21
1.0178341732283465
 31
0
  0
LINE
  5
330
330
1A
100
AcDbEntity
  8
BLACK
  6
CONTINUOUS
100
AcDbLine
 10
0.0829040157480315
 20
1.0178341732283465
 30
0
 11
0.0832529527559055
 21
1.0176597244094487
 31
0
  0
LINE
  5
331
330
1A
100
AcDbEntity
  8
BLACK
  6
CONTINUOUS
100
AcDbLine
 10
0.0832529527559055
 20
1.0176597244094487
 30
0
 11
0.0843809842519685
 21
1.0176597244094487
 31
0
  0
LINE
  5
332
330
1A
100
AcDbEntity
  8
BLACK
  6
CONTINUOUS
100
AcDbLine
 10
0.0843809842519685
 20
1.0176597244094487
 30
0
 11
0.0849646850393701
 21
1.0179515354330708
 31
0
  0
LINE
  5
333
330
1A
100
AcDbEntity
  8
BLACK
  6
CONTINUOUS
100
AcDbLine
 10
0.0849646850393701
 20
1.0179515354330708
 30
0
 11
0.0852609842519685
 21
1.0180326771653543
 31
0
  0
LINE
  5
334
330
1A
100
AcDbEntity
  8
BLACK
  6
CONTINUOUS
100
AcDbLine
 10
0.0852609842519685
 20
1.0180326771653543
 30
0
 11
0.0858327165354331
 21
1.0178420866141733
 31
0
  0
LINE
  5
335
330
1A
100
AcDbEntity
  8
BLACK
  6
CONTINUOUS
100
AcDbLine
 10
0.0858327165354331
 20
1.0178420866141733
 30
0
 11
0.0861022047244095
 21
1.0173030314960629
 31
0
  0
LINE
  5
336
330
1A
100
AcDbEntity
  8
BLACK
  6
CONTINUOUS
100
AcDbLine
 10
0.0861022047244095
 20
1.0173030314960629
 30
0
 11
0.0859116141732283
 21
1.0167312992125983
 31
0
  0
LINE
  5
337
330
1A
100
AcDbEntity
  8
BLACK
  6
CONTINUOUS
100
AcDbLine
 10
0.0859116141732283
 20
1.0167312992125983
 30
0
 11
0.0856688976377953
 21
1.0165429527559056
 31
0
  0
LINE
  5
338
330
1A
100
AcDbEntity
  8
BLACK
  6
CONTINUOUS
100
AcDbLine
 10
0.0856688976377953
 20
1.0165429527559056
 30
0
 11
0.0849189763779528
 21
1.0161680314960631
 31
0
  0
LINE
  5
339
330
1A
100
AcDbEntity
  8
BLACK
  6
CONTINUOUS
100
AcDbLine
 10
0.0849189763779528
 20
1.0161680314960631
 30
0
 11
0.0848809448818898
 21
1.0161576377952755
 31
0
  0
LINE
  5
33A
330
1A
100
AcDbEntity
  8
BLACK
  6
CONTINUOUS
100
AcDbLine
 10
0.0848809448818898
 20
1.0161576377952755
 30
0
 11
0.0848681889763779
 21
1.0161448425196851
 31
0
  0
LINE
  5
33B
330
1A
100
AcDbEntity
  8
BLACK
  6
CONTINUOUS
100
AcDbLine
 10
0.0848681889763779
 20
1.0161448425196851
 30
0
 11
0.0847443307086614
 21
1.0161202362204724
 31
0
  0
LINE
  5
33C
330
1A
100
AcDbEntity
  8
BLACK
  6
CONTINUOUS
100
AcDbLine
 10
0.0847443307086614
 20
1.0161202362204724
 30
0
 11
0.0846226377952756
 21
1.0160868897637796
 31
0
  0
LINE
  5
33D
330
1A
100
AcDbEntity
  8
BLACK
  6
CONTINUOUS
100
AcDbLine
 10
0.0846226377952756
 20
1.0160868897637796
 30
0
 11
0.0846054724409449
 21
1.0160926377952755
 31
0
  0
LINE
  5
33E
330
1A
100
AcDbEntity
  8
BLACK
  6
CONTINUOUS
100
AcDbLine
 10
0.0846054724409449
 20
1.0160926377952755
 30
0
 11
0.0845668503937008
 21
1.0160849212598424
 31
0
  0
LINE
  5
33F
330
1A
100
AcDbEntity
  8
BLACK
  6
CONTINUOUS
100
AcDbLine
 10
0.0845668503937008
 20
1.0160849212598424
 30
0
 11
0.0830670472440945
 21
1.0160849212598424
 31
0
  0
LINE
  5
340
330
1A
100
AcDbEntity
  8
BLACK
  6
CONTINUOUS
100
AcDbLine
 10
0.0830670472440945
 20
1.0160849212598424
 30
0
 11
0.0830283858267716
 21
1.0160926377952755
 31
0
  0
LINE
  5
341
330
1A
100
AcDbEntity
  8
BLACK
  6
CONTINUOUS
100
AcDbLine
 10
0.0830283858267716
 20
1.0160926377952755
 30
0
 11
0.0830112598425197
 21
1.0160868897637796
 31
0
  0
LINE
  5
342
330
1A
100
AcDbEntity
  8
BLACK
  6
CONTINUOUS
100
AcDbLine
 10
0.0830112598425197
 20
1.0160868897637796
 30
0
 11
0.0828895275590551
 21
1.0161202362204724
 31
0
  0
LINE
  5
343
330
1A
100
AcDbEntity
  8
BLACK
  6
CONTINUOUS
100
AcDbLine
 10
0.0828895275590551
 20
1.0161202362204724
 30
0
 11
0.0827657086614173
 21
1.0161448425196851
 31
0
  0
LINE
  5
344
330
1A
100
AcDbEntity
  8
BLACK
  6
CONTINUOUS
100
AcDbLine
 10
0.0827657086614173
 20
1.0161448425196851
 30
0
 11
0.0827529133858268
 21
1.0161576377952755
 31
0
  0
LINE
  5
345
330
1A
100
AcDbEntity
  8
BLACK
  6
CONTINUOUS
100
AcDbLine
 10
0.0827529133858268
 20
1.0161576377952755
 30
0
 11
0.0827149212598425
 21
1.0161680314960631
 31
0
  0
LINE
  5
346
330
1A
100
AcDbEntity
  8
BLACK
  6
CONTINUOUS
100
AcDbLine
 10
0.0827149212598425
 20
1.0161680314960631
 30
0
 11
0.0819650393700787
 21
1.0165429527559056
 31
0
  0
LINE
  5
347
330
1A
100
AcDbEntity
  8
BLACK
  6
CONTINUOUS
100
AcDbLine
 10
0.0819650393700787
 20
1.0165429527559056
 30
0
 11
0.0818411023622047
 21
1.0166391338582677
 31
0
  0
LINE
  5
348
330
1A
100
AcDbEntity
  8
BLACK
  6
CONTINUOUS
100
AcDbLine
 10
0.0818411023622047
 20
1.0166391338582677
 30
0
 11
0.0818012598425197
 21
1.0166524015748031
 31
0
  0
LINE
  5
349
330
1A
100
AcDbEntity
  8
BLACK
  6
CONTINUOUS
100
AcDbLine
 10
0.0818012598425197
 20
1.0166524015748031
 30
0
 11
0.081766811023622
 21
1.0166967716535433
 31
0
  0
LINE
  5
34A
330
1A
100
AcDbEntity
  8
BLACK
  6
CONTINUOUS
100
AcDbLine
 10
0.081766811023622
 20
1.0166967716535433
 30
0
 11
0.0817223228346457
 21
1.0167312992125983
 31
0
  0
LINE
  5
34B
330
1A
100
AcDbEntity
  8
BLACK
  6
CONTINUOUS
100
AcDbLine
 10
0.0817223228346457
 20
1.0167312992125983
 30
0
 11
0.0817089763779528
 21
1.0167712992125983
 31
0
  0
LINE
  5
34C
330
1A
100
AcDbEntity
  8
BLACK
  6
CONTINUOUS
100
AcDbLine
 10
0.0817089763779528
 20
1.0167712992125983
 30
0
 11
0.081612874015748
 21
1.0168951181102361
 31
0
  0
LINE
  5
34D
330
1A
100
AcDbEntity
  8
BLACK
  6
CONTINUOUS
100
AcDbLine
 10
0.081612874015748
 20
1.0168951181102361
 30
0
 11
0.0812379133858268
 21
1.0176450393700787
 31
0
  0
LINE
  5
34E
330
1A
100
AcDbEntity
  8
BLACK
  6
CONTINUOUS
100
AcDbLine
 10
0.0812379133858268
 20
1.0176450393700787
 30
0
 11
0.0812274803149606
 21
1.0176830708661417
 31
0
  0
LINE
  5
34F
330
1A
100
AcDbEntity
  8
BLACK
  6
CONTINUOUS
100
AcDbLine
 10
0.0812274803149606
 20
1.0176830708661417
 30
0
 11
0.0812147244094488
 21
1.0176958267716536
 31
0
  0
LINE
  5
350
330
1A
100
AcDbEntity
  8
BLACK
  6
CONTINUOUS
100
AcDbLine
 10
0.0812147244094488
 20
1.0176958267716536
 30
0
 11
0.0811900787401575
 21
1.0178196062992126
 31
0
  0
LINE
  5
351
330
1A
100
AcDbEntity
  8
BLACK
  6
CONTINUOUS
100
AcDbLine
 10
0.0811900787401575
 20
1.0178196062992126
 30
0
 11
0.0811567716535433
 21
1.0179413385826772
 31
0
  0
LINE
  5
352
330
1A
100
AcDbEntity
  8
BLACK
  6
CONTINUOUS
100
AcDbLine
 10
0.0811567716535433
 20
1.0179413385826772
 30
0
 11
0.0811624803149606
 21
1.0179585039370078
 31
0
  0
LINE
  5
353
330
1A
100
AcDbEntity
  8
BLACK
  6
CONTINUOUS
100
AcDbLine
 10
0.0811624803149606
 20
1.0179585039370078
 30
0
 11
0.0811548031496063
 21
1.0179971653543307
 31
0
  0
LINE
  5
354
330
1A
100
AcDbEntity
  8
BLACK
  6
CONTINUOUS
100
AcDbLine
 10
0.0811548031496063
 20
1.0179971653543307
 30
0
 11
0.0811548031496063
 21
1.0209968110236221
 31
0
  0
LINE
  5
355
330
1A
100
AcDbEntity
  8
BLACK
  6
CONTINUOUS
100
AcDbLine
 10
0.0811548031496063
 20
1.0209968110236221
 30
0
 11
0.0811624803149606
 21
1.0210355118110237
 31
0
  0
LINE
  5
356
330
1A
100
AcDbEntity
  8
BLACK
  6
CONTINUOUS
100
AcDbLine
 10
0.0811624803149606
 20
1.0210355118110237
 30
0
 11
0.0811567716535433
 21
1.0210526377952756
 31
0
  0
LINE
  5
357
330
1A
100
AcDbEntity
  8
BLACK
  6
CONTINUOUS
100
AcDbLine
 10
0.0811567716535433
 20
1.0210526377952756
 30
0
 11
0.0811900787401575
 21
1.0211742519685039
 31
0
  0
LINE
  5
358
330
1A
100
AcDbEntity
  8
BLACK
  6
CONTINUOUS
100
AcDbLine
 10
0.0811900787401575
 20
1.0211742519685039
 30
0
 11
0.0812147244094488
 21
1.0212981496062992
 31
0
  0
LINE
  5
359
330
1A
100
AcDbEntity
  8
BLACK
  6
CONTINUOUS
100
AcDbLine
 10
0.0812147244094488
 20
1.0212981496062992
 30
0
 11
0.0812275196850394
 21
1.0213109842519685
 31
0
  0
LINE
  5
35A
330
1A
100
AcDbEntity
  8
BLACK
  6
CONTINUOUS
100
AcDbLine
 10
0.0812275196850394
 20
1.0213109842519685
 30
0
 11
0.0812379527559055
 21
1.0213489763779526
 31
0
  0
LINE
  5
35B
330
1A
100
AcDbEntity
  8
BLACK
  6
CONTINUOUS
100
AcDbLine
 10
0.0812379527559055
 20
1.0213489763779526
 30
0
 11
0.081612874015748
 21
1.0220988188976379
 31
0
  0
LINE
  5
35C
330
1A
100
AcDbEntity
  8
BLACK
  6
CONTINUOUS
100
AcDbLine
 10
0.081612874015748
 20
1.0220988188976379
 30
0
 11
0.081708937007874
 21
1.0222226377952757
 31
0
  0
LINE
  5
35D
330
1A
100
AcDbEntity
  8
BLACK
  6
CONTINUOUS
100
AcDbLine
 10
0.081708937007874
 20
1.0222226377952757
 30
0
 11
0.0817222834645669
 21
1.0222625984251967
 31
0
  0
LINE
  5
35E
330
1A
100
AcDbEntity
  8
BLACK
  6
CONTINUOUS
100
AcDbLine
 10
0.0817222834645669
 20
1.0222625984251967
 30
0
 11
0.0817667716535433
 21
1.0222971653543307
 31
0
  0
LINE
  5
35F
330
1A
100
AcDbEntity
  8
BLACK
  6
CONTINUOUS
100
AcDbLine
 10
0.0817667716535433
 20
1.0222971653543307
 30
0
 11
0.0818012598425197
 21
1.0223415354330709
 31
0
  0
LINE
  5
360
330
1A
100
AcDbEntity
  8
BLACK
  6
CONTINUOUS
100
AcDbLine
 10
0.0818012598425197
 20
1.0223415354330709
 30
0
 11
0.0818411023622047
 21
1.0223548425196851
 31
0
  0
LINE
  5
361
330
1A
100
AcDbEntity
  8
BLACK
  6
CONTINUOUS
100
AcDbLine
 10
0.0818411023622047
 20
1.0223548425196851
 30
0
 11
0.081965
 21
1.0224509448818897
 31
0
  0
LINE
  5
362
330
1A
100
AcDbEntity
  8
BLACK
  6
CONTINUOUS
100
AcDbLine
 10
0.081965
 20
1.0224509448818897
 30
0
 11
0.0827148818897638
 21
1.022825905511811
 31
0
  0
LINE
  5
363
330
1A
100
AcDbEntity
  8
BLACK
  6
CONTINUOUS
100
AcDbLine
 10
0.0827148818897638
 20
1.022825905511811
 30
0
 11
0.082752874015748
 21
1.0228363385826771
 31
0
  0
LINE
  5
364
330
1A
100
AcDbEntity
  8
BLACK
  6
CONTINUOUS
100
AcDbLine
 10
0.082752874015748
 20
1.0228363385826771
 30
0
 11
0.0827657086614173
 21
1.0228491338582677
 31
0
  0
LINE
  5
365
330
1A
100
AcDbEntity
  8
BLACK
  6
CONTINUOUS
100
AcDbLine
 10
0.0827657086614173
 20
1.0228491338582677
 30
0
 11
0.0828896062992126
 21
1.0228737795275591
 31
0
  0
LINE
  5
366
330
1A
100
AcDbEntity
  8
BLACK
  6
CONTINUOUS
100
AcDbLine
 10
0.0828896062992126
 20
1.0228737795275591
 30
0
 11
0.0830112204724409
 21
1.0229070866141732
 31
0
  0
LINE
  5
367
330
1A
100
AcDbEntity
  8
BLACK
  6
CONTINUOUS
100
AcDbLine
 10
0.0830112204724409
 20
1.0229070866141732
 30
0
 11
0.0830283464566929
 21
1.0229013779527558
 31
0
  0
LINE
  5
368
330
1A
100
AcDbEntity
  8
BLACK
  6
CONTINUOUS
100
AcDbLine
 10
0.0830283464566929
 20
1.0229013779527558
 30
0
 11
0.0830670472440945
 21
1.0229090551181101
 31
0
  0
LINE
  5
369
330
1A
100
AcDbEntity
  8
BLACK
  6
CONTINUOUS
100
AcDbLine
 10
0.0830670472440945
 20
1.0229090551181101
 30
0
 11
0.0845668503937008
 21
1.0229090551181101
 31
0
  0
LINE
  5
36A
330
1A
100
AcDbEntity
  8
BLACK
  6
CONTINUOUS
100
AcDbLine
 10
0.0845668503937008
 20
1.0229090551181101
 30
0
 11
0.0846055118110236
 21
1.0229013779527558
 31
0
  0
LINE
  5
36B
330
1A
100
AcDbEntity
  8
BLACK
  6
CONTINUOUS
100
AcDbLine
 10
0.0829040157480315
 20
1.0211598031496063
 30
0
 11
0.0827296062992126
 21
1.0208109448818898
 31
0
  0
LINE
  5
36C
330
1A
100
AcDbEntity
  8
BLACK
  6
CONTINUOUS
100
AcDbLine
 10
0.0827296062992126
 20
1.0208109448818898
 30
0
 11
0.0827296062992126
 21
1.0204574803149606
 31
0
  0
LINE
  5
36D
330
1A
100
AcDbEntity
  8
BLACK
  6
CONTINUOUS
100
AcDbLine
 10
0.0827296062992126
 20
1.0204574803149606
 30
0
 11
0.0848672440944882
 21
1.0208850393700788
 31
0
  0
LINE
  5
36E
330
1A
100
AcDbEntity
  8
BLACK
  6
CONTINUOUS
100
AcDbLine
 10
0.0848672440944882
 20
1.0208850393700788
 30
0
 11
0.0847298818897638
 21
1.0211598031496063
 31
0
  0
LINE
  5
36F
330
1A
100
AcDbEntity
  8
BLACK
  6
CONTINUOUS
100
AcDbLine
 10
0.0847298818897638
 20
1.0211598031496063
 30
0
 11
0.0843809448818898
 21
1.0213342519685038
 31
0
  0
LINE
  5
370
330
1A
100
AcDbEntity
  8
BLACK
  6
CONTINUOUS
100
AcDbLine
 10
0.0843809448818898
 20
1.0213342519685038
 30
0
 11
0.0832529527559055
 21
1.0213342519685038
 31
0
  0
LINE
  5
371
330
1A
100
AcDbEntity
  8
BLACK
  6
CONTINUOUS
100
AcDbLine
 10
0.0832529527559055
 20
1.0213342519685038
 30
0
 11
0.0829040157480315
 21
1.0211598031496063
 31
0
  0
LINE
  5
372
330
1A
100
AcDbEntity
  8
BLACK
  6
CONTINUOUS
100
AcDbLine
 10
0.0317959842519685
 20
1.0254738188976378
 30
0
 11
0.0319998818897638
 21
1.0254738188976378
 31
0
  0
LINE
  5
373
330
1A
100
AcDbEntity
  8
BLACK
  6
CONTINUOUS
100
AcDbLine
 10
0.0319998818897638
 20
1.0254738188976378
 30
0
 11
0.0320763385826772
 21
1.0253973622047243
 31
0
  0
LINE
  5
374
330
1A
100
AcDbEntity
  8
BLACK
  6
CONTINUOUS
100
AcDbLine
 10
0.0320763385826772
 20
1.0253973622047243
 30
0
 11
0.0321806692913386
 21
1.0253688976377953
 31
0
  0
LINE
  5
375
330
1A
100
AcDbEntity
  8
BLACK
  6
CONTINUOUS
100
AcDbLine
 10
0.0321806692913386
 20
1.0253688976377953
 30
0
 11
0.0323822047244094
 21
1.0251370078740156
 31
0
  0
LINE
  5
376
330
1A
100
AcDbEntity
  8
BLACK
  6
CONTINUOUS
100
AcDbLine
 10
0.0323822047244094
 20
1.0251370078740156
 30
0
 11
0.0354105511811024
 21
1.0198374015748031
 31
0
  0
LINE
  5
377
330
1A
100
AcDbEntity
  8
BLACK
  6
CONTINUOUS
100
AcDbLine
 10
0.0354105511811024
 20
1.0198374015748031
 30
0
 11
0.0354105511811024
 21
1.0247463385826772
 31
0
  0
LINE
  5
378
330
1A
100
AcDbEntity
  8
BLACK
  6
CONTINUOUS
100
AcDbLine
 10
0.0354105511811024
 20
1.0247463385826772
 30
0
 11
0.0354704724409449
 21
1.0250476771653543
 31
0
  0
LINE
  5
379
330
1A
100
AcDbEntity
  8
BLACK
  6
CONTINUOUS
100
AcDbLine
 10
0.0354704724409449
 20
1.0250476771653543
 30
0
 11
0.0358966141732283
 21
1.0254738188976378
 31
0
  0
LINE
  5
37A
330
1A
100
AcDbEntity
  8
BLACK
  6
CONTINUOUS
100
AcDbLine
 10
0.0358966141732283
 20
1.0254738188976378
 30
0
 11
0.0364992913385827
 21
1.0254738188976378
 31
0
  0
LINE
  5
37B
330
1A
100
AcDbEntity
  8
BLACK
  6
CONTINUOUS
100
AcDbLine
 10
0.0364992913385827
 20
1.0254738188976378
 30
0
 11
0.0369254330708661
 21
1.0250476771653543
 31
0
  0
LINE
  5
37C
330
1A
100
AcDbEntity
  8
BLACK
  6
CONTINUOUS
100
AcDbLine
 10
0.0369254330708661
 20
1.0250476771653543
 30
0
 11
0.0369853543307087
 21
1.0247463385826772
 31
0
  0
LINE
  5
37D
330
1A
100
AcDbEntity
  8
BLACK
  6
CONTINUOUS
100
AcDbLine
 10
0.0369853543307087
 20
1.0247463385826772
 30
0
 11
0.0369853543307087
 21
1.0168723228346457
 31
0
  0
LINE
  5
37E
330
1A
100
AcDbEntity
  8
BLACK
  6
CONTINUOUS
100
AcDbLine
 10
0.0369853543307087
 20
1.0168723228346457
 30
0
 11
0.0369254330708661
 21
1.0165709842519686
 31
0
  0
LINE
  5
37F
330
1A
100
AcDbEntity
  8
BLACK
  6
CONTINUOUS
100
AcDbLine
 10
0.0369254330708661
 20
1.0165709842519686
 30
0
 11
0.036848937007874
 21
1.0164945275590551
 31
0
  0
LINE
  5
380
330
1A
100
AcDbEntity
  8
BLACK
  6
CONTINUOUS
100
AcDbLine
 10
0.036848937007874
 20
1.0164945275590551
 30
0
 11
0.0368205118110236
 21
1.0163901968503937
 31
0
  0
LINE
  5
381
330
1A
100
AcDbEntity
  8
BLACK
  6
CONTINUOUS
100
AcDbLine
 10
0.0368205118110236
 20
1.0163901968503937
 30
0
 11
0.0366434645669291
 21
1.0162890551181103
 31
0
  0
LINE
  5
382
330
1A
100
AcDbEntity
  8
BLACK
  6
CONTINUOUS
100
AcDbLine
 10
0.0366434645669291
 20
1.0162890551181103
 30
0
 11
0.0364992913385827
 21
1.0161448425196851
 31
0
  0
LINE
  5
383
330
1A
100
AcDbEntity
  8
BLACK
  6
CONTINUOUS
100
AcDbLine
 10
0.0364992913385827
 20
1.0161448425196851
 30
0
 11
0.0363911417322835
 21
1.0161448425196851
 31
0
  0
LINE
  5
384
330
1A
100
AcDbEntity
  8
BLACK
  6
CONTINUOUS
100
AcDbLine
 10
0.0363911417322835
 20
1.0161448425196851
 30
0
 11
0.0362972440944882
 21
1.0160911811023621
 31
0
  0
LINE
  5
385
330
1A
100
AcDbEntity
  8
BLACK
  6
CONTINUOUS
100
AcDbLine
 10
0.0362972440944882
 20
1.0160911811023621
 30
0
 11
0.0361005118110236
 21
1.0161448425196851
 31
0
  0
LINE
  5
386
330
1A
100
AcDbEntity
  8
BLACK
  6
CONTINUOUS
100
AcDbLine
 10
0.0361005118110236
 20
1.0161448425196851
 30
0
 11
0.0358966141732283
 21
1.0161448425196851
 31
0
  0
LINE
  5
387
330
1A
100
AcDbEntity
  8
BLACK
  6
CONTINUOUS
100
AcDbLine
 10
0.0358966141732283
 20
1.0161448425196851
 30
0
 11
0.0358201181102362
 21
1.016221338582677
 31
0
  0
LINE
  5
388
330
1A
100
AcDbEntity
  8
BLACK
  6
CONTINUOUS
100
AcDbLine
 10
0.0358201181102362
 20
1.016221338582677
 30
0
 11
0.0357158267716535
 21
1.0162497637795276
 31
0
  0
LINE
  5
389
330
1A
100
AcDbEntity
  8
BLACK
  6
CONTINUOUS
100
AcDbLine
 10
0.0357158267716535
 20
1.0162497637795276
 30
0
 11
0.0355142913385827
 21
1.016481653543307
 31
0
  0
LINE
  5
38A
330
1A
100
AcDbEntity
  8
BLACK
  6
CONTINUOUS
100
AcDbLine
 10
0.0355142913385827
 20
1.016481653543307
 30
0
 11
0.0324859448818898
 21
1.0217812992125983
 31
0
  0
LINE
  5
38B
330
1A
100
AcDbEntity
  8
BLACK
  6
CONTINUOUS
100
AcDbLine
 10
0.0324859448818898
 20
1.0217812992125983
 30
0
 11
0.0324859448818898
 21
1.0168723228346457
 31
0
  0
LINE
  5
38C
330
1A
100
AcDbEntity
  8
BLACK
  6
CONTINUOUS
100
AcDbLine
 10
0.0324859448818898
 20
1.0168723228346457
 30
0
 11
0.0324260236220472
 21
1.0165709842519686
 31
0
  0
LINE
  5
38D
330
1A
100
AcDbEntity
  8
BLACK
  6
CONTINUOUS
100
AcDbLine
 10
0.0324260236220472
 20
1.0165709842519686
 30
0
 11
0.0319998818897638
 21
1.0161448425196851
 31
0
  0
LINE
  5
38E
330
1A
100
AcDbEntity
  8
BLACK
  6
CONTINUOUS
100
AcDbLine
 10
0.0319998818897638
 20
1.0161448425196851
 30
0
 11
0.0313972047244094
 21
1.0161448425196851
 31
0
  0
LINE
  5
38F
330
1A
100
AcDbEntity
  8
BLACK
  6
CONTINUOUS
100
AcDbLine
 10
0.0313972047244094
 20
1.0161448425196851
 30
0
 11
0.030971062992126
 21
1.0165709842519686
 31
0
  0
LINE
  5
390
330
1A
100
AcDbEntity
  8
BLACK
  6
CONTINUOUS
100
AcDbLine
 10
0.030971062992126
 20
1.0165709842519686
 30
0
 11
0.0309111417322835
 21
1.0168723228346457
 31
0
  0
LINE
  5
391
330
1A
100
AcDbEntity
  8
BLACK
  6
CONTINUOUS
100
AcDbLine
 10
0.0309111417322835
 20
1.0168723228346457
 30
0
 11
0.0309111417322835
 21
1.0247463385826772
 31
0
  0
LINE
  5
392
330
1A
100
AcDbEntity
  8
BLACK
  6
CONTINUOUS
100
AcDbLine
 10
0.0309111417322835
 20
1.0247463385826772
 30
0
 11
0.030971062992126
 21
1.0250476771653543
 31
0
  0
LINE
  5
393
330
1A
100
AcDbEntity
  8
BLACK
  6
CONTINUOUS
100
AcDbLine
 10
0.030971062992126
 20
1.0250476771653543
 30
0
 11
0.0310475196850394
 21
1.0251241732283465
 31
0
  0
LINE
  5
394
330
1A
100
AcDbEntity
  8
BLACK
  6
CONTINUOUS
100
AcDbLine
 10
0.0310475196850394
 20
1.0251241732283465
 30
0
 11
0.0310759842519685
 21
1.0252284645669292
 31
0
  0
LINE
  5
395
330
1A
100
AcDbEntity
  8
BLACK
  6
CONTINUOUS
100
AcDbLine
 10
0.0310759842519685
 20
1.0252284645669292
 30
0
 11
0.0312529921259843
 21
1.0253296456692913
 31
0
  0
LINE
  5
396
330
1A
100
AcDbEntity
  8
BLACK
  6
CONTINUOUS
100
AcDbLine
 10
0.0312529921259843
 20
1.0253296456692913
 30
0
 11
0.0313972047244094
 21
1.0254738188976378
 31
0
  0
LINE
  5
397
330
1A
100
AcDbEntity
  8
BLACK
  6
CONTINUOUS
100
AcDbLine
 10
0.0313972047244094
 20
1.0254738188976378
 30
0
 11
0.0315053543307087
 21
1.0254738188976378
 31
0
  0
LINE
  5
398
330
1A
100
AcDbEntity
  8
BLACK
  6
CONTINUOUS
100
AcDbLine
 10
0.0315053543307087
 20
1.0254738188976378
 30
0
 11
0.0315992519685039
 21
1.0255274803149605
 31
0
  0
LINE
  5
399
330
1A
100
AcDbEntity
  8
BLACK
  6
CONTINUOUS
100
AcDbLine
 10
0.0315992519685039
 20
1.0255274803149605
 30
0
 11
0.0317959842519685
 21
1.0254738188976378
 31
0
  0
LINE
  5
39A
330
1A
100
AcDbEntity
  8
BLACK
  6
CONTINUOUS
100
AcDbLine
 10
0.0916173622047244
 20
1.0228491338582677
 30
0
 11
0.0920435039370079
 21
1.0224229921259842
 31
0
  0
LINE
  5
39B
330
1A
100
AcDbEntity
  8
BLACK
  6
CONTINUOUS
100
AcDbLine
 10
0.0920435039370079
 20
1.0224229921259842
 30
0
 11
0.0920435039370079
 21
1.02182031496063
 31
0
  0
LINE
  5
39C
330
1A
100
AcDbEntity
  8
BLACK
  6
CONTINUOUS
100
AcDbLine
 10
0.0920435039370079
 20
1.02182031496063
 30
0
 11
0.0916173622047244
 21
1.0213941732283465
 31
0
  0
LINE
  5
39D
330
1A
100
AcDbEntity
  8
BLACK
  6
CONTINUOUS
100
AcDbLine
 10
0.0916173622047244
 20
1.0213941732283465
 30
0
 11
0.0913160236220472
 21
1.0213342519685038
 31
0
  0
LINE
  5
39E
330
1A
100
AcDbEntity
  8
BLACK
  6
CONTINUOUS
100
AcDbLine
 10
0.0913160236220472
 20
1.0213342519685038
 30
0
 11
0.0907520472440945
 21
1.0213342519685038
 31
0
  0
LINE
  5
39F
330
1A
100
AcDbEntity
  8
BLACK
  6
CONTINUOUS
100
AcDbLine
 10
0.0907520472440945
 20
1.0213342519685038
 30
0
 11
0.0902825984251968
 21
1.0210995275590551
 31
0
  0
LINE
  5
3A0
330
1A
100
AcDbEntity
  8
BLACK
  6
CONTINUOUS
100
AcDbLine
 10
0.0902825984251968
 20
1.0210995275590551
 30
0
 11
0.0900884251968504
 21
1.0209053937007875
 31
0
  0
LINE
  5
3A1
330
1A
100
AcDbEntity
  8
BLACK
  6
CONTINUOUS
100
AcDbLine
 10
0.0900884251968504
 20
1.0209053937007875
 30
0
 11
0.0898537401574803
 21
1.0204359842519686
 31
0
  0
LINE
  5
3A2
330
1A
100
AcDbEntity
  8
BLACK
  6
CONTINUOUS
100
AcDbLine
 10
0.0898537401574803
 20
1.0204359842519686
 30
0
 11
0.0898537401574803
 21
1.0168723228346457
 31
0
  0
LINE
  5
3A3
330
1A
100
AcDbEntity
  8
BLACK
  6
CONTINUOUS
100
AcDbLine
 10
0.0898537401574803
 20
1.0168723228346457
 30
0
 11
0.0897938188976378
 21
1.0165709842519686
 31
0
  0
LINE
  5
3A4
330
1A
100
AcDbEntity
  8
BLACK
  6
CONTINUOUS
100
AcDbLine
 10
0.0897938188976378
 20
1.0165709842519686
 30
0
 11
0.0893676771653543
 21
1.0161448425196851
 31
0
  0
LINE
  5
3A5
330
1A
100
AcDbEntity
  8
BLACK
  6
CONTINUOUS
100
AcDbLine
 10
0.0893676771653543
 20
1.0161448425196851
 30
0
 11
0.088765
 21
1.0161448425196851
 31
0
  0
LINE
  5
3A6
330
1A
100
AcDbEntity
  8
BLACK
  6
CONTINUOUS
100
AcDbLine
 10
0.088765
 20
1.0161448425196851
 30
0
 11
0.0883388582677165
 21
1.0165709842519686
 31
0
  0
LINE
  5
3A7
330
1A
100
AcDbEntity
  8
BLACK
  6
CONTINUOUS
100
AcDbLine
 10
0.0883388582677165
 20
1.0165709842519686
 30
0
 11
0.088278937007874
 21
1.0168723228346457
 31
0
  0
LINE
  5
3A8
330
1A
100
AcDbEntity
  8
BLACK
  6
CONTINUOUS
100
AcDbLine
 10
0.088278937007874
 20
1.0168723228346457
 30
0
 11
0.088278937007874
 21
1.0221216535433071
 31
0
  0
LINE
  5
3A9
330
1A
100
AcDbEntity
  8
BLACK
  6
CONTINUOUS
100
AcDbLine
 10
0.088278937007874
 20
1.0221216535433071
 30
0
 11
0.0883388582677165
 21
1.0224229921259842
 31
0
  0
LINE
  5
3AA
330
1A
100
AcDbEntity
  8
BLACK
  6
CONTINUOUS
100
AcDbLine
 10
0.0883388582677165
 20
1.0224229921259842
 30
0
 11
0.088765
 21
1.0228491338582677
 31
0
  0
LINE
  5
3AB
330
1A
100
AcDbEntity
  8
BLACK
  6
CONTINUOUS
100
AcDbLine
 10
0.088765
 20
1.0228491338582677
 30
0
 11
0.0893676771653543
 21
1.0228491338582677
 31
0
  0
LINE
  5
3AC
330
1A
100
AcDbEntity
  8
BLACK
  6
CONTINUOUS
100
AcDbLine
 10
0.0893676771653543
 20
1.0228491338582677
 30
0
 11
0.0896652362204724
 21
1.0225515748031495
 31
0
  0
LINE
  5
3AD
330
1A
100
AcDbEntity
  8
BLACK
  6
CONTINUOUS
100
AcDbLine
 10
0.0896652362204724
 20
1.0225515748031495
 30
0
 11
0.0902139763779528
 21
1.022825905511811
 31
0
  0
LINE
  5
3AE
330
1A
100
AcDbEntity
  8
BLACK
  6
CONTINUOUS
100
AcDbLine
 10
0.0902139763779528
 20
1.022825905511811
 30
0
 11
0.090251968503937
 21
1.0228363385826771
 31
0
  0
LINE
  5
3AF
330
1A
100
AcDbEntity
  8
BLACK
  6
CONTINUOUS
100
AcDbLine
 10
0.090251968503937
 20
1.0228363385826771
 30
0
 11
0.0902648031496063
 21
1.0228491338582677
 31
0
  0
LINE
  5
3B0
330
1A
100
AcDbEntity
  8
BLACK
  6
CONTINUOUS
100
AcDbLine
 10
0.0902648031496063
 20
1.0228491338582677
 30
0
 11
0.0903887007874016
 21
1.0228737795275591
 31
0
  0
LINE
  5
3B1
330
1A
100
AcDbEntity
  8
BLACK
  6
CONTINUOUS
100
AcDbLine
 10
0.0903887007874016
 20
1.0228737795275591
 30
0
 11
0.0905103149606299
 21
1.0229070866141732
 31
0
  0
LINE
  5
3B2
330
1A
100
AcDbEntity
  8
BLACK
  6
CONTINUOUS
100
AcDbLine
 10
0.0905103149606299
 20
1.0229070866141732
 30
0
 11
0.0905274409448819
 21
1.0229013779527558
 31
0
  0
LINE
  5
3B3
330
1A
100
AcDbEntity
  8
BLACK
  6
CONTINUOUS
100
AcDbLine
 10
0.0905274409448819
 20
1.0229013779527558
 30
0
 11
0.0905661417322835
 21
1.0229090551181101
 31
0
  0
LINE
  5
3B4
330
1A
100
AcDbEntity
  8
BLACK
  6
CONTINUOUS
100
AcDbLine
 10
0.0905661417322835
 20
1.0229090551181101
 30
0
 11
0.0913160236220472
 21
1.0229090551181101
 31
0
  0
LINE
  5
3B5
330
1A
100
AcDbEntity
  8
BLACK
  6
CONTINUOUS
100
AcDbLine
 10
0.0913160236220472
 20
1.0229090551181101
 30
0
 11
0.0916173622047244
 21
1.0228491338582677
 31
0
  0
LINE
  5
3B6
330
1A
100
AcDbEntity
  8
BLACK
  6
CONTINUOUS
100
AcDbLine
 10
0.0625982283464567
 20
1.0364849212598426
 30
0
 11
0.0628562204724409
 21
1.0359402755905511
 31
0
  0
LINE
  5
3B7
330
1A
100
AcDbEntity
  8
BLACK
  6
CONTINUOUS
100
AcDbLine
 10
0.0628562204724409
 20
1.0359402755905511
 30
0
 11
0.0628112992125984
 21
1.0356363385826772
 31
0
  0
LINE
  5
3B8
330
1A
100
AcDbEntity
  8
BLACK
  6
CONTINUOUS
100
AcDbLine
 10
0.0628112992125984
 20
1.0356363385826772
 30
0
 11
0.0609365354330709
 21
1.0303870078740158
 31
0
  0
LINE
  5
3B9
330
1A
100
AcDbEntity
  8
BLACK
  6
CONTINUOUS
100
AcDbLine
 10
0.0609365354330709
 20
1.0303870078740158
 30
0
 11
0.0609287795275591
 21
1.030374094488189
 31
0
  0
LINE
  5
3BA
330
1A
100
AcDbEntity
  8
BLACK
  6
CONTINUOUS
100
AcDbLine
 10
0.0609287795275591
 20
1.030374094488189
 30
0
 11
0.060926062992126
 21
1.0303594094488189
 31
0
  0
LINE
  5
3BB
330
1A
100
AcDbEntity
  8
BLACK
  6
CONTINUOUS
100
AcDbLine
 10
0.060926062992126
 20
1.0303594094488189
 30
0
 11
0.0601761417322835
 21
1.0284846456692913
 31
0
  0
LINE
  5
3BC
330
1A
100
AcDbEntity
  8
BLACK
  6
CONTINUOUS
100
AcDbLine
 10
0.0601761417322835
 20
1.0284846456692913
 30
0
 11
0.0601725590551181
 21
1.0284791732283465
 31
0
  0
LINE
  5
3BD
330
1A
100
AcDbEntity
  8
BLACK
  6
CONTINUOUS
100
AcDbLine
 10
0.0601725590551181
 20
1.0284791732283465
 30
0
 11
0.0601725590551181
 21
1.0284757874015749
 31
0
  0
LINE
  5
3BE
330
1A
100
AcDbEntity
  8
BLACK
  6
CONTINUOUS
100
AcDbLine
 10
0.0601725590551181
 20
1.0284757874015749
 30
0
 11
0.0600895275590551
 21
1.0283515354330708
 31
0
  0
LINE
  5
3BF
330
1A
100
AcDbEntity
  8
BLACK
  6
CONTINUOUS
100
AcDbLine
 10
0.0600895275590551
 20
1.0283515354330708
 30
0
 11
0.0600086220472441
 21
1.0282271259842519
 31
0
  0
LINE
  5
3C0
330
1A
100
AcDbEntity
  8
BLACK
  6
CONTINUOUS
100
AcDbLine
 10
0.0600086220472441
 20
1.0282271259842519
 30
0
 11
0.0600055511811024
 21
1.0282258267716535
 31
0
  0
LINE
  5
3C1
330
1A
100
AcDbEntity
  8
BLACK
  6
CONTINUOUS
100
AcDbLine
 10
0.0600055511811024
 20
1.0282258267716535
 30
0
 11
0.0600018897637795
 21
1.0282203149606299
 31
0
  0
LINE
  5
3C2
330
1A
100
AcDbEntity
  8
BLACK
  6
CONTINUOUS
100
AcDbLine
 10
0.0600018897637795
 20
1.0282203149606299
 30
0
 11
0.059626968503937
 21
1.0278453937007874
 31
0
  0
LINE
  5
3C3
330
1A
100
AcDbEntity
  8
BLACK
  6
CONTINUOUS
100
AcDbLine
 10
0.059626968503937
 20
1.0278453937007874
 30
0
 11
0.0595219291338583
 21
1.0277752362204724
 31
0
  0
LINE
  5
3C4
330
1A
100
AcDbEntity
  8
BLACK
  6
CONTINUOUS
100
AcDbLine
 10
0.0595219291338583
 20
1.0277752362204724
 30
0
 11
0.0594222834645669
 21
1.0276978346456693
 31
0
  0
LINE
  5
3C5
330
1A
100
AcDbEntity
  8
BLACK
  6
CONTINUOUS
100
AcDbLine
 10
0.0594222834645669
 20
1.0276978346456693
 30
0
 11
0.0586723622047244
 21
1.0273228740157481
 31
0
  0
LINE
  5
3C6
330
1A
100
AcDbEntity
  8
BLACK
  6
CONTINUOUS
100
AcDbLine
 10
0.0586723622047244
 20
1.0273228740157481
 30
0
 11
0.058376062992126
 21
1.0272417322834646
 31
0
  0
LINE
  5
3C7
330
1A
100
AcDbEntity
  8
BLACK
  6
CONTINUOUS
100
AcDbLine
 10
0.058376062992126
 20
1.0272417322834646
 30
0
 11
0.0578043307086614
 21
1.0274322834645668
 31
0
  0
LINE
  5
3C8
330
1A
100
AcDbEntity
  8
BLACK
  6
CONTINUOUS
100
AcDbLine
 10
0.0578043307086614
 20
1.0274322834645668
 30
0
 11
0.0575348031496063
 21
1.0279713385826772
 31
0
  0
LINE
  5
3C9
330
1A
100
AcDbEntity
  8
BLACK
  6
CONTINUOUS
100
AcDbLine
 10
0.0575348031496063
 20
1.0279713385826772
 30
0
 11
0.0577253543307087
 21
1.0285430708661416
 31
0
  0
LINE
  5
3CA
330
1A
100
AcDbEntity
  8
BLACK
  6
CONTINUOUS
100
AcDbLine
 10
0.0577253543307087
 20
1.0285430708661416
 30
0
 11
0.0579681102362205
 21
1.0287314566929133
 31
0
  0
LINE
  5
3CB
330
1A
100
AcDbEntity
  8
BLACK
  6
CONTINUOUS
100
AcDbLine
 10
0.0579681102362205
 20
1.0287314566929133
 30
0
 11
0.0586037007874016
 21
1.0290492519685039
 31
0
  0
LINE
  5
3CC
330
1A
100
AcDbEntity
  8
BLACK
  6
CONTINUOUS
100
AcDbLine
 10
0.0586037007874016
 20
1.0290492519685039
 30
0
 11
0.0587740157480315
 21
1.0292196062992125
 31
0
  0
LINE
  5
3CD
330
1A
100
AcDbEntity
  8
BLACK
  6
CONTINUOUS
100
AcDbLine
 10
0.0587740157480315
 20
1.0292196062992125
 30
0
 11
0.0593532283464567
 21
1.0306676771653542
 31
0
  0
LINE
  5
3CE
330
1A
100
AcDbEntity
  8
BLACK
  6
CONTINUOUS
100
AcDbLine
 10
0.0593532283464567
 20
1.0306676771653542
 30
0
 11
0.0575787007874016
 21
1.0356363385826772
 31
0
  0
LINE
  5
3CF
330
1A
100
AcDbEntity
  8
BLACK
  6
CONTINUOUS
100
AcDbLine
 10
0.0575787007874016
 20
1.0356363385826772
 30
0
 11
0.0575337795275591
 21
1.0359402755905511
 31
0
  0
LINE
  5
3D0
330
1A
100
AcDbEntity
  8
BLACK
  6
CONTINUOUS
100
AcDbLine
 10
0.0575337795275591
 20
1.0359402755905511
 30
0
 11
0.0577917716535433
 21
1.0364849212598426
 31
0
  0
LINE
  5
3D1
330
1A
100
AcDbEntity
  8
BLACK
  6
CONTINUOUS
100
AcDbLine
 10
0.0577917716535433
 20
1.0364849212598426
 30
0
 11
0.0583593307086614
 21
1.0366876377952756
 31
0
  0
LINE
  5
3D2
330
1A
100
AcDbEntity
  8
BLACK
  6
CONTINUOUS
100
AcDbLine
 10
0.0583593307086614
 20
1.0366876377952756
 30
0
 11
0.0589039763779528
 21
1.0364296456692914
 31
0
  0
LINE
  5
3D3
330
1A
100
AcDbEntity
  8
BLACK
  6
CONTINUOUS
100
AcDbLine
 10
0.0589039763779528
 20
1.0364296456692914
 30
0
 11
0.0590617716535433
 21
1.0361660236220471
 31
0
  0
LINE
  5
3D4
330
1A
100
AcDbEntity
  8
BLACK
  6
CONTINUOUS
100
AcDbLine
 10
0.0590617716535433
 20
1.0361660236220471
 30
0
 11
0.060195
 21
1.0329929921259842
 31
0
  0
LINE
  5
3D5
330
1A
100
AcDbEntity
  8
BLACK
  6
CONTINUOUS
100
AcDbLine
 10
0.060195
 20
1.0329929921259842
 30
0
 11
0.0613282283464567
 21
1.0361659842519684
 31
0
  0
LINE
  5
3D6
330
1A
100
AcDbEntity
  8
BLACK
  6
CONTINUOUS
100
AcDbLine
 10
0.0613282283464567
 20
1.0361659842519684
 30
0
 11
0.0614860236220472
 21
1.0364296456692914
 31
0
  0
LINE
  5
3D7
330
1A
100
AcDbEntity
  8
BLACK
  6
CONTINUOUS
100
AcDbLine
 10
0.0614860236220472
 20
1.0364296456692914
 30
0
 11
0.0620306692913386
 21
1.0366876377952756
 31
0
  0
LINE
  5
3D8
330
1A
100
AcDbEntity
  8
BLACK
  6
CONTINUOUS
100
AcDbLine
 10
0.0620306692913386
 20
1.0366876377952756
 30
0
 11
0.0625982283464567
 21
1.0364849212598426
 31
0
  0
LINE
  5
3D9
330
1A
100
AcDbEntity
  8
BLACK
  6
CONTINUOUS
100
AcDbLine
 10
0.0224483464566929
 20
1.0392887007874017
 30
0
 11
0.0225737007874016
 21
1.039272874015748
 31
0
  0
LINE
  5
3DA
330
1A
100
AcDbEntity
  8
BLACK
  6
CONTINUOUS
100
AcDbLine
 10
0.0225737007874016
 20
1.039272874015748
 30
0
 11
0.0236985433070866
 21
1.038897874015748
 31
0
  0
LINE
  5
3DB
330
1A
100
AcDbEntity
  8
BLACK
  6
CONTINUOUS
100
AcDbLine
 10
0.0236985433070866
 20
1.038897874015748
 30
0
 11
0.0237327559055118
 21
1.0388783858267716
 31
0
  0
LINE
  5
3DC
330
1A
100
AcDbEntity
  8
BLACK
  6
CONTINUOUS
100
AcDbLine
 10
0.0237327559055118
 20
1.0388783858267716
 30
0
 11
0.0237508661417323
 21
1.0388783858267716
 31
0
  0
LINE
  5
3DD
330
1A
100
AcDbEntity
  8
BLACK
  6
CONTINUOUS
100
AcDbLine
 10
0.0237508661417323
 20
1.0388783858267716
 30
0
 11
0.0238558267716535
 21
1.0388082283464566
 31
0
  0
LINE
  5
3DE
330
1A
100
AcDbEntity
  8
BLACK
  6
CONTINUOUS
100
AcDbLine
 10
0.0238558267716535
 20
1.0388082283464566
 30
0
 11
0.0239654724409449
 21
1.0387457480314961
 31
0
  0
LINE
  5
3DF
330
1A
100
AcDbEntity
  8
BLACK
  6
CONTINUOUS
100
AcDbLine
 10
0.0239654724409449
 20
1.0387457480314961
 30
0
 11
0.0239735433070866
 21
1.0387295669291339
 31
0
  0
LINE
  5
3E0
330
1A
100
AcDbEntity
  8
BLACK
  6
CONTINUOUS
100
AcDbLine
 10
0.0239735433070866
 20
1.0387295669291339
 30
0
 11
0.0240062992125984
 21
1.0387076771653543
 31
0
  0
LINE
  5
3E1
330
1A
100
AcDbEntity
  8
BLACK
  6
CONTINUOUS
100
AcDbLine
 10
0.0240062992125984
 20
1.0387076771653543
 30
0
 11
0.0247562204724409
 21
1.0379577559055118
 31
0
  0
LINE
  5
3E2
330
1A
100
AcDbEntity
  8
BLACK
  6
CONTINUOUS
100
AcDbLine
 10
0.0247562204724409
 20
1.0379577559055118
 30
0
 11
0.0248262204724409
 21
1.0378529921259843
 31
0
  0
LINE
  5
3E3
330
1A
100
AcDbEntity
  8
BLACK
  6
CONTINUOUS
100
AcDbLine
 10
0.0248262204724409
 20
1.0378529921259843
 30
0
 11
0.0249037401574803
 21
1.0377531102362205
 31
0
  0
LINE
  5
3E4
330
1A
100
AcDbEntity
  8
BLACK
  6
CONTINUOUS
100
AcDbLine
 10
0.0249037401574803
 20
1.0377531102362205
 30
0
 11
0.0252786614173228
 21
1.0370032283464568
 31
0
  0
LINE
  5
3E5
330
1A
100
AcDbEntity
  8
BLACK
  6
CONTINUOUS
100
AcDbLine
 10
0.0252786614173228
 20
1.0370032283464568
 30
0
 11
0.0253014173228346
 21
1.0369200787401573
 31
0
  0
LINE
  5
3E6
330
1A
100
AcDbEntity
  8
BLACK
  6
CONTINUOUS
100
AcDbLine
 10
0.0253014173228346
 20
1.0369200787401573
 30
0
 11
0.0253382677165354
 21
1.0368420866141732
 31
0
  0
LINE
  5
3E7
330
1A
100
AcDbEntity
  8
BLACK
  6
CONTINUOUS
100
AcDbLine
 10
0.0253382677165354
 20
1.0368420866141732
 30
0
 11
0.0257132283464567
 21
1.0353422440944882
 31
0
  0
LINE
  5
3E8
330
1A
100
AcDbEntity
  8
BLACK
  6
CONTINUOUS
100
AcDbLine
 10
0.0257132283464567
 20
1.0353422440944882
 30
0
 11
0.0257179133858268
 21
1.0352458267716536
 31
0
  0
LINE
  5
3E9
330
1A
100
AcDbEntity
  8
BLACK
  6
CONTINUOUS
100
AcDbLine
 10
0.0257179133858268
 20
1.0352458267716536
 30
0
 11
0.0257367322834646
 21
1.0351512598425197
 31
0
  0
LINE
  5
3EA
330
1A
100
AcDbEntity
  8
BLACK
  6
CONTINUOUS
100
AcDbLine
 10
0.0257367322834646
 20
1.0351512598425197
 30
0
 11
0.0257367322834646
 21
1.0340264173228346
 31
0
  0
LINE
  5
3EB
330
1A
100
AcDbEntity
  8
BLACK
  6
CONTINUOUS
100
AcDbLine
 10
0.0257367322834646
 20
1.0340264173228346
 30
0
 11
0.0257179133858268
 21
1.0339318897637795
 31
0
  0
LINE
  5
3EC
330
1A
100
AcDbEntity
  8
BLACK
  6
CONTINUOUS
100
AcDbLine
 10
0.0257179133858268
 20
1.0339318897637795
 30
0
 11
0.0257132283464567
 21
1.0338354330708661
 31
0
  0
LINE
  5
3ED
330
1A
100
AcDbEntity
  8
BLACK
  6
CONTINUOUS
100
AcDbLine
 10
0.0257132283464567
 20
1.0338354330708661
 30
0
 11
0.0253382677165354
 21
1.0323356299212598
 31
0
  0
LINE
  5
3EE
330
1A
100
AcDbEntity
  8
BLACK
  6
CONTINUOUS
100
AcDbLine
 10
0.0253382677165354
 20
1.0323356299212598
 30
0
 11
0.0253013779527559
 21
1.0322576377952755
 31
0
  0
LINE
  5
3EF
330
1A
100
AcDbEntity
  8
BLACK
  6
CONTINUOUS
100
AcDbLine
 10
0.0253013779527559
 20
1.0322576377952755
 30
0
 11
0.0252786614173228
 21
1.032174527559055
 31
0
  0
LINE
  5
3F0
330
1A
100
AcDbEntity
  8
BLACK
  6
CONTINUOUS
100
AcDbLine
 10
0.0252786614173228
 20
1.032174527559055
 30
0
 11
0.0249037401574803
 21
1.0314245669291338
 31
0
  0
LINE
  5
3F1
330
1A
100
AcDbEntity
  8
BLACK
  6
CONTINUOUS
100
AcDbLine
 10
0.0249037401574803
 20
1.0314245669291338
 30
0
 11
0.0248262204724409
 21
1.0313247244094488
 31
0
  0
LINE
  5
3F2
330
1A
100
AcDbEntity
  8
BLACK
  6
CONTINUOUS
100
AcDbLine
 10
0.0248262204724409
 20
1.0313247244094488
 30
0
 11
0.0247562204724409
 21
1.0312199212598425
 31
0
  0
LINE
  5
3F3
330
1A
100
AcDbEntity
  8
BLACK
  6
CONTINUOUS
100
AcDbLine
 10
0.0247562204724409
 20
1.0312199212598425
 30
0
 11
0.0240062992125984
 21
1.03047
 31
0
  0
LINE
  5
3F4
330
1A
100
AcDbEntity
  8
BLACK
  6
CONTINUOUS
100
AcDbLine
 10
0.0240062992125984
 20
1.03047
 30
0
 11
0.0239735039370079
 21
1.0304481102362204
 31
0
  0
LINE
  5
3F5
330
1A
100
AcDbEntity
  8
BLACK
  6
CONTINUOUS
100
AcDbLine
 10
0.0239735039370079
 20
1.0304481102362204
 30
0
 11
0.0239654330708661
 21
1.0304318897637794
 31
0
  0
LINE
  5
3F6
330
1A
100
AcDbEntity
  8
BLACK
  6
CONTINUOUS
100
AcDbLine
 10
0.0239654330708661
 20
1.0304318897637794
 30
0
 11
0.0238556692913386
 21
1.0303693700787402
 31
0
  0
LINE
  5
3F7
330
1A
100
AcDbEntity
  8
BLACK
  6
CONTINUOUS
100
AcDbLine
 10
0.0238556692913386
 20
1.0303693700787402
 30
0
 11
0.0237508661417323
 21
1.0302992913385827
 31
0
  0
LINE
  5
3F8
330
1A
100
AcDbEntity
  8
BLACK
  6
CONTINUOUS
100
AcDbLine
 10
0.0237508661417323
 20
1.0302992913385827
 30
0
 11
0.0237327559055118
 21
1.0302992913385827
 31
0
  0
LINE
  5
3F9
330
1A
100
AcDbEntity
  8
BLACK
  6
CONTINUOUS
100
AcDbLine
 10
0.0237327559055118
 20
1.0302992913385827
 30
0
 11
0.0236985039370079
 21
1.0302797637795276
 31
0
  0
LINE
  5
3FA
330
1A
100
AcDbEntity
  8
BLACK
  6
CONTINUOUS
100
AcDbLine
 10
0.0236985039370079
 20
1.0302797637795276
 30
0
 11
0.0225736614173228
 21
1.0299048425196851
 31
0
  0
LINE
  5
3FB
330
1A
100
AcDbEntity
  8
BLACK
  6
CONTINUOUS
100
AcDbLine
 10
0.0225736614173228
 20
1.0299048425196851
 30
0
 11
0.0224483858267717
 21
1.0298890551181101
 31
0
  0
LINE
  5
3FC
330
1A
100
AcDbEntity
  8
BLACK
  6
CONTINUOUS
100
AcDbLine
 10
0.0224483858267717
 20
1.0298890551181101
 30
0
 11
0.0223246850393701
 21
1.0298644488188977
 31
0
  0
LINE
  5
3FD
330
1A
100
AcDbEntity
  8
BLACK
  6
CONTINUOUS
100
AcDbLine
 10
0.0223246850393701
 20
1.0298644488188977
 30
0
 11
0.0204499212598425
 21
1.0298644488188977
 31
0
  0
LINE
  5
3FE
330
1A
100
AcDbEntity
  8
BLACK
  6
CONTINUOUS
100
AcDbLine
 10
0.0204499212598425
 20
1.0298644488188977
 30
0
 11
0.0201485826771654
 21
1.0299243700787402
 31
0
  0
LINE
  5
3FF
330
1A
100
AcDbEntity
  8
BLACK
  6
CONTINUOUS
100
AcDbLine
 10
0.0201485826771654
 20
1.0299243700787402
 30
0
 11
0.0197224409448819
 21
1.0303505118110237
 31
0
  0
LINE
  5
400
330
1A
100
AcDbEntity
  8
BLACK
  6
CONTINUOUS
100
AcDbLine
 10
0.0197224409448819
 20
1.0303505118110237
 30
0
 11
0.0196625196850394
 21
1.0306518503937008
 31
0
  0
LINE
  5
401
330
1A
100
AcDbEntity
  8
BLACK
  6
CONTINUOUS
100
AcDbLine
 10
0.0196625196850394
 20
1.0306518503937008
 30
0
 11
0.0196625196850394
 21
1.0385258661417323
 31
0
  0
LINE
  5
402
330
1A
100
AcDbEntity
  8
BLACK
  6
CONTINUOUS
100
AcDbLine
 10
0.0196625196850394
 20
1.0385258661417323
 30
0
 11
0.0197224409448819
 21
1.0388272047244094
 31
0
  0
LINE
  5
403
330
1A
100
AcDbEntity
  8
BLACK
  6
CONTINUOUS
100
AcDbLine
 10
0.0197224409448819
 20
1.0388272047244094
 30
0
 11
0.0201485826771654
 21
1.0392533464566929
 31
0
  0
LINE
  5
404
330
1A
100
AcDbEntity
  8
BLACK
  6
CONTINUOUS
100
AcDbLine
 10
0.0201485826771654
 20
1.0392533464566929
 30
0
 11
0.0204499212598425
 21
1.0393132677165353
 31
0
  0
LINE
  5
405
330
1A
100
AcDbEntity
  8
BLACK
  6
CONTINUOUS
100
AcDbLine
 10
0.0204499212598425
 20
1.0393132677165353
 30
0
 11
0.0223246850393701
 21
1.0393132677165353
 31
0
  0
LINE
  5
406
330
1A
100
AcDbEntity
  8
BLACK
  6
CONTINUOUS
100
AcDbLine
 10
0.0223246850393701
 20
1.0393132677165353
 30
0
 11
0.0224483464566929
 21
1.0392887007874017
 31
0
  0
LINE
  5
407
330
1A
100
AcDbEntity
  8
BLACK
  6
CONTINUOUS
100
AcDbLine
 10
0.0212373228346457
 20
1.0314392519685038
 30
0
 11
0.0221968897637795
 21
1.0314392519685038
 31
0
  0
LINE
  5
408
330
1A
100
AcDbEntity
  8
BLACK
  6
CONTINUOUS
100
AcDbLine
 10
0.0221968897637795
 20
1.0314392519685038
 30
0
 11
0.0230242125984252
 21
1.0317150393700787
 31
0
  0
LINE
  5
409
330
1A
100
AcDbEntity
  8
BLACK
  6
CONTINUOUS
100
AcDbLine
 10
0.0230242125984252
 20
1.0317150393700787
 30
0
 11
0.0235522440944882
 21
1.0322430708661416
 31
0
  0
LINE
  5
40A
330
1A
100
AcDbEntity
  8
BLACK
  6
CONTINUOUS
100
AcDbLine
 10
0.0235522440944882
 20
1.0322430708661416
 30
0
 11
0.0238314173228346
 21
1.0328014566929133
 31
0
  0
LINE
  5
40B
330
1A
100
AcDbEntity
  8
BLACK
  6
CONTINUOUS
100
AcDbLine
 10
0.0238314173228346
 20
1.0328014566929133
 30
0
 11
0.0241619291338583
 21
1.0341233858267715
 31
0
  0
LINE
  5
40C
330
1A
100
AcDbEntity
  8
BLACK
  6
CONTINUOUS
100
AcDbLine
 10
0.0241619291338583
 20
1.0341233858267715
 30
0
 11
0.0241619291338583
 21
1.0350543307086615
 31
0
  0
LINE
  5
40D
330
1A
100
AcDbEntity
  8
BLACK
  6
CONTINUOUS
100
AcDbLine
 10
0.0241619291338583
 20
1.0350543307086615
 30
0
 11
0.0238314173228346
 21
1.0363762992125984
 31
0
  0
LINE
  5
40E
330
1A
100
AcDbEntity
  8
BLACK
  6
CONTINUOUS
100
AcDbLine
 10
0.0238314173228346
 20
1.0363762992125984
 30
0
 11
0.0235522440944882
 21
1.0369346456692914
 31
0
  0
LINE
  5
40F
330
1A
100
AcDbEntity
  8
BLACK
  6
CONTINUOUS
100
AcDbLine
 10
0.0235522440944882
 20
1.0369346456692914
 30
0
 11
0.0230242125984252
 21
1.0374626771653543
 31
0
  0
LINE
  5
410
330
1A
100
AcDbEntity
  8
BLACK
  6
CONTINUOUS
100
AcDbLine
 10
0.0230242125984252
 20
1.0374626771653543
 30
0
 11
0.0221968503937008
 21
1.0377384645669292
 31
0
  0
LINE
  5
411
330
1A
100
AcDbEntity
  8
BLACK
  6
CONTINUOUS
100
AcDbLine
 10
0.0221968503937008
 20
1.0377384645669292
 30
0
 11
0.0212373228346457
 21
1.0377384645669292
 31
0
  0
LINE
  5
412
330
1A
100
AcDbEntity
  8
BLACK
  6
CONTINUOUS
100
AcDbLine
 10
0.0212373228346457
 20
1.0377384645669292
 30
0
 11
0.0212373228346457
 21
1.0314392519685038
 31
0
  0
LINE
  5
413
330
1A
100
AcDbEntity
  8
BLACK
  6
CONTINUOUS
100
AcDbLine
 10
0.0392362204724409
 20
1.0366809055118109
 30
0
 11
0.0392533858267717
 21
1.0366866141732283
 31
0
  0
LINE
  5
414
330
1A
100
AcDbEntity
  8
BLACK
  6
CONTINUOUS
100
AcDbLine
 10
0.0392533858267717
 20
1.0366866141732283
 30
0
 11
0.0393751181102362
 21
1.0366533070866142
 31
0
  0
LINE
  5
415
330
1A
100
AcDbEntity
  8
BLACK
  6
CONTINUOUS
100
AcDbLine
 10
0.0393751181102362
 20
1.0366533070866142
 30
0
 11
0.0394988976377953
 21
1.0366286614173228
 31
0
  0
LINE
  5
416
330
1A
100
AcDbEntity
  8
BLACK
  6
CONTINUOUS
100
AcDbLine
 10
0.0394988976377953
 20
1.0366286614173228
 30
0
 11
0.0395116535433071
 21
1.0366159055118109
 31
0
  0
LINE
  5
417
330
1A
100
AcDbEntity
  8
BLACK
  6
CONTINUOUS
100
AcDbLine
 10
0.0395116535433071
 20
1.0366159055118109
 30
0
 11
0.0395496850393701
 21
1.0366054724409448
 31
0
  0
LINE
  5
418
330
1A
100
AcDbEntity
  8
BLACK
  6
CONTINUOUS
100
AcDbLine
 10
0.0395496850393701
 20
1.0366054724409448
 30
0
 11
0.0402996062992126
 21
1.0362305118110235
 31
0
  0
LINE
  5
419
330
1A
100
AcDbEntity
  8
BLACK
  6
CONTINUOUS
100
AcDbLine
 10
0.0402996062992126
 20
1.0362305118110235
 30
0
 11
0.0404233858267717
 21
1.0361344488188977
 31
0
  0
LINE
  5
41A
330
1A
100
AcDbEntity
  8
BLACK
  6
CONTINUOUS
100
AcDbLine
 10
0.0404233858267717
 20
1.0361344488188977
 30
0
 11
0.0404633858267717
 21
1.0361211023622048
 31
0
  0
LINE
  5
41B
330
1A
100
AcDbEntity
  8
BLACK
  6
CONTINUOUS
100
AcDbLine
 10
0.0404633858267717
 20
1.0361211023622048
 30
0
 11
0.0404979133858268
 21
1.0360766141732283
 31
0
  0
LINE
  5
41C
330
1A
100
AcDbEntity
  8
BLACK
  6
CONTINUOUS
100
AcDbLine
 10
0.0404979133858268
 20
1.0360766141732283
 30
0
 11
0.0405423228346457
 21
1.036042125984252
 31
0
  0
LINE
  5
41D
330
1A
100
AcDbEntity
  8
BLACK
  6
CONTINUOUS
100
AcDbLine
 10
0.0405423228346457
 20
1.036042125984252
 30
0
 11
0.0405555905511811
 21
1.0360022834645668
 31
0
  0
LINE
  5
41E
330
1A
100
AcDbEntity
  8
BLACK
  6
CONTINUOUS
100
AcDbLine
 10
0.0405555905511811
 20
1.0360022834645668
 30
0
 11
0.0406517322834646
 21
1.0358783858267717
 31
0
  0
LINE
  5
41F
330
1A
100
AcDbEntity
  8
BLACK
  6
CONTINUOUS
100
AcDbLine
 10
0.0406517322834646
 20
1.0358783858267717
 30
0
 11
0.0410266929133858
 21
1.0351285039370079
 31
0
  0
LINE
  5
420
330
1A
100
AcDbEntity
  8
BLACK
  6
CONTINUOUS
100
AcDbLine
 10
0.0410266929133858
 20
1.0351285039370079
 30
0
 11
0.0410370866141732
 21
1.0350905118110236
 31
0
  0
LINE
  5
421
330
1A
100
AcDbEntity
  8
BLACK
  6
CONTINUOUS
100
AcDbLine
 10
0.0410370866141732
 20
1.0350905118110236
 30
0
 11
0.0410499212598425
 21
1.0350776771653543
 31
0
  0
LINE
  5
422
330
1A
100
AcDbEntity
  8
BLACK
  6
CONTINUOUS
100
AcDbLine
 10
0.0410499212598425
 20
1.0350776771653543
 30
0
 11
0.0410745275590551
 21
1.034953779527559
 31
0
  0
LINE
  5
423
330
1A
100
AcDbEntity
  8
BLACK
  6
CONTINUOUS
100
AcDbLine
 10
0.0410745275590551
 20
1.034953779527559
 30
0
 11
0.041107874015748
 21
1.0348321653543306
 31
0
  0
LINE
  5
424
330
1A
100
AcDbEntity
  8
BLACK
  6
CONTINUOUS
100
AcDbLine
 10
0.041107874015748
 20
1.0348321653543306
 30
0
 11
0.041102125984252
 21
1.0348150393700788
 31
0
  0
LINE
  5
425
330
1A
100
AcDbEntity
  8
BLACK
  6
CONTINUOUS
100
AcDbLine
 10
0.041102125984252
 20
1.0348150393700788
 30
0
 11
0.041109842519685
 21
1.0347763385826771
 31
0
  0
LINE
  5
426
330
1A
100
AcDbEntity
  8
BLACK
  6
CONTINUOUS
100
AcDbLine
 10
0.041109842519685
 20
1.0347763385826771
 30
0
 11
0.041109842519685
 21
1.0340264173228346
 31
0
  0
LINE
  5
427
330
1A
100
AcDbEntity
  8
BLACK
  6
CONTINUOUS
100
AcDbLine
 10
0.041109842519685
 20
1.0340264173228346
 30
0
 11
0.041087125984252
 21
1.0339123228346456
 31
0
  0
LINE
  5
428
330
1A
100
AcDbEntity
  8
BLACK
  6
CONTINUOUS
100
AcDbLine
 10
0.041087125984252
 20
1.0339123228346456
 30
0
 11
0.0410948818897638
 21
1.033873622047244
 31
0
  0
LINE
  5
429
330
1A
100
AcDbEntity
  8
BLACK
  6
CONTINUOUS
100
AcDbLine
 10
0.0410948818897638
 20
1.033873622047244
 30
0
 11
0.041072874015748
 21
1.0338406692913387
 31
0
  0
LINE
  5
42A
330
1A
100
AcDbEntity
  8
BLACK
  6
CONTINUOUS
100
AcDbLine
 10
0.041072874015748
 20
1.0338406692913387
 30
0
 11
0.0410499212598425
 21
1.0337250787401575
 31
0
  0
LINE
  5
42B
330
1A
100
AcDbEntity
  8
BLACK
  6
CONTINUOUS
100
AcDbLine
 10
0.0410499212598425
 20
1.0337250787401575
 30
0
 11
0.0408877165354331
 21
1.0335629133858268
 31
0
  0
LINE
  5
42C
330
1A
100
AcDbEntity
  8
BLACK
  6
CONTINUOUS
100
AcDbLine
 10
0.0408877165354331
 20
1.0335629133858268
 30
0
 11
0.0407605905511811
 21
1.0333721653543306
 31
0
  0
LINE
  5
42D
330
1A
100
AcDbEntity
  8
BLACK
  6
CONTINUOUS
100
AcDbLine
 10
0.0407605905511811
 20
1.0333721653543306
 30
0
 11
0.040651811023622
 21
1.0333270078740158
 31
0
  0
LINE
  5
42E
330
1A
100
AcDbEntity
  8
BLACK
  6
CONTINUOUS
100
AcDbLine
 10
0.040651811023622
 20
1.0333270078740158
 30
0
 11
0.0406237795275591
 21
1.033298937007874
 31
0
  0
LINE
  5
42F
330
1A
100
AcDbEntity
  8
BLACK
  6
CONTINUOUS
100
AcDbLine
 10
0.0406237795275591
 20
1.033298937007874
 30
0
 11
0.0405843307086614
 21
1.033298937007874
 31
0
  0
LINE
  5
430
330
1A
100
AcDbEntity
  8
BLACK
  6
CONTINUOUS
100
AcDbLine
 10
0.0405843307086614
 20
1.033298937007874
 30
0
 11
0.0404768503937008
 21
1.0332542913385827
 31
0
  0
LINE
  5
431
330
1A
100
AcDbEntity
  8
BLACK
  6
CONTINUOUS
100
AcDbLine
 10
0.0404768503937008
 20
1.0332542913385827
 30
0
 11
0.0373603149606299
 21
1.0326309842519685
 31
0
  0
LINE
  5
432
330
1A
100
AcDbEntity
  8
BLACK
  6
CONTINUOUS
100
AcDbLine
 10
0.0373603149606299
 20
1.0326309842519685
 30
0
 11
0.0373603149606299
 21
1.0319625984251968
 31
0
  0
LINE
  5
433
330
1A
100
AcDbEntity
  8
BLACK
  6
CONTINUOUS
100
AcDbLine
 10
0.0373603149606299
 20
1.0319625984251968
 30
0
 11
0.0375347244094488
 21
1.0316137007874016
 31
0
  0
LINE
  5
434
330
1A
100
AcDbEntity
  8
BLACK
  6
CONTINUOUS
100
AcDbLine
 10
0.0375347244094488
 20
1.0316137007874016
 30
0
 11
0.0378836614173228
 21
1.0314392519685038
 31
0
  0
LINE
  5
435
330
1A
100
AcDbEntity
  8
BLACK
  6
CONTINUOUS
100
AcDbLine
 10
0.0378836614173228
 20
1.0314392519685038
 30
0
 11
0.0390116929133858
 21
1.0314392519685038
 31
0
  0
LINE
  5
436
330
1A
100
AcDbEntity
  8
BLACK
  6
CONTINUOUS
100
AcDbLine
 10
0.0390116929133858
 20
1.0314392519685038
 30
0
 11
0.0395953937007874
 21
1.0317310629921259
 31
0
  0
LINE
  5
437
330
1A
100
AcDbEntity
  8
BLACK
  6
CONTINUOUS
100
AcDbLine
 10
0.0395953937007874
 20
1.0317310629921259
 30
0
 11
0.0398916929133858
 21
1.0318122047244094
 31
0
  0
LINE
  5
438
330
1A
100
AcDbEntity
  8
BLACK
  6
CONTINUOUS
100
AcDbLine
 10
0.0398916929133858
 20
1.0318122047244094
 30
0
 11
0.0404634251968504
 21
1.0316216141732284
 31
0
  0
LINE
  5
439
330
1A
100
AcDbEntity
  8
BLACK
  6
CONTINUOUS
100
AcDbLine
 10
0.0404634251968504
 20
1.0316216141732284
 30
0
 11
0.0407329133858268
 21
1.031082559055118
 31
0
  0
LINE
  5
43A
330
1A
100
AcDbEntity
  8
BLACK
  6
CONTINUOUS
100
AcDbLine
 10
0.0407329133858268
 20
1.031082559055118
 30
0
 11
0.0405423228346457
 21
1.0305108267716536
 31
0
  0
LINE
  5
43B
330
1A
100
AcDbEntity
  8
BLACK
  6
CONTINUOUS
100
AcDbLine
 10
0.0405423228346457
 20
1.0305108267716536
 30
0
 11
0.0402996062992126
 21
1.0303224803149607
 31
0
  0
LINE
  5
43C
330
1A
100
AcDbEntity
  8
BLACK
  6
CONTINUOUS
100
AcDbLine
 10
0.0402996062992126
 20
1.0303224803149607
 30
0
 11
0.0395496850393701
 21
1.0299475590551181
 31
0
  0
LINE
  5
43D
330
1A
100
AcDbEntity
  8
BLACK
  6
CONTINUOUS
100
AcDbLine
 10
0.0395496850393701
 20
1.0299475590551181
 30
0
 11
0.0395116535433071
 21
1.0299371653543308
 31
0
  0
LINE
  5
43E
330
1A
100
AcDbEntity
  8
BLACK
  6
CONTINUOUS
100
AcDbLine
 10
0.0395116535433071
 20
1.0299371653543308
 30
0
 11
0.0394988976377953
 21
1.0299243700787402
 31
0
  0
LINE
  5
43F
330
1A
100
AcDbEntity
  8
BLACK
  6
CONTINUOUS
100
AcDbLine
 10
0.0394988976377953
 20
1.0299243700787402
 30
0
 11
0.0393750393700787
 21
1.0298997637795275
 31
0
  0
LINE
  5
440
330
1A
100
AcDbEntity
  8
BLACK
  6
CONTINUOUS
100
AcDbLine
 10
0.0393750393700787
 20
1.0298997637795275
 30
0
 11
0.0392533464566929
 21
1.0298664173228347
 31
0
  0
LINE
  5
441
330
1A
100
AcDbEntity
  8
BLACK
  6
CONTINUOUS
100
AcDbLine
 10
0.0392533464566929
 20
1.0298664173228347
 30
0
 11
0.0392361811023622
 21
1.0298721653543308
 31
0
  0
LINE
  5
442
330
1A
100
AcDbEntity
  8
BLACK
  6
CONTINUOUS
100
AcDbLine
 10
0.0392361811023622
 20
1.0298721653543308
 30
0
 11
0.0391975590551181
 21
1.0298644488188977
 31
0
  0
LINE
  5
443
330
1A
100
AcDbEntity
  8
BLACK
  6
CONTINUOUS
100
AcDbLine
 10
0.0391975590551181
 20
1.0298644488188977
 30
0
 11
0.0376977559055118
 21
1.0298644488188977
 31
0
  0
LINE
  5
444
330
1A
100
AcDbEntity
  8
BLACK
  6
CONTINUOUS
100
AcDbLine
 10
0.0376977559055118
 20
1.0298644488188977
 30
0
 11
0.037659094488189
 21
1.0298721653543308
 31
0
  0
LINE
  5
445
330
1A
100
AcDbEntity
  8
BLACK
  6
CONTINUOUS
100
AcDbLine
 10
0.037659094488189
 20
1.0298721653543308
 30
0
 11
0.037641968503937
 21
1.0298664173228347
 31
0
  0
LINE
  5
446
330
1A
100
AcDbEntity
  8
BLACK
  6
CONTINUOUS
100
AcDbLine
 10
0.037641968503937
 20
1.0298664173228347
 30
0
 11
0.0375202362204724
 21
1.0298997637795275
 31
0
  0
LINE
  5
447
330
1A
100
AcDbEntity
  8
BLACK
  6
CONTINUOUS
100
AcDbLine
 10
0.0375202362204724
 20
1.0298997637795275
 30
0
 11
0.0373964173228346
 21
1.0299243700787402
 31
0
  0
LINE
  5
448
330
1A
100
AcDbEntity
  8
BLACK
  6
CONTINUOUS
100
AcDbLine
 10
0.0373964173228346
 20
1.0299243700787402
 30
0
 11
0.0373836220472441
 21
1.0299371653543308
 31
0
  0
LINE
  5
449
330
1A
100
AcDbEntity
  8
BLACK
  6
CONTINUOUS
100
AcDbLine
 10
0.0373836220472441
 20
1.0299371653543308
 30
0
 11
0.0373456299212598
 21
1.0299475590551181
 31
0
  0
LINE
  5
44A
330
1A
100
AcDbEntity
  8
BLACK
  6
CONTINUOUS
100
AcDbLine
 10
0.0373456299212598
 20
1.0299475590551181
 30
0
 11
0.0365957480314961
 21
1.0303224803149607
 31
0
  0
LINE
  5
44B
330
1A
100
AcDbEntity
  8
BLACK
  6
CONTINUOUS
100
AcDbLine
 10
0.0365957480314961
 20
1.0303224803149607
 30
0
 11
0.036471811023622
 21
1.0304186614173227
 31
0
  0
LINE
  5
44C
330
1A
100
AcDbEntity
  8
BLACK
  6
CONTINUOUS
100
AcDbLine
 10
0.036471811023622
 20
1.0304186614173227
 30
0
 11
0.036431968503937
 21
1.0304319291338582
 31
0
  0
LINE
  5
44D
330
1A
100
AcDbEntity
  8
BLACK
  6
CONTINUOUS
100
AcDbLine
 10
0.036431968503937
 20
1.0304319291338582
 30
0
 11
0.0363975196850394
 21
1.0304762992125984
 31
0
  0
LINE
  5
44E
330
1A
100
AcDbEntity
  8
BLACK
  6
CONTINUOUS
100
AcDbLine
 10
0.0363975196850394
 20
1.0304762992125984
 30
0
 11
0.036353031496063
 21
1.0305108267716536
 31
0
  0
LINE
  5
44F
330
1A
100
AcDbEntity
  8
BLACK
  6
CONTINUOUS
100
AcDbLine
 10
0.036353031496063
 20
1.0305108267716536
 30
0
 11
0.0363396850393701
 21
1.0305508267716534
 31
0
  0
LINE
  5
450
330
1A
100
AcDbEntity
  8
BLACK
  6
CONTINUOUS
100
AcDbLine
 10
0.0363396850393701
 20
1.0305508267716534
 30
0
 11
0.0362435826771654
 21
1.0306746456692912
 31
0
  0
LINE
  5
451
330
1A
100
AcDbEntity
  8
BLACK
  6
CONTINUOUS
100
AcDbLine
 10
0.0362435826771654
 20
1.0306746456692912
 30
0
 11
0.0358686220472441
 21
1.0314245669291338
 31
0
  0
LINE
  5
452
330
1A
100
AcDbEntity
  8
BLACK
  6
CONTINUOUS
100
AcDbLine
 10
0.0358686220472441
 20
1.0314245669291338
 30
0
 11
0.0358581889763779
 21
1.0314625984251968
 31
0
  0
LINE
  5
453
330
1A
100
AcDbEntity
  8
BLACK
  6
CONTINUOUS
100
AcDbLine
 10
0.0358581889763779
 20
1.0314625984251968
 30
0
 11
0.0358454330708661
 21
1.0314753543307087
 31
0
  0
LINE
  5
454
330
1A
100
AcDbEntity
  8
BLACK
  6
CONTINUOUS
100
AcDbLine
 10
0.0358454330708661
 20
1.0314753543307087
 30
0
 11
0.0358207874015748
 21
1.0315991338582677
 31
0
  0
LINE
  5
455
330
1A
100
AcDbEntity
  8
BLACK
  6
CONTINUOUS
100
AcDbLine
 10
0.0358207874015748
 20
1.0315991338582677
 30
0
 11
0.0357874803149606
 21
1.0317208661417323
 31
0
  0
LINE
  5
456
330
1A
100
AcDbEntity
  8
BLACK
  6
CONTINUOUS
100
AcDbLine
 10
0.0357874803149606
 20
1.0317208661417323
 30
0
 11
0.035793188976378
 21
1.0317380314960629
 31
0
  0
LINE
  5
457
330
1A
100
AcDbEntity
  8
BLACK
  6
CONTINUOUS
100
AcDbLine
 10
0.035793188976378
 20
1.0317380314960629
 30
0
 11
0.0357855118110236
 21
1.0317766929133858
 31
0
  0
LINE
  5
458
330
1A
100
AcDbEntity
  8
BLACK
  6
CONTINUOUS
100
AcDbLine
 10
0.0357855118110236
 20
1.0317766929133858
 30
0
 11
0.0357855118110236
 21
1.0347763385826771
 31
0
  0
LINE
  5
459
330
1A
100
AcDbEntity
  8
BLACK
  6
CONTINUOUS
100
AcDbLine
 10
0.0357855118110236
 20
1.0347763385826771
 30
0
 11
0.035793188976378
 21
1.0348150393700788
 31
0
  0
LINE
  5
45A
330
1A
100
AcDbEntity
  8
BLACK
  6
CONTINUOUS
100
AcDbLine
 10
0.035793188976378
 20
1.0348150393700788
 30
0
 11
0.0357874803149606
 21
1.0348321653543306
 31
0
  0
LINE
  5
45B
330
1A
100
AcDbEntity
  8
BLACK
  6
CONTINUOUS
100
AcDbLine
 10
0.0357874803149606
 20
1.0348321653543306
 30
0
 11
0.0358207874015748
 21
1.034953779527559
 31
0
  0
LINE
  5
45C
330
1A
100
AcDbEntity
  8
BLACK
  6
CONTINUOUS
100
AcDbLine
 10
0.0358207874015748
 20
1.034953779527559
 30
0
 11
0.0358454330708661
 21
1.0350776771653543
 31
0
  0
LINE
  5
45D
330
1A
100
AcDbEntity
  8
BLACK
  6
CONTINUOUS
100
AcDbLine
 10
0.0358454330708661
 20
1.0350776771653543
 30
0
 11
0.0358582283464567
 21
1.0350905118110236
 31
0
  0
LINE
  5
45E
330
1A
100
AcDbEntity
  8
BLACK
  6
CONTINUOUS
100
AcDbLine
 10
0.0358582283464567
 20
1.0350905118110236
 30
0
 11
0.0358686614173228
 21
1.0351285039370079
 31
0
  0
LINE
  5
45F
330
1A
100
AcDbEntity
  8
BLACK
  6
CONTINUOUS
100
AcDbLine
 10
0.0358686614173228
 20
1.0351285039370079
 30
0
 11
0.0362435826771654
 21
1.035878346456693
 31
0
  0
LINE
  5
460
330
1A
100
AcDbEntity
  8
BLACK
  6
CONTINUOUS
100
AcDbLine
 10
0.0362435826771654
 20
1.035878346456693
 30
0
 11
0.0363396456692913
 21
1.0360021653543308
 31
0
  0
LINE
  5
461
330
1A
100
AcDbEntity
  8
BLACK
  6
CONTINUOUS
100
AcDbLine
 10
0.0363396456692913
 20
1.0360021653543308
 30
0
 11
0.0363529921259843
 21
1.036042125984252
 31
0
  0
LINE
  5
462
330
1A
100
AcDbEntity
  8
BLACK
  6
CONTINUOUS
100
AcDbLine
 10
0.0363529921259843
 20
1.036042125984252
 30
0
 11
0.0363974803149606
 21
1.0360766929133858
 31
0
  0
LINE
  5
463
330
1A
100
AcDbEntity
  8
BLACK
  6
CONTINUOUS
100
AcDbLine
 10
0.0363974803149606
 20
1.0360766929133858
 30
0
 11
0.036431968503937
 21
1.036121062992126
 31
0
  0
LINE
  5
464
330
1A
100
AcDbEntity
  8
BLACK
  6
CONTINUOUS
100
AcDbLine
 10
0.036431968503937
 20
1.036121062992126
 30
0
 11
0.036471811023622
 21
1.0361343700787402
 31
0
  0
LINE
  5
465
330
1A
100
AcDbEntity
  8
BLACK
  6
CONTINUOUS
100
AcDbLine
 10
0.036471811023622
 20
1.0361343700787402
 30
0
 11
0.0365957086614173
 21
1.0362304724409448
 31
0
  0
LINE
  5
466
330
1A
100
AcDbEntity
  8
BLACK
  6
CONTINUOUS
100
AcDbLine
 10
0.0365957086614173
 20
1.0362304724409448
 30
0
 11
0.0373455905511811
 21
1.0366054330708661
 31
0
  0
LINE
  5
467
330
1A
100
AcDbEntity
  8
BLACK
  6
CONTINUOUS
100
AcDbLine
 10
0.0373455905511811
 20
1.0366054330708661
 30
0
 11
0.0373835826771654
 21
1.0366158661417322
 31
0
  0
LINE
  5
468
330
1A
100
AcDbEntity
  8
BLACK
  6
CONTINUOUS
100
AcDbLine
 10
0.0373835826771654
 20
1.0366158661417322
 30
0
 11
0.0373964173228346
 21
1.0366286614173228
 31
0
  0
LINE
  5
469
330
1A
100
AcDbEntity
  8
BLACK
  6
CONTINUOUS
100
AcDbLine
 10
0.0373964173228346
 20
1.0366286614173228
 30
0
 11
0.0375203149606299
 21
1.0366533070866142
 31
0
  0
LINE
  5
46A
330
1A
100
AcDbEntity
  8
BLACK
  6
CONTINUOUS
100
AcDbLine
 10
0.0375203149606299
 20
1.0366533070866142
 30
0
 11
0.0376419291338583
 21
1.0366866141732283
 31
0
  0
LINE
  5
46B
330
1A
100
AcDbEntity
  8
BLACK
  6
CONTINUOUS
100
AcDbLine
 10
0.0376419291338583
 20
1.0366866141732283
 30
0
 11
0.0376590551181102
 21
1.0366809055118109
 31
0
  0
LINE
  5
46C
330
1A
100
AcDbEntity
  8
BLACK
  6
CONTINUOUS
100
AcDbLine
 10
0.0376590551181102
 20
1.0366809055118109
 30
0
 11
0.0376977559055118
 21
1.0366885826771652
 31
0
  0
LINE
  5
46D
330
1A
100
AcDbEntity
  8
BLACK
  6
CONTINUOUS
100
AcDbLine
 10
0.0376977559055118
 20
1.0366885826771652
 30
0
 11
0.0391975590551181
 21
1.0366885826771652
 31
0
  0
LINE
  5
46E
330
1A
100
AcDbEntity
  8
BLACK
  6
CONTINUOUS
100
AcDbLine
 10
0.0391975590551181
 20
1.0366885826771652
 30
0
 11
0.0392362204724409
 21
1.0366809055118109
 31
0
  0
LINE
  5
46F
330
1A
100
AcDbEntity
  8
BLACK
  6
CONTINUOUS
100
AcDbLine
 10
0.0375347244094488
 20
1.0349393307086614
 30
0
 11
0.0373603149606299
 21
1.0345904724409449
 31
0
  0
LINE
  5
470
330
1A
100
AcDbEntity
  8
BLACK
  6
CONTINUOUS
100
AcDbLine
 10
0.0373603149606299
 20
1.0345904724409449
 30
0
 11
0.0373603149606299
 21
1.0342370078740157
 31
0
  0
LINE
  5
471
330
1A
100
AcDbEntity
  8
BLACK
  6
CONTINUOUS
100
AcDbLine
 10
0.0373603149606299
 20
1.0342370078740157
 30
0
 11
0.0394979527559055
 21
1.0346645669291339
 31
0
  0
LINE
  5
472
330
1A
100
AcDbEntity
  8
BLACK
  6
CONTINUOUS
100
AcDbLine
 10
0.0394979527559055
 20
1.0346645669291339
 30
0
 11
0.0393605905511811
 21
1.0349393307086614
 31
0
  0
LINE
  5
473
330
1A
100
AcDbEntity
  8
BLACK
  6
CONTINUOUS
100
AcDbLine
 10
0.0393605905511811
 20
1.0349393307086614
 30
0
 11
0.0390116535433071
 21
1.0351137795275591
 31
0
  0
LINE
  5
474
330
1A
100
AcDbEntity
  8
BLACK
  6
CONTINUOUS
100
AcDbLine
 10
0.0390116535433071
 20
1.0351137795275591
 30
0
 11
0.0378836614173228
 21
1.0351137795275591
 31
0
  0
LINE
  5
475
330
1A
100
AcDbEntity
  8
BLACK
  6
CONTINUOUS
100
AcDbLine
 10
0.0378836614173228
 20
1.0351137795275591
 30
0
 11
0.0375347244094488
 21
1.0349393307086614
 31
0
  0
LINE
  5
476
330
1A
100
AcDbEntity
  8
BLACK
  6
CONTINUOUS
100
AcDbLine
 10
0.0463603543307087
 20
1.0366809055118109
 30
0
 11
0.0463775196850394
 21
1.0366866141732283
 31
0
  0
LINE
  5
477
330
1A
100
AcDbEntity
  8
BLACK
  6
CONTINUOUS
100
AcDbLine
 10
0.0463775196850394
 20
1.0366866141732283
 30
0
 11
0.0464992519685039
 21
1.0366533070866142
 31
0
  0
LINE
  5
478
330
1A
100
AcDbEntity
  8
BLACK
  6
CONTINUOUS
100
AcDbLine
 10
0.0464992519685039
 20
1.0366533070866142
 30
0
 11
0.046623031496063
 21
1.0366286614173228
 31
0
  0
LINE
  5
479
330
1A
100
AcDbEntity
  8
BLACK
  6
CONTINUOUS
100
AcDbLine
 10
0.046623031496063
 20
1.0366286614173228
 30
0
 11
0.0466357874015748
 21
1.0366159055118109
 31
0
  0
LINE
  5
47A
330
1A
100
AcDbEntity
  8
BLACK
  6
CONTINUOUS
100
AcDbLine
 10
0.0466357874015748
 20
1.0366159055118109
 30
0
 11
0.0466738188976378
 21
1.0366054724409448
 31
0
  0
LINE
  5
47B
330
1A
100
AcDbEntity
  8
BLACK
  6
CONTINUOUS
100
AcDbLine
 10
0.0466738188976378
 20
1.0366054724409448
 30
0
 11
0.0474237401574803
 21
1.0362305118110235
 31
0
  0
LINE
  5
47C
330
1A
100
AcDbEntity
  8
BLACK
  6
CONTINUOUS
100
AcDbLine
 10
0.0474237401574803
 20
1.0362305118110235
 30
0
 11
0.0476664566929134
 21
1.036042125984252
 31
0
  0
LINE
  5
47D
330
1A
100
AcDbEntity
  8
BLACK
  6
CONTINUOUS
100
AcDbLine
 10
0.0476664566929134
 20
1.036042125984252
 30
0
 11
0.0478570472440945
 21
1.0354703937007874
 31
0
  0
LINE
  5
47E
330
1A
100
AcDbEntity
  8
BLACK
  6
CONTINUOUS
100
AcDbLine
 10
0.0478570472440945
 20
1.0354703937007874
 30
0
 11
0.0475875196850394
 21
1.0349313779527558
 31
0
  0
LINE
  5
47F
330
1A
100
AcDbEntity
  8
BLACK
  6
CONTINUOUS
100
AcDbLine
 10
0.0475875196850394
 20
1.0349313779527558
 30
0
 11
0.0470157874015748
 21
1.0347407874015748
 31
0
  0
LINE
  5
480
330
1A
100
AcDbEntity
  8
BLACK
  6
CONTINUOUS
100
AcDbLine
 10
0.0470157874015748
 20
1.0347407874015748
 30
0
 11
0.0467194488188976
 21
1.034821968503937
 31
0
  0
LINE
  5
481
330
1A
100
AcDbEntity
  8
BLACK
  6
CONTINUOUS
100
AcDbLine
 10
0.0467194488188976
 20
1.034821968503937
 30
0
 11
0.0461357874015748
 21
1.0351137795275591
 31
0
  0
LINE
  5
482
330
1A
100
AcDbEntity
  8
BLACK
  6
CONTINUOUS
100
AcDbLine
 10
0.0461357874015748
 20
1.0351137795275591
 30
0
 11
0.0450077952755906
 21
1.0351137795275591
 31
0
  0
LINE
  5
483
330
1A
100
AcDbEntity
  8
BLACK
  6
CONTINUOUS
100
AcDbLine
 10
0.0450077952755906
 20
1.0351137795275591
 30
0
 11
0.0445384251968504
 21
1.0348790944881889
 31
0
  0
LINE
  5
484
330
1A
100
AcDbEntity
  8
BLACK
  6
CONTINUOUS
100
AcDbLine
 10
0.0445384251968504
 20
1.0348790944881889
 30
0
 11
0.0443441338582677
 21
1.0346848425196851
 31
0
  0
LINE
  5
485
330
1A
100
AcDbEntity
  8
BLACK
  6
CONTINUOUS
100
AcDbLine
 10
0.0443441338582677
 20
1.0346848425196851
 30
0
 11
0.0441094881889764
 21
1.0342155118110237
 31
0
  0
LINE
  5
486
330
1A
100
AcDbEntity
  8
BLACK
  6
CONTINUOUS
100
AcDbLine
 10
0.0441094881889764
 20
1.0342155118110237
 30
0
 11
0.0441094881889764
 21
1.032337559055118
 31
0
  0
LINE
  5
487
330
1A
100
AcDbEntity
  8
BLACK
  6
CONTINUOUS
100
AcDbLine
 10
0.0441094881889764
 20
1.032337559055118
 30
0
 11
0.0443441732283465
 21
1.0318681496062991
 31
0
  0
LINE
  5
488
330
1A
100
AcDbEntity
  8
BLACK
  6
CONTINUOUS
100
AcDbLine
 10
0.0443441732283465
 20
1.0318681496062991
 30
0
 11
0.0445383858267717
 21
1.031673937007874
 31
0
  0
LINE
  5
489
330
1A
100
AcDbEntity
  8
BLACK
  6
CONTINUOUS
100
AcDbLine
 10
0.0445383858267717
 20
1.031673937007874
 30
0
 11
0.0450077952755906
 21
1.0314392519685038
 31
0
  0
LINE
  5
48A
330
1A
100
AcDbEntity
  8
BLACK
  6
CONTINUOUS
100
AcDbLine
 10
0.0450077952755906
 20
1.0314392519685038
 30
0
 11
0.0461358267716535
 21
1.0314392519685038
 31
0
  0
LINE
  5
48B
330
1A
100
AcDbEntity
  8
BLACK
  6
CONTINUOUS
100
AcDbLine
 10
0.0461358267716535
 20
1.0314392519685038
 30
0
 11
0.0467195275590551
 21
1.0317310629921259
 31
0
  0
LINE
  5
48C
330
1A
100
AcDbEntity
  8
BLACK
  6
CONTINUOUS
100
AcDbLine
 10
0.0467195275590551
 20
1.0317310629921259
 30
0
 11
0.0470158267716535
 21
1.0318122047244094
 31
0
  0
LINE
  5
48D
330
1A
100
AcDbEntity
  8
BLACK
  6
CONTINUOUS
100
AcDbLine
 10
0.0470158267716535
 20
1.0318122047244094
 30
0
 11
0.0475875590551181
 21
1.0316216141732284
 31
0
  0
LINE
  5
48E
330
1A
100
AcDbEntity
  8
BLACK
  6
CONTINUOUS
100
AcDbLine
 10
0.0475875590551181
 20
1.0316216141732284
 30
0
 11
0.0478570472440945
 21
1.031082559055118
 31
0
  0
LINE
  5
48F
330
1A
100
AcDbEntity
  8
BLACK
  6
CONTINUOUS
100
AcDbLine
 10
0.0478570472440945
 20
1.031082559055118
 30
0
 11
0.0476664566929134
 21
1.0305108267716536
 31
0
  0
LINE
  5
490
330
1A
100
AcDbEntity
  8
BLACK
  6
CONTINUOUS
100
AcDbLine
 10
0.0476664566929134
 20
1.0305108267716536
 30
0
 11
0.0474237401574803
 21
1.0303224803149607
 31
0
  0
LINE
  5
491
330
1A
100
AcDbEntity
  8
BLACK
  6
CONTINUOUS
100
AcDbLine
 10
0.0474237401574803
 20
1.0303224803149607
 30
0
 11
0.0466738188976378
 21
1.0299475590551181
 31
0
  0
LINE
  5
492
330
1A
100
AcDbEntity
  8
BLACK
  6
CONTINUOUS
100
AcDbLine
 10
0.0466738188976378
 20
1.0299475590551181
 30
0
 11
0.0466357874015748
 21
1.0299371653543308
 31
0
  0
LINE
  5
493
330
1A
100
AcDbEntity
  8
BLACK
  6
CONTINUOUS
100
AcDbLine
 10
0.0466357874015748
 20
1.0299371653543308
 30
0
 11
0.046623031496063
 21
1.0299243700787402
 31
0
  0
LINE
  5
494
330
1A
100
AcDbEntity
  8
BLACK
  6
CONTINUOUS
100
AcDbLine
 10
0.046623031496063
 20
1.0299243700787402
 30
0
 11
0.0464991732283465
 21
1.0298997637795275
 31
0
  0
LINE
  5
495
330
1A
100
AcDbEntity
  8
BLACK
  6
CONTINUOUS
100
AcDbLine
 10
0.0464991732283465
 20
1.0298997637795275
 30
0
 11
0.0463774803149606
 21
1.0298664173228347
 31
0
  0
LINE
  5
496
330
1A
100
AcDbEntity
  8
BLACK
  6
CONTINUOUS
100
AcDbLine
 10
0.0463774803149606
 20
1.0298664173228347
 30
0
 11
0.0463603149606299
 21
1.0298721653543308
 31
0
  0
LINE
  5
497
330
1A
100
AcDbEntity
  8
BLACK
  6
CONTINUOUS
100
AcDbLine
 10
0.0463603149606299
 20
1.0298721653543308
 30
0
 11
0.0463216929133858
 21
1.0298644488188977
 31
0
  0
LINE
  5
498
330
1A
100
AcDbEntity
  8
BLACK
  6
CONTINUOUS
100
AcDbLine
 10
0.0463216929133858
 20
1.0298644488188977
 30
0
 11
0.0448218897637795
 21
1.0298644488188977
 31
0
  0
LINE
  5
499
330
1A
100
AcDbEntity
  8
BLACK
  6
CONTINUOUS
100
AcDbLine
 10
0.0448218897637795
 20
1.0298644488188977
 30
0
 11
0.0447832283464567
 21
1.0298721653543308
 31
0
  0
LINE
  5
49A
330
1A
100
AcDbEntity
  8
BLACK
  6
CONTINUOUS
100
AcDbLine
 10
0.0447832283464567
 20
1.0298721653543308
 30
0
 11
0.0447661023622047
 21
1.0298664173228347
 31
0
  0
LINE
  5
49B
330
1A
100
AcDbEntity
  8
BLACK
  6
CONTINUOUS
100
AcDbLine
 10
0.0447661023622047
 20
1.0298664173228347
 30
0
 11
0.0446444094488189
 21
1.0298997637795275
 31
0
  0
LINE
  5
49C
330
1A
100
AcDbEntity
  8
BLACK
  6
CONTINUOUS
100
AcDbLine
 10
0.0446444094488189
 20
1.0298997637795275
 30
0
 11
0.0445205511811024
 21
1.0299243700787402
 31
0
  0
LINE
  5
49D
330
1A
100
AcDbEntity
  8
BLACK
  6
CONTINUOUS
100
AcDbLine
 10
0.0445205511811024
 20
1.0299243700787402
 30
0
 11
0.0445077165354331
 21
1.0299372047244095
 31
0
  0
LINE
  5
49E
330
1A
100
AcDbEntity
  8
BLACK
  6
CONTINUOUS
100
AcDbLine
 10
0.0445077165354331
 20
1.0299372047244095
 30
0
 11
0.0444698031496063
 21
1.0299475590551181
 31
0
  0
LINE
  5
49F
330
1A
100
AcDbEntity
  8
BLACK
  6
CONTINUOUS
100
AcDbLine
 10
0.0444698031496063
 20
1.0299475590551181
 30
0
 11
0.043719842519685
 21
1.0303224803149607
 31
0
  0
LINE
  5
4A0
330
1A
100
AcDbEntity
  8
BLACK
  6
CONTINUOUS
100
AcDbLine
 10
0.043719842519685
 20
1.0303224803149607
 30
0
 11
0.04362
 21
1.0303999606299212
 31
0
  0
LINE
  5
4A1
330
1A
100
AcDbEntity
  8
BLACK
  6
CONTINUOUS
100
AcDbLine
 10
0.04362
 20
1.0303999606299212
 30
0
 11
0.043515157480315
 21
1.0304700393700787
 31
0
  0
LINE
  5
4A2
330
1A
100
AcDbEntity
  8
BLACK
  6
CONTINUOUS
100
AcDbLine
 10
0.043515157480315
 20
1.0304700393700787
 30
0
 11
0.0431402362204724
 21
1.030845
 31
0
  0
LINE
  5
4A3
330
1A
100
AcDbEntity
  8
BLACK
  6
CONTINUOUS
100
AcDbLine
 10
0.0431402362204724
 20
1.030845
 30
0
 11
0.0430700393700787
 21
1.0309500393700788
 31
0
  0
LINE
  5
4A4
330
1A
100
AcDbEntity
  8
BLACK
  6
CONTINUOUS
100
AcDbLine
 10
0.0430700393700787
 20
1.0309500393700788
 30
0
 11
0.0429927559055118
 21
1.0310496062992125
 31
0
  0
LINE
  5
4A5
330
1A
100
AcDbEntity
  8
BLACK
  6
CONTINUOUS
100
AcDbLine
 10
0.0429927559055118
 20
1.0310496062992125
 30
0
 11
0.0426177952755906
 21
1.031799527559055
 31
0
  0
LINE
  5
4A6
330
1A
100
AcDbEntity
  8
BLACK
  6
CONTINUOUS
100
AcDbLine
 10
0.0426177952755906
 20
1.031799527559055
 30
0
 11
0.0426073622047244
 21
1.0318375590551181
 31
0
  0
LINE
  5
4A7
330
1A
100
AcDbEntity
  8
BLACK
  6
CONTINUOUS
100
AcDbLine
 10
0.0426073622047244
 20
1.0318375590551181
 30
0
 11
0.0425946062992126
 21
1.03185031496063
 31
0
  0
LINE
  5
4A8
330
1A
100
AcDbEntity
  8
BLACK
  6
CONTINUOUS
100
AcDbLine
 10
0.0425946062992126
 20
1.03185031496063
 30
0
 11
0.0425699606299213
 21
1.031974094488189
 31
0
  0
LINE
  5
4A9
330
1A
100
AcDbEntity
  8
BLACK
  6
CONTINUOUS
100
AcDbLine
 10
0.0425699606299213
 20
1.031974094488189
 30
0
 11
0.0425366535433071
 21
1.0320958267716536
 31
0
  0
LINE
  5
4AA
330
1A
100
AcDbEntity
  8
BLACK
  6
CONTINUOUS
100
AcDbLine
 10
0.0425366535433071
 20
1.0320958267716536
 30
0
 11
0.0425423622047244
 21
1.0321129921259842
 31
0
  0
LINE
  5
4AB
330
1A
100
AcDbEntity
  8
BLACK
  6
CONTINUOUS
100
AcDbLine
 10
0.0425423622047244
 20
1.0321129921259842
 30
0
 11
0.0425346850393701
 21
1.0321516535433071
 31
0
  0
LINE
  5
4AC
330
1A
100
AcDbEntity
  8
BLACK
  6
CONTINUOUS
100
AcDbLine
 10
0.0425346850393701
 20
1.0321516535433071
 30
0
 11
0.0425346850393701
 21
1.0344013779527559
 31
0
  0
LINE
  5
4AD
330
1A
100
AcDbEntity
  8
BLACK
  6
CONTINUOUS
100
AcDbLine
 10
0.0425346850393701
 20
1.0344013779527559
 30
0
 11
0.0425423622047244
 21
1.0344400787401575
 31
0
  0
LINE
  5
4AE
330
1A
100
AcDbEntity
  8
BLACK
  6
CONTINUOUS
100
AcDbLine
 10
0.0425423622047244
 20
1.0344400787401575
 30
0
 11
0.0425366535433071
 21
1.0344572047244094
 31
0
  0
LINE
  5
4AF
330
1A
100
AcDbEntity
  8
BLACK
  6
CONTINUOUS
100
AcDbLine
 10
0.0425366535433071
 20
1.0344572047244094
 30
0
 11
0.0425699606299213
 21
1.0345788188976377
 31
0
  0
LINE
  5
4B0
330
1A
100
AcDbEntity
  8
BLACK
  6
CONTINUOUS
100
AcDbLine
 10
0.0425699606299213
 20
1.0345788188976377
 30
0
 11
0.0425946062992126
 21
1.034702716535433
 31
0
  0
LINE
  5
4B1
330
1A
100
AcDbEntity
  8
BLACK
  6
CONTINUOUS
100
AcDbLine
 10
0.0425946062992126
 20
1.034702716535433
 30
0
 11
0.0426074015748031
 21
1.0347155511811024
 31
0
  0
LINE
  5
4B2
330
1A
100
AcDbEntity
  8
BLACK
  6
CONTINUOUS
100
AcDbLine
 10
0.0426074015748031
 20
1.0347155511811024
 30
0
 11
0.0426178346456693
 21
1.0347535433070867
 31
0
  0
LINE
  5
4B3
330
1A
100
AcDbEntity
  8
BLACK
  6
CONTINUOUS
100
AcDbLine
 10
0.0426178346456693
 20
1.0347535433070867
 30
0
 11
0.0429927559055118
 21
1.0355033858267717
 31
0
  0
LINE
  5
4B4
330
1A
100
AcDbEntity
  8
BLACK
  6
CONTINUOUS
100
AcDbLine
 10
0.0429927559055118
 20
1.0355033858267717
 30
0
 11
0.0430700393700787
 21
1.0356029921259842
 31
0
  0
LINE
  5
4B5
330
1A
100
AcDbEntity
  8
BLACK
  6
CONTINUOUS
100
AcDbLine
 10
0.0430700393700787
 20
1.0356029921259842
 30
0
 11
0.0431402362204724
 21
1.0357079921259842
 31
0
  0
LINE
  5
4B6
330
1A
100
AcDbEntity
  8
BLACK
  6
CONTINUOUS
100
AcDbLine
 10
0.0431402362204724
 20
1.0357079921259842
 30
0
 11
0.043515157480315
 21
1.0360829527559055
 31
0
  0
LINE
  5
4B7
330
1A
100
AcDbEntity
  8
BLACK
  6
CONTINUOUS
100
AcDbLine
 10
0.043515157480315
 20
1.0360829527559055
 30
0
 11
0.0436200393700787
 21
1.0361530708661417
 31
0
  0
LINE
  5
4B8
330
1A
100
AcDbEntity
  8
BLACK
  6
CONTINUOUS
100
AcDbLine
 10
0.0436200393700787
 20
1.0361530708661417
 30
0
 11
0.043719842519685
 21
1.0362305118110235
 31
0
  0
LINE
  5
4B9
330
1A
100
AcDbEntity
  8
BLACK
  6
CONTINUOUS
100
AcDbLine
 10
0.043719842519685
 20
1.0362305118110235
 30
0
 11
0.0444697244094488
 21
1.0366054330708661
 31
0
  0
LINE
  5
4BA
330
1A
100
AcDbEntity
  8
BLACK
  6
CONTINUOUS
100
AcDbLine
 10
0.0444697244094488
 20
1.0366054330708661
 30
0
 11
0.0445077165354331
 21
1.0366158661417322
 31
0
  0
LINE
  5
4BB
330
1A
100
AcDbEntity
  8
BLACK
  6
CONTINUOUS
100
AcDbLine
 10
0.0445077165354331
 20
1.0366158661417322
 30
0
 11
0.0445205511811024
 21
1.0366286614173228
 31
0
  0
LINE
  5
4BC
330
1A
100
AcDbEntity
  8
BLACK
  6
CONTINUOUS
100
AcDbLine
 10
0.0445205511811024
 20
1.0366286614173228
 30
0
 11
0.0446444488188976
 21
1.0366533070866142
 31
0
  0
LINE
  5
4BD
330
1A
100
AcDbEntity
  8
BLACK
  6
CONTINUOUS
100
AcDbLine
 10
0.0446444488188976
 20
1.0366533070866142
 30
0
 11
0.044766062992126
 21
1.0366866141732283
 31
0
  0
LINE
  5
4BE
330
1A
100
AcDbEntity
  8
BLACK
  6
CONTINUOUS
100
AcDbLine
 10
0.044766062992126
 20
1.0366866141732283
 30
0
 11
0.044783188976378
 21
1.0366809055118109
 31
0
  0
LINE
  5
4BF
330
1A
100
AcDbEntity
  8
BLACK
  6
CONTINUOUS
100
AcDbLine
 10
0.044783188976378
 20
1.0366809055118109
 30
0
 11
0.0448218897637795
 21
1.0366885826771652
 31
0
  0
LINE
  5
4C0
330
1A
100
AcDbEntity
  8
BLACK
  6
CONTINUOUS
100
AcDbLine
 10
0.0448218897637795
 20
1.0366885826771652
 30
0
 11
0.0463216929133858
 21
1.0366885826771652
 31
0
  0
LINE
  5
4C1
330
1A
100
AcDbEntity
  8
BLACK
  6
CONTINUOUS
100
AcDbLine
 10
0.0463216929133858
 20
1.0366885826771652
 30
0
 11
0.0463603543307087
 21
1.0366809055118109
 31
0
  0
LINE
  5
4C2
330
1A
100
AcDbEntity
  8
BLACK
  6
CONTINUOUS
100
AcDbLine
 10
0.0511737007874016
 20
1.0388272047244094
 30
0
 11
0.0512336220472441
 21
1.0385258661417323
 31
0
  0
LINE
  5
4C3
330
1A
100
AcDbEntity
  8
BLACK
  6
CONTINUOUS
100
AcDbLine
 10
0.0512336220472441
 20
1.0385258661417323
 30
0
 11
0.0512336220472441
 21
1.0366885826771652
 31
0
  0
LINE
  5
4C4
330
1A
100
AcDbEntity
  8
BLACK
  6
CONTINUOUS
100
AcDbLine
 10
0.0512336220472441
 20
1.0366885826771652
 30
0
 11
0.0523209842519685
 21
1.0366885826771652
 31
0
  0
LINE
  5
4C5
330
1A
100
AcDbEntity
  8
BLACK
  6
CONTINUOUS
100
AcDbLine
 10
0.0523209842519685
 20
1.0366885826771652
 30
0
 11
0.0526223228346457
 21
1.0366286614173228
 31
0
  0
LINE
  5
4C6
330
1A
100
AcDbEntity
  8
BLACK
  6
CONTINUOUS
100
AcDbLine
 10
0.0526223228346457
 20
1.0366286614173228
 30
0
 11
0.0530484645669291
 21
1.0362025196850393
 31
0
  0
LINE
  5
4C7
330
1A
100
AcDbEntity
  8
BLACK
  6
CONTINUOUS
100
AcDbLine
 10
0.0530484645669291
 20
1.0362025196850393
 30
0
 11
0.0530484645669291
 21
1.0355998425196851
 31
0
  0
LINE
  5
4C8
330
1A
100
AcDbEntity
  8
BLACK
  6
CONTINUOUS
100
AcDbLine
 10
0.0530484645669291
 20
1.0355998425196851
 30
0
 11
0.0526223228346457
 21
1.0351737007874016
 31
0
  0
LINE
  5
4C9
330
1A
100
AcDbEntity
  8
BLACK
  6
CONTINUOUS
100
AcDbLine
 10
0.0526223228346457
 20
1.0351737007874016
 30
0
 11
0.0523209842519685
 21
1.0351137795275591
 31
0
  0
LINE
  5
4CA
330
1A
100
AcDbEntity
  8
BLACK
  6
CONTINUOUS
100
AcDbLine
 10
0.0523209842519685
 20
1.0351137795275591
 30
0
 11
0.0512336220472441
 21
1.0351137795275591
 31
0
  0
LINE
  5
4CB
330
1A
100
AcDbEntity
  8
BLACK
  6
CONTINUOUS
100
AcDbLine
 10
0.0512336220472441
 20
1.0351137795275591
 30
0
 11
0.0512336220472441
 21
1.0319625984251968
 31
0
  0
LINE
  5
4CC
330
1A
100
AcDbEntity
  8
BLACK
  6
CONTINUOUS
100
AcDbLine
 10
0.0512336220472441
 20
1.0319625984251968
 30
0
 11
0.051408031496063
 21
1.0316137007874016
 31
0
  0
LINE
  5
4CD
330
1A
100
AcDbEntity
  8
BLACK
  6
CONTINUOUS
100
AcDbLine
 10
0.051408031496063
 20
1.0316137007874016
 30
0
 11
0.051756968503937
 21
1.0314392519685038
 31
0
  0
LINE
  5
4CE
330
1A
100
AcDbEntity
  8
BLACK
  6
CONTINUOUS
100
AcDbLine
 10
0.051756968503937
 20
1.0314392519685038
 30
0
 11
0.0523209842519685
 21
1.0314392519685038
 31
0
  0
LINE
  5
4CF
330
1A
100
AcDbEntity
  8
BLACK
  6
CONTINUOUS
100
AcDbLine
 10
0.0523209842519685
 20
1.0314392519685038
 30
0
 11
0.0526223228346457
 21
1.0313793307086614
 31
0
  0
LINE
  5
4D0
330
1A
100
AcDbEntity
  8
BLACK
  6
CONTINUOUS
100
AcDbLine
 10
0.0526223228346457
 20
1.0313793307086614
 30
0
 11
0.0530484645669291
 21
1.0309531889763779
 31
0
  0
LINE
  5
4D1
330
1A
100
AcDbEntity
  8
BLACK
  6
CONTINUOUS
100
AcDbLine
 10
0.0530484645669291
 20
1.0309531889763779
 30
0
 11
0.0530484645669291
 21
1.0303505118110237
 31
0
  0
LINE
  5
4D2
330
1A
100
AcDbEntity
  8
BLACK
  6
CONTINUOUS
100
AcDbLine
 10
0.0530484645669291
 20
1.0303505118110237
 30
0
 11
0.0526223228346457
 21
1.0299243700787402
 31
0
  0
LINE
  5
4D3
330
1A
100
AcDbEntity
  8
BLACK
  6
CONTINUOUS
100
AcDbLine
 10
0.0526223228346457
 20
1.0299243700787402
 30
0
 11
0.0523209842519685
 21
1.0298644488188977
 31
0
  0
LINE
  5
4D4
330
1A
100
AcDbEntity
  8
BLACK
  6
CONTINUOUS
100
AcDbLine
 10
0.0523209842519685
 20
1.0298644488188977
 30
0
 11
0.051571062992126
 21
1.0298644488188977
 31
0
  0
LINE
  5
4D5
330
1A
100
AcDbEntity
  8
BLACK
  6
CONTINUOUS
100
AcDbLine
 10
0.051571062992126
 20
1.0298644488188977
 30
0
 11
0.0515324015748031
 21
1.0298721653543308
 31
0
  0
LINE
  5
4D6
330
1A
100
AcDbEntity
  8
BLACK
  6
CONTINUOUS
100
AcDbLine
 10
0.0515324015748031
 20
1.0298721653543308
 30
0
 11
0.0515152755905512
 21
1.0298664173228347
 31
0
  0
LINE
  5
4D7
330
1A
100
AcDbEntity
  8
BLACK
  6
CONTINUOUS
100
AcDbLine
 10
0.0515152755905512
 20
1.0298664173228347
 30
0
 11
0.0513935826771654
 21
1.0298997637795275
 31
0
  0
LINE
  5
4D8
330
1A
100
AcDbEntity
  8
BLACK
  6
CONTINUOUS
100
AcDbLine
 10
0.0513935826771654
 20
1.0298997637795275
 30
0
 11
0.0512697244094488
 21
1.0299243700787402
 31
0
  0
LINE
  5
4D9
330
1A
100
AcDbEntity
  8
BLACK
  6
CONTINUOUS
100
AcDbLine
 10
0.0512697244094488
 20
1.0299243700787402
 30
0
 11
0.0512568897637795
 21
1.0299372047244095
 31
0
  0
LINE
  5
4DA
330
1A
100
AcDbEntity
  8
BLACK
  6
CONTINUOUS
100
AcDbLine
 10
0.0512568897637795
 20
1.0299372047244095
 30
0
 11
0.0512189763779528
 21
1.0299475590551181
 31
0
  0
LINE
  5
4DB
330
1A
100
AcDbEntity
  8
BLACK
  6
CONTINUOUS
100
AcDbLine
 10
0.0512189763779528
 20
1.0299475590551181
 30
0
 11
0.0504690157480315
 21
1.0303224803149607
 31
0
  0
LINE
  5
4DC
330
1A
100
AcDbEntity
  8
BLACK
  6
CONTINUOUS
100
AcDbLine
 10
0.0504690157480315
 20
1.0303224803149607
 30
0
 11
0.0503451181102362
 21
1.030418622047244
 31
0
  0
LINE
  5
4DD
330
1A
100
AcDbEntity
  8
BLACK
  6
CONTINUOUS
100
AcDbLine
 10
0.0503451181102362
 20
1.030418622047244
 30
0
 11
0.0503051968503937
 21
1.0304319291338582
 31
0
  0
LINE
  5
4DE
330
1A
100
AcDbEntity
  8
BLACK
  6
CONTINUOUS
100
AcDbLine
 10
0.0503051968503937
 20
1.0304319291338582
 30
0
 11
0.0502707086614173
 21
1.0304763779527559
 31
0
  0
LINE
  5
4DF
330
1A
100
AcDbEntity
  8
BLACK
  6
CONTINUOUS
100
AcDbLine
 10
0.0502707086614173
 20
1.0304763779527559
 30
0
 11
0.0502262992125984
 21
1.0305108267716536
 31
0
  0
LINE
  5
4E0
330
1A
100
AcDbEntity
  8
BLACK
  6
CONTINUOUS
100
AcDbLine
 10
0.0502262992125984
 20
1.0305108267716536
 30
0
 11
0.0502129527559055
 21
1.0305507874015747
 31
0
  0
LINE
  5
4E1
330
1A
100
AcDbEntity
  8
BLACK
  6
CONTINUOUS
100
AcDbLine
 10
0.0502129527559055
 20
1.0305507874015747
 30
0
 11
0.0501168503937008
 21
1.0306746456692912
 31
0
  0
LINE
  5
4E2
330
1A
100
AcDbEntity
  8
BLACK
  6
CONTINUOUS
100
AcDbLine
 10
0.0501168503937008
 20
1.0306746456692912
 30
0
 11
0.0497419291338583
 21
1.0314245669291338
 31
0
  0
LINE
  5
4E3
330
1A
100
AcDbEntity
  8
BLACK
  6
CONTINUOUS
100
AcDbLine
 10
0.0497419291338583
 20
1.0314245669291338
 30
0
 11
0.0497314960629921
 21
1.0314625984251968
 31
0
  0
LINE
  5
4E4
330
1A
100
AcDbEntity
  8
BLACK
  6
CONTINUOUS
100
AcDbLine
 10
0.0497314960629921
 20
1.0314625984251968
 30
0
 11
0.0497187401574803
 21
1.0314753543307087
 31
0
  0
LINE
  5
4E5
330
1A
100
AcDbEntity
  8
BLACK
  6
CONTINUOUS
100
AcDbLine
 10
0.0497187401574803
 20
1.0314753543307087
 30
0
 11
0.049694094488189
 21
1.0315992125984252
 31
0
  0
LINE
  5
4E6
330
1A
100
AcDbEntity
  8
BLACK
  6
CONTINUOUS
100
AcDbLine
 10
0.049694094488189
 20
1.0315992125984252
 30
0
 11
0.0496607874015748
 21
1.0317209055118111
 31
0
  0
LINE
  5
4E7
330
1A
100
AcDbEntity
  8
BLACK
  6
CONTINUOUS
100
AcDbLine
 10
0.0496607874015748
 20
1.0317209055118111
 30
0
 11
0.0496664960629921
 21
1.0317380708661417
 31
0
  0
LINE
  5
4E8
330
1A
100
AcDbEntity
  8
BLACK
  6
CONTINUOUS
100
AcDbLine
 10
0.0496664960629921
 20
1.0317380708661417
 30
0
 11
0.0496588188976378
 21
1.0317766929133858
 31
0
  0
LINE
  5
4E9
330
1A
100
AcDbEntity
  8
BLACK
  6
CONTINUOUS
100
AcDbLine
 10
0.0496588188976378
 20
1.0317766929133858
 30
0
 11
0.0496588188976378
 21
1.0351137795275591
 31
0
  0
LINE
  5
4EA
330
1A
100
AcDbEntity
  8
BLACK
  6
CONTINUOUS
100
AcDbLine
 10
0.0496588188976378
 20
1.0351137795275591
 30
0
 11
0.0493213385826772
 21
1.0351137795275591
 31
0
  0
LINE
  5
4EB
330
1A
100
AcDbEntity
  8
BLACK
  6
CONTINUOUS
100
AcDbLine
 10
0.0493213385826772
 20
1.0351137795275591
 30
0
 11
0.04902
 21
1.0351737007874016
 31
0
  0
LINE
  5
4EC
330
1A
100
AcDbEntity
  8
BLACK
  6
CONTINUOUS
100
AcDbLine
 10
0.04902
 20
1.0351737007874016
 30
0
 11
0.0485938582677165
 21
1.0355998425196851
 31
0
  0
LINE
  5
4ED
330
1A
100
AcDbEntity
  8
BLACK
  6
CONTINUOUS
100
AcDbLine
 10
0.0485938582677165
 20
1.0355998425196851
 30
0
 11
0.0485938582677165
 21
1.0362025196850393
 31
0
  0
LINE
  5
4EE
330
1A
100
AcDbEntity
  8
BLACK
  6
CONTINUOUS
100
AcDbLine
 10
0.0485938582677165
 20
1.0362025196850393
 30
0
 11
0.04902
 21
1.0366286614173228
 31
0
  0
LINE
  5
4EF
330
1A
100
AcDbEntity
  8
BLACK
  6
CONTINUOUS
100
AcDbLine
 10
0.04902
 20
1.0366286614173228
 30
0
 11
0.0493213385826772
 21
1.0366885826771652
 31
0
  0
LINE
  5
4F0
330
1A
100
AcDbEntity
  8
BLACK
  6
CONTINUOUS
100
AcDbLine
 10
0.0493213385826772
 20
1.0366885826771652
 30
0
 11
0.0496588188976378
 21
1.0366885826771652
 31
0
  0
LINE
  5
4F1
330
1A
100
AcDbEntity
  8
BLACK
  6
CONTINUOUS
100
AcDbLine
 10
0.0496588188976378
 20
1.0366885826771652
 30
0
 11
0.0496588188976378
 21
1.0385258661417323
 31
0
  0
LINE
  5
4F2
330
1A
100
AcDbEntity
  8
BLACK
  6
CONTINUOUS
100
AcDbLine
 10
0.0496588188976378
 20
1.0385258661417323
 30
0
 11
0.0497187401574803
 21
1.0388272047244094
 31
0
  0
LINE
  5
4F3
330
1A
100
AcDbEntity
  8
BLACK
  6
CONTINUOUS
100
AcDbLine
 10
0.0497187401574803
 20
1.0388272047244094
 30
0
 11
0.0501448818897638
 21
1.0392533464566929
 31
0
  0
LINE
  5
4F4
330
1A
100
AcDbEntity
  8
BLACK
  6
CONTINUOUS
100
AcDbLine
 10
0.0501448818897638
 20
1.0392533464566929
 30
0
 11
0.0507475590551181
 21
1.0392533464566929
 31
0
  0
LINE
  5
4F5
330
1A
100
AcDbEntity
  8
BLACK
  6
CONTINUOUS
100
AcDbLine
 10
0.0507475590551181
 20
1.0392533464566929
 30
0
 11
0.0511737007874016
 21
1.0388272047244094
 31
0
  0
LINE
  5
4F6
330
1A
100
AcDbEntity
  8
BLACK
  6
CONTINUOUS
100
AcDbLine
 10
0.073731968503937
 20
1.039305590551181
 30
0
 11
0.0737491338582677
 21
1.0393112992125983
 31
0
  0
LINE
  5
4F7
330
1A
100
AcDbEntity
  8
BLACK
  6
CONTINUOUS
100
AcDbLine
 10
0.0737491338582677
 20
1.0393112992125983
 30
0
 11
0.0738708661417323
 21
1.0392779921259843
 31
0
  0
LINE
  5
4F8
330
1A
100
AcDbEntity
  8
BLACK
  6
CONTINUOUS
100
AcDbLine
 10
0.0738708661417323
 20
1.0392779921259843
 30
0
 11
0.0739946456692913
 21
1.0392533464566929
 31
0
  0
LINE
  5
4F9
330
1A
100
AcDbEntity
  8
BLACK
  6
CONTINUOUS
100
AcDbLine
 10
0.0739946456692913
 20
1.0392533464566929
 30
0
 11
0.0740074015748031
 21
1.039240590551181
 31
0
  0
LINE
  5
4FA
330
1A
100
AcDbEntity
  8
BLACK
  6
CONTINUOUS
100
AcDbLine
 10
0.0740074015748031
 20
1.039240590551181
 30
0
 11
0.0740454330708661
 21
1.0392301574803149
 31
0
  0
LINE
  5
4FB
330
1A
100
AcDbEntity
  8
BLACK
  6
CONTINUOUS
100
AcDbLine
 10
0.0740454330708661
 20
1.0392301574803149
 30
0
 11
0.0747953543307087
 21
1.0388551968503936
 31
0
  0
LINE
  5
4FC
330
1A
100
AcDbEntity
  8
BLACK
  6
CONTINUOUS
100
AcDbLine
 10
0.0747953543307087
 20
1.0388551968503936
 30
0
 11
0.0748950393700787
 21
1.0387778346456693
 31
0
  0
LINE
  5
4FD
330
1A
100
AcDbEntity
  8
BLACK
  6
CONTINUOUS
100
AcDbLine
 10
0.0748950393700787
 20
1.0387778346456693
 30
0
 11
0.075
 21
1.0387076771653543
 31
0
  0
LINE
  5
4FE
330
1A
100
AcDbEntity
  8
BLACK
  6
CONTINUOUS
100
AcDbLine
 10
0.075
 20
1.0387076771653543
 30
0
 11
0.0753749606299213
 21
1.038332716535433
 31
0
  0
LINE
  5
4FF
330
1A
100
AcDbEntity
  8
BLACK
  6
CONTINUOUS
100
AcDbLine
 10
0.0753749606299213
 20
1.038332716535433
 30
0
 11
0.0754449606299213
 21
1.0382279527559055
 31
0
  0
LINE
  5
500
330
1A
100
AcDbEntity
  8
BLACK
  6
CONTINUOUS
100
AcDbLine
 10
0.0754449606299213
 20
1.0382279527559055
 30
0
 11
0.0755224803149606
 21
1.0381280708661418
 31
0
  0
LINE
  5
501
330
1A
100
AcDbEntity
  8
BLACK
  6
CONTINUOUS
100
AcDbLine
 10
0.0755224803149606
 20
1.0381280708661418
 30
0
 11
0.0758974015748032
 21
1.0373781102362205
 31
0
  0
LINE
  5
502
330
1A
100
AcDbEntity
  8
BLACK
  6
CONTINUOUS
100
AcDbLine
 10
0.0758974015748032
 20
1.0373781102362205
 30
0
 11
0.0759077559055118
 21
1.0373401968503937
 31
0
  0
LINE
  5
503
330
1A
100
AcDbEntity
  8
BLACK
  6
CONTINUOUS
100
AcDbLine
 10
0.0759077559055118
 20
1.0373401968503937
 30
0
 11
0.0759205905511811
 21
1.0373273622047243
 31
0
  0
LINE
  5
504
330
1A
100
AcDbEntity
  8
BLACK
  6
CONTINUOUS
100
AcDbLine
 10
0.0759205905511811
 20
1.0373273622047243
 30
0
 11
0.0759451968503937
 21
1.0372035039370078
 31
0
  0
LINE
  5
505
330
1A
100
AcDbEntity
  8
BLACK
  6
CONTINUOUS
100
AcDbLine
 10
0.0759451968503937
 20
1.0372035039370078
 30
0
 11
0.0759785433070866
 21
1.037081811023622
 31
0
  0
LINE
  5
506
330
1A
100
AcDbEntity
  8
BLACK
  6
CONTINUOUS
100
AcDbLine
 10
0.0759785433070866
 20
1.037081811023622
 30
0
 11
0.0759727952755905
 21
1.0370646850393701
 31
0
  0
LINE
  5
507
330
1A
100
AcDbEntity
  8
BLACK
  6
CONTINUOUS
100
AcDbLine
 10
0.0759727952755905
 20
1.0370646850393701
 30
0
 11
0.0759805118110236
 21
1.0370260236220472
 31
0
  0
LINE
  5
508
330
1A
100
AcDbEntity
  8
BLACK
  6
CONTINUOUS
100
AcDbLine
 10
0.0759805118110236
 20
1.0370260236220472
 30
0
 11
0.0759805118110236
 21
1.0362761417322834
 31
0
  0
LINE
  5
509
330
1A
100
AcDbEntity
  8
BLACK
  6
CONTINUOUS
100
AcDbLine
 10
0.0759805118110236
 20
1.0362761417322834
 30
0
 11
0.0759727952755905
 21
1.0362375196850393
 31
0
  0
LINE
  5
50A
330
1A
100
AcDbEntity
  8
BLACK
  6
CONTINUOUS
100
AcDbLine
 10
0.0759727952755905
 20
1.0362375196850393
 30
0
 11
0.0759785433070866
 21
1.0362203543307087
 31
0
  0
LINE
  5
50B
330
1A
100
AcDbEntity
  8
BLACK
  6
CONTINUOUS
100
AcDbLine
 10
0.0759785433070866
 20
1.0362203543307087
 30
0
 11
0.0759451968503937
 21
1.0360987007874016
 31
0
  0
LINE
  5
50C
330
1A
100
AcDbEntity
  8
BLACK
  6
CONTINUOUS
100
AcDbLine
 10
0.0759451968503937
 20
1.0360987007874016
 30
0
 11
0.0759205905511811
 21
1.0359748031496063
 31
0
  0
LINE
  5
50D
330
1A
100
AcDbEntity
  8
BLACK
  6
CONTINUOUS
100
AcDbLine
 10
0.0759205905511811
 20
1.0359748031496063
 30
0
 11
0.0759077559055118
 21
1.0359620078740157
 31
0
  0
LINE
  5
50E
330
1A
100
AcDbEntity
  8
BLACK
  6
CONTINUOUS
100
AcDbLine
 10
0.0759077559055118
 20
1.0359620078740157
 30
0
 11
0.0758974015748032
 21
1.0359240551181101
 31
0
  0
LINE
  5
50F
330
1A
100
AcDbEntity
  8
BLACK
  6
CONTINUOUS
100
AcDbLine
 10
0.0758974015748032
 20
1.0359240551181101
 30
0
 11
0.0755224803149606
 21
1.0351740944881889
 31
0
  0
LINE
  5
510
330
1A
100
AcDbEntity
  8
BLACK
  6
CONTINUOUS
100
AcDbLine
 10
0.0755224803149606
 20
1.0351740944881889
 30
0
 11
0.0754449606299213
 21
1.0350742519685039
 31
0
  0
LINE
  5
511
330
1A
100
AcDbEntity
  8
BLACK
  6
CONTINUOUS
100
AcDbLine
 10
0.0754449606299213
 20
1.0350742519685039
 30
0
 11
0.0753749606299213
 21
1.0349694488188976
 31
0
  0
LINE
  5
512
330
1A
100
AcDbEntity
  8
BLACK
  6
CONTINUOUS
100
AcDbLine
 10
0.0753749606299213
 20
1.0349694488188976
 30
0
 11
0.0753681496062992
 21
1.0349626771653544
 31
0
  0
LINE
  5
513
330
1A
100
AcDbEntity
  8
BLACK
  6
CONTINUOUS
100
AcDbLine
 10
0.0753681496062992
 20
1.0349626771653544
 30
0
 11
0.075375
 21
1.0349581102362204
 31
0
  0
LINE
  5
514
330
1A
100
AcDbEntity
  8
BLACK
  6
CONTINUOUS
100
AcDbLine
 10
0.075375
 20
1.0349581102362204
 30
0
 11
0.0757499212598425
 21
1.0345831889763779
 31
0
  0
LINE
  5
515
330
1A
100
AcDbEntity
  8
BLACK
  6
CONTINUOUS
100
AcDbLine
 10
0.0757499212598425
 20
1.0345831889763779
 30
0
 11
0.07582
 21
1.0344782677165354
 31
0
  0
LINE
  5
516
330
1A
100
AcDbEntity
  8
BLACK
  6
CONTINUOUS
100
AcDbLine
 10
0.07582
 20
1.0344782677165354
 30
0
 11
0.0758974015748032
 21
1.0343785433070867
 31
0
  0
LINE
  5
517
330
1A
100
AcDbEntity
  8
BLACK
  6
CONTINUOUS
100
AcDbLine
 10
0.0758974015748032
 20
1.0343785433070867
 30
0
 11
0.0762723228346457
 21
1.0336286614173229
 31
0
  0
LINE
  5
518
330
1A
100
AcDbEntity
  8
BLACK
  6
CONTINUOUS
100
AcDbLine
 10
0.0762723228346457
 20
1.0336286614173229
 30
0
 11
0.0762827165354331
 21
1.0335906692913386
 31
0
  0
LINE
  5
519
330
1A
100
AcDbEntity
  8
BLACK
  6
CONTINUOUS
100
AcDbLine
 10
0.0762827165354331
 20
1.0335906692913386
 30
0
 11
0.0762955511811024
 21
1.0335778346456692
 31
0
  0
LINE
  5
51A
330
1A
100
AcDbEntity
  8
BLACK
  6
CONTINUOUS
100
AcDbLine
 10
0.0762955511811024
 20
1.0335778346456692
 30
0
 11
0.076320157480315
 21
1.0334539370078739
 31
0
  0
LINE
  5
51B
330
1A
100
AcDbEntity
  8
BLACK
  6
CONTINUOUS
100
AcDbLine
 10
0.076320157480315
 20
1.0334539370078739
 30
0
 11
0.0763535039370079
 21
1.0333323228346456
 31
0
  0
LINE
  5
51C
330
1A
100
AcDbEntity
  8
BLACK
  6
CONTINUOUS
100
AcDbLine
 10
0.0763535039370079
 20
1.0333323228346456
 30
0
 11
0.0763477559055118
 21
1.0333151968503937
 31
0
  0
LINE
  5
51D
330
1A
100
AcDbEntity
  8
BLACK
  6
CONTINUOUS
100
AcDbLine
 10
0.0763477559055118
 20
1.0333151968503937
 30
0
 11
0.0763554724409449
 21
1.0332764960629921
 31
0
  0
LINE
  5
51E
330
1A
100
AcDbEntity
  8
BLACK
  6
CONTINUOUS
100
AcDbLine
 10
0.0763554724409449
 20
1.0332764960629921
 30
0
 11
0.0763554724409449
 21
1.0321516535433071
 31
0
  0
LINE
  5
51F
330
1A
100
AcDbEntity
  8
BLACK
  6
CONTINUOUS
100
AcDbLine
 10
0.0763554724409449
 20
1.0321516535433071
 30
0
 11
0.0763477559055118
 21
1.0321129921259842
 31
0
  0
LINE
  5
520
330
1A
100
AcDbEntity
  8
BLACK
  6
CONTINUOUS
100
AcDbLine
 10
0.0763477559055118
 20
1.0321129921259842
 30
0
 11
0.0763535039370079
 21
1.0320958267716536
 31
0
  0
LINE
  5
521
330
1A
100
AcDbEntity
  8
BLACK
  6
CONTINUOUS
100
AcDbLine
 10
0.0763535039370079
 20
1.0320958267716536
 30
0
 11
0.076320157480315
 21
1.031974251968504
 31
0
  0
LINE
  5
522
330
1A
100
AcDbEntity
  8
BLACK
  6
CONTINUOUS
100
AcDbLine
 10
0.076320157480315
 20
1.031974251968504
 30
0
 11
0.0762955511811024
 21
1.03185031496063
 31
0
  0
LINE
  5
523
330
1A
100
AcDbEntity
  8
BLACK
  6
CONTINUOUS
100
AcDbLine
 10
0.0762955511811024
 20
1.03185031496063
 30
0
 11
0.0762827165354331
 21
1.0318375196850393
 31
0
  0
LINE
  5
524
330
1A
100
AcDbEntity
  8
BLACK
  6
CONTINUOUS
100
AcDbLine
 10
0.0762827165354331
 20
1.0318375196850393
 30
0
 11
0.0762723228346457
 21
1.0317994881889763
 31
0
  0
LINE
  5
525
330
1A
100
AcDbEntity
  8
BLACK
  6
CONTINUOUS
100
AcDbLine
 10
0.0762723228346457
 20
1.0317994881889763
 30
0
 11
0.0758974015748032
 21
1.0310496062992125
 31
0
  0
LINE
  5
526
330
1A
100
AcDbEntity
  8
BLACK
  6
CONTINUOUS
100
AcDbLine
 10
0.0758974015748032
 20
1.0310496062992125
 30
0
 11
0.07582
 21
1.0309499212598425
 31
0
  0
LINE
  5
527
330
1A
100
AcDbEntity
  8
BLACK
  6
CONTINUOUS
100
AcDbLine
 10
0.07582
 20
1.0309499212598425
 30
0
 11
0.0757499212598425
 21
1.0308449606299213
 31
0
  0
LINE
  5
528
330
1A
100
AcDbEntity
  8
BLACK
  6
CONTINUOUS
100
AcDbLine
 10
0.0757499212598425
 20
1.0308449606299213
 30
0
 11
0.075375
 21
1.0304700393700787
 31
0
  0
LINE
  5
529
330
1A
100
AcDbEntity
  8
BLACK
  6
CONTINUOUS
100
AcDbLine
 10
0.075375
 20
1.0304700393700787
 30
0
 11
0.0752701181102362
 21
1.0303999606299212
 31
0
  0
LINE
  5
52A
330
1A
100
AcDbEntity
  8
BLACK
  6
CONTINUOUS
100
AcDbLine
 10
0.0752701181102362
 20
1.0303999606299212
 30
0
 11
0.0751703149606299
 21
1.0303224803149607
 31
0
  0
LINE
  5
52B
330
1A
100
AcDbEntity
  8
BLACK
  6
CONTINUOUS
100
AcDbLine
 10
0.0751703149606299
 20
1.0303224803149607
 30
0
 11
0.0744203937007874
 21
1.0299475590551181
 31
0
  0
LINE
  5
52C
330
1A
100
AcDbEntity
  8
BLACK
  6
CONTINUOUS
100
AcDbLine
 10
0.0744203937007874
 20
1.0299475590551181
 30
0
 11
0.0743823622047244
 21
1.0299371653543308
 31
0
  0
LINE
  5
52D
330
1A
100
AcDbEntity
  8
BLACK
  6
CONTINUOUS
100
AcDbLine
 10
0.0743823622047244
 20
1.0299371653543308
 30
0
 11
0.0743696062992126
 21
1.0299243700787402
 31
0
  0
LINE
  5
52E
330
1A
100
AcDbEntity
  8
BLACK
  6
CONTINUOUS
100
AcDbLine
 10
0.0743696062992126
 20
1.0299243700787402
 30
0
 11
0.0742457480314961
 21
1.0298997637795275
 31
0
  0
LINE
  5
52F
330
1A
100
AcDbEntity
  8
BLACK
  6
CONTINUOUS
100
AcDbLine
 10
0.0742457480314961
 20
1.0298997637795275
 30
0
 11
0.0741240551181102
 21
1.0298664173228347
 31
0
  0
LINE
  5
530
330
1A
100
AcDbEntity
  8
BLACK
  6
CONTINUOUS
100
AcDbLine
 10
0.0741240551181102
 20
1.0298664173228347
 30
0
 11
0.0741068897637795
 21
1.0298721653543308
 31
0
  0
LINE
  5
531
330
1A
100
AcDbEntity
  8
BLACK
  6
CONTINUOUS
100
AcDbLine
 10
0.0741068897637795
 20
1.0298721653543308
 30
0
 11
0.0740682677165354
 21
1.0298644488188977
 31
0
  0
LINE
  5
532
330
1A
100
AcDbEntity
  8
BLACK
  6
CONTINUOUS
100
AcDbLine
 10
0.0740682677165354
 20
1.0298644488188977
 30
0
 11
0.0710686614173228
 21
1.0298644488188977
 31
0
  0
LINE
  5
533
330
1A
100
AcDbEntity
  8
BLACK
  6
CONTINUOUS
100
AcDbLine
 10
0.0710686614173228
 20
1.0298644488188977
 30
0
 11
0.0707673228346457
 21
1.0299243700787402
 31
0
  0
LINE
  5
534
330
1A
100
AcDbEntity
  8
BLACK
  6
CONTINUOUS
100
AcDbLine
 10
0.0707673228346457
 20
1.0299243700787402
 30
0
 11
0.0703411811023622
 21
1.0303505118110237
 31
0
  0
LINE
  5
535
330
1A
100
AcDbEntity
  8
BLACK
  6
CONTINUOUS
100
AcDbLine
 10
0.0703411811023622
 20
1.0303505118110237
 30
0
 11
0.0702812598425197
 21
1.0306518503937008
 31
0
  0
LINE
  5
536
330
1A
100
AcDbEntity
  8
BLACK
  6
CONTINUOUS
100
AcDbLine
 10
0.0702812598425197
 20
1.0306518503937008
 30
0
 11
0.0702812598425197
 21
1.0385258661417323
 31
0
  0
LINE
  5
537
330
1A
100
AcDbEntity
  8
BLACK
  6
CONTINUOUS
100
AcDbLine
 10
0.0702812598425197
 20
1.0385258661417323
 30
0
 11
0.0703411811023622
 21
1.0388272047244094
 31
0
  0
LINE
  5
538
330
1A
100
AcDbEntity
  8
BLACK
  6
CONTINUOUS
100
AcDbLine
 10
0.0703411811023622
 20
1.0388272047244094
 30
0
 11
0.0707673228346457
 21
1.0392533464566929
 31
0
  0
LINE
  5
539
330
1A
100
AcDbEntity
  8
BLACK
  6
CONTINUOUS
100
AcDbLine
 10
0.0707673228346457
 20
1.0392533464566929
 30
0
 11
0.0710686614173228
 21
1.0393132677165353
 31
0
  0
LINE
  5
53A
330
1A
100
AcDbEntity
  8
BLACK
  6
CONTINUOUS
100
AcDbLine
 10
0.0710686614173228
 20
1.0393132677165353
 30
0
 11
0.0736933070866142
 21
1.0393132677165353
 31
0
  0
LINE
  5
53B
330
1A
100
AcDbEntity
  8
BLACK
  6
CONTINUOUS
100
AcDbLine
 10
0.0736933070866142
 20
1.0393132677165353
 30
0
 11
0.073731968503937
 21
1.039305590551181
 31
0
  0
LINE
  5
53C
330
1A
100
AcDbEntity
  8
BLACK
  6
CONTINUOUS
100
AcDbLine
 10
0.071856062992126
 20
1.0314392519685038
 30
0
 11
0.0738824015748031
 21
1.0314392519685038
 31
0
  0
LINE
  5
53D
330
1A
100
AcDbEntity
  8
BLACK
  6
CONTINUOUS
100
AcDbLine
 10
0.0738824015748031
 20
1.0314392519685038
 30
0
 11
0.0743517322834646
 21
1.031673937007874
 31
0
  0
LINE
  5
53E
330
1A
100
AcDbEntity
  8
BLACK
  6
CONTINUOUS
100
AcDbLine
 10
0.0743517322834646
 20
1.031673937007874
 30
0
 11
0.074545905511811
 21
1.0318681102362204
 31
0
  0
LINE
  5
53F
330
1A
100
AcDbEntity
  8
BLACK
  6
CONTINUOUS
100
AcDbLine
 10
0.074545905511811
 20
1.0318681102362204
 30
0
 11
0.0747806692913386
 21
1.032337559055118
 31
0
  0
LINE
  5
540
330
1A
100
AcDbEntity
  8
BLACK
  6
CONTINUOUS
100
AcDbLine
 10
0.0747806692913386
 20
1.032337559055118
 30
0
 11
0.0747806692913386
 21
1.0330905905511811
 31
0
  0
LINE
  5
541
330
1A
100
AcDbEntity
  8
BLACK
  6
CONTINUOUS
100
AcDbLine
 10
0.0747806692913386
 20
1.0330905905511811
 30
0
 11
0.074545905511811
 21
1.0335600787401575
 31
0
  0
LINE
  5
542
330
1A
100
AcDbEntity
  8
BLACK
  6
CONTINUOUS
100
AcDbLine
 10
0.074545905511811
 20
1.0335600787401575
 30
0
 11
0.0743928346456693
 21
1.033713188976378
 31
0
  0
LINE
  5
543
330
1A
100
AcDbEntity
  8
BLACK
  6
CONTINUOUS
100
AcDbLine
 10
0.0743928346456693
 20
1.033713188976378
 30
0
 11
0.0735654724409449
 21
1.0339889370078741
 31
0
  0
LINE
  5
544
330
1A
100
AcDbEntity
  8
BLACK
  6
CONTINUOUS
100
AcDbLine
 10
0.0735654724409449
 20
1.0339889370078741
 30
0
 11
0.071856062992126
 21
1.0339889370078741
 31
0
  0
LINE
  5
545
330
1A
100
AcDbEntity
  8
BLACK
  6
CONTINUOUS
100
AcDbLine
 10
0.071856062992126
 20
1.0339889370078741
 30
0
 11
0.071856062992126
 21
1.0314392519685038
 31
0
  0
LINE
  5
546
330
1A
100
AcDbEntity
  8
BLACK
  6
CONTINUOUS
100
AcDbLine
 10
0.071856062992126
 20
1.0355637401574802
 30
0
 11
0.0735074409448819
 21
1.0355637401574802
 31
0
  0
LINE
  5
547
330
1A
100
AcDbEntity
  8
BLACK
  6
CONTINUOUS
100
AcDbLine
 10
0.0735074409448819
 20
1.0355637401574802
 30
0
 11
0.0739768110236221
 21
1.0357984251968504
 31
0
  0
LINE
  5
548
330
1A
100
AcDbEntity
  8
BLACK
  6
CONTINUOUS
100
AcDbLine
 10
0.0739768110236221
 20
1.0357984251968504
 30
0
 11
0.0741709842519685
 21
1.0359925984251968
 31
0
  0
LINE
  5
549
330
1A
100
AcDbEntity
  8
BLACK
  6
CONTINUOUS
100
AcDbLine
 10
0.0741709842519685
 20
1.0359925984251968
 30
0
 11
0.0744057086614173
 21
1.0364620472440944
 31
0
  0
LINE
  5
54A
330
1A
100
AcDbEntity
  8
BLACK
  6
CONTINUOUS
100
AcDbLine
 10
0.0744057086614173
 20
1.0364620472440944
 30
0
 11
0.0744057086614173
 21
1.036840157480315
 31
0
  0
LINE
  5
54B
330
1A
100
AcDbEntity
  8
BLACK
  6
CONTINUOUS
100
AcDbLine
 10
0.0744057086614173
 20
1.036840157480315
 30
0
 11
0.0741709842519685
 21
1.0373096062992126
 31
0
  0
LINE
  5
54C
330
1A
100
AcDbEntity
  8
BLACK
  6
CONTINUOUS
100
AcDbLine
 10
0.0741709842519685
 20
1.0373096062992126
 30
0
 11
0.0739768110236221
 21
1.037503779527559
 31
0
  0
LINE
  5
54D
330
1A
100
AcDbEntity
  8
BLACK
  6
CONTINUOUS
100
AcDbLine
 10
0.0739768110236221
 20
1.037503779527559
 30
0
 11
0.0735074015748031
 21
1.0377384645669292
 31
0
  0
LINE
  5
54E
330
1A
100
AcDbEntity
  8
BLACK
  6
CONTINUOUS
100
AcDbLine
 10
0.0735074015748031
 20
1.0377384645669292
 30
0
 11
0.071856062992126
 21
1.0377384645669292
 31
0
  0
LINE
  5
54F
330
1A
100
AcDbEntity
  8
BLACK
  6
CONTINUOUS
100
AcDbLine
 10
0.071856062992126
 20
1.0377384645669292
 30
0
 11
0.071856062992126
 21
1.0355637401574802
 31
0
  0
LINE
  5
550
330
1A
100
AcDbEntity
  8
BLACK
  6
CONTINUOUS
100
AcDbLine
 10
0.0812310236220472
 20
1.0366809055118109
 30
0
 11
0.0812481889763779
 21
1.0366866141732283
 31
0
  0
LINE
  5
551
330
1A
100
AcDbEntity
  8
BLACK
  6
CONTINUOUS
100
AcDbLine
 10
0.0812481889763779
 20
1.0366866141732283
 30
0
 11
0.0813699212598425
 21
1.0366533070866142
 31
0
  0
LINE
  5
552
330
1A
100
AcDbEntity
  8
BLACK
  6
CONTINUOUS
100
AcDbLine
 10
0.0813699212598425
 20
1.0366533070866142
 30
0
 11
0.0814937007874016
 21
1.0366286614173228
 31
0
  0
LINE
  5
553
330
1A
100
AcDbEntity
  8
BLACK
  6
CONTINUOUS
100
AcDbLine
 10
0.0814937007874016
 20
1.0366286614173228
 30
0
 11
0.0815064566929134
 21
1.0366159055118109
 31
0
  0
LINE
  5
554
330
1A
100
AcDbEntity
  8
BLACK
  6
CONTINUOUS
100
AcDbLine
 10
0.0815064566929134
 20
1.0366159055118109
 30
0
 11
0.0815444881889764
 21
1.0366054724409448
 31
0
  0
LINE
  5
555
330
1A
100
AcDbEntity
  8
BLACK
  6
CONTINUOUS
100
AcDbLine
 10
0.0815444881889764
 20
1.0366054724409448
 30
0
 11
0.0822944094488189
 21
1.0362305118110235
 31
0
  0
LINE
  5
556
330
1A
100
AcDbEntity
  8
BLACK
  6
CONTINUOUS
100
AcDbLine
 10
0.0822944094488189
 20
1.0362305118110235
 30
0
 11
0.082418188976378
 21
1.0361344488188977
 31
0
  0
LINE
  5
557
330
1A
100
AcDbEntity
  8
BLACK
  6
CONTINUOUS
100
AcDbLine
 10
0.082418188976378
 20
1.0361344488188977
 30
0
 11
0.082458188976378
 21
1.0361211023622048
 31
0
  0
LINE
  5
558
330
1A
100
AcDbEntity
  8
BLACK
  6
CONTINUOUS
100
AcDbLine
 10
0.082458188976378
 20
1.0361211023622048
 30
0
 11
0.0824927165354331
 21
1.0360766141732283
 31
0
  0
LINE
  5
559
330
1A
100
AcDbEntity
  8
BLACK
  6
CONTINUOUS
100
AcDbLine
 10
0.0824927165354331
 20
1.0360766141732283
 30
0
 11
0.082537125984252
 21
1.036042125984252
 31
0
  0
LINE
  5
55A
330
1A
100
AcDbEntity
  8
BLACK
  6
CONTINUOUS
100
AcDbLine
 10
0.082537125984252
 20
1.036042125984252
 30
0
 11
0.0825503937007874
 21
1.0360022834645668
 31
0
  0
LINE
  5
55B
330
1A
100
AcDbEntity
  8
BLACK
  6
CONTINUOUS
100
AcDbLine
 10
0.0825503937007874
 20
1.0360022834645668
 30
0
 11
0.0826465354330709
 21
1.0358783858267717
 31
0
  0
LINE
  5
55C
330
1A
100
AcDbEntity
  8
BLACK
  6
CONTINUOUS
100
AcDbLine
 10
0.0826465354330709
 20
1.0358783858267717
 30
0
 11
0.0830214960629921
 21
1.0351285039370079
 31
0
  0
LINE
  5
55D
330
1A
100
AcDbEntity
  8
BLACK
  6
CONTINUOUS
100
AcDbLine
 10
0.0830214960629921
 20
1.0351285039370079
 30
0
 11
0.0830318897637795
 21
1.0350905118110236
 31
0
  0
LINE
  5
55E
330
1A
100
AcDbEntity
  8
BLACK
  6
CONTINUOUS
100
AcDbLine
 10
0.0830318897637795
 20
1.0350905118110236
 30
0
 11
0.0830447244094488
 21
1.0350776771653543
 31
0
  0
LINE
  5
55F
330
1A
100
AcDbEntity
  8
BLACK
  6
CONTINUOUS
100
AcDbLine
 10
0.0830447244094488
 20
1.0350776771653543
 30
0
 11
0.0830693307086614
 21
1.034953779527559
 31
0
  0
LINE
  5
560
330
1A
100
AcDbEntity
  8
BLACK
  6
CONTINUOUS
100
AcDbLine
 10
0.0830693307086614
 20
1.034953779527559
 30
0
 11
0.0831026771653543
 21
1.0348321653543306
 31
0
  0
LINE
  5
561
330
1A
100
AcDbEntity
  8
BLACK
  6
CONTINUOUS
100
AcDbLine
 10
0.0831026771653543
 20
1.0348321653543306
 30
0
 11
0.0830969291338583
 21
1.0348150393700788
 31
0
  0
LINE
  5
562
330
1A
100
AcDbEntity
  8
BLACK
  6
CONTINUOUS
100
AcDbLine
 10
0.0830969291338583
 20
1.0348150393700788
 30
0
 11
0.0831046456692913
 21
1.0347763385826771
 31
0
  0
LINE
  5
563
330
1A
100
AcDbEntity
  8
BLACK
  6
CONTINUOUS
100
AcDbLine
 10
0.0831046456692913
 20
1.0347763385826771
 30
0
 11
0.0831046456692913
 21
1.0340264173228346
 31
0
  0
LINE
  5
564
330
1A
100
AcDbEntity
  8
BLACK
  6
CONTINUOUS
100
AcDbLine
 10
0.0831046456692913
 20
1.0340264173228346
 30
0
 11
0.0830819291338583
 21
1.0339123228346456
 31
0
  0
LINE
  5
565
330
1A
100
AcDbEntity
  8
BLACK
  6
CONTINUOUS
100
AcDbLine
 10
0.0830819291338583
 20
1.0339123228346456
 30
0
 11
0.0830896850393701
 21
1.033873622047244
 31
0
  0
LINE
  5
566
330
1A
100
AcDbEntity
  8
BLACK
  6
CONTINUOUS
100
AcDbLine
 10
0.0830896850393701
 20
1.033873622047244
 30
0
 11
0.0830676771653543
 21
1.0338406692913387
 31
0
  0
LINE
  5
567
330
1A
100
AcDbEntity
  8
BLACK
  6
CONTINUOUS
100
AcDbLine
 10
0.0830676771653543
 20
1.0338406692913387
 30
0
 11
0.0830447244094488
 21
1.0337250787401575
 31
0
  0
LINE
  5
568
330
1A
100
AcDbEntity
  8
BLACK
  6
CONTINUOUS
100
AcDbLine
 10
0.0830447244094488
 20
1.0337250787401575
 30
0
 11
0.0828825196850394
 21
1.0335629133858268
 31
0
  0
LINE
  5
569
330
1A
100
AcDbEntity
  8
BLACK
  6
CONTINUOUS
100
AcDbLine
 10
0.0828825196850394
 20
1.0335629133858268
 30
0
 11
0.0827553937007874
 21
1.0333721653543306
 31
0
  0
LINE
  5
56A
330
1A
100
AcDbEntity
  8
BLACK
  6
CONTINUOUS
100
AcDbLine
 10
0.0827553937007874
 20
1.0333721653543306
 30
0
 11
0.0826466141732283
 21
1.0333270078740158
 31
0
  0
LINE
  5
56B
330
1A
100
AcDbEntity
  8
BLACK
  6
CONTINUOUS
100
AcDbLine
 10
0.0826466141732283
 20
1.0333270078740158
 30
0
 11
0.0826185826771653
 21
1.033298937007874
 31
0
  0
LINE
  5
56C
330
1A
100
AcDbEntity
  8
BLACK
  6
CONTINUOUS
100
AcDbLine
 10
0.0826185826771653
 20
1.033298937007874
 30
0
 11
0.0825791338582677
 21
1.033298937007874
 31
0
  0
LINE
  5
56D
330
1A
100
AcDbEntity
  8
BLACK
  6
CONTINUOUS
100
AcDbLine
 10
0.0825791338582677
 20
1.033298937007874
 30
0
 11
0.0824716535433071
 21
1.0332542913385827
 31
0
  0
LINE
  5
56E
330
1A
100
AcDbEntity
  8
BLACK
  6
CONTINUOUS
100
AcDbLine
 10
0.0824716535433071
 20
1.0332542913385827
 30
0
 11
0.0793551181102362
 21
1.0326309842519685
 31
0
  0
LINE
  5
56F
330
1A
100
AcDbEntity
  8
BLACK
  6
CONTINUOUS
100
AcDbLine
 10
0.0793551181102362
 20
1.0326309842519685
 30
0
 11
0.0793551181102362
 21
1.0319625984251968
 31
0
  0
LINE
  5
570
330
1A
100
AcDbEntity
  8
BLACK
  6
CONTINUOUS
100
AcDbLine
 10
0.0793551181102362
 20
1.0319625984251968
 30
0
 11
0.0795295275590551
 21
1.0316137007874016
 31
0
  0
LINE
  5
571
330
1A
100
AcDbEntity
  8
BLACK
  6
CONTINUOUS
100
AcDbLine
 10
0.0795295275590551
 20
1.0316137007874016
 30
0
 11
0.0798784645669291
 21
1.0314392519685038
 31
0
  0
LINE
  5
572
330
1A
100
AcDbEntity
  8
BLACK
  6
CONTINUOUS
100
AcDbLine
 10
0.0798784645669291
 20
1.0314392519685038
 30
0
 11
0.0810064960629921
 21
1.0314392519685038
 31
0
  0
LINE
  5
573
330
1A
100
AcDbEntity
  8
BLACK
  6
CONTINUOUS
100
AcDbLine
 10
0.0810064960629921
 20
1.0314392519685038
 30
0
 11
0.0815901968503937
 21
1.0317310629921259
 31
0
  0
LINE
  5
574
330
1A
100
AcDbEntity
  8
BLACK
  6
CONTINUOUS
100
AcDbLine
 10
0.0815901968503937
 20
1.0317310629921259
 30
0
 11
0.0818864960629921
 21
1.0318122047244094
 31
0
  0
LINE
  5
575
330
1A
100
AcDbEntity
  8
BLACK
  6
CONTINUOUS
100
AcDbLine
 10
0.0818864960629921
 20
1.0318122047244094
 30
0
 11
0.0824582283464567
 21
1.0316216141732284
 31
0
  0
LINE
  5
576
330
1A
100
AcDbEntity
  8
BLACK
  6
CONTINUOUS
100
AcDbLine
 10
0.0824582283464567
 20
1.0316216141732284
 30
0
 11
0.0827277165354331
 21
1.031082559055118
 31
0
  0
LINE
  5
577
330
1A
100
AcDbEntity
  8
BLACK
  6
CONTINUOUS
100
AcDbLine
 10
0.0827277165354331
 20
1.031082559055118
 30
0
 11
0.082537125984252
 21
1.0305108267716536
 31
0
  0
LINE
  5
578
330
1A
100
AcDbEntity
  8
BLACK
  6
CONTINUOUS
100
AcDbLine
 10
0.082537125984252
 20
1.0305108267716536
 30
0
 11
0.0822944094488189
 21
1.0303224803149607
 31
0
  0
LINE
  5
579
330
1A
100
AcDbEntity
  8
BLACK
  6
CONTINUOUS
100
AcDbLine
 10
0.0822944094488189
 20
1.0303224803149607
 30
0
 11
0.0815444881889764
 21
1.0299475590551181
 31
0
  0
LINE
  5
57A
330
1A
100
AcDbEntity
  8
BLACK
  6
CONTINUOUS
100
AcDbLine
 10
0.0815444881889764
 20
1.0299475590551181
 30
0
 11
0.0815064566929134
 21
1.0299371653543308
 31
0
  0
LINE
  5
57B
330
1A
100
AcDbEntity
  8
BLACK
  6
CONTINUOUS
100
AcDbLine
 10
0.0815064566929134
 20
1.0299371653543308
 30
0
 11
0.0814937007874016
 21
1.0299243700787402
 31
0
  0
LINE
  5
57C
330
1A
100
AcDbEntity
  8
BLACK
  6
CONTINUOUS
100
AcDbLine
 10
0.0814937007874016
 20
1.0299243700787402
 30
0
 11
0.081369842519685
 21
1.0298997637795275
 31
0
  0
LINE
  5
57D
330
1A
100
AcDbEntity
  8
BLACK
  6
CONTINUOUS
100
AcDbLine
 10
0.081369842519685
 20
1.0298997637795275
 30
0
 11
0.0812481496062992
 21
1.0298664173228347
 31
0
  0
LINE
  5
57E
330
1A
100
AcDbEntity
  8
BLACK
  6
CONTINUOUS
100
AcDbLine
 10
0.0812481496062992
 20
1.0298664173228347
 30
0
 11
0.0812309842519685
 21
1.0298721653543308
 31
0
  0
LINE
  5
57F
330
1A
100
AcDbEntity
  8
BLACK
  6
CONTINUOUS
100
AcDbLine
 10
0.0812309842519685
 20
1.0298721653543308
 30
0
 11
0.0811923622047244
 21
1.0298644488188977
 31
0
  0
LINE
  5
580
330
1A
100
AcDbEntity
  8
BLACK
  6
CONTINUOUS
100
AcDbLine
 10
0.0811923622047244
 20
1.0298644488188977
 30
0
 11
0.0796925590551181
 21
1.0298644488188977
 31
0
  0
LINE
  5
581
330
1A
100
AcDbEntity
  8
BLACK
  6
CONTINUOUS
100
AcDbLine
 10
0.0796925590551181
 20
1.0298644488188977
 30
0
 11
0.0796538976377953
 21
1.0298721653543308
 31
0
  0
LINE
  5
582
330
1A
100
AcDbEntity
  8
BLACK
  6
CONTINUOUS
100
AcDbLine
 10
0.0796538976377953
 20
1.0298721653543308
 30
0
 11
0.0796367716535433
 21
1.0298664173228347
 31
0
  0
LINE
  5
583
330
1A
100
AcDbEntity
  8
BLACK
  6
CONTINUOUS
100
AcDbLine
 10
0.0796367716535433
 20
1.0298664173228347
 30
0
 11
0.0795150393700787
 21
1.0298997637795275
 31
0
  0
LINE
  5
584
330
1A
100
AcDbEntity
  8
BLACK
  6
CONTINUOUS
100
AcDbLine
 10
0.0795150393700787
 20
1.0298997637795275
 30
0
 11
0.0793912204724409
 21
1.0299243700787402
 31
0
  0
LINE
  5
585
330
1A
100
AcDbEntity
  8
BLACK
  6
CONTINUOUS
100
AcDbLine
 10
0.0793912204724409
 20
1.0299243700787402
 30
0
 11
0.0793784251968504
 21
1.0299371653543308
 31
0
  0
LINE
  5
586
330
1A
100
AcDbEntity
  8
BLACK
  6
CONTINUOUS
100
AcDbLine
 10
0.0793784251968504
 20
1.0299371653543308
 30
0
 11
0.0793404330708661
 21
1.0299475590551181
 31
0
  0
LINE
  5
587
330
1A
100
AcDbEntity
  8
BLACK
  6
CONTINUOUS
100
AcDbLine
 10
0.0793404330708661
 20
1.0299475590551181
 30
0
 11
0.0785905511811024
 21
1.0303224803149607
 31
0
  0
LINE
  5
588
330
1A
100
AcDbEntity
  8
BLACK
  6
CONTINUOUS
100
AcDbLine
 10
0.0785905511811024
 20
1.0303224803149607
 30
0
 11
0.0784666141732283
 21
1.0304186614173227
 31
0
  0
LINE
  5
589
330
1A
100
AcDbEntity
  8
BLACK
  6
CONTINUOUS
100
AcDbLine
 10
0.0784666141732283
 20
1.0304186614173227
 30
0
 11
0.0784267716535433
 21
1.0304319291338582
 31
0
  0
LINE
  5
58A
330
1A
100
AcDbEntity
  8
BLACK
  6
CONTINUOUS
100
AcDbLine
 10
0.0784267716535433
 20
1.0304319291338582
 30
0
 11
0.0783923228346457
 21
1.0304762992125984
 31
0
  0
LINE
  5
58B
330
1A
100
AcDbEntity
  8
BLACK
  6
CONTINUOUS
100
AcDbLine
 10
0.0783923228346457
 20
1.0304762992125984
 30
0
 11
0.0783478346456693
 21
1.0305108267716536
 31
0
  0
LINE
  5
58C
330
1A
100
AcDbEntity
  8
BLACK
  6
CONTINUOUS
100
AcDbLine
 10
0.0783478346456693
 20
1.0305108267716536
 30
0
 11
0.0783344881889764
 21
1.0305508267716534
 31
0
  0
LINE
  5
58D
330
1A
100
AcDbEntity
  8
BLACK
  6
CONTINUOUS
100
AcDbLine
 10
0.0783344881889764
 20
1.0305508267716534
 30
0
 11
0.0782383858267717
 21
1.0306746456692912
 31
0
  0
LINE
  5
58E
330
1A
100
AcDbEntity
  8
BLACK
  6
CONTINUOUS
100
AcDbLine
 10
0.0782383858267717
 20
1.0306746456692912
 30
0
 11
0.0778634251968504
 21
1.0314245669291338
 31
0
  0
LINE
  5
58F
330
1A
100
AcDbEntity
  8
BLACK
  6
CONTINUOUS
100
AcDbLine
 10
0.0778634251968504
 20
1.0314245669291338
 30
0
 11
0.0778529921259842
 21
1.0314625984251968
 31
0
  0
LINE
  5
590
330
1A
100
AcDbEntity
  8
BLACK
  6
CONTINUOUS
100
AcDbLine
 10
0.0778529921259842
 20
1.0314625984251968
 30
0
 11
0.0778402362204724
 21
1.0314753543307087
 31
0
  0
LINE
  5
591
330
1A
100
AcDbEntity
  8
BLACK
  6
CONTINUOUS
100
AcDbLine
 10
0.0778402362204724
 20
1.0314753543307087
 30
0
 11
0.0778155905511811
 21
1.0315991338582677
 31
0
  0
LINE
  5
592
330
1A
100
AcDbEntity
  8
BLACK
  6
CONTINUOUS
100
AcDbLine
 10
0.0778155905511811
 20
1.0315991338582677
 30
0
 11
0.0777822834645669
 21
1.0317208661417323
 31
0
  0
LINE
  5
593
330
1A
100
AcDbEntity
  8
BLACK
  6
CONTINUOUS
100
AcDbLine
 10
0.0777822834645669
 20
1.0317208661417323
 30
0
 11
0.0777879921259843
 21
1.0317380314960629
 31
0
  0
LINE
  5
594
330
1A
100
AcDbEntity
  8
BLACK
  6
CONTINUOUS
100
AcDbLine
 10
0.0777879921259843
 20
1.0317380314960629
 30
0
 11
0.0777803149606299
 21
1.0317766929133858
 31
0
  0
LINE
  5
595
330
1A
100
AcDbEntity
  8
BLACK
  6
CONTINUOUS
100
AcDbLine
 10
0.0777803149606299
 20
1.0317766929133858
 30
0
 11
0.0777803149606299
 21
1.0347763385826771
 31
0
  0
LINE
  5
596
330
1A
100
AcDbEntity
  8
BLACK
  6
CONTINUOUS
100
AcDbLine
 10
0.0777803149606299
 20
1.0347763385826771
 30
0
 11
0.0777879921259843
 21
1.0348150393700788
 31
0
  0
LINE
  5
597
330
1A
100
AcDbEntity
  8
BLACK
  6
CONTINUOUS
100
AcDbLine
 10
0.0777879921259843
 20
1.0348150393700788
 30
0
 11
0.0777822834645669
 21
1.0348321653543306
 31
0
  0
LINE
  5
598
330
1A
100
AcDbEntity
  8
BLACK
  6
CONTINUOUS
100
AcDbLine
 10
0.0777822834645669
 20
1.0348321653543306
 30
0
 11
0.0778155905511811
 21
1.034953779527559
 31
0
  0
LINE
  5
599
330
1A
100
AcDbEntity
  8
BLACK
  6
CONTINUOUS
100
AcDbLine
 10
0.0778155905511811
 20
1.034953779527559
 30
0
 11
0.0778402362204724
 21
1.0350776771653543
 31
0
  0
LINE
  5
59A
330
1A
100
AcDbEntity
  8
BLACK
  6
CONTINUOUS
100
AcDbLine
 10
0.0778402362204724
 20
1.0350776771653543
 30
0
 11
0.077853031496063
 21
1.0350905118110236
 31
0
  0
LINE
  5
59B
330
1A
100
AcDbEntity
  8
BLACK
  6
CONTINUOUS
100
AcDbLine
 10
0.077853031496063
 20
1.0350905118110236
 30
0
 11
0.0778634645669291
 21
1.0351285039370079
 31
0
  0
LINE
  5
59C
330
1A
100
AcDbEntity
  8
BLACK
  6
CONTINUOUS
100
AcDbLine
 10
0.0778634645669291
 20
1.0351285039370079
 30
0
 11
0.0782383858267717
 21
1.035878346456693
 31
0
  0
LINE
  5
59D
330
1A
100
AcDbEntity
  8
BLACK
  6
CONTINUOUS
100
AcDbLine
 10
0.0782383858267717
 20
1.035878346456693
 30
0
 11
0.0783344488188976
 21
1.0360021653543308
 31
0
  0
LINE
  5
59E
330
1A
100
AcDbEntity
  8
BLACK
  6
CONTINUOUS
100
AcDbLine
 10
0.0783344488188976
 20
1.0360021653543308
 30
0
 11
0.0783477952755905
 21
1.036042125984252
 31
0
  0
LINE
  5
59F
330
1A
100
AcDbEntity
  8
BLACK
  6
CONTINUOUS
100
AcDbLine
 10
0.0783477952755905
 20
1.036042125984252
 30
0
 11
0.0783922834645669
 21
1.0360766929133858
 31
0
  0
LINE
  5
5A0
330
1A
100
AcDbEntity
  8
BLACK
  6
CONTINUOUS
100
AcDbLine
 10
0.0783922834645669
 20
1.0360766929133858
 30
0
 11
0.0784267716535433
 21
1.036121062992126
 31
0
  0
LINE
  5
5A1
330
1A
100
AcDbEntity
  8
BLACK
  6
CONTINUOUS
100
AcDbLine
 10
0.0784267716535433
 20
1.036121062992126
 30
0
 11
0.0784666141732283
 21
1.0361343700787402
 31
0
  0
LINE
  5
5A2
330
1A
100
AcDbEntity
  8
BLACK
  6
CONTINUOUS
100
AcDbLine
 10
0.0784666141732283
 20
1.0361343700787402
 30
0
 11
0.0785905118110236
 21
1.0362304724409448
 31
0
  0
LINE
  5
5A3
330
1A
100
AcDbEntity
  8
BLACK
  6
CONTINUOUS
100
AcDbLine
 10
0.0785905118110236
 20
1.0362304724409448
 30
0
 11
0.0793403937007874
 21
1.0366054330708661
 31
0
  0
LINE
  5
5A4
330
1A
100
AcDbEntity
  8
BLACK
  6
CONTINUOUS
100
AcDbLine
 10
0.0793403937007874
 20
1.0366054330708661
 30
0
 11
0.0793783858267716
 21
1.0366158661417322
 31
0
  0
LINE
  5
5A5
330
1A
100
AcDbEntity
  8
BLACK
  6
CONTINUOUS
100
AcDbLine
 10
0.0793783858267716
 20
1.0366158661417322
 30
0
 11
0.0793912204724409
 21
1.0366286614173228
 31
0
  0
LINE
  5
5A6
330
1A
100
AcDbEntity
  8
BLACK
  6
CONTINUOUS
100
AcDbLine
 10
0.0793912204724409
 20
1.0366286614173228
 30
0
 11
0.0795151181102362
 21
1.0366533070866142
 31
0
  0
LINE
  5
5A7
330
1A
100
AcDbEntity
  8
BLACK
  6
CONTINUOUS
100
AcDbLine
 10
0.0795151181102362
 20
1.0366533070866142
 30
0
 11
0.0796367322834646
 21
1.0366866141732283
 31
0
  0
LINE
  5
5A8
330
1A
100
AcDbEntity
  8
BLACK
  6
CONTINUOUS
100
AcDbLine
 10
0.0796367322834646
 20
1.0366866141732283
 30
0
 11
0.0796538582677165
 21
1.0366809055118109
 31
0
  0
LINE
  5
5A9
330
1A
100
AcDbEntity
  8
BLACK
  6
CONTINUOUS
100
AcDbLine
 10
0.0796538582677165
 20
1.0366809055118109
 30
0
 11
0.0796925590551181
 21
1.0366885826771652
 31
0
  0
LINE
  5
5AA
330
1A
100
AcDbEntity
  8
BLACK
  6
CONTINUOUS
100
AcDbLine
 10
0.0796925590551181
 20
1.0366885826771652
 30
0
 11
0.0811923622047244
 21
1.0366885826771652
 31
0
  0
LINE
  5
5AB
330
1A
100
AcDbEntity
  8
BLACK
  6
CONTINUOUS
100
AcDbLine
 10
0.0811923622047244
 20
1.0366885826771652
 30
0
 11
0.0812310236220472
 21
1.0366809055118109
 31
0
  0
LINE
  5
5AC
330
1A
100
AcDbEntity
  8
BLACK
  6
CONTINUOUS
100
AcDbLine
 10
0.0795295275590551
 20
1.0349393307086614
 30
0
 11
0.0793551181102362
 21
1.0345904724409449
 31
0
  0
LINE
  5
5AD
330
1A
100
AcDbEntity
  8
BLACK
  6
CONTINUOUS
100
AcDbLine
 10
0.0793551181102362
 20
1.0345904724409449
 30
0
 11
0.0793551181102362
 21
1.0342370078740157
 31
0
  0
LINE
  5
5AE
330
1A
100
AcDbEntity
  8
BLACK
  6
CONTINUOUS
100
AcDbLine
 10
0.0793551181102362
 20
1.0342370078740157
 30
0
 11
0.0814927559055118
 21
1.0346645669291339
 31
0
  0
LINE
  5
5AF
330
1A
100
AcDbEntity
  8
BLACK
  6
CONTINUOUS
100
AcDbLine
 10
0.0814927559055118
 20
1.0346645669291339
 30
0
 11
0.0813553937007874
 21
1.0349393307086614
 31
0
  0
LINE
  5
5B0
330
1A
100
AcDbEntity
  8
BLACK
  6
CONTINUOUS
100
AcDbLine
 10
0.0813553937007874
 20
1.0349393307086614
 30
0
 11
0.0810064566929134
 21
1.0351137795275591
 31
0
  0
LINE
  5
5B1
330
1A
100
AcDbEntity
  8
BLACK
  6
CONTINUOUS
100
AcDbLine
 10
0.0810064566929134
 20
1.0351137795275591
 30
0
 11
0.0798784645669291
 21
1.0351137795275591
 31
0
  0
LINE
  5
5B2
330
1A
100
AcDbEntity
  8
BLACK
  6
CONTINUOUS
100
AcDbLine
 10
0.0798784645669291
 20
1.0351137795275591
 30
0
 11
0.0795295275590551
 21
1.0349393307086614
 31
0
  0
LINE
  5
5B3
330
1A
100
AcDbEntity
  8
BLACK
  6
CONTINUOUS
100
AcDbLine
 10
0.0921046850393701
 20
1.0366809055118109
 30
0
 11
0.0921218503937008
 21
1.0366866141732283
 31
0
  0
LINE
  5
5B4
330
1A
100
AcDbEntity
  8
BLACK
  6
CONTINUOUS
100
AcDbLine
 10
0.0921218503937008
 20
1.0366866141732283
 30
0
 11
0.0922435826771654
 21
1.0366533070866142
 31
0
  0
LINE
  5
5B5
330
1A
100
AcDbEntity
  8
BLACK
  6
CONTINUOUS
100
AcDbLine
 10
0.0922435826771654
 20
1.0366533070866142
 30
0
 11
0.0923673622047244
 21
1.0366286614173228
 31
0
  0
LINE
  5
5B6
330
1A
100
AcDbEntity
  8
BLACK
  6
CONTINUOUS
100
AcDbLine
 10
0.0923673622047244
 20
1.0366286614173228
 30
0
 11
0.0923801181102362
 21
1.0366159055118109
 31
0
  0
LINE
  5
5B7
330
1A
100
AcDbEntity
  8
BLACK
  6
CONTINUOUS
100
AcDbLine
 10
0.0923801181102362
 20
1.0366159055118109
 30
0
 11
0.0924181496062992
 21
1.0366054724409448
 31
0
  0
LINE
  5
5B8
330
1A
100
AcDbEntity
  8
BLACK
  6
CONTINUOUS
100
AcDbLine
 10
0.0924181496062992
 20
1.0366054724409448
 30
0
 11
0.0931680708661417
 21
1.0362305118110235
 31
0
  0
LINE
  5
5B9
330
1A
100
AcDbEntity
  8
BLACK
  6
CONTINUOUS
100
AcDbLine
 10
0.0931680708661417
 20
1.0362305118110235
 30
0
 11
0.0932677559055118
 21
1.0361531496062992
 31
0
  0
LINE
  5
5BA
330
1A
100
AcDbEntity
  8
BLACK
  6
CONTINUOUS
100
AcDbLine
 10
0.0932677559055118
 20
1.0361531496062992
 30
0
 11
0.0933727165354331
 21
1.0360829921259842
 31
0
  0
LINE
  5
5BB
330
1A
100
AcDbEntity
  8
BLACK
  6
CONTINUOUS
100
AcDbLine
 10
0.0933727165354331
 20
1.0360829921259842
 30
0
 11
0.0937476771653543
 21
1.0357080314960629
 31
0
  0
LINE
  5
5BC
330
1A
100
AcDbEntity
  8
BLACK
  6
CONTINUOUS
100
AcDbLine
 10
0.0937476771653543
 20
1.0357080314960629
 30
0
 11
0.0938177559055118
 21
1.0356031889763779
 31
0
  0
LINE
  5
5BD
330
1A
100
AcDbEntity
  8
BLACK
  6
CONTINUOUS
100
AcDbLine
 10
0.0938177559055118
 20
1.0356031889763779
 30
0
 11
0.093895157480315
 21
1.0355034251968505
 31
0
  0
LINE
  5
5BE
330
1A
100
AcDbEntity
  8
BLACK
  6
CONTINUOUS
100
AcDbLine
 10
0.093895157480315
 20
1.0355034251968505
 30
0
 11
0.0942701181102362
 21
1.0347535433070867
 31
0
  0
LINE
  5
5BF
330
1A
100
AcDbEntity
  8
BLACK
  6
CONTINUOUS
100
AcDbLine
 10
0.0942701181102362
 20
1.0347535433070867
 30
0
 11
0.0942805118110236
 21
1.0347155511811024
 31
0
  0
LINE
  5
5C0
330
1A
100
AcDbEntity
  8
BLACK
  6
CONTINUOUS
100
AcDbLine
 10
0.0942805118110236
 20
1.0347155511811024
 30
0
 11
0.0942933464566929
 21
1.034702716535433
 31
0
  0
LINE
  5
5C1
330
1A
100
AcDbEntity
  8
BLACK
  6
CONTINUOUS
100
AcDbLine
 10
0.0942933464566929
 20
1.034702716535433
 30
0
 11
0.0943179527559055
 21
1.0345788188976377
 31
0
  0
LINE
  5
5C2
330
1A
100
AcDbEntity
  8
BLACK
  6
CONTINUOUS
100
AcDbLine
 10
0.0943179527559055
 20
1.0345788188976377
 30
0
 11
0.0943512992125984
 21
1.0344572047244094
 31
0
  0
LINE
  5
5C3
330
1A
100
AcDbEntity
  8
BLACK
  6
CONTINUOUS
100
AcDbLine
 10
0.0943512992125984
 20
1.0344572047244094
 30
0
 11
0.0943455511811024
 21
1.0344400787401575
 31
0
  0
LINE
  5
5C4
330
1A
100
AcDbEntity
  8
BLACK
  6
CONTINUOUS
100
AcDbLine
 10
0.0943455511811024
 20
1.0344400787401575
 30
0
 11
0.0943532677165354
 21
1.0344013779527559
 31
0
  0
LINE
  5
5C5
330
1A
100
AcDbEntity
  8
BLACK
  6
CONTINUOUS
100
AcDbLine
 10
0.0943532677165354
 20
1.0344013779527559
 30
0
 11
0.0943532677165354
 21
1.0321516535433071
 31
0
  0
LINE
  5
5C6
330
1A
100
AcDbEntity
  8
BLACK
  6
CONTINUOUS
100
AcDbLine
 10
0.0943532677165354
 20
1.0321516535433071
 30
0
 11
0.0943455511811024
 21
1.0321129921259842
 31
0
  0
LINE
  5
5C7
330
1A
100
AcDbEntity
  8
BLACK
  6
CONTINUOUS
100
AcDbLine
 10
0.0943455511811024
 20
1.0321129921259842
 30
0
 11
0.0943512992125984
 21
1.0320958267716536
 31
0
  0
LINE
  5
5C8
330
1A
100
AcDbEntity
  8
BLACK
  6
CONTINUOUS
100
AcDbLine
 10
0.0943512992125984
 20
1.0320958267716536
 30
0
 11
0.0943179527559055
 21
1.031974251968504
 31
0
  0
LINE
  5
5C9
330
1A
100
AcDbEntity
  8
BLACK
  6
CONTINUOUS
100
AcDbLine
 10
0.0943179527559055
 20
1.031974251968504
 30
0
 11
0.0942933464566929
 21
1.03185031496063
 31
0
  0
LINE
  5
5CA
330
1A
100
AcDbEntity
  8
BLACK
  6
CONTINUOUS
100
AcDbLine
 10
0.0942933464566929
 20
1.03185031496063
 30
0
 11
0.0942805118110236
 21
1.0318375196850393
 31
0
  0
LINE
  5
5CB
330
1A
100
AcDbEntity
  8
BLACK
  6
CONTINUOUS
100
AcDbLine
 10
0.0942805118110236
 20
1.0318375196850393
 30
0
 11
0.0942701181102362
 21
1.0317994881889763
 31
0
  0
LINE
  5
5CC
330
1A
100
AcDbEntity
  8
BLACK
  6
CONTINUOUS
100
AcDbLine
 10
0.0942701181102362
 20
1.0317994881889763
 30
0
 11
0.0938951968503937
 21
1.0310496062992125
 31
0
  0
LINE
  5
5CD
330
1A
100
AcDbEntity
  8
BLACK
  6
CONTINUOUS
100
AcDbLine
 10
0.0938951968503937
 20
1.0310496062992125
 30
0
 11
0.0938177165354331
 21
1.0309498031496063
 31
0
  0
LINE
  5
5CE
330
1A
100
AcDbEntity
  8
BLACK
  6
CONTINUOUS
100
AcDbLine
 10
0.0938177165354331
 20
1.0309498031496063
 30
0
 11
0.0937476771653543
 21
1.0308449606299213
 31
0
  0
LINE
  5
5CF
330
1A
100
AcDbEntity
  8
BLACK
  6
CONTINUOUS
100
AcDbLine
 10
0.0937476771653543
 20
1.0308449606299213
 30
0
 11
0.0933727165354331
 21
1.03047
 31
0
  0
LINE
  5
5D0
330
1A
100
AcDbEntity
  8
BLACK
  6
CONTINUOUS
100
AcDbLine
 10
0.0933727165354331
 20
1.03047
 30
0
 11
0.0932679133858268
 21
1.0304
 31
0
  0
LINE
  5
5D1
330
1A
100
AcDbEntity
  8
BLACK
  6
CONTINUOUS
100
AcDbLine
 10
0.0932679133858268
 20
1.0304
 30
0
 11
0.0931680708661417
 21
1.0303224803149607
 31
0
  0
LINE
  5
5D2
330
1A
100
AcDbEntity
  8
BLACK
  6
CONTINUOUS
100
AcDbLine
 10
0.0931680708661417
 20
1.0303224803149607
 30
0
 11
0.0924181496062992
 21
1.0299475590551181
 31
0
  0
LINE
  5
5D3
330
1A
100
AcDbEntity
  8
BLACK
  6
CONTINUOUS
100
AcDbLine
 10
0.0924181496062992
 20
1.0299475590551181
 30
0
 11
0.0923801181102362
 21
1.0299371653543308
 31
0
  0
LINE
  5
5D4
330
1A
100
AcDbEntity
  8
BLACK
  6
CONTINUOUS
100
AcDbLine
 10
0.0923801181102362
 20
1.0299371653543308
 30
0
 11
0.0923673622047244
 21
1.0299243700787402
 31
0
  0
LINE
  5
5D5
330
1A
100
AcDbEntity
  8
BLACK
  6
CONTINUOUS
100
AcDbLine
 10
0.0923673622047244
 20
1.0299243700787402
 30
0
 11
0.0922435039370079
 21
1.0298997637795275
 31
0
  0
LINE
  5
5D6
330
1A
100
AcDbEntity
  8
BLACK
  6
CONTINUOUS
100
AcDbLine
 10
0.0922435039370079
 20
1.0298997637795275
 30
0
 11
0.092121811023622
 21
1.0298664173228347
 31
0
  0
LINE
  5
5D7
330
1A
100
AcDbEntity
  8
BLACK
  6
CONTINUOUS
100
AcDbLine
 10
0.092121811023622
 20
1.0298664173228347
 30
0
 11
0.0921046456692913
 21
1.0298721653543308
 31
0
  0
LINE
  5
5D8
330
1A
100
AcDbEntity
  8
BLACK
  6
CONTINUOUS
100
AcDbLine
 10
0.0921046456692913
 20
1.0298721653543308
 30
0
 11
0.0920660236220472
 21
1.0298644488188977
 31
0
  0
LINE
  5
5D9
330
1A
100
AcDbEntity
  8
BLACK
  6
CONTINUOUS
100
AcDbLine
 10
0.0920660236220472
 20
1.0298644488188977
 30
0
 11
0.0909411811023622
 21
1.0298644488188977
 31
0
  0
LINE
  5
5DA
330
1A
100
AcDbEntity
  8
BLACK
  6
CONTINUOUS
100
AcDbLine
 10
0.0909411811023622
 20
1.0298644488188977
 30
0
 11
0.0909025196850394
 21
1.0298721653543308
 31
0
  0
LINE
  5
5DB
330
1A
100
AcDbEntity
  8
BLACK
  6
CONTINUOUS
100
AcDbLine
 10
0.0909025196850394
 20
1.0298721653543308
 30
0
 11
0.0908853937007874
 21
1.0298664173228347
 31
0
  0
LINE
  5
5DC
330
1A
100
AcDbEntity
  8
BLACK
  6
CONTINUOUS
100
AcDbLine
 10
0.0908853937007874
 20
1.0298664173228347
 30
0
 11
0.0907637007874016
 21
1.0298997637795275
 31
0
  0
LINE
  5
5DD
330
1A
100
AcDbEntity
  8
BLACK
  6
CONTINUOUS
100
AcDbLine
 10
0.0907637007874016
 20
1.0298997637795275
 30
0
 11
0.090639842519685
 21
1.0299243700787402
 31
0
  0
LINE
  5
5DE
330
1A
100
AcDbEntity
  8
BLACK
  6
CONTINUOUS
100
AcDbLine
 10
0.090639842519685
 20
1.0299243700787402
 30
0
 11
0.0906270078740157
 21
1.0299372047244095
 31
0
  0
LINE
  5
5DF
330
1A
100
AcDbEntity
  8
BLACK
  6
CONTINUOUS
100
AcDbLine
 10
0.0906270078740157
 20
1.0299372047244095
 30
0
 11
0.090589094488189
 21
1.0299475590551181
 31
0
  0
LINE
  5
5E0
330
1A
100
AcDbEntity
  8
BLACK
  6
CONTINUOUS
100
AcDbLine
 10
0.090589094488189
 20
1.0299475590551181
 30
0
 11
0.0898391338582677
 21
1.0303224803149607
 31
0
  0
LINE
  5
5E1
330
1A
100
AcDbEntity
  8
BLACK
  6
CONTINUOUS
100
AcDbLine
 10
0.0898391338582677
 20
1.0303224803149607
 30
0
 11
0.0897392913385827
 21
1.0303999606299212
 31
0
  0
LINE
  5
5E2
330
1A
100
AcDbEntity
  8
BLACK
  6
CONTINUOUS
100
AcDbLine
 10
0.0897392913385827
 20
1.0303999606299212
 30
0
 11
0.0896344488188976
 21
1.0304700393700787
 31
0
  0
LINE
  5
5E3
330
1A
100
AcDbEntity
  8
BLACK
  6
CONTINUOUS
100
AcDbLine
 10
0.0896344488188976
 20
1.0304700393700787
 30
0
 11
0.0892595275590551
 21
1.030845
 31
0
  0
LINE
  5
5E4
330
1A
100
AcDbEntity
  8
BLACK
  6
CONTINUOUS
100
AcDbLine
 10
0.0892595275590551
 20
1.030845
 30
0
 11
0.0891893307086614
 21
1.0309500393700788
 31
0
  0
LINE
  5
5E5
330
1A
100
AcDbEntity
  8
BLACK
  6
CONTINUOUS
100
AcDbLine
 10
0.0891893307086614
 20
1.0309500393700788
 30
0
 11
0.0891120472440945
 21
1.0310496062992125
 31
0
  0
LINE
  5
5E6
330
1A
100
AcDbEntity
  8
BLACK
  6
CONTINUOUS
100
AcDbLine
 10
0.0891120472440945
 20
1.0310496062992125
 30
0
 11
0.0887370866141732
 21
1.031799527559055
 31
0
  0
LINE
  5
5E7
330
1A
100
AcDbEntity
  8
BLACK
  6
CONTINUOUS
100
AcDbLine
 10
0.0887370866141732
 20
1.031799527559055
 30
0
 11
0.0887266535433071
 21
1.0318375590551181
 31
0
  0
LINE
  5
5E8
330
1A
100
AcDbEntity
  8
BLACK
  6
CONTINUOUS
100
AcDbLine
 10
0.0887266535433071
 20
1.0318375590551181
 30
0
 11
0.0887138976377953
 21
1.03185031496063
 31
0
  0
LINE
  5
5E9
330
1A
100
AcDbEntity
  8
BLACK
  6
CONTINUOUS
100
AcDbLine
 10
0.0887138976377953
 20
1.03185031496063
 30
0
 11
0.0886892519685039
 21
1.031974094488189
 31
0
  0
LINE
  5
5EA
330
1A
100
AcDbEntity
  8
BLACK
  6
CONTINUOUS
100
AcDbLine
 10
0.0886892519685039
 20
1.031974094488189
 30
0
 11
0.0886559448818898
 21
1.0320958267716536
 31
0
  0
LINE
  5
5EB
330
1A
100
AcDbEntity
  8
BLACK
  6
CONTINUOUS
100
AcDbLine
 10
0.0886559448818898
 20
1.0320958267716536
 30
0
 11
0.0886616535433071
 21
1.0321129921259842
 31
0
  0
LINE
  5
5EC
330
1A
100
AcDbEntity
  8
BLACK
  6
CONTINUOUS
100
AcDbLine
 10
0.0886616535433071
 20
1.0321129921259842
 30
0
 11
0.0886539763779527
 21
1.0321516535433071
 31
0
  0
LINE
  5
5ED
330
1A
100
AcDbEntity
  8
BLACK
  6
CONTINUOUS
100
AcDbLine
 10
0.0886539763779527
 20
1.0321516535433071
 30
0
 11
0.0886539763779527
 21
1.0344013779527559
 31
0
  0
LINE
  5
5EE
330
1A
100
AcDbEntity
  8
BLACK
  6
CONTINUOUS
100
AcDbLine
 10
0.0886539763779527
 20
1.0344013779527559
 30
0
 11
0.0886616535433071
 21
1.0344400787401575
 31
0
  0
LINE
  5
5EF
330
1A
100
AcDbEntity
  8
BLACK
  6
CONTINUOUS
100
AcDbLine
 10
0.0886616535433071
 20
1.0344400787401575
 30
0
 11
0.0886559448818898
 21
1.0344572047244094
 31
0
  0
LINE
  5
5F0
330
1A
100
AcDbEntity
  8
BLACK
  6
CONTINUOUS
100
AcDbLine
 10
0.0886559448818898
 20
1.0344572047244094
 30
0
 11
0.0886892519685039
 21
1.0345788188976377
 31
0
  0
LINE
  5
5F1
330
1A
100
AcDbEntity
  8
BLACK
  6
CONTINUOUS
100
AcDbLine
 10
0.0886892519685039
 20
1.0345788188976377
 30
0
 11
0.0887138976377953
 21
1.034702716535433
 31
0
  0
LINE
  5
5F2
330
1A
100
AcDbEntity
  8
BLACK
  6
CONTINUOUS
100
AcDbLine
 10
0.0887138976377953
 20
1.034702716535433
 30
0
 11
0.0887266929133858
 21
1.0347155511811024
 31
0
  0
LINE
  5
5F3
330
1A
100
AcDbEntity
  8
BLACK
  6
CONTINUOUS
100
AcDbLine
 10
0.0887266929133858
 20
1.0347155511811024
 30
0
 11
0.088737125984252
 21
1.0347535433070867
 31
0
  0
LINE
  5
5F4
330
1A
100
AcDbEntity
  8
BLACK
  6
CONTINUOUS
100
AcDbLine
 10
0.088737125984252
 20
1.0347535433070867
 30
0
 11
0.0891120472440945
 21
1.0355033858267717
 31
0
  0
LINE
  5
5F5
330
1A
100
AcDbEntity
  8
BLACK
  6
CONTINUOUS
100
AcDbLine
 10
0.0891120472440945
 20
1.0355033858267717
 30
0
 11
0.0891893307086614
 21
1.0356029921259842
 31
0
  0
LINE
  5
5F6
330
1A
100
AcDbEntity
  8
BLACK
  6
CONTINUOUS
100
AcDbLine
 10
0.0891893307086614
 20
1.0356029921259842
 30
0
 11
0.0892595275590551
 21
1.0357079921259842
 31
0
  0
LINE
  5
5F7
330
1A
100
AcDbEntity
  8
BLACK
  6
CONTINUOUS
100
AcDbLine
 10
0.0892595275590551
 20
1.0357079921259842
 30
0
 11
0.0896344488188976
 21
1.0360829527559055
 31
0
  0
LINE
  5
5F8
330
1A
100
AcDbEntity
  8
BLACK
  6
CONTINUOUS
100
AcDbLine
 10
0.0896344488188976
 20
1.0360829527559055
 30
0
 11
0.0897393307086614
 21
1.0361530708661417
 31
0
  0
LINE
  5
5F9
330
1A
100
AcDbEntity
  8
BLACK
  6
CONTINUOUS
100
AcDbLine
 10
0.0897393307086614
 20
1.0361530708661417
 30
0
 11
0.0898391338582677
 21
1.0362305118110235
 31
0
  0
LINE
  5
5FA
330
1A
100
AcDbEntity
  8
BLACK
  6
CONTINUOUS
100
AcDbLine
 10
0.0898391338582677
 20
1.0362305118110235
 30
0
 11
0.0905890157480315
 21
1.0366054330708661
 31
0
  0
LINE
  5
5FB
330
1A
100
AcDbEntity
  8
BLACK
  6
CONTINUOUS
100
AcDbLine
 10
0.0905890157480315
 20
1.0366054330708661
 30
0
 11
0.0906270078740157
 21
1.0366158661417322
 31
0
  0
LINE
  5
5FC
330
1A
100
AcDbEntity
  8
BLACK
  6
CONTINUOUS
100
AcDbLine
 10
0.0906270078740157
 20
1.0366158661417322
 30
0
 11
0.090639842519685
 21
1.0366286614173228
 31
0
  0
LINE
  5
5FD
330
1A
100
AcDbEntity
  8
BLACK
  6
CONTINUOUS
100
AcDbLine
 10
0.090639842519685
 20
1.0366286614173228
 30
0
 11
0.0907637401574803
 21
1.0366533070866142
 31
0
  0
LINE
  5
5FE
330
1A
100
AcDbEntity
  8
BLACK
  6
CONTINUOUS
100
AcDbLine
 10
0.0907637401574803
 20
1.0366533070866142
 30
0
 11
0.0908853543307087
 21
1.0366866141732283
 31
0
  0
LINE
  5
5FF
330
1A
100
AcDbEntity
  8
BLACK
  6
CONTINUOUS
100
AcDbLine
 10
0.0908853543307087
 20
1.0366866141732283
 30
0
 11
0.0909024803149606
 21
1.0366809055118109
 31
0
  0
LINE
  5
600
330
1A
100
AcDbEntity
  8
BLACK
  6
CONTINUOUS
100
AcDbLine
 10
0.0909024803149606
 20
1.0366809055118109
 30
0
 11
0.0909411811023622
 21
1.0366885826771652
 31
0
  0
LINE
  5
601
330
1A
100
AcDbEntity
  8
BLACK
  6
CONTINUOUS
100
AcDbLine
 10
0.0909411811023622
 20
1.0366885826771652
 30
0
 11
0.0920660236220472
 21
1.0366885826771652
 31
0
  0
LINE
  5
602
330
1A
100
AcDbEntity
  8
BLACK
  6
CONTINUOUS
100
AcDbLine
 10
0.0920660236220472
 20
1.0366885826771652
 30
0
 11
0.0921046850393701
 21
1.0366809055118109
 31
0
  0
LINE
  5
603
330
1A
100
AcDbEntity
  8
BLACK
  6
CONTINUOUS
100
AcDbLine
 10
0.0906577165354331
 20
1.0348790944881889
 30
0
 11
0.0904634251968504
 21
1.0346848425196851
 31
0
  0
LINE
  5
604
330
1A
100
AcDbEntity
  8
BLACK
  6
CONTINUOUS
100
AcDbLine
 10
0.0904634251968504
 20
1.0346848425196851
 30
0
 11
0.090228779527559
 21
1.0342155118110237
 31
0
  0
LINE
  5
605
330
1A
100
AcDbEntity
  8
BLACK
  6
CONTINUOUS
100
AcDbLine
 10
0.090228779527559
 20
1.0342155118110237
 30
0
 11
0.090228779527559
 21
1.032337559055118
 31
0
  0
LINE
  5
606
330
1A
100
AcDbEntity
  8
BLACK
  6
CONTINUOUS
100
AcDbLine
 10
0.090228779527559
 20
1.032337559055118
 30
0
 11
0.0904634645669291
 21
1.0318681496062991
 31
0
  0
LINE
  5
607
330
1A
100
AcDbEntity
  8
BLACK
  6
CONTINUOUS
100
AcDbLine
 10
0.0904634645669291
 20
1.0318681496062991
 30
0
 11
0.0906576771653543
 21
1.031673937007874
 31
0
  0
LINE
  5
608
330
1A
100
AcDbEntity
  8
BLACK
  6
CONTINUOUS
100
AcDbLine
 10
0.0906576771653543
 20
1.031673937007874
 30
0
 11
0.0911270866141732
 21
1.0314392519685038
 31
0
  0
LINE
  5
609
330
1A
100
AcDbEntity
  8
BLACK
  6
CONTINUOUS
100
AcDbLine
 10
0.0911270866141732
 20
1.0314392519685038
 30
0
 11
0.091880157480315
 21
1.0314392519685038
 31
0
  0
LINE
  5
60A
330
1A
100
AcDbEntity
  8
BLACK
  6
CONTINUOUS
100
AcDbLine
 10
0.091880157480315
 20
1.0314392519685038
 30
0
 11
0.0923495275590551
 21
1.031673937007874
 31
0
  0
LINE
  5
60B
330
1A
100
AcDbEntity
  8
BLACK
  6
CONTINUOUS
100
AcDbLine
 10
0.0923495275590551
 20
1.031673937007874
 30
0
 11
0.0925437401574803
 21
1.0318681102362204
 31
0
  0
LINE
  5
60C
330
1A
100
AcDbEntity
  8
BLACK
  6
CONTINUOUS
100
AcDbLine
 10
0.0925437401574803
 20
1.0318681102362204
 30
0
 11
0.0927784645669291
 21
1.032337559055118
 31
0
  0
LINE
  5
60D
330
1A
100
AcDbEntity
  8
BLACK
  6
CONTINUOUS
100
AcDbLine
 10
0.0927784645669291
 20
1.032337559055118
 30
0
 11
0.0927784645669291
 21
1.0342154724409449
 31
0
  0
LINE
  5
60E
330
1A
100
AcDbEntity
  8
BLACK
  6
CONTINUOUS
100
AcDbLine
 10
0.0927784645669291
 20
1.0342154724409449
 30
0
 11
0.0925437795275591
 21
1.0346848425196851
 31
0
  0
LINE
  5
60F
330
1A
100
AcDbEntity
  8
BLACK
  6
CONTINUOUS
100
AcDbLine
 10
0.0925437795275591
 20
1.0346848425196851
 30
0
 11
0.0923495275590551
 21
1.0348790944881889
 31
0
  0
LINE
  5
610
330
1A
100
AcDbEntity
  8
BLACK
  6
CONTINUOUS
100
AcDbLine
 10
0.0923495275590551
 20
1.0348790944881889
 30
0
 11
0.0918801181102362
 21
1.0351137795275591
 31
0
  0
LINE
  5
611
330
1A
100
AcDbEntity
  8
BLACK
  6
CONTINUOUS
100
AcDbLine
 10
0.0918801181102362
 20
1.0351137795275591
 30
0
 11
0.0911270866141732
 21
1.0351137795275591
 31
0
  0
LINE
  5
612
330
1A
100
AcDbEntity
  8
BLACK
  6
CONTINUOUS
100
AcDbLine
 10
0.0911270866141732
 20
1.0351137795275591
 30
0
 11
0.0906577165354331
 21
1.0348790944881889
 31
0
  0
LINE
  5
613
330
1A
100
AcDbEntity
  8
BLACK
  6
CONTINUOUS
100
AcDbLine
 10
0.0968072047244094
 20
1.0363907874015748
 30
0
 11
0.0969475984251968
 21
1.0361174803149606
 31
0
  0
LINE
  5
614
330
1A
100
AcDbEntity
  8
BLACK
  6
CONTINUOUS
100
AcDbLine
 10
0.0969475984251968
 20
1.0361174803149606
 30
0
 11
0.0978146062992126
 21
1.0330828740157481
 31
0
  0
LINE
  5
615
330
1A
100
AcDbEntity
  8
BLACK
  6
CONTINUOUS
100
AcDbLine
 10
0.0978146062992126
 20
1.0330828740157481
 30
0
 11
0.0984590157480315
 21
1.034693779527559
 31
0
  0
LINE
  5
616
330
1A
100
AcDbEntity
  8
BLACK
  6
CONTINUOUS
100
AcDbLine
 10
0.0984590157480315
 20
1.034693779527559
 30
0
 11
0.0986265748031496
 21
1.0349513385826772
 31
0
  0
LINE
  5
617
330
1A
100
AcDbEntity
  8
BLACK
  6
CONTINUOUS
100
AcDbLine
 10
0.0986265748031496
 20
1.0349513385826772
 30
0
 11
0.098636062992126
 21
1.0349554330708661
 31
0
  0
LINE
  5
618
330
1A
100
AcDbEntity
  8
BLACK
  6
CONTINUOUS
100
AcDbLine
 10
0.098636062992126
 20
1.0349554330708661
 30
0
 11
0.098640157480315
 21
1.0349649212598424
 31
0
  0
LINE
  5
619
330
1A
100
AcDbEntity
  8
BLACK
  6
CONTINUOUS
100
AcDbLine
 10
0.098640157480315
 20
1.0349649212598424
 30
0
 11
0.0989116535433071
 21
1.0350735433070866
 31
0
  0
LINE
  5
61A
330
1A
100
AcDbEntity
  8
BLACK
  6
CONTINUOUS
100
AcDbLine
 10
0.0989116535433071
 20
1.0350735433070866
 30
0
 11
0.0991805118110236
 21
1.0351887401574802
 31
0
  0
LINE
  5
61B
330
1A
100
AcDbEntity
  8
BLACK
  6
CONTINUOUS
100
AcDbLine
 10
0.0991805118110236
 20
1.0351887401574802
 30
0
 11
0.0991900787401575
 21
1.0351849212598425
 31
0
  0
LINE
  5
61C
330
1A
100
AcDbEntity
  8
BLACK
  6
CONTINUOUS
100
AcDbLine
 10
0.0991900787401575
 20
1.0351849212598425
 30
0
 11
0.0991997244094488
 21
1.0351887401574802
 31
0
  0
LINE
  5
61D
330
1A
100
AcDbEntity
  8
BLACK
  6
CONTINUOUS
100
AcDbLine
 10
0.0991997244094488
 20
1.0351887401574802
 30
0
 11
0.0994692519685039
 21
1.0350732283464568
 31
0
  0
LINE
  5
61E
330
1A
100
AcDbEntity
  8
BLACK
  6
CONTINUOUS
100
AcDbLine
 10
0.0994692519685039
 20
1.0350732283464568
 30
0
 11
0.0997400787401575
 21
1.0349648818897637
 31
0
  0
LINE
  5
61F
330
1A
100
AcDbEntity
  8
BLACK
  6
CONTINUOUS
100
AcDbLine
 10
0.0997400787401575
 20
1.0349648818897637
 30
0
 11
0.099744094488189
 21
1.0349554330708661
 31
0
  0
LINE
  5
620
330
1A
100
AcDbEntity
  8
BLACK
  6
CONTINUOUS
100
AcDbLine
 10
0.099744094488189
 20
1.0349554330708661
 30
0
 11
0.0997536614173228
 21
1.0349513385826772
 31
0
  0
LINE
  5
621
330
1A
100
AcDbEntity
  8
BLACK
  6
CONTINUOUS
100
AcDbLine
 10
0.0997536614173228
 20
1.0349513385826772
 30
0
 11
0.0999211811023622
 21
1.0346938188976378
 31
0
  0
LINE
  5
622
330
1A
100
AcDbEntity
  8
BLACK
  6
CONTINUOUS
100
AcDbLine
 10
0.0999211811023622
 20
1.0346938188976378
 30
0
 11
0.1005655905511811
 21
1.0330828346456693
 31
0
  0
LINE
  5
623
330
1A
100
AcDbEntity
  8
BLACK
  6
CONTINUOUS
100
AcDbLine
 10
0.1005655905511811
 20
1.0330828346456693
 30
0
 11
0.1014326377952756
 21
1.0361174803149606
 31
0
  0
LINE
  5
624
330
1A
100
AcDbEntity
  8
BLACK
  6
CONTINUOUS
100
AcDbLine
 10
0.1014326377952756
 20
1.0361174803149606
 30
0
 11
0.1015730708661417
 21
1.036390748031496
 31
0
  0
LINE
  5
625
330
1A
100
AcDbEntity
  8
BLACK
  6
CONTINUOUS
100
AcDbLine
 10
0.1015730708661417
 20
1.036390748031496
 30
0
 11
0.1020998818897638
 21
1.0366834251968504
 31
0
  0
LINE
  5
626
330
1A
100
AcDbEntity
  8
BLACK
  6
CONTINUOUS
100
AcDbLine
 10
0.1020998818897638
 20
1.0366834251968504
 30
0
 11
0.1026793700787402
 21
1.0365178740157479
 31
0
  0
LINE
  5
627
330
1A
100
AcDbEntity
  8
BLACK
  6
CONTINUOUS
100
AcDbLine
 10
0.1026793700787402
 20
1.0365178740157479
 30
0
 11
0.1029720472440945
 21
1.0359910629921261
 31
0
  0
LINE
  5
628
330
1A
100
AcDbEntity
  8
BLACK
  6
CONTINUOUS
100
AcDbLine
 10
0.1029720472440945
 20
1.0359910629921261
 30
0
 11
0.1029468503937008
 21
1.035684842519685
 31
0
  0
LINE
  5
629
330
1A
100
AcDbEntity
  8
BLACK
  6
CONTINUOUS
100
AcDbLine
 10
0.1029468503937008
 20
1.035684842519685
 30
0
 11
0.1014470472440945
 21
1.0304355511811023
 31
0
  0
LINE
  5
62A
330
1A
100
AcDbEntity
  8
BLACK
  6
CONTINUOUS
100
AcDbLine
 10
0.1014470472440945
 20
1.0304355511811023
 30
0
 11
0.1013066535433071
 21
1.0301622440944882
 31
0
  0
LINE
  5
62B
330
1A
100
AcDbEntity
  8
BLACK
  6
CONTINUOUS
100
AcDbLine
 10
0.1013066535433071
 20
1.0301622440944882
 30
0
 11
0.1012606299212598
 21
1.0301366929133857
 31
0
  0
LINE
  5
62C
330
1A
100
AcDbEntity
  8
BLACK
  6
CONTINUOUS
100
AcDbLine
 10
0.1012606299212598
 20
1.0301366929133857
 30
0
 11
0.1012399212598425
 21
1.0300883070866143
 31
0
  0
LINE
  5
62D
330
1A
100
AcDbEntity
  8
BLACK
  6
CONTINUOUS
100
AcDbLine
 10
0.1012399212598425
 20
1.0300883070866143
 30
0
 11
0.1010029527559055
 21
1.0299935433070866
 31
0
  0
LINE
  5
62E
330
1A
100
AcDbEntity
  8
BLACK
  6
CONTINUOUS
100
AcDbLine
 10
0.1010029527559055
 20
1.0299935433070866
 30
0
 11
0.100779842519685
 21
1.0298695669291338
 31
0
  0
LINE
  5
62F
330
1A
100
AcDbEntity
  8
BLACK
  6
CONTINUOUS
100
AcDbLine
 10
0.100779842519685
 20
1.0298695669291338
 30
0
 11
0.1007292125984252
 21
1.0298840551181103
 31
0
  0
LINE
  5
630
330
1A
100
AcDbEntity
  8
BLACK
  6
CONTINUOUS
100
AcDbLine
 10
0.1007292125984252
 20
1.0298840551181103
 30
0
 11
0.1006803543307087
 21
1.0298644881889762
 31
0
  0
LINE
  5
631
330
1A
100
AcDbEntity
  8
BLACK
  6
CONTINUOUS
100
AcDbLine
 10
0.1006803543307087
 20
1.0298644881889762
 30
0
 11
0.1004457086614173
 21
1.0299650393700788
 31
0
  0
LINE
  5
632
330
1A
100
AcDbEntity
  8
BLACK
  6
CONTINUOUS
100
AcDbLine
 10
0.1004457086614173
 20
1.0299650393700788
 30
0
 11
0.1002003543307087
 21
1.030035157480315
 31
0
  0
LINE
  5
633
330
1A
100
AcDbEntity
  8
BLACK
  6
CONTINUOUS
100
AcDbLine
 10
0.1002003543307087
 20
1.030035157480315
 30
0
 11
0.1001747637795276
 21
1.0300811811023622
 31
0
  0
LINE
  5
634
330
1A
100
AcDbEntity
  8
BLACK
  6
CONTINUOUS
100
AcDbLine
 10
0.1001747637795276
 20
1.0300811811023622
 30
0
 11
0.1001264173228346
 21
1.0301018897637795
 31
0
  0
LINE
  5
635
330
1A
100
AcDbEntity
  8
BLACK
  6
CONTINUOUS
100
AcDbLine
 10
0.1001264173228346
 20
1.0301018897637795
 30
0
 11
0.0999588976377953
 21
1.0303594094488189
 31
0
  0
LINE
  5
636
330
1A
100
AcDbEntity
  8
BLACK
  6
CONTINUOUS
100
AcDbLine
 10
0.0999588976377953
 20
1.0303594094488189
 30
0
 11
0.0991901181102362
 21
1.0322812992125985
 31
0
  0
LINE
  5
637
330
1A
100
AcDbEntity
  8
BLACK
  6
CONTINUOUS
100
AcDbLine
 10
0.0991901181102362
 20
1.0322812992125985
 30
0
 11
0.0984214173228346
 21
1.0303594094488189
 31
0
  0
LINE
  5
638
330
1A
100
AcDbEntity
  8
BLACK
  6
CONTINUOUS
100
AcDbLine
 10
0.0984214173228346
 20
1.0303594094488189
 30
0
 11
0.0982538582677165
 21
1.0301018897637795
 31
0
  0
LINE
  5
639
330
1A
100
AcDbEntity
  8
BLACK
  6
CONTINUOUS
100
AcDbLine
 10
0.0982538582677165
 20
1.0301018897637795
 30
0
 11
0.0982054724409449
 21
1.0300811811023622
 31
0
  0
LINE
  5
63A
330
1A
100
AcDbEntity
  8
BLACK
  6
CONTINUOUS
100
AcDbLine
 10
0.0982054724409449
 20
1.0300811811023622
 30
0
 11
0.0981799212598425
 21
1.030035157480315
 31
0
  0
LINE
  5
63B
330
1A
100
AcDbEntity
  8
BLACK
  6
CONTINUOUS
100
AcDbLine
 10
0.0981799212598425
 20
1.030035157480315
 30
0
 11
0.0979346456692913
 21
1.0299651181102363
 31
0
  0
LINE
  5
63C
330
1A
100
AcDbEntity
  8
BLACK
  6
CONTINUOUS
100
AcDbLine
 10
0.0979346456692913
 20
1.0299651181102363
 30
0
 11
0.0976999212598425
 21
1.0298644881889762
 31
0
  0
LINE
  5
63D
330
1A
100
AcDbEntity
  8
BLACK
  6
CONTINUOUS
100
AcDbLine
 10
0.0976999212598425
 20
1.0298644881889762
 30
0
 11
0.0976509842519685
 21
1.0298840551181103
 31
0
  0
LINE
  5
63E
330
1A
100
AcDbEntity
  8
BLACK
  6
CONTINUOUS
100
AcDbLine
 10
0.0976509842519685
 20
1.0298840551181103
 30
0
 11
0.0976004330708661
 21
1.0298696062992125
 31
0
  0
LINE
  5
63F
330
1A
100
AcDbEntity
  8
BLACK
  6
CONTINUOUS
100
AcDbLine
 10
0.0976004330708661
 20
1.0298696062992125
 30
0
 11
0.0973775196850394
 21
1.0299934645669291
 31
0
  0
LINE
  5
640
330
1A
100
AcDbEntity
  8
BLACK
  6
CONTINUOUS
100
AcDbLine
 10
0.0973775196850394
 20
1.0299934645669291
 30
0
 11
0.0971403543307087
 21
1.0300883070866143
 31
0
  0
LINE
  5
641
330
1A
100
AcDbEntity
  8
BLACK
  6
CONTINUOUS
100
AcDbLine
 10
0.0971403543307087
 20
1.0300883070866143
 30
0
 11
0.0971195669291339
 21
1.0301367716535432
 31
0
  0
LINE
  5
642
330
1A
100
AcDbEntity
  8
BLACK
  6
CONTINUOUS
100
AcDbLine
 10
0.0971195669291339
 20
1.0301367716535432
 30
0
 11
0.0970736220472441
 21
1.030162283464567
 31
0
  0
LINE
  5
643
330
1A
100
AcDbEntity
  8
BLACK
  6
CONTINUOUS
100
AcDbLine
 10
0.0970736220472441
 20
1.030162283464567
 30
0
 11
0.096933188976378
 21
1.0304355511811023
 31
0
  0
LINE
  5
644
330
1A
100
AcDbEntity
  8
BLACK
  6
CONTINUOUS
100
AcDbLine
 10
0.096933188976378
 20
1.0304355511811023
 30
0
 11
0.0954334251968504
 21
1.0356848818897637
 31
0
  0
LINE
  5
645
330
1A
100
AcDbEntity
  8
BLACK
  6
CONTINUOUS
100
AcDbLine
 10
0.0954334251968504
 20
1.0356848818897637
 30
0
 11
0.0954082283464567
 21
1.0359910629921261
 31
0
  0
LINE
  5
646
330
1A
100
AcDbEntity
  8
BLACK
  6
CONTINUOUS
100
AcDbLine
 10
0.0954082283464567
 20
1.0359910629921261
 30
0
 11
0.095700905511811
 21
1.0365178740157479
 31
0
  0
LINE
  5
647
330
1A
100
AcDbEntity
  8
BLACK
  6
CONTINUOUS
100
AcDbLine
 10
0.095700905511811
 20
1.0365178740157479
 30
0
 11
0.0962803937007874
 21
1.0366834645669292
 31
0
  0
LINE
  5
648
330
1A
100
AcDbEntity
  8
BLACK
  6
CONTINUOUS
100
AcDbLine
 10
0.0962803937007874
 20
1.0366834645669292
 30
0
 11
0.0968072047244094
 21
1.0363907874015748
 31
0
  0
LINE
  5
649
330
1A
100
AcDbEntity
  8
BLACK
  6
CONTINUOUS
100
AcDbLine
 10
0.0556731496062992
 20
1.0388272047244094
 30
0
 11
0.0557330708661417
 21
1.0385258661417323
 31
0
  0
LINE
  5
64A
330
1A
100
AcDbEntity
  8
BLACK
  6
CONTINUOUS
100
AcDbLine
 10
0.0557330708661417
 20
1.0385258661417323
 30
0
 11
0.0557330708661417
 21
1.0319625984251968
 31
0
  0
LINE
  5
64B
330
1A
100
AcDbEntity
  8
BLACK
  6
CONTINUOUS
100
AcDbLine
 10
0.0557330708661417
 20
1.0319625984251968
 30
0
 11
0.0559074803149606
 21
1.0316137007874016
 31
0
  0
LINE
  5
64C
330
1A
100
AcDbEntity
  8
BLACK
  6
CONTINUOUS
100
AcDbLine
 10
0.0559074803149606
 20
1.0316137007874016
 30
0
 11
0.0564226377952756
 21
1.0313561417322834
 31
0
  0
LINE
  5
64D
330
1A
100
AcDbEntity
  8
BLACK
  6
CONTINUOUS
100
AcDbLine
 10
0.0564226377952756
 20
1.0313561417322834
 30
0
 11
0.0566653543307087
 21
1.0311677952755904
 31
0
  0
LINE
  5
64E
330
1A
100
AcDbEntity
  8
BLACK
  6
CONTINUOUS
100
AcDbLine
 10
0.0566653543307087
 20
1.0311677952755904
 30
0
 11
0.0568559448818898
 21
1.030596062992126
 31
0
  0
LINE
  5
64F
330
1A
100
AcDbEntity
  8
BLACK
  6
CONTINUOUS
100
AcDbLine
 10
0.0568559448818898
 20
1.030596062992126
 30
0
 11
0.0565864566929134
 21
1.0300570078740157
 31
0
  0
LINE
  5
650
330
1A
100
AcDbEntity
  8
BLACK
  6
CONTINUOUS
100
AcDbLine
 10
0.0565864566929134
 20
1.0300570078740157
 30
0
 11
0.0560147244094488
 21
1.0298664173228347
 31
0
  0
LINE
  5
651
330
1A
100
AcDbEntity
  8
BLACK
  6
CONTINUOUS
100
AcDbLine
 10
0.0560147244094488
 20
1.0298664173228347
 30
0
 11
0.0557184251968504
 21
1.0299475590551181
 31
0
  0
LINE
  5
652
330
1A
100
AcDbEntity
  8
BLACK
  6
CONTINUOUS
100
AcDbLine
 10
0.0557184251968504
 20
1.0299475590551181
 30
0
 11
0.0549684645669291
 21
1.0303224803149607
 31
0
  0
LINE
  5
653
330
1A
100
AcDbEntity
  8
BLACK
  6
CONTINUOUS
100
AcDbLine
 10
0.0549684645669291
 20
1.0303224803149607
 30
0
 11
0.0548445669291339
 21
1.030418622047244
 31
0
  0
LINE
  5
654
330
1A
100
AcDbEntity
  8
BLACK
  6
CONTINUOUS
100
AcDbLine
 10
0.0548445669291339
 20
1.030418622047244
 30
0
 11
0.0548046456692913
 21
1.0304319291338582
 31
0
  0
LINE
  5
655
330
1A
100
AcDbEntity
  8
BLACK
  6
CONTINUOUS
100
AcDbLine
 10
0.0548046456692913
 20
1.0304319291338582
 30
0
 11
0.054770157480315
 21
1.0304763779527559
 31
0
  0
LINE
  5
656
330
1A
100
AcDbEntity
  8
BLACK
  6
CONTINUOUS
100
AcDbLine
 10
0.054770157480315
 20
1.0304763779527559
 30
0
 11
0.0547257480314961
 21
1.0305108267716536
 31
0
  0
LINE
  5
657
330
1A
100
AcDbEntity
  8
BLACK
  6
CONTINUOUS
100
AcDbLine
 10
0.0547257480314961
 20
1.0305108267716536
 30
0
 11
0.0547124015748032
 21
1.0305507874015747
 31
0
  0
LINE
  5
658
330
1A
100
AcDbEntity
  8
BLACK
  6
CONTINUOUS
100
AcDbLine
 10
0.0547124015748032
 20
1.0305507874015747
 30
0
 11
0.0546162992125984
 21
1.0306746456692912
 31
0
  0
LINE
  5
659
330
1A
100
AcDbEntity
  8
BLACK
  6
CONTINUOUS
100
AcDbLine
 10
0.0546162992125984
 20
1.0306746456692912
 30
0
 11
0.0542413779527559
 21
1.0314245669291338
 31
0
  0
LINE
  5
65A
330
1A
100
AcDbEntity
  8
BLACK
  6
CONTINUOUS
100
AcDbLine
 10
0.0542413779527559
 20
1.0314245669291338
 30
0
 11
0.0542309448818898
 21
1.0314625984251968
 31
0
  0
LINE
  5
65B
330
1A
100
AcDbEntity
  8
BLACK
  6
CONTINUOUS
100
AcDbLine
 10
0.0542309448818898
 20
1.0314625984251968
 30
0
 11
0.054218188976378
 21
1.0314753543307087
 31
0
  0
LINE
  5
65C
330
1A
100
AcDbEntity
  8
BLACK
  6
CONTINUOUS
100
AcDbLine
 10
0.054218188976378
 20
1.0314753543307087
 30
0
 11
0.0541935433070866
 21
1.0315992125984252
 31
0
  0
LINE
  5
65D
330
1A
100
AcDbEntity
  8
BLACK
  6
CONTINUOUS
100
AcDbLine
 10
0.0541935433070866
 20
1.0315992125984252
 30
0
 11
0.0541602362204724
 21
1.0317209055118111
 31
0
  0
LINE
  5
65E
330
1A
100
AcDbEntity
  8
BLACK
  6
CONTINUOUS
100
AcDbLine
 10
0.0541602362204724
 20
1.0317209055118111
 30
0
 11
0.0541659448818898
 21
1.0317380708661417
 31
0
  0
LINE
  5
65F
330
1A
100
AcDbEntity
  8
BLACK
  6
CONTINUOUS
100
AcDbLine
 10
0.0541659448818898
 20
1.0317380708661417
 30
0
 11
0.0541582677165354
 21
1.0317766929133858
 31
0
  0
LINE
  5
660
330
1A
100
AcDbEntity
  8
BLACK
  6
CONTINUOUS
100
AcDbLine
 10
0.0541582677165354
 20
1.0317766929133858
 30
0
 11
0.0541582677165354
 21
1.0385258661417323
 31
0
  0
LINE
  5
661
330
1A
100
AcDbEntity
  8
BLACK
  6
CONTINUOUS
100
AcDbLine
 10
0.0541582677165354
 20
1.0385258661417323
 30
0
 11
0.054218188976378
 21
1.0388272047244094
 31
0
  0
LINE
  5
662
330
1A
100
AcDbEntity
  8
BLACK
  6
CONTINUOUS
100
AcDbLine
 10
0.054218188976378
 20
1.0388272047244094
 30
0
 11
0.0546443307086614
 21
1.0392533464566929
 31
0
  0
LINE
  5
663
330
1A
100
AcDbEntity
  8
BLACK
  6
CONTINUOUS
100
AcDbLine
 10
0.0546443307086614
 20
1.0392533464566929
 30
0
 11
0.0552470078740157
 21
1.0392533464566929
 31
0
  0
LINE
  5
664
330
1A
100
AcDbEntity
  8
BLACK
  6
CONTINUOUS
100
AcDbLine
 10
0.0552470078740157
 20
1.0392533464566929
 30
0
 11
0.0556731496062992
 21
1.0388272047244094
 31
0
  0
LINE
  5
665
330
1A
100
AcDbEntity
  8
BLACK
  6
CONTINUOUS
100
AcDbLine
 10
0.0864193307086614
 20
1.0388272047244094
 30
0
 11
0.0864792519685039
 21
1.0385258661417323
 31
0
  0
LINE
  5
666
330
1A
100
AcDbEntity
  8
BLACK
  6
CONTINUOUS
100
AcDbLine
 10
0.0864792519685039
 20
1.0385258661417323
 30
0
 11
0.0864792519685039
 21
1.0319625984251968
 31
0
  0
LINE
  5
667
330
1A
100
AcDbEntity
  8
BLACK
  6
CONTINUOUS
100
AcDbLine
 10
0.0864792519685039
 20
1.0319625984251968
 30
0
 11
0.0866536614173228
 21
1.0316137007874016
 31
0
  0
LINE
  5
668
330
1A
100
AcDbEntity
  8
BLACK
  6
CONTINUOUS
100
AcDbLine
 10
0.0866536614173228
 20
1.0316137007874016
 30
0
 11
0.0871688188976378
 21
1.0313561417322834
 31
0
  0
LINE
  5
669
330
1A
100
AcDbEntity
  8
BLACK
  6
CONTINUOUS
100
AcDbLine
 10
0.0871688188976378
 20
1.0313561417322834
 30
0
 11
0.0874115354330709
 21
1.0311677952755904
 31
0
  0
LINE
  5
66A
330
1A
100
AcDbEntity
  8
BLACK
  6
CONTINUOUS
100
AcDbLine
 10
0.0874115354330709
 20
1.0311677952755904
 30
0
 11
0.087602125984252
 21
1.030596062992126
 31
0
  0
LINE
  5
66B
330
1A
100
AcDbEntity
  8
BLACK
  6
CONTINUOUS
100
AcDbLine
 10
0.087602125984252
 20
1.030596062992126
 30
0
 11
0.0873326377952756
 21
1.0300570078740157
 31
0
  0
LINE
  5
66C
330
1A
100
AcDbEntity
  8
BLACK
  6
CONTINUOUS
100
AcDbLine
 10
0.0873326377952756
 20
1.0300570078740157
 30
0
 11
0.086760905511811
 21
1.0298664173228347
 31
0
  0
LINE
  5
66D
330
1A
100
AcDbEntity
  8
BLACK
  6
CONTINUOUS
100
AcDbLine
 10
0.086760905511811
 20
1.0298664173228347
 30
0
 11
0.0864646062992126
 21
1.0299475590551181
 31
0
  0
LINE
  5
66E
330
1A
100
AcDbEntity
  8
BLACK
  6
CONTINUOUS
100
AcDbLine
 10
0.0864646062992126
 20
1.0299475590551181
 30
0
 11
0.0857146456692913
 21
1.0303224803149607
 31
0
  0
LINE
  5
66F
330
1A
100
AcDbEntity
  8
BLACK
  6
CONTINUOUS
100
AcDbLine
 10
0.0857146456692913
 20
1.0303224803149607
 30
0
 11
0.0855907480314961
 21
1.030418622047244
 31
0
  0
LINE
  5
670
330
1A
100
AcDbEntity
  8
BLACK
  6
CONTINUOUS
100
AcDbLine
 10
0.0855907480314961
 20
1.030418622047244
 30
0
 11
0.0855508267716535
 21
1.0304319291338582
 31
0
  0
LINE
  5
671
330
1A
100
AcDbEntity
  8
BLACK
  6
CONTINUOUS
100
AcDbLine
 10
0.0855508267716535
 20
1.0304319291338582
 30
0
 11
0.0855163385826772
 21
1.0304763779527559
 31
0
  0
LINE
  5
672
330
1A
100
AcDbEntity
  8
BLACK
  6
CONTINUOUS
100
AcDbLine
 10
0.0855163385826772
 20
1.0304763779527559
 30
0
 11
0.0854719291338583
 21
1.0305108267716536
 31
0
  0
LINE
  5
673
330
1A
100
AcDbEntity
  8
BLACK
  6
CONTINUOUS
100
AcDbLine
 10
0.0854719291338583
 20
1.0305108267716536
 30
0
 11
0.0854585826771654
 21
1.0305507874015747
 31
0
  0
LINE
  5
674
330
1A
100
AcDbEntity
  8
BLACK
  6
CONTINUOUS
100
AcDbLine
 10
0.0854585826771654
 20
1.0305507874015747
 30
0
 11
0.0853624803149606
 21
1.0306746456692912
 31
0
  0
LINE
  5
675
330
1A
100
AcDbEntity
  8
BLACK
  6
CONTINUOUS
100
AcDbLine
 10
0.0853624803149606
 20
1.0306746456692912
 30
0
 11
0.0849875590551181
 21
1.0314245669291338
 31
0
  0
LINE
  5
676
330
1A
100
AcDbEntity
  8
BLACK
  6
CONTINUOUS
100
AcDbLine
 10
0.0849875590551181
 20
1.0314245669291338
 30
0
 11
0.084977125984252
 21
1.0314625984251968
 31
0
  0
LINE
  5
677
330
1A
100
AcDbEntity
  8
BLACK
  6
CONTINUOUS
100
AcDbLine
 10
0.084977125984252
 20
1.0314625984251968
 30
0
 11
0.0849643700787402
 21
1.0314753543307087
 31
0
  0
LINE
  5
678
330
1A
100
AcDbEntity
  8
BLACK
  6
CONTINUOUS
100
AcDbLine
 10
0.0849643700787402
 20
1.0314753543307087
 30
0
 11
0.0849397244094488
 21
1.0315992125984252
 31
0
  0
LINE
  5
679
330
1A
100
AcDbEntity
  8
BLACK
  6
CONTINUOUS
100
AcDbLine
 10
0.0849397244094488
 20
1.0315992125984252
 30
0
 11
0.0849064173228346
 21
1.0317209055118111
 31
0
  0
LINE
  5
67A
330
1A
100
AcDbEntity
  8
BLACK
  6
CONTINUOUS
100
AcDbLine
 10
0.0849064173228346
 20
1.0317209055118111
 30
0
 11
0.084912125984252
 21
1.0317380708661417
 31
0
  0
LINE
  5
67B
330
1A
100
AcDbEntity
  8
BLACK
  6
CONTINUOUS
100
AcDbLine
 10
0.084912125984252
 20
1.0317380708661417
 30
0
 11
0.0849044488188976
 21
1.0317766929133858
 31
0
  0
LINE
  5
67C
330
1A
100
AcDbEntity
  8
BLACK
  6
CONTINUOUS
100
AcDbLine
 10
0.0849044488188976
 20
1.0317766929133858
 30
0
 11
0.0849044488188976
 21
1.0385258661417323
 31
0
  0
LINE
  5
67D
330
1A
100
AcDbEntity
  8
BLACK
  6
CONTINUOUS
100
AcDbLine
 10
0.0849044488188976
 20
1.0385258661417323
 30
0
 11
0.0849643700787402
 21
1.0388272047244094
 31
0
  0
LINE
  5
67E
330
1A
100
AcDbEntity
  8
BLACK
  6
CONTINUOUS
100
AcDbLine
 10
0.0849643700787402
 20
1.0388272047244094
 30
0
 11
0.0853905118110236
 21
1.0392533464566929
 31
0
  0
LINE
  5
67F
330
1A
100
AcDbEntity
  8
BLACK
  6
CONTINUOUS
100
AcDbLine
 10
0.0853905118110236
 20
1.0392533464566929
 30
0
 11
0.0859931889763779
 21
1.0392533464566929
 31
0
  0
LINE
  5
680
330
1A
100
AcDbEntity
  8
BLACK
  6
CONTINUOUS
100
AcDbLine
 10
0.0859931889763779
 20
1.0392533464566929
 30
0
 11
0.0864193307086614
 21
1.0388272047244094
 31
0
  0
LINE
  5
681
330
1A
100
AcDbEntity
  8
BLACK
  6
CONTINUOUS
100
AcDbLine
 10
0.0290514173228346
 20
1.0362025196850393
 30
0
 11
0.0291113385826772
 21
1.0359011811023622
 31
0
  0
LINE
  5
682
330
1A
100
AcDbEntity
  8
BLACK
  6
CONTINUOUS
100
AcDbLine
 10
0.0291113385826772
 20
1.0359011811023622
 30
0
 11
0.0291113385826772
 21
1.0306518503937008
 31
0
  0
LINE
  5
683
330
1A
100
AcDbEntity
  8
BLACK
  6
CONTINUOUS
100
AcDbLine
 10
0.0291113385826772
 20
1.0306518503937008
 30
0
 11
0.0290514173228346
 21
1.0303505118110237
 31
0
  0
LINE
  5
684
330
1A
100
AcDbEntity
  8
BLACK
  6
CONTINUOUS
100
AcDbLine
 10
0.0290514173228346
 20
1.0303505118110237
 30
0
 11
0.0286252755905512
 21
1.0299243700787402
 31
0
  0
LINE
  5
685
330
1A
100
AcDbEntity
  8
BLACK
  6
CONTINUOUS
100
AcDbLine
 10
0.0286252755905512
 20
1.0299243700787402
 30
0
 11
0.0280225984251968
 21
1.0299243700787402
 31
0
  0
LINE
  5
686
330
1A
100
AcDbEntity
  8
BLACK
  6
CONTINUOUS
100
AcDbLine
 10
0.0280225984251968
 20
1.0299243700787402
 30
0
 11
0.0275964566929134
 21
1.0303505118110237
 31
0
  0
LINE
  5
687
330
1A
100
AcDbEntity
  8
BLACK
  6
CONTINUOUS
100
AcDbLine
 10
0.0275964566929134
 20
1.0303505118110237
 30
0
 11
0.0275365354330709
 21
1.0306518503937008
 31
0
  0
LINE
  5
688
330
1A
100
AcDbEntity
  8
BLACK
  6
CONTINUOUS
100
AcDbLine
 10
0.0275365354330709
 20
1.0306518503937008
 30
0
 11
0.0275365354330709
 21
1.0359011811023622
 31
0
  0
LINE
  5
689
330
1A
100
AcDbEntity
  8
BLACK
  6
CONTINUOUS
100
AcDbLine
 10
0.0275365354330709
 20
1.0359011811023622
 30
0
 11
0.0275964566929134
 21
1.0362025196850393
 31
0
  0
LINE
  5
68A
330
1A
100
AcDbEntity
  8
BLACK
  6
CONTINUOUS
100
AcDbLine
 10
0.0275964566929134
 20
1.0362025196850393
 30
0
 11
0.0280225984251968
 21
1.0366286614173228
 31
0
  0
LINE
  5
68B
330
1A
100
AcDbEntity
  8
BLACK
  6
CONTINUOUS
100
AcDbLine
 10
0.0280225984251968
 20
1.0366286614173228
 30
0
 11
0.0286252755905512
 21
1.0366286614173228
 31
0
  0
LINE
  5
68C
330
1A
100
AcDbEntity
  8
BLACK
  6
CONTINUOUS
100
AcDbLine
 10
0.0286252755905512
 20
1.0366286614173228
 30
0
 11
0.0290514173228346
 21
1.0362025196850393
 31
0
  0
LINE
  5
68D
330
1A
100
AcDbEntity
  8
BLACK
  6
CONTINUOUS
100
AcDbLine
 10
0.0346244881889764
 20
1.0366286614173228
 30
0
 11
0.0350506299212598
 21
1.0362025196850393
 31
0
  0
LINE
  5
68E
330
1A
100
AcDbEntity
  8
BLACK
  6
CONTINUOUS
100
AcDbLine
 10
0.0350506299212598
 20
1.0362025196850393
 30
0
 11
0.0350506299212598
 21
1.0355998425196851
 31
0
  0
LINE
  5
68F
330
1A
100
AcDbEntity
  8
BLACK
  6
CONTINUOUS
100
AcDbLine
 10
0.0350506299212598
 20
1.0355998425196851
 30
0
 11
0.0346244881889764
 21
1.0351737007874016
 31
0
  0
LINE
  5
690
330
1A
100
AcDbEntity
  8
BLACK
  6
CONTINUOUS
100
AcDbLine
 10
0.0346244881889764
 20
1.0351737007874016
 30
0
 11
0.0343231496062992
 21
1.0351137795275591
 31
0
  0
LINE
  5
691
330
1A
100
AcDbEntity
  8
BLACK
  6
CONTINUOUS
100
AcDbLine
 10
0.0343231496062992
 20
1.0351137795275591
 30
0
 11
0.0337591732283465
 21
1.0351137795275591
 31
0
  0
LINE
  5
692
330
1A
100
AcDbEntity
  8
BLACK
  6
CONTINUOUS
100
AcDbLine
 10
0.0337591732283465
 20
1.0351137795275591
 30
0
 11
0.0332897244094488
 21
1.0348790551181102
 31
0
  0
LINE
  5
693
330
1A
100
AcDbEntity
  8
BLACK
  6
CONTINUOUS
100
AcDbLine
 10
0.0332897244094488
 20
1.0348790551181102
 30
0
 11
0.0330955511811024
 21
1.0346849212598426
 31
0
  0
LINE
  5
694
330
1A
100
AcDbEntity
  8
BLACK
  6
CONTINUOUS
100
AcDbLine
 10
0.0330955511811024
 20
1.0346849212598426
 30
0
 11
0.0328608661417323
 21
1.0342155118110237
 31
0
  0
LINE
  5
695
330
1A
100
AcDbEntity
  8
BLACK
  6
CONTINUOUS
100
AcDbLine
 10
0.0328608661417323
 20
1.0342155118110237
 30
0
 11
0.0328608661417323
 21
1.0306518503937008
 31
0
  0
LINE
  5
696
330
1A
100
AcDbEntity
  8
BLACK
  6
CONTINUOUS
100
AcDbLine
 10
0.0328608661417323
 20
1.0306518503937008
 30
0
 11
0.0328009448818898
 21
1.0303505118110237
 31
0
  0
LINE
  5
697
330
1A
100
AcDbEntity
  8
BLACK
  6
CONTINUOUS
100
AcDbLine
 10
0.0328009448818898
 20
1.0303505118110237
 30
0
 11
0.0323748031496063
 21
1.0299243700787402
 31
0
  0
LINE
  5
698
330
1A
100
AcDbEntity
  8
BLACK
  6
CONTINUOUS
100
AcDbLine
 10
0.0323748031496063
 20
1.0299243700787402
 30
0
 11
0.031772125984252
 21
1.0299243700787402
 31
0
  0
LINE
  5
699
330
1A
100
AcDbEntity
  8
BLACK
  6
CONTINUOUS
100
AcDbLine
 10
0.031772125984252
 20
1.0299243700787402
 30
0
 11
0.0313459842519685
 21
1.0303505118110237
 31
0
  0
LINE
  5
69A
330
1A
100
AcDbEntity
  8
BLACK
  6
CONTINUOUS
100
AcDbLine
 10
0.0313459842519685
 20
1.0303505118110237
 30
0
 11
0.031286062992126
 21
1.0306518503937008
 31
0
  0
LINE
  5
69B
330
1A
100
AcDbEntity
  8
BLACK
  6
CONTINUOUS
100
AcDbLine
 10
0.031286062992126
 20
1.0306518503937008
 30
0
 11
0.031286062992126
 21
1.0359011811023622
 31
0
  0
LINE
  5
69C
330
1A
100
AcDbEntity
  8
BLACK
  6
CONTINUOUS
100
AcDbLine
 10
0.031286062992126
 20
1.0359011811023622
 30
0
 11
0.0313459842519685
 21
1.0362025196850393
 31
0
  0
LINE
  5
69D
330
1A
100
AcDbEntity
  8
BLACK
  6
CONTINUOUS
100
AcDbLine
 10
0.0313459842519685
 20
1.0362025196850393
 30
0
 11
0.031772125984252
 21
1.0366286614173228
 31
0
  0
LINE
  5
69E
330
1A
100
AcDbEntity
  8
BLACK
  6
CONTINUOUS
100
AcDbLine
 10
0.031772125984252
 20
1.0366286614173228
 30
0
 11
0.0323748031496063
 21
1.0366286614173228
 31
0
  0
LINE
  5
69F
330
1A
100
AcDbEntity
  8
BLACK
  6
CONTINUOUS
100
AcDbLine
 10
0.0323748031496063
 20
1.0366286614173228
 30
0
 11
0.0326723622047244
 21
1.0363311023622046
 31
0
  0
LINE
  5
6A0
330
1A
100
AcDbEntity
  8
BLACK
  6
CONTINUOUS
100
AcDbLine
 10
0.0326723622047244
 20
1.0363311023622046
 30
0
 11
0.0332211023622047
 21
1.0366054330708661
 31
0
  0
LINE
  5
6A1
330
1A
100
AcDbEntity
  8
BLACK
  6
CONTINUOUS
100
AcDbLine
 10
0.0332211023622047
 20
1.0366054330708661
 30
0
 11
0.033259094488189
 21
1.0366158661417322
 31
0
  0
LINE
  5
6A2
330
1A
100
AcDbEntity
  8
BLACK
  6
CONTINUOUS
100
AcDbLine
 10
0.033259094488189
 20
1.0366158661417322
 30
0
 11
0.0332719291338583
 21
1.0366286614173228
 31
0
  0
LINE
  5
6A3
330
1A
100
AcDbEntity
  8
BLACK
  6
CONTINUOUS
100
AcDbLine
 10
0.0332719291338583
 20
1.0366286614173228
 30
0
 11
0.0333958267716535
 21
1.0366533070866142
 31
0
  0
LINE
  5
6A4
330
1A
100
AcDbEntity
  8
BLACK
  6
CONTINUOUS
100
AcDbLine
 10
0.0333958267716535
 20
1.0366533070866142
 30
0
 11
0.0335174409448819
 21
1.0366866141732283
 31
0
  0
LINE
  5
6A5
330
1A
100
AcDbEntity
  8
BLACK
  6
CONTINUOUS
100
AcDbLine
 10
0.0335174409448819
 20
1.0366866141732283
 30
0
 11
0.0335345669291339
 21
1.0366809055118109
 31
0
  0
LINE
  5
6A6
330
1A
100
AcDbEntity
  8
BLACK
  6
CONTINUOUS
100
AcDbLine
 10
0.0335345669291339
 20
1.0366809055118109
 30
0
 11
0.0335732677165354
 21
1.0366885826771652
 31
0
  0
LINE
  5
6A7
330
1A
100
AcDbEntity
  8
BLACK
  6
CONTINUOUS
100
AcDbLine
 10
0.0335732677165354
 20
1.0366885826771652
 30
0
 11
0.0343231496062992
 21
1.0366885826771652
 31
0
  0
LINE
  5
6A8
330
1A
100
AcDbEntity
  8
BLACK
  6
CONTINUOUS
100
AcDbLine
 10
0.0343231496062992
 20
1.0366885826771652
 30
0
 11
0.0346244881889764
 21
1.0366286614173228
 31
0
  0
LINE
  5
6A9
330
1A
100
AcDbEntity
  8
BLACK
  6
CONTINUOUS
100
AcDbLine
 10
0.0286253149606299
 20
1.0392533464566929
 30
0
 11
0.0288807480314961
 21
1.0390825984251968
 31
0
  0
LINE
  5
6AA
330
1A
100
AcDbEntity
  8
BLACK
  6
CONTINUOUS
100
AcDbLine
 10
0.0288807480314961
 20
1.0390825984251968
 30
0
 11
0.0292556692913386
 21
1.0387076771653543
 31
0
  0
LINE
  5
6AB
330
1A
100
AcDbEntity
  8
BLACK
  6
CONTINUOUS
100
AcDbLine
 10
0.0292556692913386
 20
1.0387076771653543
 30
0
 11
0.0294261417322835
 21
1.0384524803149606
 31
0
  0
LINE
  5
6AC
330
1A
100
AcDbEntity
  8
BLACK
  6
CONTINUOUS
100
AcDbLine
 10
0.0294261417322835
 20
1.0384524803149606
 30
0
 11
0.0294263385826772
 21
1.0384522834645669
 31
0
  0
LINE
  5
6AD
330
1A
100
AcDbEntity
  8
BLACK
  6
CONTINUOUS
100
AcDbLine
 10
0.0294263385826772
 20
1.0384522834645669
 30
0
 11
0.0294263385826772
 21
1.0384522047244094
 31
0
  0
LINE
  5
6AE
330
1A
100
AcDbEntity
  8
BLACK
  6
CONTINUOUS
100
AcDbLine
 10
0.0294263385826772
 20
1.0384522047244094
 30
0
 11
0.0294263385826772
 21
1.0378495275590551
 31
0
  0
LINE
  5
6AF
330
1A
100
AcDbEntity
  8
BLACK
  6
CONTINUOUS
100
AcDbLine
 10
0.0294263385826772
 20
1.0378495275590551
 30
0
 11
0.0294261417322835
 21
1.0378493700787401
 31
0
  0
LINE
  5
6B0
330
1A
100
AcDbEntity
  8
BLACK
  6
CONTINUOUS
100
AcDbLine
 10
0.0294261417322835
 20
1.0378493700787401
 30
0
 11
0.0292556692913386
 21
1.0375941338582677
 31
0
  0
LINE
  5
6B1
330
1A
100
AcDbEntity
  8
BLACK
  6
CONTINUOUS
100
AcDbLine
 10
0.0292556692913386
 20
1.0375941338582677
 30
0
 11
0.0288807480314961
 21
1.0372192125984252
 31
0
  0
LINE
  5
6B2
330
1A
100
AcDbEntity
  8
BLACK
  6
CONTINUOUS
100
AcDbLine
 10
0.0288807480314961
 20
1.0372192125984252
 30
0
 11
0.0286253149606299
 21
1.0370484645669291
 31
0
  0
LINE
  5
6B3
330
1A
100
AcDbEntity
  8
BLACK
  6
CONTINUOUS
100
AcDbLine
 10
0.0286253149606299
 20
1.0370484645669291
 30
0
 11
0.0280226377952756
 21
1.0370484251968504
 31
0
  0
LINE
  5
6B4
330
1A
100
AcDbEntity
  8
BLACK
  6
CONTINUOUS
100
AcDbLine
 10
0.0280226377952756
 20
1.0370484251968504
 30
0
 11
0.0280225984251968
 21
1.0370484645669291
 31
0
  0
LINE
  5
6B5
330
1A
100
AcDbEntity
  8
BLACK
  6
CONTINUOUS
100
AcDbLine
 10
0.0280225984251968
 20
1.0370484645669291
 30
0
 11
0.0277671653543307
 21
1.0372191732283464
 31
0
  0
LINE
  5
6B6
330
1A
100
AcDbEntity
  8
BLACK
  6
CONTINUOUS
100
AcDbLine
 10
0.0277671653543307
 20
1.0372191732283464
 30
0
 11
0.0273922047244094
 21
1.0375941338582677
 31
0
  0
LINE
  5
6B7
330
1A
100
AcDbEntity
  8
BLACK
  6
CONTINUOUS
100
AcDbLine
 10
0.0273922047244094
 20
1.0375941338582677
 30
0
 11
0.0272214960629921
 21
1.0378495669291339
 31
0
  0
LINE
  5
6B8
330
1A
100
AcDbEntity
  8
BLACK
  6
CONTINUOUS
100
AcDbLine
 10
0.0272214960629921
 20
1.0378495669291339
 30
0
 11
0.0272214960629921
 21
1.0384522440944881
 31
0
  0
LINE
  5
6B9
330
1A
100
AcDbEntity
  8
BLACK
  6
CONTINUOUS
100
AcDbLine
 10
0.0272214960629921
 20
1.0384522440944881
 30
0
 11
0.0272215354330709
 21
1.0384522834645669
 31
0
  0
LINE
  5
6BA
330
1A
100
AcDbEntity
  8
BLACK
  6
CONTINUOUS
100
AcDbLine
 10
0.0272215354330709
 20
1.0384522834645669
 30
0
 11
0.0273922047244094
 21
1.0387076771653543
 31
0
  0
LINE
  5
6BB
330
1A
100
AcDbEntity
  8
BLACK
  6
CONTINUOUS
100
AcDbLine
 10
0.0273922047244094
 20
1.0387076771653543
 30
0
 11
0.0277671653543307
 21
1.0390826377952755
 31
0
  0
LINE
  5
6BC
330
1A
100
AcDbEntity
  8
BLACK
  6
CONTINUOUS
100
AcDbLine
 10
0.0277671653543307
 20
1.0390826377952755
 30
0
 11
0.0280225984251968
 21
1.0392533464566929
 31
0
  0
LINE
  5
6BD
330
1A
100
AcDbEntity
  8
BLACK
  6
CONTINUOUS
100
AcDbLine
 10
0.0280225984251968
 20
1.0392533464566929
 30
0
 11
0.0280226377952756
 21
1.0392533858267716
 31
0
  0
LINE
  5
6BE
330
1A
100
AcDbEntity
  8
BLACK
  6
CONTINUOUS
100
AcDbLine
 10
0.0280226377952756
 20
1.0392533858267716
 30
0
 11
0.0286253149606299
 21
1.0392533464566929
 31
0
  0
LINE
  5
6BF
330
1A
100
AcDbEntity
  8
BLACK
  6
CONTINUOUS
100
AcDbLine
 10
0.0579838976377953
 20
1.0484919291338581
 30
0
 11
0.058001062992126
 21
1.0484976377952755
 31
0
  0
LINE
  5
6C0
330
1A
100
AcDbEntity
  8
BLACK
  6
CONTINUOUS
100
AcDbLine
 10
0.058001062992126
 20
1.0484976377952755
 30
0
 11
0.0581227952755905
 21
1.0484643307086614
 31
0
  0
LINE
  5
6C1
330
1A
100
AcDbEntity
  8
BLACK
  6
CONTINUOUS
100
AcDbLine
 10
0.0581227952755905
 20
1.0484643307086614
 30
0
 11
0.0582465748031496
 21
1.04843968503937
 31
0
  0
LINE
  5
6C2
330
1A
100
AcDbEntity
  8
BLACK
  6
CONTINUOUS
100
AcDbLine
 10
0.0582465748031496
 20
1.04843968503937
 30
0
 11
0.0582593307086614
 21
1.0484269291338582
 31
0
  0
LINE
  5
6C3
330
1A
100
AcDbEntity
  8
BLACK
  6
CONTINUOUS
100
AcDbLine
 10
0.0582593307086614
 20
1.0484269291338582
 30
0
 11
0.0582973622047244
 21
1.048416496062992
 31
0
  0
LINE
  5
6C4
330
1A
100
AcDbEntity
  8
BLACK
  6
CONTINUOUS
100
AcDbLine
 10
0.0582973622047244
 20
1.048416496062992
 30
0
 11
0.0590472834645669
 21
1.0480415354330708
 31
0
  0
LINE
  5
6C5
330
1A
100
AcDbEntity
  8
BLACK
  6
CONTINUOUS
100
AcDbLine
 10
0.0590472834645669
 20
1.0480415354330708
 30
0
 11
0.059146968503937
 21
1.0479641732283465
 31
0
  0
LINE
  5
6C6
330
1A
100
AcDbEntity
  8
BLACK
  6
CONTINUOUS
100
AcDbLine
 10
0.059146968503937
 20
1.0479641732283465
 30
0
 11
0.0592519291338583
 21
1.0478940157480314
 31
0
  0
LINE
  5
6C7
330
1A
100
AcDbEntity
  8
BLACK
  6
CONTINUOUS
100
AcDbLine
 10
0.0592519291338583
 20
1.0478940157480314
 30
0
 11
0.0596268897637795
 21
1.0475190551181102
 31
0
  0
LINE
  5
6C8
330
1A
100
AcDbEntity
  8
BLACK
  6
CONTINUOUS
100
AcDbLine
 10
0.0596268897637795
 20
1.0475190551181102
 30
0
 11
0.059696968503937
 21
1.0474142125984252
 31
0
  0
LINE
  5
6C9
330
1A
100
AcDbEntity
  8
BLACK
  6
CONTINUOUS
100
AcDbLine
 10
0.059696968503937
 20
1.0474142125984252
 30
0
 11
0.0597743700787402
 21
1.0473144488188977
 31
0
  0
LINE
  5
6CA
330
1A
100
AcDbEntity
  8
BLACK
  6
CONTINUOUS
100
AcDbLine
 10
0.0597743700787402
 20
1.0473144488188977
 30
0
 11
0.0601493307086614
 21
1.0465645669291339
 31
0
  0
LINE
  5
6CB
330
1A
100
AcDbEntity
  8
BLACK
  6
CONTINUOUS
100
AcDbLine
 10
0.0601493307086614
 20
1.0465645669291339
 30
0
 11
0.0601597244094488
 21
1.0465265748031496
 31
0
  0
LINE
  5
6CC
330
1A
100
AcDbEntity
  8
BLACK
  6
CONTINUOUS
100
AcDbLine
 10
0.0601597244094488
 20
1.0465265748031496
 30
0
 11
0.0601725590551181
 21
1.0465137401574802
 31
0
  0
LINE
  5
6CD
330
1A
100
AcDbEntity
  8
BLACK
  6
CONTINUOUS
100
AcDbLine
 10
0.0601725590551181
 20
1.0465137401574802
 30
0
 11
0.0601971653543307
 21
1.0463898425196849
 31
0
  0
LINE
  5
6CE
330
1A
100
AcDbEntity
  8
BLACK
  6
CONTINUOUS
100
AcDbLine
 10
0.0601971653543307
 20
1.0463898425196849
 30
0
 11
0.0602305118110236
 21
1.0462682283464566
 31
0
  0
LINE
  5
6CF
330
1A
100
AcDbEntity
  8
BLACK
  6
CONTINUOUS
100
AcDbLine
 10
0.0602305118110236
 20
1.0462682283464566
 30
0
 11
0.0602247637795276
 21
1.0462511023622048
 31
0
  0
LINE
  5
6D0
330
1A
100
AcDbEntity
  8
BLACK
  6
CONTINUOUS
100
AcDbLine
 10
0.0602247637795276
 20
1.0462511023622048
 30
0
 11
0.0602324803149606
 21
1.0462124015748031
 31
0
  0
LINE
  5
6D1
330
1A
100
AcDbEntity
  8
BLACK
  6
CONTINUOUS
100
AcDbLine
 10
0.0602324803149606
 20
1.0462124015748031
 30
0
 11
0.0602324803149606
 21
1.0439626771653543
 31
0
  0
LINE
  5
6D2
330
1A
100
AcDbEntity
  8
BLACK
  6
CONTINUOUS
100
AcDbLine
 10
0.0602324803149606
 20
1.0439626771653543
 30
0
 11
0.0602247637795276
 21
1.0439240157480314
 31
0
  0
LINE
  5
6D3
330
1A
100
AcDbEntity
  8
BLACK
  6
CONTINUOUS
100
AcDbLine
 10
0.0602247637795276
 20
1.0439240157480314
 30
0
 11
0.0602305118110236
 21
1.0439068503937008
 31
0
  0
LINE
  5
6D4
330
1A
100
AcDbEntity
  8
BLACK
  6
CONTINUOUS
100
AcDbLine
 10
0.0602305118110236
 20
1.0439068503937008
 30
0
 11
0.0601971653543307
 21
1.0437852755905512
 31
0
  0
LINE
  5
6D5
330
1A
100
AcDbEntity
  8
BLACK
  6
CONTINUOUS
100
AcDbLine
 10
0.0601971653543307
 20
1.0437852755905512
 30
0
 11
0.0601725590551181
 21
1.0436613385826772
 31
0
  0
LINE
  5
6D6
330
1A
100
AcDbEntity
  8
BLACK
  6
CONTINUOUS
100
AcDbLine
 10
0.0601725590551181
 20
1.0436613385826772
 30
0
 11
0.0601597244094488
 21
1.0436485433070866
 31
0
  0
LINE
  5
6D7
330
1A
100
AcDbEntity
  8
BLACK
  6
CONTINUOUS
100
AcDbLine
 10
0.0601597244094488
 20
1.0436485433070866
 30
0
 11
0.0601493307086614
 21
1.0436105118110235
 31
0
  0
LINE
  5
6D8
330
1A
100
AcDbEntity
  8
BLACK
  6
CONTINUOUS
100
AcDbLine
 10
0.0601493307086614
 20
1.0436105118110235
 30
0
 11
0.0597744094488189
 21
1.0428606299212597
 31
0
  0
LINE
  5
6D9
330
1A
100
AcDbEntity
  8
BLACK
  6
CONTINUOUS
100
AcDbLine
 10
0.0597744094488189
 20
1.0428606299212597
 30
0
 11
0.0596969291338583
 21
1.0427608267716535
 31
0
  0
LINE
  5
6DA
330
1A
100
AcDbEntity
  8
BLACK
  6
CONTINUOUS
100
AcDbLine
 10
0.0596969291338583
 20
1.0427608267716535
 30
0
 11
0.0596268897637795
 21
1.0426559842519685
 31
0
  0
LINE
  5
6DB
330
1A
100
AcDbEntity
  8
BLACK
  6
CONTINUOUS
100
AcDbLine
 10
0.0596268897637795
 20
1.0426559842519685
 30
0
 11
0.0592519291338583
 21
1.0422810236220472
 31
0
  0
LINE
  5
6DC
330
1A
100
AcDbEntity
  8
BLACK
  6
CONTINUOUS
100
AcDbLine
 10
0.0592519291338583
 20
1.0422810236220472
 30
0
 11
0.059147125984252
 21
1.0422110236220472
 31
0
  0
LINE
  5
6DD
330
1A
100
AcDbEntity
  8
BLACK
  6
CONTINUOUS
100
AcDbLine
 10
0.059147125984252
 20
1.0422110236220472
 30
0
 11
0.0590472834645669
 21
1.0421335039370079
 31
0
  0
LINE
  5
6DE
330
1A
100
AcDbEntity
  8
BLACK
  6
CONTINUOUS
100
AcDbLine
 10
0.0590472834645669
 20
1.0421335039370079
 30
0
 11
0.0582973622047244
 21
1.0417585826771654
 31
0
  0
LINE
  5
6DF
330
1A
100
AcDbEntity
  8
BLACK
  6
CONTINUOUS
100
AcDbLine
 10
0.0582973622047244
 20
1.0417585826771654
 30
0
 11
0.0582593307086614
 21
1.041748188976378
 31
0
  0
LINE
  5
6E0
330
1A
100
AcDbEntity
  8
BLACK
  6
CONTINUOUS
100
AcDbLine
 10
0.0582593307086614
 20
1.041748188976378
 30
0
 11
0.0582465748031496
 21
1.0417353937007874
 31
0
  0
LINE
  5
6E1
330
1A
100
AcDbEntity
  8
BLACK
  6
CONTINUOUS
100
AcDbLine
 10
0.0582465748031496
 20
1.0417353937007874
 30
0
 11
0.0581227165354331
 21
1.0417107874015747
 31
0
  0
LINE
  5
6E2
330
1A
100
AcDbEntity
  8
BLACK
  6
CONTINUOUS
100
AcDbLine
 10
0.0581227165354331
 20
1.0417107874015747
 30
0
 11
0.0580010236220472
 21
1.0416774409448819
 31
0
  0
LINE
  5
6E3
330
1A
100
AcDbEntity
  8
BLACK
  6
CONTINUOUS
100
AcDbLine
 10
0.0580010236220472
 20
1.0416774409448819
 30
0
 11
0.0579838582677165
 21
1.041683188976378
 31
0
  0
LINE
  5
6E4
330
1A
100
AcDbEntity
  8
BLACK
  6
CONTINUOUS
100
AcDbLine
 10
0.0579838582677165
 20
1.041683188976378
 30
0
 11
0.0579452362204724
 21
1.0416754724409449
 31
0
  0
LINE
  5
6E5
330
1A
100
AcDbEntity
  8
BLACK
  6
CONTINUOUS
100
AcDbLine
 10
0.0579452362204724
 20
1.0416754724409449
 30
0
 11
0.0564829527559055
 21
1.0416754724409449
 31
0
  0
LINE
  5
6E6
330
1A
100
AcDbEntity
  8
BLACK
  6
CONTINUOUS
100
AcDbLine
 10
0.0564829527559055
 20
1.0416754724409449
 30
0
 11
0.0564829527559055
 21
1.0398381889763779
 31
0
  0
LINE
  5
6E7
330
1A
100
AcDbEntity
  8
BLACK
  6
CONTINUOUS
100
AcDbLine
 10
0.0564829527559055
 20
1.0398381889763779
 30
0
 11
0.056423031496063
 21
1.0395368503937008
 31
0
  0
LINE
  5
6E8
330
1A
100
AcDbEntity
  8
BLACK
  6
CONTINUOUS
100
AcDbLine
 10
0.056423031496063
 20
1.0395368503937008
 30
0
 11
0.0559968897637795
 21
1.0391107086614173
 31
0
  0
LINE
  5
6E9
330
1A
100
AcDbEntity
  8
BLACK
  6
CONTINUOUS
100
AcDbLine
 10
0.0559968897637795
 20
1.0391107086614173
 30
0
 11
0.0553942125984252
 21
1.0391107086614173
 31
0
  0
LINE
  5
6EA
330
1A
100
AcDbEntity
  8
BLACK
  6
CONTINUOUS
100
AcDbLine
 10
0.0553942125984252
 20
1.0391107086614173
 30
0
 11
0.0549680708661417
 21
1.0395368503937008
 31
0
  0
LINE
  5
6EB
330
1A
100
AcDbEntity
  8
BLACK
  6
CONTINUOUS
100
AcDbLine
 10
0.0549680708661417
 20
1.0395368503937008
 30
0
 11
0.0549081496062992
 21
1.0398381889763779
 31
0
  0
LINE
  5
6EC
330
1A
100
AcDbEntity
  8
BLACK
  6
CONTINUOUS
100
AcDbLine
 10
0.0549081496062992
 20
1.0398381889763779
 30
0
 11
0.0549081496062992
 21
1.0477122047244094
 31
0
  0
LINE
  5
6ED
330
1A
100
AcDbEntity
  8
BLACK
  6
CONTINUOUS
100
AcDbLine
 10
0.0549081496062992
 20
1.0477122047244094
 30
0
 11
0.0549680708661417
 21
1.0480135433070865
 31
0
  0
LINE
  5
6EE
330
1A
100
AcDbEntity
  8
BLACK
  6
CONTINUOUS
100
AcDbLine
 10
0.0549680708661417
 20
1.0480135433070865
 30
0
 11
0.0553942125984252
 21
1.04843968503937
 31
0
  0
LINE
  5
6EF
330
1A
100
AcDbEntity
  8
BLACK
  6
CONTINUOUS
100
AcDbLine
 10
0.0553942125984252
 20
1.04843968503937
 30
0
 11
0.0559968897637795
 21
1.04843968503937
 31
0
  0
LINE
  5
6F0
330
1A
100
AcDbEntity
  8
BLACK
  6
CONTINUOUS
100
AcDbLine
 10
0.0559968897637795
 20
1.04843968503937
 30
0
 11
0.0560444881889764
 21
1.0483920866141732
 31
0
  0
LINE
  5
6F1
330
1A
100
AcDbEntity
  8
BLACK
  6
CONTINUOUS
100
AcDbLine
 10
0.0560444881889764
 20
1.0483920866141732
 30
0
 11
0.0560932677165354
 21
1.0484164566929133
 31
0
  0
LINE
  5
6F2
330
1A
100
AcDbEntity
  8
BLACK
  6
CONTINUOUS
100
AcDbLine
 10
0.0560932677165354
 20
1.0484164566929133
 30
0
 11
0.0561312598425197
 21
1.0484268897637794
 31
0
  0
LINE
  5
6F3
330
1A
100
AcDbEntity
  8
BLACK
  6
CONTINUOUS
100
AcDbLine
 10
0.0561312598425197
 20
1.0484268897637794
 30
0
 11
0.056144094488189
 21
1.04843968503937
 31
0
  0
LINE
  5
6F4
330
1A
100
AcDbEntity
  8
BLACK
  6
CONTINUOUS
100
AcDbLine
 10
0.056144094488189
 20
1.04843968503937
 30
0
 11
0.0562679921259843
 21
1.0484643307086614
 31
0
  0
LINE
  5
6F5
330
1A
100
AcDbEntity
  8
BLACK
  6
CONTINUOUS
100
AcDbLine
 10
0.0562679921259843
 20
1.0484643307086614
 30
0
 11
0.0563896062992126
 21
1.0484976377952755
 31
0
  0
LINE
  5
6F6
330
1A
100
AcDbEntity
  8
BLACK
  6
CONTINUOUS
100
AcDbLine
 10
0.0563896062992126
 20
1.0484976377952755
 30
0
 11
0.0564067322834646
 21
1.0484919291338581
 31
0
  0
LINE
  5
6F7
330
1A
100
AcDbEntity
  8
BLACK
  6
CONTINUOUS
100
AcDbLine
 10
0.0564067322834646
 20
1.0484919291338581
 30
0
 11
0.0564454330708661
 21
1.0484996062992127
 31
0
  0
LINE
  5
6F8
330
1A
100
AcDbEntity
  8
BLACK
  6
CONTINUOUS
100
AcDbLine
 10
0.0564454330708661
 20
1.0484996062992127
 30
0
 11
0.0579452362204724
 21
1.0484996062992127
 31
0
  0
LINE
  5
6F9
330
1A
100
AcDbEntity
  8
BLACK
  6
CONTINUOUS
100
AcDbLine
 10
0.0579452362204724
 20
1.0484996062992127
 30
0
 11
0.0579838976377953
 21
1.0484919291338581
 31
0
  0
LINE
  5
6FA
330
1A
100
AcDbEntity
  8
BLACK
  6
CONTINUOUS
100
AcDbLine
 10
0.0564829527559055
 20
1.0468506299212599
 30
0
 11
0.0564829527559055
 21
1.0433244881889763
 31
0
  0
LINE
  5
6FB
330
1A
100
AcDbEntity
  8
BLACK
  6
CONTINUOUS
100
AcDbLine
 10
0.0564829527559055
 20
1.0433244881889763
 30
0
 11
0.0566313385826772
 21
1.0432502755905511
 31
0
  0
LINE
  5
6FC
330
1A
100
AcDbEntity
  8
BLACK
  6
CONTINUOUS
100
AcDbLine
 10
0.0566313385826772
 20
1.0432502755905511
 30
0
 11
0.0577593700787402
 21
1.0432502755905511
 31
0
  0
LINE
  5
6FD
330
1A
100
AcDbEntity
  8
BLACK
  6
CONTINUOUS
100
AcDbLine
 10
0.0577593700787402
 20
1.0432502755905511
 30
0
 11
0.0582287401574803
 21
1.0434849606299212
 31
0
  0
LINE
  5
6FE
330
1A
100
AcDbEntity
  8
BLACK
  6
CONTINUOUS
100
AcDbLine
 10
0.0582287401574803
 20
1.0434849606299212
 30
0
 11
0.0584229527559055
 21
1.0436791338582676
 31
0
  0
LINE
  5
6FF
330
1A
100
AcDbEntity
  8
BLACK
  6
CONTINUOUS
100
AcDbLine
 10
0.0584229527559055
 20
1.0436791338582676
 30
0
 11
0.0586576771653543
 21
1.0441485826771653
 31
0
  0
LINE
  5
700
330
1A
100
AcDbEntity
  8
BLACK
  6
CONTINUOUS
100
AcDbLine
 10
0.0586576771653543
 20
1.0441485826771653
 30
0
 11
0.0586576771653543
 21
1.0460264960629921
 31
0
  0
LINE
  5
701
330
1A
100
AcDbEntity
  8
BLACK
  6
CONTINUOUS
100
AcDbLine
 10
0.0586576771653543
 20
1.0460264960629921
 30
0
 11
0.0584229921259843
 21
1.0464958661417323
 31
0
  0
LINE
  5
702
330
1A
100
AcDbEntity
  8
BLACK
  6
CONTINUOUS
100
AcDbLine
 10
0.0584229921259843
 20
1.0464958661417323
 30
0
 11
0.0582287401574803
 21
1.0466901181102362
 31
0
  0
LINE
  5
703
330
1A
100
AcDbEntity
  8
BLACK
  6
CONTINUOUS
100
AcDbLine
 10
0.0582287401574803
 20
1.0466901181102362
 30
0
 11
0.0577593307086614
 21
1.0469248031496063
 31
0
  0
LINE
  5
704
330
1A
100
AcDbEntity
  8
BLACK
  6
CONTINUOUS
100
AcDbLine
 10
0.0577593307086614
 20
1.0469248031496063
 30
0
 11
0.0566313385826772
 21
1.0469248031496063
 31
0
  0
LINE
  5
705
330
1A
100
AcDbEntity
  8
BLACK
  6
CONTINUOUS
100
AcDbLine
 10
0.0566313385826772
 20
1.0469248031496063
 30
0
 11
0.0564829527559055
 21
1.0468506299212599
 31
0
  0
LINE
  5
706
330
1A
100
AcDbEntity
  8
BLACK
  6
CONTINUOUS
100
AcDbLine
 10
0.0333220078740157
 20
1.0510997244094489
 30
0
 11
0.0334473622047244
 21
1.0510838976377952
 31
0
  0
LINE
  5
707
330
1A
100
AcDbEntity
  8
BLACK
  6
CONTINUOUS
100
AcDbLine
 10
0.0334473622047244
 20
1.0510838976377952
 30
0
 11
0.0345722047244095
 21
1.0507088976377952
 31
0
  0
LINE
  5
708
330
1A
100
AcDbEntity
  8
BLACK
  6
CONTINUOUS
100
AcDbLine
 10
0.0345722047244095
 20
1.0507088976377952
 30
0
 11
0.0346064173228346
 21
1.0506894094488188
 31
0
  0
LINE
  5
709
330
1A
100
AcDbEntity
  8
BLACK
  6
CONTINUOUS
100
AcDbLine
 10
0.0346064173228346
 20
1.0506894094488188
 30
0
 11
0.0346245275590551
 21
1.0506894094488188
 31
0
  0
LINE
  5
70A
330
1A
100
AcDbEntity
  8
BLACK
  6
CONTINUOUS
100
AcDbLine
 10
0.0346245275590551
 20
1.0506894094488188
 30
0
 11
0.0347294881889764
 21
1.0506192519685038
 31
0
  0
LINE
  5
70B
330
1A
100
AcDbEntity
  8
BLACK
  6
CONTINUOUS
100
AcDbLine
 10
0.0347294881889764
 20
1.0506192519685038
 30
0
 11
0.0348391338582677
 21
1.0505567716535433
 31
0
  0
LINE
  5
70C
330
1A
100
AcDbEntity
  8
BLACK
  6
CONTINUOUS
100
AcDbLine
 10
0.0348391338582677
 20
1.0505567716535433
 30
0
 11
0.0348472047244094
 21
1.0505405905511811
 31
0
  0
LINE
  5
70D
330
1A
100
AcDbEntity
  8
BLACK
  6
CONTINUOUS
100
AcDbLine
 10
0.0348472047244094
 20
1.0505405905511811
 30
0
 11
0.0348799606299213
 21
1.0505187007874015
 31
0
  0
LINE
  5
70E
330
1A
100
AcDbEntity
  8
BLACK
  6
CONTINUOUS
100
AcDbLine
 10
0.0348799606299213
 20
1.0505187007874015
 30
0
 11
0.0352549212598425
 21
1.0501437401574802
 31
0
  0
LINE
  5
70F
330
1A
100
AcDbEntity
  8
BLACK
  6
CONTINUOUS
100
AcDbLine
 10
0.0352549212598425
 20
1.0501437401574802
 30
0
 11
0.0354256299212598
 21
1.0498883070866141
 31
0
  0
LINE
  5
710
330
1A
100
AcDbEntity
  8
BLACK
  6
CONTINUOUS
100
AcDbLine
 10
0.0354256299212598
 20
1.0498883070866141
 30
0
 11
0.0354256299212598
 21
1.0492856299212598
 31
0
  0
LINE
  5
711
330
1A
100
AcDbEntity
  8
BLACK
  6
CONTINUOUS
100
AcDbLine
 10
0.0354256299212598
 20
1.0492856299212598
 30
0
 11
0.0349994881889764
 21
1.0488594881889763
 31
0
  0
LINE
  5
712
330
1A
100
AcDbEntity
  8
BLACK
  6
CONTINUOUS
100
AcDbLine
 10
0.0349994881889764
 20
1.0488594881889763
 30
0
 11
0.034396811023622
 21
1.0488594881889763
 31
0
  0
LINE
  5
713
330
1A
100
AcDbEntity
  8
BLACK
  6
CONTINUOUS
100
AcDbLine
 10
0.034396811023622
 20
1.0488594881889763
 30
0
 11
0.0341413779527559
 21
1.0490301968503937
 31
0
  0
LINE
  5
714
330
1A
100
AcDbEntity
  8
BLACK
  6
CONTINUOUS
100
AcDbLine
 10
0.0341413779527559
 20
1.0490301968503937
 30
0
 11
0.033897874015748
 21
1.0492737007874016
 31
0
  0
LINE
  5
715
330
1A
100
AcDbEntity
  8
BLACK
  6
CONTINUOUS
100
AcDbLine
 10
0.033897874015748
 20
1.0492737007874016
 30
0
 11
0.0330705118110236
 21
1.0495494881889764
 31
0
  0
LINE
  5
716
330
1A
100
AcDbEntity
  8
BLACK
  6
CONTINUOUS
100
AcDbLine
 10
0.0330705118110236
 20
1.0495494881889764
 30
0
 11
0.0325761417322835
 21
1.0495494881889764
 31
0
  0
LINE
  5
717
330
1A
100
AcDbEntity
  8
BLACK
  6
CONTINUOUS
100
AcDbLine
 10
0.0325761417322835
 20
1.0495494881889764
 30
0
 11
0.0317488582677165
 21
1.0492737007874016
 31
0
  0
LINE
  5
718
330
1A
100
AcDbEntity
  8
BLACK
  6
CONTINUOUS
100
AcDbLine
 10
0.0317488582677165
 20
1.0492737007874016
 30
0
 11
0.0312208267716535
 21
1.0487456692913386
 31
0
  0
LINE
  5
719
330
1A
100
AcDbEntity
  8
BLACK
  6
CONTINUOUS
100
AcDbLine
 10
0.0312208267716535
 20
1.0487456692913386
 30
0
 11
0.0309416535433071
 21
1.0481873228346457
 31
0
  0
LINE
  5
71A
330
1A
100
AcDbEntity
  8
BLACK
  6
CONTINUOUS
100
AcDbLine
 10
0.0309416535433071
 20
1.0481873228346457
 30
0
 11
0.0306111811023622
 21
1.04686531496063
 31
0
  0
LINE
  5
71B
330
1A
100
AcDbEntity
  8
BLACK
  6
CONTINUOUS
100
AcDbLine
 10
0.0306111811023622
 20
1.04686531496063
 30
0
 11
0.0306111811023622
 21
1.0459344488188975
 31
0
  0
LINE
  5
71C
330
1A
100
AcDbEntity
  8
BLACK
  6
CONTINUOUS
100
AcDbLine
 10
0.0306111811023622
 20
1.0459344488188975
 30
0
 11
0.0309416535433071
 21
1.0446124803149606
 31
0
  0
LINE
  5
71D
330
1A
100
AcDbEntity
  8
BLACK
  6
CONTINUOUS
100
AcDbLine
 10
0.0309416535433071
 20
1.0446124803149606
 30
0
 11
0.0312207874015748
 21
1.0440541338582676
 31
0
  0
LINE
  5
71E
330
1A
100
AcDbEntity
  8
BLACK
  6
CONTINUOUS
100
AcDbLine
 10
0.0312207874015748
 20
1.0440541338582676
 30
0
 11
0.0317488582677165
 21
1.0435260629921259
 31
0
  0
LINE
  5
71F
330
1A
100
AcDbEntity
  8
BLACK
  6
CONTINUOUS
100
AcDbLine
 10
0.0317488582677165
 20
1.0435260629921259
 30
0
 11
0.0325762204724409
 21
1.0432502755905511
 31
0
  0
LINE
  5
720
330
1A
100
AcDbEntity
  8
BLACK
  6
CONTINUOUS
100
AcDbLine
 10
0.0325762204724409
 20
1.0432502755905511
 30
0
 11
0.0330705511811024
 21
1.0432502755905511
 31
0
  0
LINE
  5
721
330
1A
100
AcDbEntity
  8
BLACK
  6
CONTINUOUS
100
AcDbLine
 10
0.0330705511811024
 20
1.0432502755905511
 30
0
 11
0.033897874015748
 21
1.0435260629921259
 31
0
  0
LINE
  5
722
330
1A
100
AcDbEntity
  8
BLACK
  6
CONTINUOUS
100
AcDbLine
 10
0.033897874015748
 20
1.0435260629921259
 30
0
 11
0.0341413779527559
 21
1.0437695275590551
 31
0
  0
LINE
  5
723
330
1A
100
AcDbEntity
  8
BLACK
  6
CONTINUOUS
100
AcDbLine
 10
0.0341413779527559
 20
1.0437695275590551
 30
0
 11
0.034396811023622
 21
1.0439402362204724
 31
0
  0
LINE
  5
724
330
1A
100
AcDbEntity
  8
BLACK
  6
CONTINUOUS
100
AcDbLine
 10
0.034396811023622
 20
1.0439402362204724
 30
0
 11
0.0349994881889764
 21
1.0439402362204724
 31
0
  0
LINE
  5
725
330
1A
100
AcDbEntity
  8
BLACK
  6
CONTINUOUS
100
AcDbLine
 10
0.0349994881889764
 20
1.0439402362204724
 30
0
 11
0.0354256299212598
 21
1.0435140944881889
 31
0
  0
LINE
  5
726
330
1A
100
AcDbEntity
  8
BLACK
  6
CONTINUOUS
100
AcDbLine
 10
0.0354256299212598
 20
1.0435140944881889
 30
0
 11
0.0354256299212598
 21
1.0429114173228347
 31
0
  0
LINE
  5
727
330
1A
100
AcDbEntity
  8
BLACK
  6
CONTINUOUS
100
AcDbLine
 10
0.0354256299212598
 20
1.0429114173228347
 30
0
 11
0.0352549212598425
 21
1.0426559842519685
 31
0
  0
LINE
  5
728
330
1A
100
AcDbEntity
  8
BLACK
  6
CONTINUOUS
100
AcDbLine
 10
0.0352549212598425
 20
1.0426559842519685
 30
0
 11
0.0348799606299213
 21
1.0422810236220472
 31
0
  0
LINE
  5
729
330
1A
100
AcDbEntity
  8
BLACK
  6
CONTINUOUS
100
AcDbLine
 10
0.0348799606299213
 20
1.0422810236220472
 30
0
 11
0.0348471653543307
 21
1.0422591338582676
 31
0
  0
LINE
  5
72A
330
1A
100
AcDbEntity
  8
BLACK
  6
CONTINUOUS
100
AcDbLine
 10
0.0348471653543307
 20
1.0422591338582676
 30
0
 11
0.034839094488189
 21
1.0422429133858266
 31
0
  0
LINE
  5
72B
330
1A
100
AcDbEntity
  8
BLACK
  6
CONTINUOUS
100
AcDbLine
 10
0.034839094488189
 20
1.0422429133858266
 30
0
 11
0.0347293307086614
 21
1.0421803937007874
 31
0
  0
LINE
  5
72C
330
1A
100
AcDbEntity
  8
BLACK
  6
CONTINUOUS
100
AcDbLine
 10
0.0347293307086614
 20
1.0421803937007874
 30
0
 11
0.0346245275590551
 21
1.0421103149606299
 31
0
  0
LINE
  5
72D
330
1A
100
AcDbEntity
  8
BLACK
  6
CONTINUOUS
100
AcDbLine
 10
0.0346245275590551
 20
1.0421103149606299
 30
0
 11
0.0346064173228346
 21
1.0421103149606299
 31
0
  0
LINE
  5
72E
330
1A
100
AcDbEntity
  8
BLACK
  6
CONTINUOUS
100
AcDbLine
 10
0.0346064173228346
 20
1.0421103149606299
 30
0
 11
0.0345721653543307
 21
1.0420907874015748
 31
0
  0
LINE
  5
72F
330
1A
100
AcDbEntity
  8
BLACK
  6
CONTINUOUS
100
AcDbLine
 10
0.0345721653543307
 20
1.0420907874015748
 30
0
 11
0.0334473228346457
 21
1.0417158661417323
 31
0
  0
LINE
  5
730
330
1A
100
AcDbEntity
  8
BLACK
  6
CONTINUOUS
100
AcDbLine
 10
0.0334473228346457
 20
1.0417158661417323
 30
0
 11
0.0333220472440945
 21
1.0417000787401574
 31
0
  0
LINE
  5
731
330
1A
100
AcDbEntity
  8
BLACK
  6
CONTINUOUS
100
AcDbLine
 10
0.0333220472440945
 20
1.0417000787401574
 30
0
 11
0.0331983464566929
 21
1.0416754724409449
 31
0
  0
LINE
  5
732
330
1A
100
AcDbEntity
  8
BLACK
  6
CONTINUOUS
100
AcDbLine
 10
0.0331983464566929
 20
1.0416754724409449
 30
0
 11
0.0324484251968504
 21
1.0416754724409449
 31
0
  0
LINE
  5
733
330
1A
100
AcDbEntity
  8
BLACK
  6
CONTINUOUS
100
AcDbLine
 10
0.0324484251968504
 20
1.0416754724409449
 30
0
 11
0.0323246850393701
 21
1.0417000787401574
 31
0
  0
LINE
  5
734
330
1A
100
AcDbEntity
  8
BLACK
  6
CONTINUOUS
100
AcDbLine
 10
0.0323246850393701
 20
1.0417000787401574
 30
0
 11
0.0321994488188976
 21
1.0417158661417323
 31
0
  0
LINE
  5
735
330
1A
100
AcDbEntity
  8
BLACK
  6
CONTINUOUS
100
AcDbLine
 10
0.0321994488188976
 20
1.0417158661417323
 30
0
 11
0.0310746062992126
 21
1.0420907874015748
 31
0
  0
LINE
  5
736
330
1A
100
AcDbEntity
  8
BLACK
  6
CONTINUOUS
100
AcDbLine
 10
0.0310746062992126
 20
1.0420907874015748
 30
0
 11
0.0310403543307087
 21
1.0421103149606299
 31
0
  0
LINE
  5
737
330
1A
100
AcDbEntity
  8
BLACK
  6
CONTINUOUS
100
AcDbLine
 10
0.0310403543307087
 20
1.0421103149606299
 30
0
 11
0.0310222440944882
 21
1.0421103149606299
 31
0
  0
LINE
  5
738
330
1A
100
AcDbEntity
  8
BLACK
  6
CONTINUOUS
100
AcDbLine
 10
0.0310222440944882
 20
1.0421103149606299
 30
0
 11
0.0309174015748032
 21
1.0421803937007874
 31
0
  0
LINE
  5
739
330
1A
100
AcDbEntity
  8
BLACK
  6
CONTINUOUS
100
AcDbLine
 10
0.0309174015748032
 20
1.0421803937007874
 30
0
 11
0.0308076771653543
 21
1.0422429133858266
 31
0
  0
LINE
  5
73A
330
1A
100
AcDbEntity
  8
BLACK
  6
CONTINUOUS
100
AcDbLine
 10
0.0308076771653543
 20
1.0422429133858266
 30
0
 11
0.0307995669291339
 21
1.0422591338582676
 31
0
  0
LINE
  5
73B
330
1A
100
AcDbEntity
  8
BLACK
  6
CONTINUOUS
100
AcDbLine
 10
0.0307995669291339
 20
1.0422591338582676
 30
0
 11
0.030766811023622
 21
1.0422810236220472
 31
0
  0
LINE
  5
73C
330
1A
100
AcDbEntity
  8
BLACK
  6
CONTINUOUS
100
AcDbLine
 10
0.030766811023622
 20
1.0422810236220472
 30
0
 11
0.0300168897637795
 21
1.0430309448818897
 31
0
  0
LINE
  5
73D
330
1A
100
AcDbEntity
  8
BLACK
  6
CONTINUOUS
100
AcDbLine
 10
0.0300168897637795
 20
1.0430309448818897
 30
0
 11
0.0299468503937008
 21
1.043135748031496
 31
0
  0
LINE
  5
73E
330
1A
100
AcDbEntity
  8
BLACK
  6
CONTINUOUS
100
AcDbLine
 10
0.0299468503937008
 20
1.043135748031496
 30
0
 11
0.0298693700787402
 21
1.043235590551181
 31
0
  0
LINE
  5
73F
330
1A
100
AcDbEntity
  8
BLACK
  6
CONTINUOUS
100
AcDbLine
 10
0.0298693700787402
 20
1.043235590551181
 30
0
 11
0.0294944488188976
 21
1.0439855118110235
 31
0
  0
LINE
  5
740
330
1A
100
AcDbEntity
  8
BLACK
  6
CONTINUOUS
100
AcDbLine
 10
0.0294944488188976
 20
1.0439855118110235
 30
0
 11
0.0294716535433071
 21
1.0440687401574802
 31
0
  0
LINE
  5
741
330
1A
100
AcDbEntity
  8
BLACK
  6
CONTINUOUS
100
AcDbLine
 10
0.0294716535433071
 20
1.0440687401574802
 30
0
 11
0.029434842519685
 21
1.0441466929133858
 31
0
  0
LINE
  5
742
330
1A
100
AcDbEntity
  8
BLACK
  6
CONTINUOUS
100
AcDbLine
 10
0.029434842519685
 20
1.0441466929133858
 30
0
 11
0.0290598818897638
 21
1.0456464566929133
 31
0
  0
LINE
  5
743
330
1A
100
AcDbEntity
  8
BLACK
  6
CONTINUOUS
100
AcDbLine
 10
0.0290598818897638
 20
1.0456464566929133
 30
0
 11
0.029055157480315
 21
1.0457429133858267
 31
0
  0
LINE
  5
744
330
1A
100
AcDbEntity
  8
BLACK
  6
CONTINUOUS
100
AcDbLine
 10
0.029055157480315
 20
1.0457429133858267
 30
0
 11
0.0290363779527559
 21
1.0458374409448818
 31
0
  0
LINE
  5
745
330
1A
100
AcDbEntity
  8
BLACK
  6
CONTINUOUS
100
AcDbLine
 10
0.0290363779527559
 20
1.0458374409448818
 30
0
 11
0.0290363779527559
 21
1.0469622834645669
 31
0
  0
LINE
  5
746
330
1A
100
AcDbEntity
  8
BLACK
  6
CONTINUOUS
100
AcDbLine
 10
0.0290363779527559
 20
1.0469622834645669
 30
0
 11
0.029055157480315
 21
1.0470568503937008
 31
0
  0
LINE
  5
747
330
1A
100
AcDbEntity
  8
BLACK
  6
CONTINUOUS
100
AcDbLine
 10
0.029055157480315
 20
1.0470568503937008
 30
0
 11
0.0290598818897638
 21
1.0471532677165354
 31
0
  0
LINE
  5
748
330
1A
100
AcDbEntity
  8
BLACK
  6
CONTINUOUS
100
AcDbLine
 10
0.0290598818897638
 20
1.0471532677165354
 30
0
 11
0.029434842519685
 21
1.0486530708661417
 31
0
  0
LINE
  5
749
330
1A
100
AcDbEntity
  8
BLACK
  6
CONTINUOUS
100
AcDbLine
 10
0.029434842519685
 20
1.0486530708661417
 30
0
 11
0.0294716535433071
 21
1.048731062992126
 31
0
  0
LINE
  5
74A
330
1A
100
AcDbEntity
  8
BLACK
  6
CONTINUOUS
100
AcDbLine
 10
0.0294716535433071
 20
1.048731062992126
 30
0
 11
0.0294944488188976
 21
1.048814251968504
 31
0
  0
LINE
  5
74B
330
1A
100
AcDbEntity
  8
BLACK
  6
CONTINUOUS
100
AcDbLine
 10
0.0294944488188976
 20
1.048814251968504
 30
0
 11
0.0298693700787402
 21
1.0495641338582677
 31
0
  0
LINE
  5
74C
330
1A
100
AcDbEntity
  8
BLACK
  6
CONTINUOUS
100
AcDbLine
 10
0.0298693700787402
 20
1.0495641338582677
 30
0
 11
0.0299468503937008
 21
1.0496640157480315
 31
0
  0
LINE
  5
74D
330
1A
100
AcDbEntity
  8
BLACK
  6
CONTINUOUS
100
AcDbLine
 10
0.0299468503937008
 20
1.0496640157480315
 30
0
 11
0.0300168897637795
 21
1.049768779527559
 31
0
  0
LINE
  5
74E
330
1A
100
AcDbEntity
  8
BLACK
  6
CONTINUOUS
100
AcDbLine
 10
0.0300168897637795
 20
1.049768779527559
 30
0
 11
0.030766811023622
 21
1.0505187007874015
 31
0
  0
LINE
  5
74F
330
1A
100
AcDbEntity
  8
BLACK
  6
CONTINUOUS
100
AcDbLine
 10
0.030766811023622
 20
1.0505187007874015
 30
0
 11
0.0307995275590551
 21
1.0505405905511811
 31
0
  0
LINE
  5
750
330
1A
100
AcDbEntity
  8
BLACK
  6
CONTINUOUS
100
AcDbLine
 10
0.0307995275590551
 20
1.0505405905511811
 30
0
 11
0.0308076377952756
 21
1.0505567716535433
 31
0
  0
LINE
  5
751
330
1A
100
AcDbEntity
  8
BLACK
  6
CONTINUOUS
100
AcDbLine
 10
0.0308076377952756
 20
1.0505567716535433
 30
0
 11
0.0309174015748032
 21
1.0506193700787401
 31
0
  0
LINE
  5
752
330
1A
100
AcDbEntity
  8
BLACK
  6
CONTINUOUS
100
AcDbLine
 10
0.0309174015748032
 20
1.0506193700787401
 30
0
 11
0.0310222440944882
 21
1.0506894094488188
 31
0
  0
LINE
  5
753
330
1A
100
AcDbEntity
  8
BLACK
  6
CONTINUOUS
100
AcDbLine
 10
0.0310222440944882
 20
1.0506894094488188
 30
0
 11
0.0310403149606299
 21
1.0506894094488188
 31
0
  0
LINE
  5
754
330
1A
100
AcDbEntity
  8
BLACK
  6
CONTINUOUS
100
AcDbLine
 10
0.0310403149606299
 20
1.0506894094488188
 30
0
 11
0.0310745669291339
 21
1.0507089370078739
 31
0
  0
LINE
  5
755
330
1A
100
AcDbEntity
  8
BLACK
  6
CONTINUOUS
100
AcDbLine
 10
0.0310745669291339
 20
1.0507089370078739
 30
0
 11
0.0321994488188976
 21
1.0510838976377952
 31
0
  0
LINE
  5
756
330
1A
100
AcDbEntity
  8
BLACK
  6
CONTINUOUS
100
AcDbLine
 10
0.0321994488188976
 20
1.0510838976377952
 30
0
 11
0.0323246850393701
 21
1.0510997244094489
 31
0
  0
LINE
  5
757
330
1A
100
AcDbEntity
  8
BLACK
  6
CONTINUOUS
100
AcDbLine
 10
0.0323246850393701
 20
1.0510997244094489
 30
0
 11
0.0324484251968504
 21
1.0511242913385828
 31
0
  0
LINE
  5
758
330
1A
100
AcDbEntity
  8
BLACK
  6
CONTINUOUS
100
AcDbLine
 10
0.0324484251968504
 20
1.0511242913385828
 30
0
 11
0.0331983464566929
 21
1.0511242913385828
 31
0
  0
LINE
  5
759
330
1A
100
AcDbEntity
  8
BLACK
  6
CONTINUOUS
100
AcDbLine
 10
0.0331983464566929
 20
1.0511242913385828
 30
0
 11
0.0333220078740157
 21
1.0510997244094489
 31
0
  0
LINE
  5
75A
330
1A
100
AcDbEntity
  8
BLACK
  6
CONTINUOUS
100
AcDbLine
 10
0.0403611023622047
 20
1.0484919291338581
 30
0
 11
0.0403782677165354
 21
1.0484976377952755
 31
0
  0
LINE
  5
75B
330
1A
100
AcDbEntity
  8
BLACK
  6
CONTINUOUS
100
AcDbLine
 10
0.0403782677165354
 20
1.0484976377952755
 30
0
 11
0.0405
 21
1.0484643307086614
 31
0
  0
LINE
  5
75C
330
1A
100
AcDbEntity
  8
BLACK
  6
CONTINUOUS
100
AcDbLine
 10
0.0405
 20
1.0484643307086614
 30
0
 11
0.0406237795275591
 21
1.04843968503937
 31
0
  0
LINE
  5
75D
330
1A
100
AcDbEntity
  8
BLACK
  6
CONTINUOUS
100
AcDbLine
 10
0.0406237795275591
 20
1.04843968503937
 30
0
 11
0.0406365354330709
 21
1.0484269291338582
 31
0
  0
LINE
  5
75E
330
1A
100
AcDbEntity
  8
BLACK
  6
CONTINUOUS
100
AcDbLine
 10
0.0406365354330709
 20
1.0484269291338582
 30
0
 11
0.0406745669291339
 21
1.048416496062992
 31
0
  0
LINE
  5
75F
330
1A
100
AcDbEntity
  8
BLACK
  6
CONTINUOUS
100
AcDbLine
 10
0.0406745669291339
 20
1.048416496062992
 30
0
 11
0.0414244881889764
 21
1.0480415354330708
 31
0
  0
LINE
  5
760
330
1A
100
AcDbEntity
  8
BLACK
  6
CONTINUOUS
100
AcDbLine
 10
0.0414244881889764
 20
1.0480415354330708
 30
0
 11
0.0415241732283465
 21
1.0479641732283465
 31
0
  0
LINE
  5
761
330
1A
100
AcDbEntity
  8
BLACK
  6
CONTINUOUS
100
AcDbLine
 10
0.0415241732283465
 20
1.0479641732283465
 30
0
 11
0.0416291338582677
 21
1.0478940157480314
 31
0
  0
LINE
  5
762
330
1A
100
AcDbEntity
  8
BLACK
  6
CONTINUOUS
100
AcDbLine
 10
0.0416291338582677
 20
1.0478940157480314
 30
0
 11
0.042004094488189
 21
1.0475190551181102
 31
0
  0
LINE
  5
763
330
1A
100
AcDbEntity
  8
BLACK
  6
CONTINUOUS
100
AcDbLine
 10
0.042004094488189
 20
1.0475190551181102
 30
0
 11
0.0420741732283465
 21
1.0474142125984252
 31
0
  0
LINE
  5
764
330
1A
100
AcDbEntity
  8
BLACK
  6
CONTINUOUS
100
AcDbLine
 10
0.0420741732283465
 20
1.0474142125984252
 30
0
 11
0.0421515748031496
 21
1.0473144488188977
 31
0
  0
LINE
  5
765
330
1A
100
AcDbEntity
  8
BLACK
  6
CONTINUOUS
100
AcDbLine
 10
0.0421515748031496
 20
1.0473144488188977
 30
0
 11
0.0425265354330709
 21
1.0465645669291339
 31
0
  0
LINE
  5
766
330
1A
100
AcDbEntity
  8
BLACK
  6
CONTINUOUS
100
AcDbLine
 10
0.0425265354330709
 20
1.0465645669291339
 30
0
 11
0.0425369291338583
 21
1.0465265748031496
 31
0
  0
LINE
  5
767
330
1A
100
AcDbEntity
  8
BLACK
  6
CONTINUOUS
100
AcDbLine
 10
0.0425369291338583
 20
1.0465265748031496
 30
0
 11
0.0425497637795276
 21
1.0465137401574802
 31
0
  0
LINE
  5
768
330
1A
100
AcDbEntity
  8
BLACK
  6
CONTINUOUS
100
AcDbLine
 10
0.0425497637795276
 20
1.0465137401574802
 30
0
 11
0.0425743700787402
 21
1.0463898425196849
 31
0
  0
LINE
  5
769
330
1A
100
AcDbEntity
  8
BLACK
  6
CONTINUOUS
100
AcDbLine
 10
0.0425743700787402
 20
1.0463898425196849
 30
0
 11
0.0426077165354331
 21
1.0462682283464566
 31
0
  0
LINE
  5
76A
330
1A
100
AcDbEntity
  8
BLACK
  6
CONTINUOUS
100
AcDbLine
 10
0.0426077165354331
 20
1.0462682283464566
 30
0
 11
0.042601968503937
 21
1.0462511023622048
 31
0
  0
LINE
  5
76B
330
1A
100
AcDbEntity
  8
BLACK
  6
CONTINUOUS
100
AcDbLine
 10
0.042601968503937
 20
1.0462511023622048
 30
0
 11
0.0426096850393701
 21
1.0462124015748031
 31
0
  0
LINE
  5
76C
330
1A
100
AcDbEntity
  8
BLACK
  6
CONTINUOUS
100
AcDbLine
 10
0.0426096850393701
 20
1.0462124015748031
 30
0
 11
0.0426096850393701
 21
1.0439626771653543
 31
0
  0
LINE
  5
76D
330
1A
100
AcDbEntity
  8
BLACK
  6
CONTINUOUS
100
AcDbLine
 10
0.0426096850393701
 20
1.0439626771653543
 30
0
 11
0.042601968503937
 21
1.0439240157480314
 31
0
  0
LINE
  5
76E
330
1A
100
AcDbEntity
  8
BLACK
  6
CONTINUOUS
100
AcDbLine
 10
0.042601968503937
 20
1.0439240157480314
 30
0
 11
0.0426077165354331
 21
1.0439068503937008
 31
0
  0
LINE
  5
76F
330
1A
100
AcDbEntity
  8
BLACK
  6
CONTINUOUS
100
AcDbLine
 10
0.0426077165354331
 20
1.0439068503937008
 30
0
 11
0.0425743700787402
 21
1.0437852755905512
 31
0
  0
LINE
  5
770
330
1A
100
AcDbEntity
  8
BLACK
  6
CONTINUOUS
100
AcDbLine
 10
0.0425743700787402
 20
1.0437852755905512
 30
0
 11
0.0425497637795276
 21
1.0436613385826772
 31
0
  0
LINE
  5
771
330
1A
100
AcDbEntity
  8
BLACK
  6
CONTINUOUS
100
AcDbLine
 10
0.0425497637795276
 20
1.0436613385826772
 30
0
 11
0.0425369291338583
 21
1.0436485433070866
 31
0
  0
LINE
  5
772
330
1A
100
AcDbEntity
  8
BLACK
  6
CONTINUOUS
100
AcDbLine
 10
0.0425369291338583
 20
1.0436485433070866
 30
0
 11
0.0425265354330709
 21
1.0436105118110235
 31
0
  0
LINE
  5
773
330
1A
100
AcDbEntity
  8
BLACK
  6
CONTINUOUS
100
AcDbLine
 10
0.0425265354330709
 20
1.0436105118110235
 30
0
 11
0.0421516141732283
 21
1.0428606299212597
 31
0
  0
LINE
  5
774
330
1A
100
AcDbEntity
  8
BLACK
  6
CONTINUOUS
100
AcDbLine
 10
0.0421516141732283
 20
1.0428606299212597
 30
0
 11
0.0420741338582677
 21
1.0427608267716535
 31
0
  0
LINE
  5
775
330
1A
100
AcDbEntity
  8
BLACK
  6
CONTINUOUS
100
AcDbLine
 10
0.0420741338582677
 20
1.0427608267716535
 30
0
 11
0.042004094488189
 21
1.0426559842519685
 31
0
  0
LINE
  5
776
330
1A
100
AcDbEntity
  8
BLACK
  6
CONTINUOUS
100
AcDbLine
 10
0.042004094488189
 20
1.0426559842519685
 30
0
 11
0.0416291338582677
 21
1.0422810236220472
 31
0
  0
LINE
  5
777
330
1A
100
AcDbEntity
  8
BLACK
  6
CONTINUOUS
100
AcDbLine
 10
0.0416291338582677
 20
1.0422810236220472
 30
0
 11
0.0415243307086614
 21
1.0422110236220472
 31
0
  0
LINE
  5
778
330
1A
100
AcDbEntity
  8
BLACK
  6
CONTINUOUS
100
AcDbLine
 10
0.0415243307086614
 20
1.0422110236220472
 30
0
 11
0.0414244881889764
 21
1.0421335039370079
 31
0
  0
LINE
  5
779
330
1A
100
AcDbEntity
  8
BLACK
  6
CONTINUOUS
100
AcDbLine
 10
0.0414244881889764
 20
1.0421335039370079
 30
0
 11
0.0406745669291339
 21
1.0417585826771654
 31
0
  0
LINE
  5
77A
330
1A
100
AcDbEntity
  8
BLACK
  6
CONTINUOUS
100
AcDbLine
 10
0.0406745669291339
 20
1.0417585826771654
 30
0
 11
0.0406365354330709
 21
1.041748188976378
 31
0
  0
LINE
  5
77B
330
1A
100
AcDbEntity
  8
BLACK
  6
CONTINUOUS
100
AcDbLine
 10
0.0406365354330709
 20
1.041748188976378
 30
0
 11
0.0406237795275591
 21
1.0417353937007874
 31
0
  0
LINE
  5
77C
330
1A
100
AcDbEntity
  8
BLACK
  6
CONTINUOUS
100
AcDbLine
 10
0.0406237795275591
 20
1.0417353937007874
 30
0
 11
0.0404999212598425
 21
1.0417107874015747
 31
0
  0
LINE
  5
77D
330
1A
100
AcDbEntity
  8
BLACK
  6
CONTINUOUS
100
AcDbLine
 10
0.0404999212598425
 20
1.0417107874015747
 30
0
 11
0.0403782283464567
 21
1.0416774409448819
 31
0
  0
LINE
  5
77E
330
1A
100
AcDbEntity
  8
BLACK
  6
CONTINUOUS
100
AcDbLine
 10
0.0403782283464567
 20
1.0416774409448819
 30
0
 11
0.040361062992126
 21
1.041683188976378
 31
0
  0
LINE
  5
77F
330
1A
100
AcDbEntity
  8
BLACK
  6
CONTINUOUS
100
AcDbLine
 10
0.040361062992126
 20
1.041683188976378
 30
0
 11
0.0403224409448819
 21
1.0416754724409449
 31
0
  0
LINE
  5
780
330
1A
100
AcDbEntity
  8
BLACK
  6
CONTINUOUS
100
AcDbLine
 10
0.0403224409448819
 20
1.0416754724409449
 30
0
 11
0.0391975984251969
 21
1.0416754724409449
 31
0
  0
LINE
  5
781
330
1A
100
AcDbEntity
  8
BLACK
  6
CONTINUOUS
100
AcDbLine
 10
0.0391975984251969
 20
1.0416754724409449
 30
0
 11
0.039158937007874
 21
1.041683188976378
 31
0
  0
LINE
  5
782
330
1A
100
AcDbEntity
  8
BLACK
  6
CONTINUOUS
100
AcDbLine
 10
0.039158937007874
 20
1.041683188976378
 30
0
 11
0.039141811023622
 21
1.0416774409448819
 31
0
  0
LINE
  5
783
330
1A
100
AcDbEntity
  8
BLACK
  6
CONTINUOUS
100
AcDbLine
 10
0.039141811023622
 20
1.0416774409448819
 30
0
 11
0.0390201181102362
 21
1.0417107874015747
 31
0
  0
LINE
  5
784
330
1A
100
AcDbEntity
  8
BLACK
  6
CONTINUOUS
100
AcDbLine
 10
0.0390201181102362
 20
1.0417107874015747
 30
0
 11
0.0388962598425197
 21
1.0417353937007874
 31
0
  0
LINE
  5
785
330
1A
100
AcDbEntity
  8
BLACK
  6
CONTINUOUS
100
AcDbLine
 10
0.0388962598425197
 20
1.0417353937007874
 30
0
 11
0.0388834251968504
 21
1.0417482283464568
 31
0
  0
LINE
  5
786
330
1A
100
AcDbEntity
  8
BLACK
  6
CONTINUOUS
100
AcDbLine
 10
0.0388834251968504
 20
1.0417482283464568
 30
0
 11
0.0388455118110236
 21
1.0417585826771654
 31
0
  0
LINE
  5
787
330
1A
100
AcDbEntity
  8
BLACK
  6
CONTINUOUS
100
AcDbLine
 10
0.0388455118110236
 20
1.0417585826771654
 30
0
 11
0.0380955511811024
 21
1.0421335039370079
 31
0
  0
LINE
  5
788
330
1A
100
AcDbEntity
  8
BLACK
  6
CONTINUOUS
100
AcDbLine
 10
0.0380955511811024
 20
1.0421335039370079
 30
0
 11
0.0379957086614173
 21
1.0422109842519685
 31
0
  0
LINE
  5
789
330
1A
100
AcDbEntity
  8
BLACK
  6
CONTINUOUS
100
AcDbLine
 10
0.0379957086614173
 20
1.0422109842519685
 30
0
 11
0.0378908661417323
 21
1.042281062992126
 31
0
  0
LINE
  5
78A
330
1A
100
AcDbEntity
  8
BLACK
  6
CONTINUOUS
100
AcDbLine
 10
0.0378908661417323
 20
1.042281062992126
 30
0
 11
0.0375159448818898
 21
1.0426560236220472
 31
0
  0
LINE
  5
78B
330
1A
100
AcDbEntity
  8
BLACK
  6
CONTINUOUS
100
AcDbLine
 10
0.0375159448818898
 20
1.0426560236220472
 30
0
 11
0.0374457480314961
 21
1.042761062992126
 31
0
  0
LINE
  5
78C
330
1A
100
AcDbEntity
  8
BLACK
  6
CONTINUOUS
100
AcDbLine
 10
0.0374457480314961
 20
1.042761062992126
 30
0
 11
0.0373684645669291
 21
1.0428606299212597
 31
0
  0
LINE
  5
78D
330
1A
100
AcDbEntity
  8
BLACK
  6
CONTINUOUS
100
AcDbLine
 10
0.0373684645669291
 20
1.0428606299212597
 30
0
 11
0.0369935039370079
 21
1.0436105511811022
 31
0
  0
LINE
  5
78E
330
1A
100
AcDbEntity
  8
BLACK
  6
CONTINUOUS
100
AcDbLine
 10
0.0369935039370079
 20
1.0436105511811022
 30
0
 11
0.0369830708661417
 21
1.0436485826771653
 31
0
  0
LINE
  5
78F
330
1A
100
AcDbEntity
  8
BLACK
  6
CONTINUOUS
100
AcDbLine
 10
0.0369830708661417
 20
1.0436485826771653
 30
0
 11
0.0369703149606299
 21
1.0436613385826772
 31
0
  0
LINE
  5
790
330
1A
100
AcDbEntity
  8
BLACK
  6
CONTINUOUS
100
AcDbLine
 10
0.0369703149606299
 20
1.0436613385826772
 30
0
 11
0.0369456692913386
 21
1.0437851181102362
 31
0
  0
LINE
  5
791
330
1A
100
AcDbEntity
  8
BLACK
  6
CONTINUOUS
100
AcDbLine
 10
0.0369456692913386
 20
1.0437851181102362
 30
0
 11
0.0369123622047244
 21
1.0439068503937008
 31
0
  0
LINE
  5
792
330
1A
100
AcDbEntity
  8
BLACK
  6
CONTINUOUS
100
AcDbLine
 10
0.0369123622047244
 20
1.0439068503937008
 30
0
 11
0.0369180708661417
 21
1.0439240157480314
 31
0
  0
LINE
  5
793
330
1A
100
AcDbEntity
  8
BLACK
  6
CONTINUOUS
100
AcDbLine
 10
0.0369180708661417
 20
1.0439240157480314
 30
0
 11
0.0369103937007874
 21
1.0439626771653543
 31
0
  0
LINE
  5
794
330
1A
100
AcDbEntity
  8
BLACK
  6
CONTINUOUS
100
AcDbLine
 10
0.0369103937007874
 20
1.0439626771653543
 30
0
 11
0.0369103937007874
 21
1.0462124015748031
 31
0
  0
LINE
  5
795
330
1A
100
AcDbEntity
  8
BLACK
  6
CONTINUOUS
100
AcDbLine
 10
0.0369103937007874
 20
1.0462124015748031
 30
0
 11
0.0369180708661417
 21
1.0462511023622048
 31
0
  0
LINE
  5
796
330
1A
100
AcDbEntity
  8
BLACK
  6
CONTINUOUS
100
AcDbLine
 10
0.0369180708661417
 20
1.0462511023622048
 30
0
 11
0.0369123622047244
 21
1.0462682283464566
 31
0
  0
LINE
  5
797
330
1A
100
AcDbEntity
  8
BLACK
  6
CONTINUOUS
100
AcDbLine
 10
0.0369123622047244
 20
1.0462682283464566
 30
0
 11
0.0369456692913386
 21
1.0463898425196849
 31
0
  0
LINE
  5
798
330
1A
100
AcDbEntity
  8
BLACK
  6
CONTINUOUS
100
AcDbLine
 10
0.0369456692913386
 20
1.0463898425196849
 30
0
 11
0.0369703149606299
 21
1.0465137401574802
 31
0
  0
LINE
  5
799
330
1A
100
AcDbEntity
  8
BLACK
  6
CONTINUOUS
100
AcDbLine
 10
0.0369703149606299
 20
1.0465137401574802
 30
0
 11
0.0369831102362205
 21
1.0465265748031496
 31
0
  0
LINE
  5
79A
330
1A
100
AcDbEntity
  8
BLACK
  6
CONTINUOUS
100
AcDbLine
 10
0.0369831102362205
 20
1.0465265748031496
 30
0
 11
0.0369935433070866
 21
1.0465645669291339
 31
0
  0
LINE
  5
79B
330
1A
100
AcDbEntity
  8
BLACK
  6
CONTINUOUS
100
AcDbLine
 10
0.0369935433070866
 20
1.0465645669291339
 30
0
 11
0.0373684645669291
 21
1.0473144094488189
 31
0
  0
LINE
  5
79C
330
1A
100
AcDbEntity
  8
BLACK
  6
CONTINUOUS
100
AcDbLine
 10
0.0373684645669291
 20
1.0473144094488189
 30
0
 11
0.0374457480314961
 21
1.0474140157480314
 31
0
  0
LINE
  5
79D
330
1A
100
AcDbEntity
  8
BLACK
  6
CONTINUOUS
100
AcDbLine
 10
0.0374457480314961
 20
1.0474140157480314
 30
0
 11
0.0375159448818898
 21
1.0475190157480314
 31
0
  0
LINE
  5
79E
330
1A
100
AcDbEntity
  8
BLACK
  6
CONTINUOUS
100
AcDbLine
 10
0.0375159448818898
 20
1.0475190157480314
 30
0
 11
0.0378908661417323
 21
1.0478939763779527
 31
0
  0
LINE
  5
79F
330
1A
100
AcDbEntity
  8
BLACK
  6
CONTINUOUS
100
AcDbLine
 10
0.0378908661417323
 20
1.0478939763779527
 30
0
 11
0.0379957480314961
 21
1.0479640944881889
 31
0
  0
LINE
  5
7A0
330
1A
100
AcDbEntity
  8
BLACK
  6
CONTINUOUS
100
AcDbLine
 10
0.0379957480314961
 20
1.0479640944881889
 30
0
 11
0.0380955511811024
 21
1.0480415354330708
 31
0
  0
LINE
  5
7A1
330
1A
100
AcDbEntity
  8
BLACK
  6
CONTINUOUS
100
AcDbLine
 10
0.0380955511811024
 20
1.0480415354330708
 30
0
 11
0.0388454330708661
 21
1.0484164566929133
 31
0
  0
LINE
  5
7A2
330
1A
100
AcDbEntity
  8
BLACK
  6
CONTINUOUS
100
AcDbLine
 10
0.0388454330708661
 20
1.0484164566929133
 30
0
 11
0.0388834251968504
 21
1.0484268897637794
 31
0
  0
LINE
  5
7A3
330
1A
100
AcDbEntity
  8
BLACK
  6
CONTINUOUS
100
AcDbLine
 10
0.0388834251968504
 20
1.0484268897637794
 30
0
 11
0.0388962598425197
 21
1.04843968503937
 31
0
  0
LINE
  5
7A4
330
1A
100
AcDbEntity
  8
BLACK
  6
CONTINUOUS
100
AcDbLine
 10
0.0388962598425197
 20
1.04843968503937
 30
0
 11
0.039020157480315
 21
1.0484643307086614
 31
0
  0
LINE
  5
7A5
330
1A
100
AcDbEntity
  8
BLACK
  6
CONTINUOUS
100
AcDbLine
 10
0.039020157480315
 20
1.0484643307086614
 30
0
 11
0.0391417716535433
 21
1.0484976377952755
 31
0
  0
LINE
  5
7A6
330
1A
100
AcDbEntity
  8
BLACK
  6
CONTINUOUS
100
AcDbLine
 10
0.0391417716535433
 20
1.0484976377952755
 30
0
 11
0.0391588976377953
 21
1.0484919291338581
 31
0
  0
LINE
  5
7A7
330
1A
100
AcDbEntity
  8
BLACK
  6
CONTINUOUS
100
AcDbLine
 10
0.0391588976377953
 20
1.0484919291338581
 30
0
 11
0.0391975984251969
 21
1.0484996062992127
 31
0
  0
LINE
  5
7A8
330
1A
100
AcDbEntity
  8
BLACK
  6
CONTINUOUS
100
AcDbLine
 10
0.0391975984251969
 20
1.0484996062992127
 30
0
 11
0.0403224409448819
 21
1.0484996062992127
 31
0
  0
LINE
  5
7A9
330
1A
100
AcDbEntity
  8
BLACK
  6
CONTINUOUS
100
AcDbLine
 10
0.0403224409448819
 20
1.0484996062992127
 30
0
 11
0.0403611023622047
 21
1.0484919291338581
 31
0
  0
LINE
  5
7AA
330
1A
100
AcDbEntity
  8
BLACK
  6
CONTINUOUS
100
AcDbLine
 10
0.0389141338582677
 20
1.0466901181102362
 30
0
 11
0.038719842519685
 21
1.0464958661417323
 31
0
  0
LINE
  5
7AB
330
1A
100
AcDbEntity
  8
BLACK
  6
CONTINUOUS
100
AcDbLine
 10
0.038719842519685
 20
1.0464958661417323
 30
0
 11
0.0384851968503937
 21
1.0460265354330709
 31
0
  0
LINE
  5
7AC
330
1A
100
AcDbEntity
  8
BLACK
  6
CONTINUOUS
100
AcDbLine
 10
0.0384851968503937
 20
1.0460265354330709
 30
0
 11
0.0384851968503937
 21
1.0441485826771653
 31
0
  0
LINE
  5
7AD
330
1A
100
AcDbEntity
  8
BLACK
  6
CONTINUOUS
100
AcDbLine
 10
0.0384851968503937
 20
1.0441485826771653
 30
0
 11
0.0387198818897638
 21
1.0436791732283464
 31
0
  0
LINE
  5
7AE
330
1A
100
AcDbEntity
  8
BLACK
  6
CONTINUOUS
100
AcDbLine
 10
0.0387198818897638
 20
1.0436791732283464
 30
0
 11
0.038914094488189
 21
1.0434849606299212
 31
0
  0
LINE
  5
7AF
330
1A
100
AcDbEntity
  8
BLACK
  6
CONTINUOUS
100
AcDbLine
 10
0.038914094488189
 20
1.0434849606299212
 30
0
 11
0.0393835039370079
 21
1.0432502755905511
 31
0
  0
LINE
  5
7B0
330
1A
100
AcDbEntity
  8
BLACK
  6
CONTINUOUS
100
AcDbLine
 10
0.0393835039370079
 20
1.0432502755905511
 30
0
 11
0.0401365748031496
 21
1.0432502755905511
 31
0
  0
LINE
  5
7B1
330
1A
100
AcDbEntity
  8
BLACK
  6
CONTINUOUS
100
AcDbLine
 10
0.0401365748031496
 20
1.0432502755905511
 30
0
 11
0.0406059448818898
 21
1.0434849606299212
 31
0
  0
LINE
  5
7B2
330
1A
100
AcDbEntity
  8
BLACK
  6
CONTINUOUS
100
AcDbLine
 10
0.0406059448818898
 20
1.0434849606299212
 30
0
 11
0.040800157480315
 21
1.0436791338582676
 31
0
  0
LINE
  5
7B3
330
1A
100
AcDbEntity
  8
BLACK
  6
CONTINUOUS
100
AcDbLine
 10
0.040800157480315
 20
1.0436791338582676
 30
0
 11
0.0410348818897638
 21
1.0441485826771653
 31
0
  0
LINE
  5
7B4
330
1A
100
AcDbEntity
  8
BLACK
  6
CONTINUOUS
100
AcDbLine
 10
0.0410348818897638
 20
1.0441485826771653
 30
0
 11
0.0410348818897638
 21
1.0460264960629921
 31
0
  0
LINE
  5
7B5
330
1A
100
AcDbEntity
  8
BLACK
  6
CONTINUOUS
100
AcDbLine
 10
0.0410348818897638
 20
1.0460264960629921
 30
0
 11
0.0408001968503937
 21
1.0464958661417323
 31
0
  0
LINE
  5
7B6
330
1A
100
AcDbEntity
  8
BLACK
  6
CONTINUOUS
100
AcDbLine
 10
0.0408001968503937
 20
1.0464958661417323
 30
0
 11
0.0406059448818898
 21
1.0466901181102362
 31
0
  0
LINE
  5
7B7
330
1A
100
AcDbEntity
  8
BLACK
  6
CONTINUOUS
100
AcDbLine
 10
0.0406059448818898
 20
1.0466901181102362
 30
0
 11
0.0401365354330709
 21
1.0469248031496063
 31
0
  0
LINE
  5
7B8
330
1A
100
AcDbEntity
  8
BLACK
  6
CONTINUOUS
100
AcDbLine
 10
0.0401365354330709
 20
1.0469248031496063
 30
0
 11
0.0393835039370079
 21
1.0469248031496063
 31
0
  0
LINE
  5
7B9
330
1A
100
AcDbEntity
  8
BLACK
  6
CONTINUOUS
100
AcDbLine
 10
0.0393835039370079
 20
1.0469248031496063
 30
0
 11
0.0389141338582677
 21
1.0466901181102362
 31
0
  0
LINE
  5
7BA
330
1A
100
AcDbEntity
  8
BLACK
  6
CONTINUOUS
100
AcDbLine
 10
0.0651079921259843
 20
1.0484919291338581
 30
0
 11
0.065125157480315
 21
1.0484976377952755
 31
0
  0
LINE
  5
7BB
330
1A
100
AcDbEntity
  8
BLACK
  6
CONTINUOUS
100
AcDbLine
 10
0.065125157480315
 20
1.0484976377952755
 30
0
 11
0.0652468897637795
 21
1.0484643307086614
 31
0
  0
LINE
  5
7BC
330
1A
100
AcDbEntity
  8
BLACK
  6
CONTINUOUS
100
AcDbLine
 10
0.0652468897637795
 20
1.0484643307086614
 30
0
 11
0.0653706692913386
 21
1.04843968503937
 31
0
  0
LINE
  5
7BD
330
1A
100
AcDbEntity
  8
BLACK
  6
CONTINUOUS
100
AcDbLine
 10
0.0653706692913386
 20
1.04843968503937
 30
0
 11
0.0653834251968504
 21
1.0484269291338582
 31
0
  0
LINE
  5
7BE
330
1A
100
AcDbEntity
  8
BLACK
  6
CONTINUOUS
100
AcDbLine
 10
0.0653834251968504
 20
1.0484269291338582
 30
0
 11
0.0654214566929134
 21
1.048416496062992
 31
0
  0
LINE
  5
7BF
330
1A
100
AcDbEntity
  8
BLACK
  6
CONTINUOUS
100
AcDbLine
 10
0.0654214566929134
 20
1.048416496062992
 30
0
 11
0.0661713779527559
 21
1.0480415354330708
 31
0
  0
LINE
  5
7C0
330
1A
100
AcDbEntity
  8
BLACK
  6
CONTINUOUS
100
AcDbLine
 10
0.0661713779527559
 20
1.0480415354330708
 30
0
 11
0.066271062992126
 21
1.0479641732283465
 31
0
  0
LINE
  5
7C1
330
1A
100
AcDbEntity
  8
BLACK
  6
CONTINUOUS
100
AcDbLine
 10
0.066271062992126
 20
1.0479641732283465
 30
0
 11
0.0663760236220472
 21
1.0478940157480314
 31
0
  0
LINE
  5
7C2
330
1A
100
AcDbEntity
  8
BLACK
  6
CONTINUOUS
100
AcDbLine
 10
0.0663760236220472
 20
1.0478940157480314
 30
0
 11
0.0667509842519685
 21
1.0475190551181102
 31
0
  0
LINE
  5
7C3
330
1A
100
AcDbEntity
  8
BLACK
  6
CONTINUOUS
100
AcDbLine
 10
0.0667509842519685
 20
1.0475190551181102
 30
0
 11
0.066821062992126
 21
1.0474142125984252
 31
0
  0
LINE
  5
7C4
330
1A
100
AcDbEntity
  8
BLACK
  6
CONTINUOUS
100
AcDbLine
 10
0.066821062992126
 20
1.0474142125984252
 30
0
 11
0.0668984645669291
 21
1.0473144488188977
 31
0
  0
LINE
  5
7C5
330
1A
100
AcDbEntity
  8
BLACK
  6
CONTINUOUS
100
AcDbLine
 10
0.0668984645669291
 20
1.0473144488188977
 30
0
 11
0.0672734251968504
 21
1.0465645669291339
 31
0
  0
LINE
  5
7C6
330
1A
100
AcDbEntity
  8
BLACK
  6
CONTINUOUS
100
AcDbLine
 10
0.0672734251968504
 20
1.0465645669291339
 30
0
 11
0.0672838188976378
 21
1.0465265748031496
 31
0
  0
LINE
  5
7C7
330
1A
100
AcDbEntity
  8
BLACK
  6
CONTINUOUS
100
AcDbLine
 10
0.0672838188976378
 20
1.0465265748031496
 30
0
 11
0.0672966535433071
 21
1.0465137401574802
 31
0
  0
LINE
  5
7C8
330
1A
100
AcDbEntity
  8
BLACK
  6
CONTINUOUS
100
AcDbLine
 10
0.0672966535433071
 20
1.0465137401574802
 30
0
 11
0.0673212598425197
 21
1.0463898425196849
 31
0
  0
LINE
  5
7C9
330
1A
100
AcDbEntity
  8
BLACK
  6
CONTINUOUS
100
AcDbLine
 10
0.0673212598425197
 20
1.0463898425196849
 30
0
 11
0.0673546062992126
 21
1.0462682283464566
 31
0
  0
LINE
  5
7CA
330
1A
100
AcDbEntity
  8
BLACK
  6
CONTINUOUS
100
AcDbLine
 10
0.0673546062992126
 20
1.0462682283464566
 30
0
 11
0.0673488582677165
 21
1.0462511023622048
 31
0
  0
LINE
  5
7CB
330
1A
100
AcDbEntity
  8
BLACK
  6
CONTINUOUS
100
AcDbLine
 10
0.0673488582677165
 20
1.0462511023622048
 30
0
 11
0.0673565748031496
 21
1.0462124015748031
 31
0
  0
LINE
  5
7CC
330
1A
100
AcDbEntity
  8
BLACK
  6
CONTINUOUS
100
AcDbLine
 10
0.0673565748031496
 20
1.0462124015748031
 30
0
 11
0.0673565748031496
 21
1.0439626771653543
 31
0
  0
LINE
  5
7CD
330
1A
100
AcDbEntity
  8
BLACK
  6
CONTINUOUS
100
AcDbLine
 10
0.0673565748031496
 20
1.0439626771653543
 30
0
 11
0.0673488582677165
 21
1.0439240157480314
 31
0
  0
LINE
  5
7CE
330
1A
100
AcDbEntity
  8
BLACK
  6
CONTINUOUS
100
AcDbLine
 10
0.0673488582677165
 20
1.0439240157480314
 30
0
 11
0.0673546062992126
 21
1.0439068503937008
 31
0
  0
LINE
  5
7CF
330
1A
100
AcDbEntity
  8
BLACK
  6
CONTINUOUS
100
AcDbLine
 10
0.0673546062992126
 20
1.0439068503937008
 30
0
 11
0.0673212598425197
 21
1.0437852755905512
 31
0
  0
LINE
  5
7D0
330
1A
100
AcDbEntity
  8
BLACK
  6
CONTINUOUS
100
AcDbLine
 10
0.0673212598425197
 20
1.0437852755905512
 30
0
 11
0.0672966535433071
 21
1.0436613385826772
 31
0
  0
LINE
  5
7D1
330
1A
100
AcDbEntity
  8
BLACK
  6
CONTINUOUS
100
AcDbLine
 10
0.0672966535433071
 20
1.0436613385826772
 30
0
 11
0.0672838188976378
 21
1.0436485433070866
 31
0
  0
LINE
  5
7D2
330
1A
100
AcDbEntity
  8
BLACK
  6
CONTINUOUS
100
AcDbLine
 10
0.0672838188976378
 20
1.0436485433070866
 30
0
 11
0.0672734251968504
 21
1.0436105118110235
 31
0
  0
LINE
  5
7D3
330
1A
100
AcDbEntity
  8
BLACK
  6
CONTINUOUS
100
AcDbLine
 10
0.0672734251968504
 20
1.0436105118110235
 30
0
 11
0.0668985039370079
 21
1.0428606299212597
 31
0
  0
LINE
  5
7D4
330
1A
100
AcDbEntity
  8
BLACK
  6
CONTINUOUS
100
AcDbLine
 10
0.0668985039370079
 20
1.0428606299212597
 30
0
 11
0.0668210236220472
 21
1.0427608267716535
 31
0
  0
LINE
  5
7D5
330
1A
100
AcDbEntity
  8
BLACK
  6
CONTINUOUS
100
AcDbLine
 10
0.0668210236220472
 20
1.0427608267716535
 30
0
 11
0.0667509842519685
 21
1.0426559842519685
 31
0
  0
LINE
  5
7D6
330
1A
100
AcDbEntity
  8
BLACK
  6
CONTINUOUS
100
AcDbLine
 10
0.0667509842519685
 20
1.0426559842519685
 30
0
 11
0.0663760236220472
 21
1.0422810236220472
 31
0
  0
LINE
  5
7D7
330
1A
100
AcDbEntity
  8
BLACK
  6
CONTINUOUS
100
AcDbLine
 10
0.0663760236220472
 20
1.0422810236220472
 30
0
 11
0.0662712204724409
 21
1.0422110236220472
 31
0
  0
LINE
  5
7D8
330
1A
100
AcDbEntity
  8
BLACK
  6
CONTINUOUS
100
AcDbLine
 10
0.0662712204724409
 20
1.0422110236220472
 30
0
 11
0.0661713779527559
 21
1.0421335039370079
 31
0
  0
LINE
  5
7D9
330
1A
100
AcDbEntity
  8
BLACK
  6
CONTINUOUS
100
AcDbLine
 10
0.0661713779527559
 20
1.0421335039370079
 30
0
 11
0.0654214566929134
 21
1.0417585826771654
 31
0
  0
LINE
  5
7DA
330
1A
100
AcDbEntity
  8
BLACK
  6
CONTINUOUS
100
AcDbLine
 10
0.0654214566929134
 20
1.0417585826771654
 30
0
 11
0.0653834251968504
 21
1.041748188976378
 31
0
  0
LINE
  5
7DB
330
1A
100
AcDbEntity
  8
BLACK
  6
CONTINUOUS
100
AcDbLine
 10
0.0653834251968504
 20
1.041748188976378
 30
0
 11
0.0653706692913386
 21
1.0417353937007874
 31
0
  0
LINE
  5
7DC
330
1A
100
AcDbEntity
  8
BLACK
  6
CONTINUOUS
100
AcDbLine
 10
0.0653706692913386
 20
1.0417353937007874
 30
0
 11
0.0652468110236221
 21
1.0417107874015747
 31
0
  0
LINE
  5
7DD
330
1A
100
AcDbEntity
  8
BLACK
  6
CONTINUOUS
100
AcDbLine
 10
0.0652468110236221
 20
1.0417107874015747
 30
0
 11
0.0651251181102362
 21
1.0416774409448819
 31
0
  0
LINE
  5
7DE
330
1A
100
AcDbEntity
  8
BLACK
  6
CONTINUOUS
100
AcDbLine
 10
0.0651251181102362
 20
1.0416774409448819
 30
0
 11
0.0651079527559055
 21
1.041683188976378
 31
0
  0
LINE
  5
7DF
330
1A
100
AcDbEntity
  8
BLACK
  6
CONTINUOUS
100
AcDbLine
 10
0.0651079527559055
 20
1.041683188976378
 30
0
 11
0.0650693307086614
 21
1.0416754724409449
 31
0
  0
LINE
  5
7E0
330
1A
100
AcDbEntity
  8
BLACK
  6
CONTINUOUS
100
AcDbLine
 10
0.0650693307086614
 20
1.0416754724409449
 30
0
 11
0.0639444881889764
 21
1.0416754724409449
 31
0
  0
LINE
  5
7E1
330
1A
100
AcDbEntity
  8
BLACK
  6
CONTINUOUS
100
AcDbLine
 10
0.0639444881889764
 20
1.0416754724409449
 30
0
 11
0.0639058267716535
 21
1.041683188976378
 31
0
  0
LINE
  5
7E2
330
1A
100
AcDbEntity
  8
BLACK
  6
CONTINUOUS
100
AcDbLine
 10
0.0639058267716535
 20
1.041683188976378
 30
0
 11
0.0638887007874016
 21
1.0416774409448819
 31
0
  0
LINE
  5
7E3
330
1A
100
AcDbEntity
  8
BLACK
  6
CONTINUOUS
100
AcDbLine
 10
0.0638887007874016
 20
1.0416774409448819
 30
0
 11
0.0637670078740157
 21
1.0417107874015747
 31
0
  0
LINE
  5
7E4
330
1A
100
AcDbEntity
  8
BLACK
  6
CONTINUOUS
100
AcDbLine
 10
0.0637670078740157
 20
1.0417107874015747
 30
0
 11
0.0636431496062992
 21
1.0417353937007874
 31
0
  0
LINE
  5
7E5
330
1A
100
AcDbEntity
  8
BLACK
  6
CONTINUOUS
100
AcDbLine
 10
0.0636431496062992
 20
1.0417353937007874
 30
0
 11
0.0636303149606299
 21
1.0417482283464568
 31
0
  0
LINE
  5
7E6
330
1A
100
AcDbEntity
  8
BLACK
  6
CONTINUOUS
100
AcDbLine
 10
0.0636303149606299
 20
1.0417482283464568
 30
0
 11
0.0635924015748031
 21
1.0417585826771654
 31
0
  0
LINE
  5
7E7
330
1A
100
AcDbEntity
  8
BLACK
  6
CONTINUOUS
100
AcDbLine
 10
0.0635924015748031
 20
1.0417585826771654
 30
0
 11
0.0628424409448819
 21
1.0421335039370079
 31
0
  0
LINE
  5
7E8
330
1A
100
AcDbEntity
  8
BLACK
  6
CONTINUOUS
100
AcDbLine
 10
0.0628424409448819
 20
1.0421335039370079
 30
0
 11
0.0627425984251968
 21
1.0422109842519685
 31
0
  0
LINE
  5
7E9
330
1A
100
AcDbEntity
  8
BLACK
  6
CONTINUOUS
100
AcDbLine
 10
0.0627425984251968
 20
1.0422109842519685
 30
0
 11
0.0626377559055118
 21
1.042281062992126
 31
0
  0
LINE
  5
7EA
330
1A
100
AcDbEntity
  8
BLACK
  6
CONTINUOUS
100
AcDbLine
 10
0.0626377559055118
 20
1.042281062992126
 30
0
 11
0.0622628346456693
 21
1.0426560236220472
 31
0
  0
LINE
  5
7EB
330
1A
100
AcDbEntity
  8
BLACK
  6
CONTINUOUS
100
AcDbLine
 10
0.0622628346456693
 20
1.0426560236220472
 30
0
 11
0.0621926377952756
 21
1.042761062992126
 31
0
  0
LINE
  5
7EC
330
1A
100
AcDbEntity
  8
BLACK
  6
CONTINUOUS
100
AcDbLine
 10
0.0621926377952756
 20
1.042761062992126
 30
0
 11
0.0621153543307087
 21
1.0428606299212597
 31
0
  0
LINE
  5
7ED
330
1A
100
AcDbEntity
  8
BLACK
  6
CONTINUOUS
100
AcDbLine
 10
0.0621153543307087
 20
1.0428606299212597
 30
0
 11
0.0617403937007874
 21
1.0436105511811022
 31
0
  0
LINE
  5
7EE
330
1A
100
AcDbEntity
  8
BLACK
  6
CONTINUOUS
100
AcDbLine
 10
0.0617403937007874
 20
1.0436105511811022
 30
0
 11
0.0617299606299213
 21
1.0436485826771653
 31
0
  0
LINE
  5
7EF
330
1A
100
AcDbEntity
  8
BLACK
  6
CONTINUOUS
100
AcDbLine
 10
0.0617299606299213
 20
1.0436485826771653
 30
0
 11
0.0617172047244094
 21
1.0436613385826772
 31
0
  0
LINE
  5
7F0
330
1A
100
AcDbEntity
  8
BLACK
  6
CONTINUOUS
100
AcDbLine
 10
0.0617172047244094
 20
1.0436613385826772
 30
0
 11
0.0616925590551181
 21
1.0437851181102362
 31
0
  0
LINE
  5
7F1
330
1A
100
AcDbEntity
  8
BLACK
  6
CONTINUOUS
100
AcDbLine
 10
0.0616925590551181
 20
1.0437851181102362
 30
0
 11
0.0616592519685039
 21
1.0439068503937008
 31
0
  0
LINE
  5
7F2
330
1A
100
AcDbEntity
  8
BLACK
  6
CONTINUOUS
100
AcDbLine
 10
0.0616592519685039
 20
1.0439068503937008
 30
0
 11
0.0616649606299213
 21
1.0439240157480314
 31
0
  0
LINE
  5
7F3
330
1A
100
AcDbEntity
  8
BLACK
  6
CONTINUOUS
100
AcDbLine
 10
0.0616649606299213
 20
1.0439240157480314
 30
0
 11
0.0616572834645669
 21
1.0439626771653543
 31
0
  0
LINE
  5
7F4
330
1A
100
AcDbEntity
  8
BLACK
  6
CONTINUOUS
100
AcDbLine
 10
0.0616572834645669
 20
1.0439626771653543
 30
0
 11
0.0616572834645669
 21
1.0462124015748031
 31
0
  0
LINE
  5
7F5
330
1A
100
AcDbEntity
  8
BLACK
  6
CONTINUOUS
100
AcDbLine
 10
0.0616572834645669
 20
1.0462124015748031
 30
0
 11
0.0616649606299213
 21
1.0462511023622048
 31
0
  0
LINE
  5
7F6
330
1A
100
AcDbEntity
  8
BLACK
  6
CONTINUOUS
100
AcDbLine
 10
0.0616649606299213
 20
1.0462511023622048
 30
0
 11
0.0616592519685039
 21
1.0462682283464566
 31
0
  0
LINE
  5
7F7
330
1A
100
AcDbEntity
  8
BLACK
  6
CONTINUOUS
100
AcDbLine
 10
0.0616592519685039
 20
1.0462682283464566
 30
0
 11
0.0616925590551181
 21
1.0463898425196849
 31
0
  0
LINE
  5
7F8
330
1A
100
AcDbEntity
  8
BLACK
  6
CONTINUOUS
100
AcDbLine
 10
0.0616925590551181
 20
1.0463898425196849
 30
0
 11
0.0617172047244094
 21
1.0465137401574802
 31
0
  0
LINE
  5
7F9
330
1A
100
AcDbEntity
  8
BLACK
  6
CONTINUOUS
100
AcDbLine
 10
0.0617172047244094
 20
1.0465137401574802
 30
0
 11
0.06173
 21
1.0465265748031496
 31
0
  0
LINE
  5
7FA
330
1A
100
AcDbEntity
  8
BLACK
  6
CONTINUOUS
100
AcDbLine
 10
0.06173
 20
1.0465265748031496
 30
0
 11
0.0617404330708661
 21
1.0465645669291339
 31
0
  0
LINE
  5
7FB
330
1A
100
AcDbEntity
  8
BLACK
  6
CONTINUOUS
100
AcDbLine
 10
0.0617404330708661
 20
1.0465645669291339
 30
0
 11
0.0621153543307087
 21
1.0473144094488189
 31
0
  0
LINE
  5
7FC
330
1A
100
AcDbEntity
  8
BLACK
  6
CONTINUOUS
100
AcDbLine
 10
0.0621153543307087
 20
1.0473144094488189
 30
0
 11
0.0621926377952756
 21
1.0474140157480314
 31
0
  0
LINE
  5
7FD
330
1A
100
AcDbEntity
  8
BLACK
  6
CONTINUOUS
100
AcDbLine
 10
0.0621926377952756
 20
1.0474140157480314
 30
0
 11
0.0622628346456693
 21
1.0475190157480314
 31
0
  0
LINE
  5
7FE
330
1A
100
AcDbEntity
  8
BLACK
  6
CONTINUOUS
100
AcDbLine
 10
0.0622628346456693
 20
1.0475190157480314
 30
0
 11
0.0626377559055118
 21
1.0478939763779527
 31
0
  0
LINE
  5
7FF
330
1A
100
AcDbEntity
  8
BLACK
  6
CONTINUOUS
100
AcDbLine
 10
0.0626377559055118
 20
1.0478939763779527
 30
0
 11
0.0627426377952756
 21
1.0479640944881889
 31
0
  0
LINE
  5
800
330
1A
100
AcDbEntity
  8
BLACK
  6
CONTINUOUS
100
AcDbLine
 10
0.0627426377952756
 20
1.0479640944881889
 30
0
 11
0.0628424409448819
 21
1.0480415354330708
 31
0
  0
LINE
  5
801
330
1A
100
AcDbEntity
  8
BLACK
  6
CONTINUOUS
100
AcDbLine
 10
0.0628424409448819
 20
1.0480415354330708
 30
0
 11
0.0635923228346457
 21
1.0484164566929133
 31
0
  0
LINE
  5
802
330
1A
100
AcDbEntity
  8
BLACK
  6
CONTINUOUS
100
AcDbLine
 10
0.0635923228346457
 20
1.0484164566929133
 30
0
 11
0.0636303149606299
 21
1.0484268897637794
 31
0
  0
LINE
  5
803
330
1A
100
AcDbEntity
  8
BLACK
  6
CONTINUOUS
100
AcDbLine
 10
0.0636303149606299
 20
1.0484268897637794
 30
0
 11
0.0636431496062992
 21
1.04843968503937
 31
0
  0
LINE
  5
804
330
1A
100
AcDbEntity
  8
BLACK
  6
CONTINUOUS
100
AcDbLine
 10
0.0636431496062992
 20
1.04843968503937
 30
0
 11
0.0637670472440945
 21
1.0484643307086614
 31
0
  0
LINE
  5
805
330
1A
100
AcDbEntity
  8
BLACK
  6
CONTINUOUS
100
AcDbLine
 10
0.0637670472440945
 20
1.0484643307086614
 30
0
 11
0.0638886614173228
 21
1.0484976377952755
 31
0
  0
LINE
  5
806
330
1A
100
AcDbEntity
  8
BLACK
  6
CONTINUOUS
100
AcDbLine
 10
0.0638886614173228
 20
1.0484976377952755
 30
0
 11
0.0639057874015748
 21
1.0484919291338581
 31
0
  0
LINE
  5
807
330
1A
100
AcDbEntity
  8
BLACK
  6
CONTINUOUS
100
AcDbLine
 10
0.0639057874015748
 20
1.0484919291338581
 30
0
 11
0.0639444881889764
 21
1.0484996062992127
 31
0
  0
LINE
  5
808
330
1A
100
AcDbEntity
  8
BLACK
  6
CONTINUOUS
100
AcDbLine
 10
0.0639444881889764
 20
1.0484996062992127
 30
0
 11
0.0650693307086614
 21
1.0484996062992127
 31
0
  0
LINE
  5
809
330
1A
100
AcDbEntity
  8
BLACK
  6
CONTINUOUS
100
AcDbLine
 10
0.0650693307086614
 20
1.0484996062992127
 30
0
 11
0.0651079921259843
 21
1.0484919291338581
 31
0
  0
LINE
  5
80A
330
1A
100
AcDbEntity
  8
BLACK
  6
CONTINUOUS
100
AcDbLine
 10
0.0636610236220472
 20
1.0466901181102362
 30
0
 11
0.0634667322834646
 21
1.0464958661417323
 31
0
  0
LINE
  5
80B
330
1A
100
AcDbEntity
  8
BLACK
  6
CONTINUOUS
100
AcDbLine
 10
0.0634667322834646
 20
1.0464958661417323
 30
0
 11
0.0632320866141732
 21
1.0460265354330709
 31
0
  0
LINE
  5
80C
330
1A
100
AcDbEntity
  8
BLACK
  6
CONTINUOUS
100
AcDbLine
 10
0.0632320866141732
 20
1.0460265354330709
 30
0
 11
0.0632320866141732
 21
1.0441485826771653
 31
0
  0
LINE
  5
80D
330
1A
100
AcDbEntity
  8
BLACK
  6
CONTINUOUS
100
AcDbLine
 10
0.0632320866141732
 20
1.0441485826771653
 30
0
 11
0.0634667716535433
 21
1.0436791732283464
 31
0
  0
LINE
  5
80E
330
1A
100
AcDbEntity
  8
BLACK
  6
CONTINUOUS
100
AcDbLine
 10
0.0634667716535433
 20
1.0436791732283464
 30
0
 11
0.0636609842519685
 21
1.0434849606299212
 31
0
  0
LINE
  5
80F
330
1A
100
AcDbEntity
  8
BLACK
  6
CONTINUOUS
100
AcDbLine
 10
0.0636609842519685
 20
1.0434849606299212
 30
0
 11
0.0641303937007874
 21
1.0432502755905511
 31
0
  0
LINE
  5
810
330
1A
100
AcDbEntity
  8
BLACK
  6
CONTINUOUS
100
AcDbLine
 10
0.0641303937007874
 20
1.0432502755905511
 30
0
 11
0.0648834645669291
 21
1.0432502755905511
 31
0
  0
LINE
  5
811
330
1A
100
AcDbEntity
  8
BLACK
  6
CONTINUOUS
100
AcDbLine
 10
0.0648834645669291
 20
1.0432502755905511
 30
0
 11
0.0653528346456693
 21
1.0434849606299212
 31
0
  0
LINE
  5
812
330
1A
100
AcDbEntity
  8
BLACK
  6
CONTINUOUS
100
AcDbLine
 10
0.0653528346456693
 20
1.0434849606299212
 30
0
 11
0.0655470472440945
 21
1.0436791338582676
 31
0
  0
LINE
  5
813
330
1A
100
AcDbEntity
  8
BLACK
  6
CONTINUOUS
100
AcDbLine
 10
0.0655470472440945
 20
1.0436791338582676
 30
0
 11
0.0657817716535433
 21
1.0441485826771653
 31
0
  0
LINE
  5
814
330
1A
100
AcDbEntity
  8
BLACK
  6
CONTINUOUS
100
AcDbLine
 10
0.0657817716535433
 20
1.0441485826771653
 30
0
 11
0.0657817716535433
 21
1.0460264960629921
 31
0
  0
LINE
  5
815
330
1A
100
AcDbEntity
  8
BLACK
  6
CONTINUOUS
100
AcDbLine
 10
0.0657817716535433
 20
1.0460264960629921
 30
0
 11
0.0655470866141732
 21
1.0464958661417323
 31
0
  0
LINE
  5
816
330
1A
100
AcDbEntity
  8
BLACK
  6
CONTINUOUS
100
AcDbLine
 10
0.0655470866141732
 20
1.0464958661417323
 30
0
 11
0.0653528346456693
 21
1.0466901181102362
 31
0
  0
LINE
  5
817
330
1A
100
AcDbEntity
  8
BLACK
  6
CONTINUOUS
100
AcDbLine
 10
0.0653528346456693
 20
1.0466901181102362
 30
0
 11
0.0648834251968504
 21
1.0469248031496063
 31
0
  0
LINE
  5
818
330
1A
100
AcDbEntity
  8
BLACK
  6
CONTINUOUS
100
AcDbLine
 10
0.0648834251968504
 20
1.0469248031496063
 30
0
 11
0.0641303937007874
 21
1.0469248031496063
 31
0
  0
LINE
  5
819
330
1A
100
AcDbEntity
  8
BLACK
  6
CONTINUOUS
100
AcDbLine
 10
0.0641303937007874
 20
1.0469248031496063
 30
0
 11
0.0636610236220472
 21
1.0466901181102362
 31
0
  0
LINE
  5
81A
330
1A
100
AcDbEntity
  8
BLACK
  6
CONTINUOUS
100
AcDbLine
 10
0.0793561811023622
 20
1.0484919291338581
 30
0
 11
0.0793733464566929
 21
1.0484976377952755
 31
0
  0
LINE
  5
81B
330
1A
100
AcDbEntity
  8
BLACK
  6
CONTINUOUS
100
AcDbLine
 10
0.0793733464566929
 20
1.0484976377952755
 30
0
 11
0.0794950787401575
 21
1.0484643307086614
 31
0
  0
LINE
  5
81C
330
1A
100
AcDbEntity
  8
BLACK
  6
CONTINUOUS
100
AcDbLine
 10
0.0794950787401575
 20
1.0484643307086614
 30
0
 11
0.0796188582677165
 21
1.04843968503937
 31
0
  0
LINE
  5
81D
330
1A
100
AcDbEntity
  8
BLACK
  6
CONTINUOUS
100
AcDbLine
 10
0.0796188582677165
 20
1.04843968503937
 30
0
 11
0.0796316141732283
 21
1.0484269291338582
 31
0
  0
LINE
  5
81E
330
1A
100
AcDbEntity
  8
BLACK
  6
CONTINUOUS
100
AcDbLine
 10
0.0796316141732283
 20
1.0484269291338582
 30
0
 11
0.0796696456692913
 21
1.048416496062992
 31
0
  0
LINE
  5
81F
330
1A
100
AcDbEntity
  8
BLACK
  6
CONTINUOUS
100
AcDbLine
 10
0.0796696456692913
 20
1.048416496062992
 30
0
 11
0.0804195669291339
 21
1.0480415354330708
 31
0
  0
LINE
  5
820
330
1A
100
AcDbEntity
  8
BLACK
  6
CONTINUOUS
100
AcDbLine
 10
0.0804195669291339
 20
1.0480415354330708
 30
0
 11
0.0805433464566929
 21
1.0479454724409449
 31
0
  0
LINE
  5
821
330
1A
100
AcDbEntity
  8
BLACK
  6
CONTINUOUS
100
AcDbLine
 10
0.0805433464566929
 20
1.0479454724409449
 30
0
 11
0.0805833464566929
 21
1.047932125984252
 31
0
  0
LINE
  5
822
330
1A
100
AcDbEntity
  8
BLACK
  6
CONTINUOUS
100
AcDbLine
 10
0.0805833464566929
 20
1.047932125984252
 30
0
 11
0.080617874015748
 21
1.0478876377952755
 31
0
  0
LINE
  5
823
330
1A
100
AcDbEntity
  8
BLACK
  6
CONTINUOUS
100
AcDbLine
 10
0.080617874015748
 20
1.0478876377952755
 30
0
 11
0.0806622834645669
 21
1.0478531496062993
 31
0
  0
LINE
  5
824
330
1A
100
AcDbEntity
  8
BLACK
  6
CONTINUOUS
100
AcDbLine
 10
0.0806622834645669
 20
1.0478531496062993
 30
0
 11
0.0806755511811024
 21
1.0478133070866142
 31
0
  0
LINE
  5
825
330
1A
100
AcDbEntity
  8
BLACK
  6
CONTINUOUS
100
AcDbLine
 10
0.0806755511811024
 20
1.0478133070866142
 30
0
 11
0.0807716929133858
 21
1.0476894094488189
 31
0
  0
LINE
  5
826
330
1A
100
AcDbEntity
  8
BLACK
  6
CONTINUOUS
100
AcDbLine
 10
0.0807716929133858
 20
1.0476894094488189
 30
0
 11
0.0811466535433071
 21
1.0469395275590552
 31
0
  0
LINE
  5
827
330
1A
100
AcDbEntity
  8
BLACK
  6
CONTINUOUS
100
AcDbLine
 10
0.0811466535433071
 20
1.0469395275590552
 30
0
 11
0.0811570472440945
 21
1.0469015354330709
 31
0
  0
LINE
  5
828
330
1A
100
AcDbEntity
  8
BLACK
  6
CONTINUOUS
100
AcDbLine
 10
0.0811570472440945
 20
1.0469015354330709
 30
0
 11
0.0811698818897638
 21
1.0468887007874015
 31
0
  0
LINE
  5
829
330
1A
100
AcDbEntity
  8
BLACK
  6
CONTINUOUS
100
AcDbLine
 10
0.0811698818897638
 20
1.0468887007874015
 30
0
 11
0.0811944881889764
 21
1.0467648031496062
 31
0
  0
LINE
  5
82A
330
1A
100
AcDbEntity
  8
BLACK
  6
CONTINUOUS
100
AcDbLine
 10
0.0811944881889764
 20
1.0467648031496062
 30
0
 11
0.0812278346456693
 21
1.0466431889763779
 31
0
  0
LINE
  5
82B
330
1A
100
AcDbEntity
  8
BLACK
  6
CONTINUOUS
100
AcDbLine
 10
0.0812278346456693
 20
1.0466431889763779
 30
0
 11
0.0812220866141732
 21
1.046626062992126
 31
0
  0
LINE
  5
82C
330
1A
100
AcDbEntity
  8
BLACK
  6
CONTINUOUS
100
AcDbLine
 10
0.0812220866141732
 20
1.046626062992126
 30
0
 11
0.0812298031496063
 21
1.0465873622047244
 31
0
  0
LINE
  5
82D
330
1A
100
AcDbEntity
  8
BLACK
  6
CONTINUOUS
100
AcDbLine
 10
0.0812298031496063
 20
1.0465873622047244
 30
0
 11
0.0812298031496063
 21
1.0458374409448818
 31
0
  0
LINE
  5
82E
330
1A
100
AcDbEntity
  8
BLACK
  6
CONTINUOUS
100
AcDbLine
 10
0.0812298031496063
 20
1.0458374409448818
 30
0
 11
0.0812070866141732
 21
1.0457233464566928
 31
0
  0
LINE
  5
82F
330
1A
100
AcDbEntity
  8
BLACK
  6
CONTINUOUS
100
AcDbLine
 10
0.0812070866141732
 20
1.0457233464566928
 30
0
 11
0.081214842519685
 21
1.0456846456692914
 31
0
  0
LINE
  5
830
330
1A
100
AcDbEntity
  8
BLACK
  6
CONTINUOUS
100
AcDbLine
 10
0.081214842519685
 20
1.0456846456692914
 30
0
 11
0.0811928346456693
 21
1.0456516929133859
 31
0
  0
LINE
  5
831
330
1A
100
AcDbEntity
  8
BLACK
  6
CONTINUOUS
100
AcDbLine
 10
0.0811928346456693
 20
1.0456516929133859
 30
0
 11
0.0811698818897638
 21
1.0455361023622047
 31
0
  0
LINE
  5
832
330
1A
100
AcDbEntity
  8
BLACK
  6
CONTINUOUS
100
AcDbLine
 10
0.0811698818897638
 20
1.0455361023622047
 30
0
 11
0.0810076771653543
 21
1.0453739370078741
 31
0
  0
LINE
  5
833
330
1A
100
AcDbEntity
  8
BLACK
  6
CONTINUOUS
100
AcDbLine
 10
0.0810076771653543
 20
1.0453739370078741
 30
0
 11
0.0808805511811024
 21
1.0451831889763779
 31
0
  0
LINE
  5
834
330
1A
100
AcDbEntity
  8
BLACK
  6
CONTINUOUS
100
AcDbLine
 10
0.0808805511811024
 20
1.0451831889763779
 30
0
 11
0.0807717716535433
 21
1.045138031496063
 31
0
  0
LINE
  5
835
330
1A
100
AcDbEntity
  8
BLACK
  6
CONTINUOUS
100
AcDbLine
 10
0.0807717716535433
 20
1.045138031496063
 30
0
 11
0.0807437401574803
 21
1.0451099606299212
 31
0
  0
LINE
  5
836
330
1A
100
AcDbEntity
  8
BLACK
  6
CONTINUOUS
100
AcDbLine
 10
0.0807437401574803
 20
1.0451099606299212
 30
0
 11
0.0807042913385827
 21
1.0451099606299212
 31
0
  0
LINE
  5
837
330
1A
100
AcDbEntity
  8
BLACK
  6
CONTINUOUS
100
AcDbLine
 10
0.0807042913385827
 20
1.0451099606299212
 30
0
 11
0.080596811023622
 21
1.0450653149606299
 31
0
  0
LINE
  5
838
330
1A
100
AcDbEntity
  8
BLACK
  6
CONTINUOUS
100
AcDbLine
 10
0.080596811023622
 20
1.0450653149606299
 30
0
 11
0.0774802755905512
 21
1.0444420078740158
 31
0
  0
LINE
  5
839
330
1A
100
AcDbEntity
  8
BLACK
  6
CONTINUOUS
100
AcDbLine
 10
0.0774802755905512
 20
1.0444420078740158
 30
0
 11
0.0774802755905512
 21
1.043773622047244
 31
0
  0
LINE
  5
83A
330
1A
100
AcDbEntity
  8
BLACK
  6
CONTINUOUS
100
AcDbLine
 10
0.0774802755905512
 20
1.043773622047244
 30
0
 11
0.0776546850393701
 21
1.0434247244094488
 31
0
  0
LINE
  5
83B
330
1A
100
AcDbEntity
  8
BLACK
  6
CONTINUOUS
100
AcDbLine
 10
0.0776546850393701
 20
1.0434247244094488
 30
0
 11
0.0780036220472441
 21
1.0432502755905511
 31
0
  0
LINE
  5
83C
330
1A
100
AcDbEntity
  8
BLACK
  6
CONTINUOUS
100
AcDbLine
 10
0.0780036220472441
 20
1.0432502755905511
 30
0
 11
0.0791316535433071
 21
1.0432502755905511
 31
0
  0
LINE
  5
83D
330
1A
100
AcDbEntity
  8
BLACK
  6
CONTINUOUS
100
AcDbLine
 10
0.0791316535433071
 20
1.0432502755905511
 30
0
 11
0.0797153543307087
 21
1.0435420866141731
 31
0
  0
LINE
  5
83E
330
1A
100
AcDbEntity
  8
BLACK
  6
CONTINUOUS
100
AcDbLine
 10
0.0797153543307087
 20
1.0435420866141731
 30
0
 11
0.0800116535433071
 21
1.0436232283464566
 31
0
  0
LINE
  5
83F
330
1A
100
AcDbEntity
  8
BLACK
  6
CONTINUOUS
100
AcDbLine
 10
0.0800116535433071
 20
1.0436232283464566
 30
0
 11
0.0805833858267717
 21
1.0434326377952756
 31
0
  0
LINE
  5
840
330
1A
100
AcDbEntity
  8
BLACK
  6
CONTINUOUS
100
AcDbLine
 10
0.0805833858267717
 20
1.0434326377952756
 30
0
 11
0.080852874015748
 21
1.0428935826771653
 31
0
  0
LINE
  5
841
330
1A
100
AcDbEntity
  8
BLACK
  6
CONTINUOUS
100
AcDbLine
 10
0.080852874015748
 20
1.0428935826771653
 30
0
 11
0.0806622834645669
 21
1.0423218503937008
 31
0
  0
LINE
  5
842
330
1A
100
AcDbEntity
  8
BLACK
  6
CONTINUOUS
100
AcDbLine
 10
0.0806622834645669
 20
1.0423218503937008
 30
0
 11
0.0804195669291339
 21
1.0421335039370079
 31
0
  0
LINE
  5
843
330
1A
100
AcDbEntity
  8
BLACK
  6
CONTINUOUS
100
AcDbLine
 10
0.0804195669291339
 20
1.0421335039370079
 30
0
 11
0.0796696456692913
 21
1.0417585826771654
 31
0
  0
LINE
  5
844
330
1A
100
AcDbEntity
  8
BLACK
  6
CONTINUOUS
100
AcDbLine
 10
0.0796696456692913
 20
1.0417585826771654
 30
0
 11
0.0796316141732283
 21
1.041748188976378
 31
0
  0
LINE
  5
845
330
1A
100
AcDbEntity
  8
BLACK
  6
CONTINUOUS
100
AcDbLine
 10
0.0796316141732283
 20
1.041748188976378
 30
0
 11
0.0796188582677165
 21
1.0417353937007874
 31
0
  0
LINE
  5
846
330
1A
100
AcDbEntity
  8
BLACK
  6
CONTINUOUS
100
AcDbLine
 10
0.0796188582677165
 20
1.0417353937007874
 30
0
 11
0.079495
 21
1.0417107874015747
 31
0
  0
LINE
  5
847
330
1A
100
AcDbEntity
  8
BLACK
  6
CONTINUOUS
100
AcDbLine
 10
0.079495
 20
1.0417107874015747
 30
0
 11
0.0793733070866142
 21
1.0416774409448819
 31
0
  0
LINE
  5
848
330
1A
100
AcDbEntity
  8
BLACK
  6
CONTINUOUS
100
AcDbLine
 10
0.0793733070866142
 20
1.0416774409448819
 30
0
 11
0.0793561417322835
 21
1.041683188976378
 31
0
  0
LINE
  5
849
330
1A
100
AcDbEntity
  8
BLACK
  6
CONTINUOUS
100
AcDbLine
 10
0.0793561417322835
 20
1.041683188976378
 30
0
 11
0.0793175196850394
 21
1.0416754724409449
 31
0
  0
LINE
  5
84A
330
1A
100
AcDbEntity
  8
BLACK
  6
CONTINUOUS
100
AcDbLine
 10
0.0793175196850394
 20
1.0416754724409449
 30
0
 11
0.0778177165354331
 21
1.0416754724409449
 31
0
  0
LINE
  5
84B
330
1A
100
AcDbEntity
  8
BLACK
  6
CONTINUOUS
100
AcDbLine
 10
0.0778177165354331
 20
1.0416754724409449
 30
0
 11
0.0777790551181102
 21
1.041683188976378
 31
0
  0
LINE
  5
84C
330
1A
100
AcDbEntity
  8
BLACK
  6
CONTINUOUS
100
AcDbLine
 10
0.0777790551181102
 20
1.041683188976378
 30
0
 11
0.0777619291338583
 21
1.0416774409448819
 31
0
  0
LINE
  5
84D
330
1A
100
AcDbEntity
  8
BLACK
  6
CONTINUOUS
100
AcDbLine
 10
0.0777619291338583
 20
1.0416774409448819
 30
0
 11
0.0776401968503937
 21
1.0417107874015747
 31
0
  0
LINE
  5
84E
330
1A
100
AcDbEntity
  8
BLACK
  6
CONTINUOUS
100
AcDbLine
 10
0.0776401968503937
 20
1.0417107874015747
 30
0
 11
0.0775163779527559
 21
1.0417353937007874
 31
0
  0
LINE
  5
84F
330
1A
100
AcDbEntity
  8
BLACK
  6
CONTINUOUS
100
AcDbLine
 10
0.0775163779527559
 20
1.0417353937007874
 30
0
 11
0.0775035826771654
 21
1.041748188976378
 31
0
  0
LINE
  5
850
330
1A
100
AcDbEntity
  8
BLACK
  6
CONTINUOUS
100
AcDbLine
 10
0.0775035826771654
 20
1.041748188976378
 30
0
 11
0.0774655905511811
 21
1.0417585826771654
 31
0
  0
LINE
  5
851
330
1A
100
AcDbEntity
  8
BLACK
  6
CONTINUOUS
100
AcDbLine
 10
0.0774655905511811
 20
1.0417585826771654
 30
0
 11
0.0767157086614173
 21
1.0421335039370079
 31
0
  0
LINE
  5
852
330
1A
100
AcDbEntity
  8
BLACK
  6
CONTINUOUS
100
AcDbLine
 10
0.0767157086614173
 20
1.0421335039370079
 30
0
 11
0.0765917716535433
 21
1.04222968503937
 31
0
  0
LINE
  5
853
330
1A
100
AcDbEntity
  8
BLACK
  6
CONTINUOUS
100
AcDbLine
 10
0.0765917716535433
 20
1.04222968503937
 30
0
 11
0.0765519291338583
 21
1.0422429527559054
 31
0
  0
LINE
  5
854
330
1A
100
AcDbEntity
  8
BLACK
  6
CONTINUOUS
100
AcDbLine
 10
0.0765519291338583
 20
1.0422429527559054
 30
0
 11
0.0765174803149606
 21
1.0422873228346456
 31
0
  0
LINE
  5
855
330
1A
100
AcDbEntity
  8
BLACK
  6
CONTINUOUS
100
AcDbLine
 10
0.0765174803149606
 20
1.0422873228346456
 30
0
 11
0.0764729921259843
 21
1.0423218503937008
 31
0
  0
LINE
  5
856
330
1A
100
AcDbEntity
  8
BLACK
  6
CONTINUOUS
100
AcDbLine
 10
0.0764729921259843
 20
1.0423218503937008
 30
0
 11
0.0764596456692913
 21
1.0423618503937007
 31
0
  0
LINE
  5
857
330
1A
100
AcDbEntity
  8
BLACK
  6
CONTINUOUS
100
AcDbLine
 10
0.0764596456692913
 20
1.0423618503937007
 30
0
 11
0.0763635433070866
 21
1.0424856692913385
 31
0
  0
LINE
  5
858
330
1A
100
AcDbEntity
  8
BLACK
  6
CONTINUOUS
100
AcDbLine
 10
0.0763635433070866
 20
1.0424856692913385
 30
0
 11
0.0759885826771654
 21
1.043235590551181
 31
0
  0
LINE
  5
859
330
1A
100
AcDbEntity
  8
BLACK
  6
CONTINUOUS
100
AcDbLine
 10
0.0759885826771654
 20
1.043235590551181
 30
0
 11
0.0759781496062992
 21
1.0432736220472441
 31
0
  0
LINE
  5
85A
330
1A
100
AcDbEntity
  8
BLACK
  6
CONTINUOUS
100
AcDbLine
 10
0.0759781496062992
 20
1.0432736220472441
 30
0
 11
0.0759653937007874
 21
1.0432863779527559
 31
0
  0
LINE
  5
85B
330
1A
100
AcDbEntity
  8
BLACK
  6
CONTINUOUS
100
AcDbLine
 10
0.0759653937007874
 20
1.0432863779527559
 30
0
 11
0.0759407480314961
 21
1.043410157480315
 31
0
  0
LINE
  5
85C
330
1A
100
AcDbEntity
  8
BLACK
  6
CONTINUOUS
100
AcDbLine
 10
0.0759407480314961
 20
1.043410157480315
 30
0
 11
0.0759074409448819
 21
1.0435318897637795
 31
0
  0
LINE
  5
85D
330
1A
100
AcDbEntity
  8
BLACK
  6
CONTINUOUS
100
AcDbLine
 10
0.0759074409448819
 20
1.0435318897637795
 30
0
 11
0.0759131496062992
 21
1.0435490551181101
 31
0
  0
LINE
  5
85E
330
1A
100
AcDbEntity
  8
BLACK
  6
CONTINUOUS
100
AcDbLine
 10
0.0759131496062992
 20
1.0435490551181101
 30
0
 11
0.0759054724409449
 21
1.043587716535433
 31
0
  0
LINE
  5
85F
330
1A
100
AcDbEntity
  8
BLACK
  6
CONTINUOUS
100
AcDbLine
 10
0.0759054724409449
 20
1.043587716535433
 30
0
 11
0.0759054724409449
 21
1.0465873622047244
 31
0
  0
LINE
  5
860
330
1A
100
AcDbEntity
  8
BLACK
  6
CONTINUOUS
100
AcDbLine
 10
0.0759054724409449
 20
1.0465873622047244
 30
0
 11
0.0759131496062992
 21
1.046626062992126
 31
0
  0
LINE
  5
861
330
1A
100
AcDbEntity
  8
BLACK
  6
CONTINUOUS
100
AcDbLine
 10
0.0759131496062992
 20
1.046626062992126
 30
0
 11
0.0759074409448819
 21
1.0466431889763779
 31
0
  0
LINE
  5
862
330
1A
100
AcDbEntity
  8
BLACK
  6
CONTINUOUS
100
AcDbLine
 10
0.0759074409448819
 20
1.0466431889763779
 30
0
 11
0.0759407480314961
 21
1.0467648031496062
 31
0
  0
LINE
  5
863
330
1A
100
AcDbEntity
  8
BLACK
  6
CONTINUOUS
100
AcDbLine
 10
0.0759407480314961
 20
1.0467648031496062
 30
0
 11
0.0759653937007874
 21
1.0468887007874015
 31
0
  0
LINE
  5
864
330
1A
100
AcDbEntity
  8
BLACK
  6
CONTINUOUS
100
AcDbLine
 10
0.0759653937007874
 20
1.0468887007874015
 30
0
 11
0.075978188976378
 21
1.0469015354330709
 31
0
  0
LINE
  5
865
330
1A
100
AcDbEntity
  8
BLACK
  6
CONTINUOUS
100
AcDbLine
 10
0.075978188976378
 20
1.0469015354330709
 30
0
 11
0.0759886220472441
 21
1.0469395275590552
 31
0
  0
LINE
  5
866
330
1A
100
AcDbEntity
  8
BLACK
  6
CONTINUOUS
100
AcDbLine
 10
0.0759886220472441
 20
1.0469395275590552
 30
0
 11
0.0763635433070866
 21
1.0476893700787402
 31
0
  0
LINE
  5
867
330
1A
100
AcDbEntity
  8
BLACK
  6
CONTINUOUS
100
AcDbLine
 10
0.0763635433070866
 20
1.0476893700787402
 30
0
 11
0.0764596062992126
 21
1.047813188976378
 31
0
  0
LINE
  5
868
330
1A
100
AcDbEntity
  8
BLACK
  6
CONTINUOUS
100
AcDbLine
 10
0.0764596062992126
 20
1.047813188976378
 30
0
 11
0.0764729527559055
 21
1.0478531496062993
 31
0
  0
LINE
  5
869
330
1A
100
AcDbEntity
  8
BLACK
  6
CONTINUOUS
100
AcDbLine
 10
0.0764729527559055
 20
1.0478531496062993
 30
0
 11
0.0765174409448819
 21
1.047887716535433
 31
0
  0
LINE
  5
86A
330
1A
100
AcDbEntity
  8
BLACK
  6
CONTINUOUS
100
AcDbLine
 10
0.0765174409448819
 20
1.047887716535433
 30
0
 11
0.0765519291338583
 21
1.0479320866141733
 31
0
  0
LINE
  5
86B
330
1A
100
AcDbEntity
  8
BLACK
  6
CONTINUOUS
100
AcDbLine
 10
0.0765519291338583
 20
1.0479320866141733
 30
0
 11
0.0765917716535433
 21
1.0479453937007874
 31
0
  0
LINE
  5
86C
330
1A
100
AcDbEntity
  8
BLACK
  6
CONTINUOUS
100
AcDbLine
 10
0.0765917716535433
 20
1.0479453937007874
 30
0
 11
0.0767156692913386
 21
1.048041496062992
 31
0
  0
LINE
  5
86D
330
1A
100
AcDbEntity
  8
BLACK
  6
CONTINUOUS
100
AcDbLine
 10
0.0767156692913386
 20
1.048041496062992
 30
0
 11
0.0774655511811024
 21
1.0484164566929133
 31
0
  0
LINE
  5
86E
330
1A
100
AcDbEntity
  8
BLACK
  6
CONTINUOUS
100
AcDbLine
 10
0.0774655511811024
 20
1.0484164566929133
 30
0
 11
0.0775035433070866
 21
1.0484268897637794
 31
0
  0
LINE
  5
86F
330
1A
100
AcDbEntity
  8
BLACK
  6
CONTINUOUS
100
AcDbLine
 10
0.0775035433070866
 20
1.0484268897637794
 30
0
 11
0.0775163779527559
 21
1.04843968503937
 31
0
  0
LINE
  5
870
330
1A
100
AcDbEntity
  8
BLACK
  6
CONTINUOUS
100
AcDbLine
 10
0.0775163779527559
 20
1.04843968503937
 30
0
 11
0.0776402755905512
 21
1.0484643307086614
 31
0
  0
LINE
  5
871
330
1A
100
AcDbEntity
  8
BLACK
  6
CONTINUOUS
100
AcDbLine
 10
0.0776402755905512
 20
1.0484643307086614
 30
0
 11
0.0777618897637795
 21
1.0484976377952755
 31
0
  0
LINE
  5
872
330
1A
100
AcDbEntity
  8
BLACK
  6
CONTINUOUS
100
AcDbLine
 10
0.0777618897637795
 20
1.0484976377952755
 30
0
 11
0.0777790157480315
 21
1.0484919291338581
 31
0
  0
LINE
  5
873
330
1A
100
AcDbEntity
  8
BLACK
  6
CONTINUOUS
100
AcDbLine
 10
0.0777790157480315
 20
1.0484919291338581
 30
0
 11
0.0778177165354331
 21
1.0484996062992127
 31
0
  0
LINE
  5
874
330
1A
100
AcDbEntity
  8
BLACK
  6
CONTINUOUS
100
AcDbLine
 10
0.0778177165354331
 20
1.0484996062992127
 30
0
 11
0.0793175196850394
 21
1.0484996062992127
 31
0
  0
LINE
  5
875
330
1A
100
AcDbEntity
  8
BLACK
  6
CONTINUOUS
100
AcDbLine
 10
0.0793175196850394
 20
1.0484996062992127
 30
0
 11
0.0793561811023622
 21
1.0484919291338581
 31
0
  0
LINE
  5
876
330
1A
100
AcDbEntity
  8
BLACK
  6
CONTINUOUS
100
AcDbLine
 10
0.0776546850393701
 20
1.0467503543307086
 30
0
 11
0.0774802755905512
 21
1.0464014960629922
 31
0
  0
LINE
  5
877
330
1A
100
AcDbEntity
  8
BLACK
  6
CONTINUOUS
100
AcDbLine
 10
0.0774802755905512
 20
1.0464014960629922
 30
0
 11
0.0774802755905512
 21
1.046048031496063
 31
0
  0
LINE
  5
878
330
1A
100
AcDbEntity
  8
BLACK
  6
CONTINUOUS
100
AcDbLine
 10
0.0774802755905512
 20
1.046048031496063
 30
0
 11
0.0796179133858268
 21
1.0464755905511811
 31
0
  0
LINE
  5
879
330
1A
100
AcDbEntity
  8
BLACK
  6
CONTINUOUS
100
AcDbLine
 10
0.0796179133858268
 20
1.0464755905511811
 30
0
 11
0.0794805511811024
 21
1.0467503543307086
 31
0
  0
LINE
  5
87A
330
1A
100
AcDbEntity
  8
BLACK
  6
CONTINUOUS
100
AcDbLine
 10
0.0794805511811024
 20
1.0467503543307086
 30
0
 11
0.0791316141732284
 21
1.0469248031496063
 31
0
  0
LINE
  5
87B
330
1A
100
AcDbEntity
  8
BLACK
  6
CONTINUOUS
100
AcDbLine
 10
0.0791316141732284
 20
1.0469248031496063
 30
0
 11
0.0780036220472441
 21
1.0469248031496063
 31
0
  0
LINE
  5
87C
330
1A
100
AcDbEntity
  8
BLACK
  6
CONTINUOUS
100
AcDbLine
 10
0.0780036220472441
 20
1.0469248031496063
 30
0
 11
0.0776546850393701
 21
1.0467503543307086
 31
0
  0
LINE
  5
87D
330
1A
100
AcDbEntity
  8
BLACK
  6
CONTINUOUS
100
AcDbLine
 10
0.0916685826771654
 20
1.0506382283464566
 30
0
 11
0.0917285039370079
 21
1.0503368897637795
 31
0
  0
LINE
  5
87E
330
1A
100
AcDbEntity
  8
BLACK
  6
CONTINUOUS
100
AcDbLine
 10
0.0917285039370079
 20
1.0503368897637795
 30
0
 11
0.0917285039370079
 21
1.0484996062992127
 31
0
  0
LINE
  5
87F
330
1A
100
AcDbEntity
  8
BLACK
  6
CONTINUOUS
100
AcDbLine
 10
0.0917285039370079
 20
1.0484996062992127
 30
0
 11
0.0928158661417323
 21
1.0484996062992127
 31
0
  0
LINE
  5
880
330
1A
100
AcDbEntity
  8
BLACK
  6
CONTINUOUS
100
AcDbLine
 10
0.0928158661417323
 20
1.0484996062992127
 30
0
 11
0.0931172047244094
 21
1.04843968503937
 31
0
  0
LINE
  5
881
330
1A
100
AcDbEntity
  8
BLACK
  6
CONTINUOUS
100
AcDbLine
 10
0.0931172047244094
 20
1.04843968503937
 30
0
 11
0.0935433464566929
 21
1.0480135433070865
 31
0
  0
LINE
  5
882
330
1A
100
AcDbEntity
  8
BLACK
  6
CONTINUOUS
100
AcDbLine
 10
0.0935433464566929
 20
1.0480135433070865
 30
0
 11
0.0935433464566929
 21
1.0474108661417323
 31
0
  0
LINE
  5
883
330
1A
100
AcDbEntity
  8
BLACK
  6
CONTINUOUS
100
AcDbLine
 10
0.0935433464566929
 20
1.0474108661417323
 30
0
 11
0.0931172047244094
 21
1.0469847244094488
 31
0
  0
LINE
  5
884
330
1A
100
AcDbEntity
  8
BLACK
  6
CONTINUOUS
100
AcDbLine
 10
0.0931172047244094
 20
1.0469847244094488
 30
0
 11
0.0928158661417323
 21
1.0469248031496063
 31
0
  0
LINE
  5
885
330
1A
100
AcDbEntity
  8
BLACK
  6
CONTINUOUS
100
AcDbLine
 10
0.0928158661417323
 20
1.0469248031496063
 30
0
 11
0.0917285039370079
 21
1.0469248031496063
 31
0
  0
LINE
  5
886
330
1A
100
AcDbEntity
  8
BLACK
  6
CONTINUOUS
100
AcDbLine
 10
0.0917285039370079
 20
1.0469248031496063
 30
0
 11
0.0917285039370079
 21
1.043773622047244
 31
0
  0
LINE
  5
887
330
1A
100
AcDbEntity
  8
BLACK
  6
CONTINUOUS
100
AcDbLine
 10
0.0917285039370079
 20
1.043773622047244
 30
0
 11
0.0919029133858268
 21
1.0434247244094488
 31
0
  0
LINE
  5
888
330
1A
100
AcDbEntity
  8
BLACK
  6
CONTINUOUS
100
AcDbLine
 10
0.0919029133858268
 20
1.0434247244094488
 30
0
 11
0.0922518503937008
 21
1.0432502755905511
 31
0
  0
LINE
  5
889
330
1A
100
AcDbEntity
  8
BLACK
  6
CONTINUOUS
100
AcDbLine
 10
0.0922518503937008
 20
1.0432502755905511
 30
0
 11
0.0928158661417323
 21
1.0432502755905511
 31
0
  0
LINE
  5
88A
330
1A
100
AcDbEntity
  8
BLACK
  6
CONTINUOUS
100
AcDbLine
 10
0.0928158661417323
 20
1.0432502755905511
 30
0
 11
0.0931172047244094
 21
1.0431903543307086
 31
0
  0
LINE
  5
88B
330
1A
100
AcDbEntity
  8
BLACK
  6
CONTINUOUS
100
AcDbLine
 10
0.0931172047244094
 20
1.0431903543307086
 30
0
 11
0.0935433464566929
 21
1.0427642125984251
 31
0
  0
LINE
  5
88C
330
1A
100
AcDbEntity
  8
BLACK
  6
CONTINUOUS
100
AcDbLine
 10
0.0935433464566929
 20
1.0427642125984251
 30
0
 11
0.0935433464566929
 21
1.0421615354330709
 31
0
  0
LINE
  5
88D
330
1A
100
AcDbEntity
  8
BLACK
  6
CONTINUOUS
100
AcDbLine
 10
0.0935433464566929
 20
1.0421615354330709
 30
0
 11
0.0931172047244094
 21
1.0417353937007874
 31
0
  0
LINE
  5
88E
330
1A
100
AcDbEntity
  8
BLACK
  6
CONTINUOUS
100
AcDbLine
 10
0.0931172047244094
 20
1.0417353937007874
 30
0
 11
0.0928158661417323
 21
1.0416754724409449
 31
0
  0
LINE
  5
88F
330
1A
100
AcDbEntity
  8
BLACK
  6
CONTINUOUS
100
AcDbLine
 10
0.0928158661417323
 20
1.0416754724409449
 30
0
 11
0.0920659448818898
 21
1.0416754724409449
 31
0
  0
LINE
  5
890
330
1A
100
AcDbEntity
  8
BLACK
  6
CONTINUOUS
100
AcDbLine
 10
0.0920659448818898
 20
1.0416754724409449
 30
0
 11
0.0920272834645669
 21
1.041683188976378
 31
0
  0
LINE
  5
891
330
1A
100
AcDbEntity
  8
BLACK
  6
CONTINUOUS
100
AcDbLine
 10
0.0920272834645669
 20
1.041683188976378
 30
0
 11
0.092010157480315
 21
1.0416774409448819
 31
0
  0
LINE
  5
892
330
1A
100
AcDbEntity
  8
BLACK
  6
CONTINUOUS
100
AcDbLine
 10
0.092010157480315
 20
1.0416774409448819
 30
0
 11
0.0918884645669291
 21
1.0417107874015747
 31
0
  0
LINE
  5
893
330
1A
100
AcDbEntity
  8
BLACK
  6
CONTINUOUS
100
AcDbLine
 10
0.0918884645669291
 20
1.0417107874015747
 30
0
 11
0.0917646062992126
 21
1.0417353937007874
 31
0
  0
LINE
  5
894
330
1A
100
AcDbEntity
  8
BLACK
  6
CONTINUOUS
100
AcDbLine
 10
0.0917646062992126
 20
1.0417353937007874
 30
0
 11
0.0917517716535433
 21
1.0417482283464568
 31
0
  0
LINE
  5
895
330
1A
100
AcDbEntity
  8
BLACK
  6
CONTINUOUS
100
AcDbLine
 10
0.0917517716535433
 20
1.0417482283464568
 30
0
 11
0.0917138582677165
 21
1.0417585826771654
 31
0
  0
LINE
  5
896
330
1A
100
AcDbEntity
  8
BLACK
  6
CONTINUOUS
100
AcDbLine
 10
0.0917138582677165
 20
1.0417585826771654
 30
0
 11
0.0909638976377953
 21
1.0421335039370079
 31
0
  0
LINE
  5
897
330
1A
100
AcDbEntity
  8
BLACK
  6
CONTINUOUS
100
AcDbLine
 10
0.0909638976377953
 20
1.0421335039370079
 30
0
 11
0.09084
 21
1.0422296456692912
 31
0
  0
LINE
  5
898
330
1A
100
AcDbEntity
  8
BLACK
  6
CONTINUOUS
100
AcDbLine
 10
0.09084
 20
1.0422296456692912
 30
0
 11
0.0908000787401575
 21
1.0422429527559054
 31
0
  0
LINE
  5
899
330
1A
100
AcDbEntity
  8
BLACK
  6
CONTINUOUS
100
AcDbLine
 10
0.0908000787401575
 20
1.0422429527559054
 30
0
 11
0.0907655905511811
 21
1.0422874015748032
 31
0
  0
LINE
  5
89A
330
1A
100
AcDbEntity
  8
BLACK
  6
CONTINUOUS
100
AcDbLine
 10
0.0907655905511811
 20
1.0422874015748032
 30
0
 11
0.0907211811023622
 21
1.0423218503937008
 31
0
  0
LINE
  5
89B
330
1A
100
AcDbEntity
  8
BLACK
  6
CONTINUOUS
100
AcDbLine
 10
0.0907211811023622
 20
1.0423218503937008
 30
0
 11
0.0907078346456693
 21
1.0423618110236221
 31
0
  0
LINE
  5
89C
330
1A
100
AcDbEntity
  8
BLACK
  6
CONTINUOUS
100
AcDbLine
 10
0.0907078346456693
 20
1.0423618110236221
 30
0
 11
0.0906117322834646
 21
1.0424856692913385
 31
0
  0
LINE
  5
89D
330
1A
100
AcDbEntity
  8
BLACK
  6
CONTINUOUS
100
AcDbLine
 10
0.0906117322834646
 20
1.0424856692913385
 30
0
 11
0.090236811023622
 21
1.043235590551181
 31
0
  0
LINE
  5
89E
330
1A
100
AcDbEntity
  8
BLACK
  6
CONTINUOUS
100
AcDbLine
 10
0.090236811023622
 20
1.043235590551181
 30
0
 11
0.0902263779527559
 21
1.0432736220472441
 31
0
  0
LINE
  5
89F
330
1A
100
AcDbEntity
  8
BLACK
  6
CONTINUOUS
100
AcDbLine
 10
0.0902263779527559
 20
1.0432736220472441
 30
0
 11
0.0902136220472441
 21
1.0432863779527559
 31
0
  0
LINE
  5
8A0
330
1A
100
AcDbEntity
  8
BLACK
  6
CONTINUOUS
100
AcDbLine
 10
0.0902136220472441
 20
1.0432863779527559
 30
0
 11
0.0901889763779528
 21
1.0434102362204725
 31
0
  0
LINE
  5
8A1
330
1A
100
AcDbEntity
  8
BLACK
  6
CONTINUOUS
100
AcDbLine
 10
0.0901889763779528
 20
1.0434102362204725
 30
0
 11
0.0901556692913386
 21
1.0435319291338583
 31
0
  0
LINE
  5
8A2
330
1A
100
AcDbEntity
  8
BLACK
  6
CONTINUOUS
100
AcDbLine
 10
0.0901556692913386
 20
1.0435319291338583
 30
0
 11
0.0901613779527559
 21
1.0435490944881889
 31
0
  0
LINE
  5
8A3
330
1A
100
AcDbEntity
  8
BLACK
  6
CONTINUOUS
100
AcDbLine
 10
0.0901613779527559
 20
1.0435490944881889
 30
0
 11
0.0901537007874016
 21
1.043587716535433
 31
0
  0
LINE
  5
8A4
330
1A
100
AcDbEntity
  8
BLACK
  6
CONTINUOUS
100
AcDbLine
 10
0.0901537007874016
 20
1.043587716535433
 30
0
 11
0.0901537007874016
 21
1.0469248031496063
 31
0
  0
LINE
  5
8A5
330
1A
100
AcDbEntity
  8
BLACK
  6
CONTINUOUS
100
AcDbLine
 10
0.0901537007874016
 20
1.0469248031496063
 30
0
 11
0.0898162204724409
 21
1.0469248031496063
 31
0
  0
LINE
  5
8A6
330
1A
100
AcDbEntity
  8
BLACK
  6
CONTINUOUS
100
AcDbLine
 10
0.0898162204724409
 20
1.0469248031496063
 30
0
 11
0.0895148818897638
 21
1.0469847244094488
 31
0
  0
LINE
  5
8A7
330
1A
100
AcDbEntity
  8
BLACK
  6
CONTINUOUS
100
AcDbLine
 10
0.0895148818897638
 20
1.0469847244094488
 30
0
 11
0.0890887401574803
 21
1.0474108661417323
 31
0
  0
LINE
  5
8A8
330
1A
100
AcDbEntity
  8
BLACK
  6
CONTINUOUS
100
AcDbLine
 10
0.0890887401574803
 20
1.0474108661417323
 30
0
 11
0.0890887401574803
 21
1.0480135433070865
 31
0
  0
LINE
  5
8A9
330
1A
100
AcDbEntity
  8
BLACK
  6
CONTINUOUS
100
AcDbLine
 10
0.0890887401574803
 20
1.0480135433070865
 30
0
 11
0.0895148818897638
 21
1.04843968503937
 31
0
  0
LINE
  5
8AA
330
1A
100
AcDbEntity
  8
BLACK
  6
CONTINUOUS
100
AcDbLine
 10
0.0895148818897638
 20
1.04843968503937
 30
0
 11
0.0898162204724409
 21
1.0484996062992127
 31
0
  0
LINE
  5
8AB
330
1A
100
AcDbEntity
  8
BLACK
  6
CONTINUOUS
100
AcDbLine
 10
0.0898162204724409
 20
1.0484996062992127
 30
0
 11
0.0901537007874016
 21
1.0484996062992127
 31
0
  0
LINE
  5
8AC
330
1A
100
AcDbEntity
  8
BLACK
  6
CONTINUOUS
100
AcDbLine
 10
0.0901537007874016
 20
1.0484996062992127
 30
0
 11
0.0901537007874016
 21
1.0503368897637795
 31
0
  0
LINE
  5
8AD
330
1A
100
AcDbEntity
  8
BLACK
  6
CONTINUOUS
100
AcDbLine
 10
0.0901537007874016
 20
1.0503368897637795
 30
0
 11
0.0902136220472441
 21
1.0506382283464566
 31
0
  0
LINE
  5
8AE
330
1A
100
AcDbEntity
  8
BLACK
  6
CONTINUOUS
100
AcDbLine
 10
0.0902136220472441
 20
1.0506382283464566
 30
0
 11
0.0906397637795276
 21
1.0510643700787401
 31
0
  0
LINE
  5
8AF
330
1A
100
AcDbEntity
  8
BLACK
  6
CONTINUOUS
100
AcDbLine
 10
0.0906397637795276
 20
1.0510643700787401
 30
0
 11
0.0912424409448819
 21
1.0510643700787401
 31
0
  0
LINE
  5
8B0
330
1A
100
AcDbEntity
  8
BLACK
  6
CONTINUOUS
100
AcDbLine
 10
0.0912424409448819
 20
1.0510643700787401
 30
0
 11
0.0916685826771654
 21
1.0506382283464566
 31
0
  0
LINE
  5
8B1
330
1A
100
AcDbEntity
  8
BLACK
  6
CONTINUOUS
100
AcDbLine
 10
0.0474851968503937
 20
1.0484919291338581
 30
0
 11
0.0475023622047244
 21
1.0484976377952755
 31
0
  0
LINE
  5
8B2
330
1A
100
AcDbEntity
  8
BLACK
  6
CONTINUOUS
100
AcDbLine
 10
0.0475023622047244
 20
1.0484976377952755
 30
0
 11
0.047624094488189
 21
1.0484643307086614
 31
0
  0
LINE
  5
8B3
330
1A
100
AcDbEntity
  8
BLACK
  6
CONTINUOUS
100
AcDbLine
 10
0.047624094488189
 20
1.0484643307086614
 30
0
 11
0.047747874015748
 21
1.04843968503937
 31
0
  0
LINE
  5
8B4
330
1A
100
AcDbEntity
  8
BLACK
  6
CONTINUOUS
100
AcDbLine
 10
0.047747874015748
 20
1.04843968503937
 30
0
 11
0.0477606299212598
 21
1.0484269291338582
 31
0
  0
LINE
  5
8B5
330
1A
100
AcDbEntity
  8
BLACK
  6
CONTINUOUS
100
AcDbLine
 10
0.0477606299212598
 20
1.0484269291338582
 30
0
 11
0.0477986614173228
 21
1.048416496062992
 31
0
  0
LINE
  5
8B6
330
1A
100
AcDbEntity
  8
BLACK
  6
CONTINUOUS
100
AcDbLine
 10
0.0477986614173228
 20
1.048416496062992
 30
0
 11
0.0485485826771654
 21
1.0480415354330708
 31
0
  0
LINE
  5
8B7
330
1A
100
AcDbEntity
  8
BLACK
  6
CONTINUOUS
100
AcDbLine
 10
0.0485485826771654
 20
1.0480415354330708
 30
0
 11
0.0485714173228346
 21
1.0480238188976378
 31
0
  0
LINE
  5
8B8
330
1A
100
AcDbEntity
  8
BLACK
  6
CONTINUOUS
100
AcDbLine
 10
0.0485714173228346
 20
1.0480238188976378
 30
0
 11
0.0485942125984252
 21
1.048041496062992
 31
0
  0
LINE
  5
8B9
330
1A
100
AcDbEntity
  8
BLACK
  6
CONTINUOUS
100
AcDbLine
 10
0.0485942125984252
 20
1.048041496062992
 30
0
 11
0.049344094488189
 21
1.0484164566929133
 31
0
  0
LINE
  5
8BA
330
1A
100
AcDbEntity
  8
BLACK
  6
CONTINUOUS
100
AcDbLine
 10
0.049344094488189
 20
1.0484164566929133
 30
0
 11
0.0493820866141732
 21
1.0484268897637794
 31
0
  0
LINE
  5
8BB
330
1A
100
AcDbEntity
  8
BLACK
  6
CONTINUOUS
100
AcDbLine
 10
0.0493820866141732
 20
1.0484268897637794
 30
0
 11
0.0493949212598425
 21
1.04843968503937
 31
0
  0
LINE
  5
8BC
330
1A
100
AcDbEntity
  8
BLACK
  6
CONTINUOUS
100
AcDbLine
 10
0.0493949212598425
 20
1.04843968503937
 30
0
 11
0.0495188188976378
 21
1.0484643307086614
 31
0
  0
LINE
  5
8BD
330
1A
100
AcDbEntity
  8
BLACK
  6
CONTINUOUS
100
AcDbLine
 10
0.0495188188976378
 20
1.0484643307086614
 30
0
 11
0.0496404330708661
 21
1.0484976377952755
 31
0
  0
LINE
  5
8BE
330
1A
100
AcDbEntity
  8
BLACK
  6
CONTINUOUS
100
AcDbLine
 10
0.0496404330708661
 20
1.0484976377952755
 30
0
 11
0.0496575590551181
 21
1.0484919291338581
 31
0
  0
LINE
  5
8BF
330
1A
100
AcDbEntity
  8
BLACK
  6
CONTINUOUS
100
AcDbLine
 10
0.0496575590551181
 20
1.0484919291338581
 30
0
 11
0.0496962598425197
 21
1.0484996062992127
 31
0
  0
LINE
  5
8C0
330
1A
100
AcDbEntity
  8
BLACK
  6
CONTINUOUS
100
AcDbLine
 10
0.0496962598425197
 20
1.0484996062992127
 30
0
 11
0.0508211417322835
 21
1.0484996062992127
 31
0
  0
LINE
  5
8C1
330
1A
100
AcDbEntity
  8
BLACK
  6
CONTINUOUS
100
AcDbLine
 10
0.0508211417322835
 20
1.0484996062992127
 30
0
 11
0.0508598031496063
 21
1.0484919291338581
 31
0
  0
LINE
  5
8C2
330
1A
100
AcDbEntity
  8
BLACK
  6
CONTINUOUS
100
AcDbLine
 10
0.0508598031496063
 20
1.0484919291338581
 30
0
 11
0.050876968503937
 21
1.0484976377952755
 31
0
  0
LINE
  5
8C3
330
1A
100
AcDbEntity
  8
BLACK
  6
CONTINUOUS
100
AcDbLine
 10
0.050876968503937
 20
1.0484976377952755
 30
0
 11
0.0509985433070866
 21
1.0484643307086614
 31
0
  0
LINE
  5
8C4
330
1A
100
AcDbEntity
  8
BLACK
  6
CONTINUOUS
100
AcDbLine
 10
0.0509985433070866
 20
1.0484643307086614
 30
0
 11
0.0511224803149606
 21
1.04843968503937
 31
0
  0
LINE
  5
8C5
330
1A
100
AcDbEntity
  8
BLACK
  6
CONTINUOUS
100
AcDbLine
 10
0.0511224803149606
 20
1.04843968503937
 30
0
 11
0.0511352755905512
 21
1.0484268897637794
 31
0
  0
LINE
  5
8C6
330
1A
100
AcDbEntity
  8
BLACK
  6
CONTINUOUS
100
AcDbLine
 10
0.0511352755905512
 20
1.0484268897637794
 30
0
 11
0.0511733070866142
 21
1.0484164566929133
 31
0
  0
LINE
  5
8C7
330
1A
100
AcDbEntity
  8
BLACK
  6
CONTINUOUS
100
AcDbLine
 10
0.0511733070866142
 20
1.0484164566929133
 30
0
 11
0.0519231496062992
 21
1.0480415354330708
 31
0
  0
LINE
  5
8C8
330
1A
100
AcDbEntity
  8
BLACK
  6
CONTINUOUS
100
AcDbLine
 10
0.0519231496062992
 20
1.0480415354330708
 30
0
 11
0.0520469291338583
 21
1.0479454724409449
 31
0
  0
LINE
  5
8C9
330
1A
100
AcDbEntity
  8
BLACK
  6
CONTINUOUS
100
AcDbLine
 10
0.0520469291338583
 20
1.0479454724409449
 30
0
 11
0.0520869291338583
 21
1.047932125984252
 31
0
  0
LINE
  5
8CA
330
1A
100
AcDbEntity
  8
BLACK
  6
CONTINUOUS
100
AcDbLine
 10
0.0520869291338583
 20
1.047932125984252
 30
0
 11
0.0521214566929134
 21
1.0478876377952755
 31
0
  0
LINE
  5
8CB
330
1A
100
AcDbEntity
  8
BLACK
  6
CONTINUOUS
100
AcDbLine
 10
0.0521214566929134
 20
1.0478876377952755
 30
0
 11
0.0521658661417323
 21
1.0478531496062993
 31
0
  0
LINE
  5
8CC
330
1A
100
AcDbEntity
  8
BLACK
  6
CONTINUOUS
100
AcDbLine
 10
0.0521658661417323
 20
1.0478531496062993
 30
0
 11
0.0521791338582677
 21
1.0478133070866142
 31
0
  0
LINE
  5
8CD
330
1A
100
AcDbEntity
  8
BLACK
  6
CONTINUOUS
100
AcDbLine
 10
0.0521791338582677
 20
1.0478133070866142
 30
0
 11
0.0522752755905512
 21
1.0476894094488189
 31
0
  0
LINE
  5
8CE
330
1A
100
AcDbEntity
  8
BLACK
  6
CONTINUOUS
100
AcDbLine
 10
0.0522752755905512
 20
1.0476894094488189
 30
0
 11
0.0526502362204724
 21
1.0469395275590552
 31
0
  0
LINE
  5
8CF
330
1A
100
AcDbEntity
  8
BLACK
  6
CONTINUOUS
100
AcDbLine
 10
0.0526502362204724
 20
1.0469395275590552
 30
0
 11
0.0526606299212598
 21
1.0469015354330709
 31
0
  0
LINE
  5
8D0
330
1A
100
AcDbEntity
  8
BLACK
  6
CONTINUOUS
100
AcDbLine
 10
0.0526606299212598
 20
1.0469015354330709
 30
0
 11
0.0526734645669291
 21
1.0468887007874015
 31
0
  0
LINE
  5
8D1
330
1A
100
AcDbEntity
  8
BLACK
  6
CONTINUOUS
100
AcDbLine
 10
0.0526734645669291
 20
1.0468887007874015
 30
0
 11
0.0526980708661417
 21
1.0467648031496062
 31
0
  0
LINE
  5
8D2
330
1A
100
AcDbEntity
  8
BLACK
  6
CONTINUOUS
100
AcDbLine
 10
0.0526980708661417
 20
1.0467648031496062
 30
0
 11
0.0527314173228346
 21
1.0466431889763779
 31
0
  0
LINE
  5
8D3
330
1A
100
AcDbEntity
  8
BLACK
  6
CONTINUOUS
100
AcDbLine
 10
0.0527314173228346
 20
1.0466431889763779
 30
0
 11
0.0527256692913386
 21
1.046626062992126
 31
0
  0
LINE
  5
8D4
330
1A
100
AcDbEntity
  8
BLACK
  6
CONTINUOUS
100
AcDbLine
 10
0.0527256692913386
 20
1.046626062992126
 30
0
 11
0.0527333858267717
 21
1.0465873622047244
 31
0
  0
LINE
  5
8D5
330
1A
100
AcDbEntity
  8
BLACK
  6
CONTINUOUS
100
AcDbLine
 10
0.0527333858267717
 20
1.0465873622047244
 30
0
 11
0.0527333858267717
 21
1.042462874015748
 31
0
  0
LINE
  5
8D6
330
1A
100
AcDbEntity
  8
BLACK
  6
CONTINUOUS
100
AcDbLine
 10
0.0527333858267717
 20
1.042462874015748
 30
0
 11
0.0526734645669291
 21
1.0421615354330709
 31
0
  0
LINE
  5
8D7
330
1A
100
AcDbEntity
  8
BLACK
  6
CONTINUOUS
100
AcDbLine
 10
0.0526734645669291
 20
1.0421615354330709
 30
0
 11
0.0522473228346457
 21
1.0417353937007874
 31
0
  0
LINE
  5
8D8
330
1A
100
AcDbEntity
  8
BLACK
  6
CONTINUOUS
100
AcDbLine
 10
0.0522473228346457
 20
1.0417353937007874
 30
0
 11
0.0516446456692913
 21
1.0417353937007874
 31
0
  0
LINE
  5
8D9
330
1A
100
AcDbEntity
  8
BLACK
  6
CONTINUOUS
100
AcDbLine
 10
0.0516446456692913
 20
1.0417353937007874
 30
0
 11
0.0512185039370079
 21
1.0421615354330709
 31
0
  0
LINE
  5
8DA
330
1A
100
AcDbEntity
  8
BLACK
  6
CONTINUOUS
100
AcDbLine
 10
0.0512185039370079
 20
1.0421615354330709
 30
0
 11
0.0511585826771654
 21
1.042462874015748
 31
0
  0
LINE
  5
8DB
330
1A
100
AcDbEntity
  8
BLACK
  6
CONTINUOUS
100
AcDbLine
 10
0.0511585826771654
 20
1.042462874015748
 30
0
 11
0.0511585826771654
 21
1.0464014566929134
 31
0
  0
LINE
  5
8DC
330
1A
100
AcDbEntity
  8
BLACK
  6
CONTINUOUS
100
AcDbLine
 10
0.0511585826771654
 20
1.0464014566929134
 30
0
 11
0.050984094488189
 21
1.0467503937007874
 31
0
  0
LINE
  5
8DD
330
1A
100
AcDbEntity
  8
BLACK
  6
CONTINUOUS
100
AcDbLine
 10
0.050984094488189
 20
1.0467503937007874
 30
0
 11
0.0506352755905512
 21
1.0469248031496063
 31
0
  0
LINE
  5
8DE
330
1A
100
AcDbEntity
  8
BLACK
  6
CONTINUOUS
100
AcDbLine
 10
0.0506352755905512
 20
1.0469248031496063
 30
0
 11
0.0498821653543307
 21
1.0469248031496063
 31
0
  0
LINE
  5
8DF
330
1A
100
AcDbEntity
  8
BLACK
  6
CONTINUOUS
100
AcDbLine
 10
0.0498821653543307
 20
1.0469248031496063
 30
0
 11
0.0495332283464567
 21
1.0467503543307086
 31
0
  0
LINE
  5
8E0
330
1A
100
AcDbEntity
  8
BLACK
  6
CONTINUOUS
100
AcDbLine
 10
0.0495332283464567
 20
1.0467503543307086
 30
0
 11
0.0493588188976378
 21
1.0464014960629922
 31
0
  0
LINE
  5
8E1
330
1A
100
AcDbEntity
  8
BLACK
  6
CONTINUOUS
100
AcDbLine
 10
0.0493588188976378
 20
1.0464014960629922
 30
0
 11
0.0493588188976378
 21
1.042462874015748
 31
0
  0
LINE
  5
8E2
330
1A
100
AcDbEntity
  8
BLACK
  6
CONTINUOUS
100
AcDbLine
 10
0.0493588188976378
 20
1.042462874015748
 30
0
 11
0.0492988976377953
 21
1.0421615354330709
 31
0
  0
LINE
  5
8E3
330
1A
100
AcDbEntity
  8
BLACK
  6
CONTINUOUS
100
AcDbLine
 10
0.0492988976377953
 20
1.0421615354330709
 30
0
 11
0.0488727559055118
 21
1.0417353937007874
 31
0
  0
LINE
  5
8E4
330
1A
100
AcDbEntity
  8
BLACK
  6
CONTINUOUS
100
AcDbLine
 10
0.0488727559055118
 20
1.0417353937007874
 30
0
 11
0.0482700787401575
 21
1.0417353937007874
 31
0
  0
LINE
  5
8E5
330
1A
100
AcDbEntity
  8
BLACK
  6
CONTINUOUS
100
AcDbLine
 10
0.0482700787401575
 20
1.0417353937007874
 30
0
 11
0.047843937007874
 21
1.0421615354330709
 31
0
  0
LINE
  5
8E6
330
1A
100
AcDbEntity
  8
BLACK
  6
CONTINUOUS
100
AcDbLine
 10
0.047843937007874
 20
1.0421615354330709
 30
0
 11
0.0477840157480315
 21
1.042462874015748
 31
0
  0
LINE
  5
8E7
330
1A
100
AcDbEntity
  8
BLACK
  6
CONTINUOUS
100
AcDbLine
 10
0.0477840157480315
 20
1.042462874015748
 30
0
 11
0.0477840157480315
 21
1.0464014566929134
 31
0
  0
LINE
  5
8E8
330
1A
100
AcDbEntity
  8
BLACK
  6
CONTINUOUS
100
AcDbLine
 10
0.0477840157480315
 20
1.0464014566929134
 30
0
 11
0.0476095669291339
 21
1.0467503543307086
 31
0
  0
LINE
  5
8E9
330
1A
100
AcDbEntity
  8
BLACK
  6
CONTINUOUS
100
AcDbLine
 10
0.0476095669291339
 20
1.0467503543307086
 30
0
 11
0.0472606299212598
 21
1.0469248031496063
 31
0
  0
LINE
  5
8EA
330
1A
100
AcDbEntity
  8
BLACK
  6
CONTINUOUS
100
AcDbLine
 10
0.0472606299212598
 20
1.0469248031496063
 30
0
 11
0.0465075984251968
 21
1.0469248031496063
 31
0
  0
LINE
  5
8EB
330
1A
100
AcDbEntity
  8
BLACK
  6
CONTINUOUS
100
AcDbLine
 10
0.0465075984251968
 20
1.0469248031496063
 30
0
 11
0.0460382283464567
 21
1.0466901181102362
 31
0
  0
LINE
  5
8EC
330
1A
100
AcDbEntity
  8
BLACK
  6
CONTINUOUS
100
AcDbLine
 10
0.0460382283464567
 20
1.0466901181102362
 30
0
 11
0.0459842519685039
 21
1.0466361417322834
 31
0
  0
LINE
  5
8ED
330
1A
100
AcDbEntity
  8
BLACK
  6
CONTINUOUS
100
AcDbLine
 10
0.0459842519685039
 20
1.0466361417322834
 30
0
 11
0.0459842519685039
 21
1.042462874015748
 31
0
  0
LINE
  5
8EE
330
1A
100
AcDbEntity
  8
BLACK
  6
CONTINUOUS
100
AcDbLine
 10
0.0459842519685039
 20
1.042462874015748
 30
0
 11
0.0459243307086614
 21
1.0421615354330709
 31
0
  0
LINE
  5
8EF
330
1A
100
AcDbEntity
  8
BLACK
  6
CONTINUOUS
100
AcDbLine
 10
0.0459243307086614
 20
1.0421615354330709
 30
0
 11
0.045498188976378
 21
1.0417353937007874
 31
0
  0
LINE
  5
8F0
330
1A
100
AcDbEntity
  8
BLACK
  6
CONTINUOUS
100
AcDbLine
 10
0.045498188976378
 20
1.0417353937007874
 30
0
 11
0.0448955118110236
 21
1.0417353937007874
 31
0
  0
LINE
  5
8F1
330
1A
100
AcDbEntity
  8
BLACK
  6
CONTINUOUS
100
AcDbLine
 10
0.0448955118110236
 20
1.0417353937007874
 30
0
 11
0.0444693700787402
 21
1.0421615354330709
 31
0
  0
LINE
  5
8F2
330
1A
100
AcDbEntity
  8
BLACK
  6
CONTINUOUS
100
AcDbLine
 10
0.0444693700787402
 20
1.0421615354330709
 30
0
 11
0.0444094488188976
 21
1.042462874015748
 31
0
  0
LINE
  5
8F3
330
1A
100
AcDbEntity
  8
BLACK
  6
CONTINUOUS
100
AcDbLine
 10
0.0444094488188976
 20
1.042462874015748
 30
0
 11
0.0444094488188976
 21
1.0477122047244094
 31
0
  0
LINE
  5
8F4
330
1A
100
AcDbEntity
  8
BLACK
  6
CONTINUOUS
100
AcDbLine
 10
0.0444094488188976
 20
1.0477122047244094
 30
0
 11
0.0444693700787402
 21
1.0480135433070865
 31
0
  0
LINE
  5
8F5
330
1A
100
AcDbEntity
  8
BLACK
  6
CONTINUOUS
100
AcDbLine
 10
0.0444693700787402
 20
1.0480135433070865
 30
0
 11
0.0448955118110236
 21
1.04843968503937
 31
0
  0
LINE
  5
8F6
330
1A
100
AcDbEntity
  8
BLACK
  6
CONTINUOUS
100
AcDbLine
 10
0.0448955118110236
 20
1.04843968503937
 30
0
 11
0.045498188976378
 21
1.04843968503937
 31
0
  0
LINE
  5
8F7
330
1A
100
AcDbEntity
  8
BLACK
  6
CONTINUOUS
100
AcDbLine
 10
0.045498188976378
 20
1.04843968503937
 30
0
 11
0.0456707480314961
 21
1.048267125984252
 31
0
  0
LINE
  5
8F8
330
1A
100
AcDbEntity
  8
BLACK
  6
CONTINUOUS
100
AcDbLine
 10
0.0456707480314961
 20
1.048267125984252
 30
0
 11
0.0459695275590551
 21
1.0484164566929133
 31
0
  0
LINE
  5
8F9
330
1A
100
AcDbEntity
  8
BLACK
  6
CONTINUOUS
100
AcDbLine
 10
0.0459695275590551
 20
1.0484164566929133
 30
0
 11
0.0460075196850394
 21
1.0484268897637794
 31
0
  0
LINE
  5
8FA
330
1A
100
AcDbEntity
  8
BLACK
  6
CONTINUOUS
100
AcDbLine
 10
0.0460075196850394
 20
1.0484268897637794
 30
0
 11
0.0460203543307087
 21
1.04843968503937
 31
0
  0
LINE
  5
8FB
330
1A
100
AcDbEntity
  8
BLACK
  6
CONTINUOUS
100
AcDbLine
 10
0.0460203543307087
 20
1.04843968503937
 30
0
 11
0.0461442519685039
 21
1.0484643307086614
 31
0
  0
LINE
  5
8FC
330
1A
100
AcDbEntity
  8
BLACK
  6
CONTINUOUS
100
AcDbLine
 10
0.0461442519685039
 20
1.0484643307086614
 30
0
 11
0.0462658661417323
 21
1.0484976377952755
 31
0
  0
LINE
  5
8FD
330
1A
100
AcDbEntity
  8
BLACK
  6
CONTINUOUS
100
AcDbLine
 10
0.0462658661417323
 20
1.0484976377952755
 30
0
 11
0.0462829921259843
 21
1.0484919291338581
 31
0
  0
LINE
  5
8FE
330
1A
100
AcDbEntity
  8
BLACK
  6
CONTINUOUS
100
AcDbLine
 10
0.0462829921259843
 20
1.0484919291338581
 30
0
 11
0.0463216929133858
 21
1.0484996062992127
 31
0
  0
LINE
  5
8FF
330
1A
100
AcDbEntity
  8
BLACK
  6
CONTINUOUS
100
AcDbLine
 10
0.0463216929133858
 20
1.0484996062992127
 30
0
 11
0.0474465354330709
 21
1.0484996062992127
 31
0
  0
LINE
  5
900
330
1A
100
AcDbEntity
  8
BLACK
  6
CONTINUOUS
100
AcDbLine
 10
0.0474465354330709
 20
1.0484996062992127
 30
0
 11
0.0474851968503937
 21
1.0484919291338581
 31
0
  0
LINE
  5
901
330
1A
100
AcDbEntity
  8
BLACK
  6
CONTINUOUS
100
AcDbLine
 10
0.0722320866141732
 20
1.0484919291338581
 30
0
 11
0.0722492519685039
 21
1.0484976377952755
 31
0
  0
LINE
  5
902
330
1A
100
AcDbEntity
  8
BLACK
  6
CONTINUOUS
100
AcDbLine
 10
0.0722492519685039
 20
1.0484976377952755
 30
0
 11
0.0723709842519685
 21
1.0484643307086614
 31
0
  0
LINE
  5
903
330
1A
100
AcDbEntity
  8
BLACK
  6
CONTINUOUS
100
AcDbLine
 10
0.0723709842519685
 20
1.0484643307086614
 30
0
 11
0.0724947637795276
 21
1.04843968503937
 31
0
  0
LINE
  5
904
330
1A
100
AcDbEntity
  8
BLACK
  6
CONTINUOUS
100
AcDbLine
 10
0.0724947637795276
 20
1.04843968503937
 30
0
 11
0.0725075196850394
 21
1.0484269291338582
 31
0
  0
LINE
  5
905
330
1A
100
AcDbEntity
  8
BLACK
  6
CONTINUOUS
100
AcDbLine
 10
0.0725075196850394
 20
1.0484269291338582
 30
0
 11
0.0725455511811024
 21
1.048416496062992
 31
0
  0
LINE
  5
906
330
1A
100
AcDbEntity
  8
BLACK
  6
CONTINUOUS
100
AcDbLine
 10
0.0725455511811024
 20
1.048416496062992
 30
0
 11
0.0732954724409449
 21
1.0480415354330708
 31
0
  0
LINE
  5
907
330
1A
100
AcDbEntity
  8
BLACK
  6
CONTINUOUS
100
AcDbLine
 10
0.0732954724409449
 20
1.0480415354330708
 30
0
 11
0.0734192519685039
 21
1.0479454724409449
 31
0
  0
LINE
  5
908
330
1A
100
AcDbEntity
  8
BLACK
  6
CONTINUOUS
100
AcDbLine
 10
0.0734192519685039
 20
1.0479454724409449
 30
0
 11
0.0734592519685039
 21
1.047932125984252
 31
0
  0
LINE
  5
909
330
1A
100
AcDbEntity
  8
BLACK
  6
CONTINUOUS
100
AcDbLine
 10
0.0734592519685039
 20
1.047932125984252
 30
0
 11
0.073493779527559
 21
1.0478876377952755
 31
0
  0
LINE
  5
90A
330
1A
100
AcDbEntity
  8
BLACK
  6
CONTINUOUS
100
AcDbLine
 10
0.073493779527559
 20
1.0478876377952755
 30
0
 11
0.073538188976378
 21
1.0478531496062993
 31
0
  0
LINE
  5
90B
330
1A
100
AcDbEntity
  8
BLACK
  6
CONTINUOUS
100
AcDbLine
 10
0.073538188976378
 20
1.0478531496062993
 30
0
 11
0.0735514566929134
 21
1.0478133070866142
 31
0
  0
LINE
  5
90C
330
1A
100
AcDbEntity
  8
BLACK
  6
CONTINUOUS
100
AcDbLine
 10
0.0735514566929134
 20
1.0478133070866142
 30
0
 11
0.0736475984251968
 21
1.0476894094488189
 31
0
  0
LINE
  5
90D
330
1A
100
AcDbEntity
  8
BLACK
  6
CONTINUOUS
100
AcDbLine
 10
0.0736475984251968
 20
1.0476894094488189
 30
0
 11
0.0740225590551181
 21
1.0469395275590552
 31
0
  0
LINE
  5
90E
330
1A
100
AcDbEntity
  8
BLACK
  6
CONTINUOUS
100
AcDbLine
 10
0.0740225590551181
 20
1.0469395275590552
 30
0
 11
0.0740329527559055
 21
1.0469015354330709
 31
0
  0
LINE
  5
90F
330
1A
100
AcDbEntity
  8
BLACK
  6
CONTINUOUS
100
AcDbLine
 10
0.0740329527559055
 20
1.0469015354330709
 30
0
 11
0.0740457874015748
 21
1.0468887007874015
 31
0
  0
LINE
  5
910
330
1A
100
AcDbEntity
  8
BLACK
  6
CONTINUOUS
100
AcDbLine
 10
0.0740457874015748
 20
1.0468887007874015
 30
0
 11
0.0740703937007874
 21
1.0467648031496062
 31
0
  0
LINE
  5
911
330
1A
100
AcDbEntity
  8
BLACK
  6
CONTINUOUS
100
AcDbLine
 10
0.0740703937007874
 20
1.0467648031496062
 30
0
 11
0.0741037401574803
 21
1.0466431889763779
 31
0
  0
LINE
  5
912
330
1A
100
AcDbEntity
  8
BLACK
  6
CONTINUOUS
100
AcDbLine
 10
0.0741037401574803
 20
1.0466431889763779
 30
0
 11
0.0740979921259843
 21
1.046626062992126
 31
0
  0
LINE
  5
913
330
1A
100
AcDbEntity
  8
BLACK
  6
CONTINUOUS
100
AcDbLine
 10
0.0740979921259843
 20
1.046626062992126
 30
0
 11
0.0741057086614173
 21
1.0465873622047244
 31
0
  0
LINE
  5
914
330
1A
100
AcDbEntity
  8
BLACK
  6
CONTINUOUS
100
AcDbLine
 10
0.0741057086614173
 20
1.0465873622047244
 30
0
 11
0.0741057086614173
 21
1.042462874015748
 31
0
  0
LINE
  5
915
330
1A
100
AcDbEntity
  8
BLACK
  6
CONTINUOUS
100
AcDbLine
 10
0.0741057086614173
 20
1.042462874015748
 30
0
 11
0.0740457874015748
 21
1.0421615354330709
 31
0
  0
LINE
  5
916
330
1A
100
AcDbEntity
  8
BLACK
  6
CONTINUOUS
100
AcDbLine
 10
0.0740457874015748
 20
1.0421615354330709
 30
0
 11
0.0736196456692913
 21
1.0417353937007874
 31
0
  0
LINE
  5
917
330
1A
100
AcDbEntity
  8
BLACK
  6
CONTINUOUS
100
AcDbLine
 10
0.0736196456692913
 20
1.0417353937007874
 30
0
 11
0.073016968503937
 21
1.0417353937007874
 31
0
  0
LINE
  5
918
330
1A
100
AcDbEntity
  8
BLACK
  6
CONTINUOUS
100
AcDbLine
 10
0.073016968503937
 20
1.0417353937007874
 30
0
 11
0.0725908267716535
 21
1.0421615354330709
 31
0
  0
LINE
  5
919
330
1A
100
AcDbEntity
  8
BLACK
  6
CONTINUOUS
100
AcDbLine
 10
0.0725908267716535
 20
1.0421615354330709
 30
0
 11
0.072530905511811
 21
1.042462874015748
 31
0
  0
LINE
  5
91A
330
1A
100
AcDbEntity
  8
BLACK
  6
CONTINUOUS
100
AcDbLine
 10
0.072530905511811
 20
1.042462874015748
 30
0
 11
0.072530905511811
 21
1.0464014566929134
 31
0
  0
LINE
  5
91B
330
1A
100
AcDbEntity
  8
BLACK
  6
CONTINUOUS
100
AcDbLine
 10
0.072530905511811
 20
1.0464014566929134
 30
0
 11
0.0723564566929134
 21
1.0467503543307086
 31
0
  0
LINE
  5
91C
330
1A
100
AcDbEntity
  8
BLACK
  6
CONTINUOUS
100
AcDbLine
 10
0.0723564566929134
 20
1.0467503543307086
 30
0
 11
0.0720075196850394
 21
1.0469248031496063
 31
0
  0
LINE
  5
91D
330
1A
100
AcDbEntity
  8
BLACK
  6
CONTINUOUS
100
AcDbLine
 10
0.0720075196850394
 20
1.0469248031496063
 30
0
 11
0.0712544881889764
 21
1.0469248031496063
 31
0
  0
LINE
  5
91E
330
1A
100
AcDbEntity
  8
BLACK
  6
CONTINUOUS
100
AcDbLine
 10
0.0712544881889764
 20
1.0469248031496063
 30
0
 11
0.0707851181102362
 21
1.0466901181102362
 31
0
  0
LINE
  5
91F
330
1A
100
AcDbEntity
  8
BLACK
  6
CONTINUOUS
100
AcDbLine
 10
0.0707851181102362
 20
1.0466901181102362
 30
0
 11
0.0707311417322835
 21
1.0466361417322834
 31
0
  0
LINE
  5
920
330
1A
100
AcDbEntity
  8
BLACK
  6
CONTINUOUS
100
AcDbLine
 10
0.0707311417322835
 20
1.0466361417322834
 30
0
 11
0.0707311417322835
 21
1.042462874015748
 31
0
  0
LINE
  5
921
330
1A
100
AcDbEntity
  8
BLACK
  6
CONTINUOUS
100
AcDbLine
 10
0.0707311417322835
 20
1.042462874015748
 30
0
 11
0.0706712204724409
 21
1.0421615354330709
 31
0
  0
LINE
  5
922
330
1A
100
AcDbEntity
  8
BLACK
  6
CONTINUOUS
100
AcDbLine
 10
0.0706712204724409
 20
1.0421615354330709
 30
0
 11
0.0702450787401575
 21
1.0417353937007874
 31
0
  0
LINE
  5
923
330
1A
100
AcDbEntity
  8
BLACK
  6
CONTINUOUS
100
AcDbLine
 10
0.0702450787401575
 20
1.0417353937007874
 30
0
 11
0.0696424015748031
 21
1.0417353937007874
 31
0
  0
LINE
  5
924
330
1A
100
AcDbEntity
  8
BLACK
  6
CONTINUOUS
100
AcDbLine
 10
0.0696424015748031
 20
1.0417353937007874
 30
0
 11
0.0692162598425197
 21
1.0421615354330709
 31
0
  0
LINE
  5
925
330
1A
100
AcDbEntity
  8
BLACK
  6
CONTINUOUS
100
AcDbLine
 10
0.0692162598425197
 20
1.0421615354330709
 30
0
 11
0.0691563385826772
 21
1.042462874015748
 31
0
  0
LINE
  5
926
330
1A
100
AcDbEntity
  8
BLACK
  6
CONTINUOUS
100
AcDbLine
 10
0.0691563385826772
 20
1.042462874015748
 30
0
 11
0.0691563385826772
 21
1.0477122047244094
 31
0
  0
LINE
  5
927
330
1A
100
AcDbEntity
  8
BLACK
  6
CONTINUOUS
100
AcDbLine
 10
0.0691563385826772
 20
1.0477122047244094
 30
0
 11
0.0692162598425197
 21
1.0480135433070865
 31
0
  0
LINE
  5
928
330
1A
100
AcDbEntity
  8
BLACK
  6
CONTINUOUS
100
AcDbLine
 10
0.0692162598425197
 20
1.0480135433070865
 30
0
 11
0.0696424015748031
 21
1.04843968503937
 31
0
  0
LINE
  5
929
330
1A
100
AcDbEntity
  8
BLACK
  6
CONTINUOUS
100
AcDbLine
 10
0.0696424015748031
 20
1.04843968503937
 30
0
 11
0.0702450787401575
 21
1.04843968503937
 31
0
  0
LINE
  5
92A
330
1A
100
AcDbEntity
  8
BLACK
  6
CONTINUOUS
100
AcDbLine
 10
0.0702450787401575
 20
1.04843968503937
 30
0
 11
0.0704176377952756
 21
1.048267125984252
 31
0
  0
LINE
  5
92B
330
1A
100
AcDbEntity
  8
BLACK
  6
CONTINUOUS
100
AcDbLine
 10
0.0704176377952756
 20
1.048267125984252
 30
0
 11
0.0707164173228346
 21
1.0484164566929133
 31
0
  0
LINE
  5
92C
330
1A
100
AcDbEntity
  8
BLACK
  6
CONTINUOUS
100
AcDbLine
 10
0.0707164173228346
 20
1.0484164566929133
 30
0
 11
0.0707544094488189
 21
1.0484268897637794
 31
0
  0
LINE
  5
92D
330
1A
100
AcDbEntity
  8
BLACK
  6
CONTINUOUS
100
AcDbLine
 10
0.0707544094488189
 20
1.0484268897637794
 30
0
 11
0.0707672440944882
 21
1.04843968503937
 31
0
  0
LINE
  5
92E
330
1A
100
AcDbEntity
  8
BLACK
  6
CONTINUOUS
100
AcDbLine
 10
0.0707672440944882
 20
1.04843968503937
 30
0
 11
0.0708911417322835
 21
1.0484643307086614
 31
0
  0
LINE
  5
92F
330
1A
100
AcDbEntity
  8
BLACK
  6
CONTINUOUS
100
AcDbLine
 10
0.0708911417322835
 20
1.0484643307086614
 30
0
 11
0.0710127559055118
 21
1.0484976377952755
 31
0
  0
LINE
  5
930
330
1A
100
AcDbEntity
  8
BLACK
  6
CONTINUOUS
100
AcDbLine
 10
0.0710127559055118
 20
1.0484976377952755
 30
0
 11
0.0710298818897638
 21
1.0484919291338581
 31
0
  0
LINE
  5
931
330
1A
100
AcDbEntity
  8
BLACK
  6
CONTINUOUS
100
AcDbLine
 10
0.0710298818897638
 20
1.0484919291338581
 30
0
 11
0.0710685826771654
 21
1.0484996062992127
 31
0
  0
LINE
  5
932
330
1A
100
AcDbEntity
  8
BLACK
  6
CONTINUOUS
100
AcDbLine
 10
0.0710685826771654
 20
1.0484996062992127
 30
0
 11
0.0721934251968504
 21
1.0484996062992127
 31
0
  0
LINE
  5
933
330
1A
100
AcDbEntity
  8
BLACK
  6
CONTINUOUS
100
AcDbLine
 10
0.0721934251968504
 20
1.0484996062992127
 30
0
 11
0.0722320866141732
 21
1.0484919291338581
 31
0
  0
LINE
  5
934
330
1A
100
AcDbEntity
  8
BLACK
  6
CONTINUOUS
100
AcDbLine
 10
0.0861053543307087
 20
1.0484919291338581
 30
0
 11
0.0861225196850394
 21
1.0484976377952755
 31
0
  0
LINE
  5
935
330
1A
100
AcDbEntity
  8
BLACK
  6
CONTINUOUS
100
AcDbLine
 10
0.0861225196850394
 20
1.0484976377952755
 30
0
 11
0.0862442519685039
 21
1.0484643307086614
 31
0
  0
LINE
  5
936
330
1A
100
AcDbEntity
  8
BLACK
  6
CONTINUOUS
100
AcDbLine
 10
0.0862442519685039
 20
1.0484643307086614
 30
0
 11
0.086368031496063
 21
1.04843968503937
 31
0
  0
LINE
  5
937
330
1A
100
AcDbEntity
  8
BLACK
  6
CONTINUOUS
100
AcDbLine
 10
0.086368031496063
 20
1.04843968503937
 30
0
 11
0.0863807874015748
 21
1.0484269291338582
 31
0
  0
LINE
  5
938
330
1A
100
AcDbEntity
  8
BLACK
  6
CONTINUOUS
100
AcDbLine
 10
0.0863807874015748
 20
1.0484269291338582
 30
0
 11
0.0864188188976378
 21
1.048416496062992
 31
0
  0
LINE
  5
939
330
1A
100
AcDbEntity
  8
BLACK
  6
CONTINUOUS
100
AcDbLine
 10
0.0864188188976378
 20
1.048416496062992
 30
0
 11
0.0871687401574803
 21
1.0480415354330708
 31
0
  0
LINE
  5
93A
330
1A
100
AcDbEntity
  8
BLACK
  6
CONTINUOUS
100
AcDbLine
 10
0.0871687401574803
 20
1.0480415354330708
 30
0
 11
0.0872925196850394
 21
1.0479454724409449
 31
0
  0
LINE
  5
93B
330
1A
100
AcDbEntity
  8
BLACK
  6
CONTINUOUS
100
AcDbLine
 10
0.0872925196850394
 20
1.0479454724409449
 30
0
 11
0.0873325196850394
 21
1.047932125984252
 31
0
  0
LINE
  5
93C
330
1A
100
AcDbEntity
  8
BLACK
  6
CONTINUOUS
100
AcDbLine
 10
0.0873325196850394
 20
1.047932125984252
 30
0
 11
0.0873670472440945
 21
1.0478876377952755
 31
0
  0
LINE
  5
93D
330
1A
100
AcDbEntity
  8
BLACK
  6
CONTINUOUS
100
AcDbLine
 10
0.0873670472440945
 20
1.0478876377952755
 30
0
 11
0.0874114566929134
 21
1.0478531496062993
 31
0
  0
LINE
  5
93E
330
1A
100
AcDbEntity
  8
BLACK
  6
CONTINUOUS
100
AcDbLine
 10
0.0874114566929134
 20
1.0478531496062993
 30
0
 11
0.0874247244094488
 21
1.0478133070866142
 31
0
  0
LINE
  5
93F
330
1A
100
AcDbEntity
  8
BLACK
  6
CONTINUOUS
100
AcDbLine
 10
0.0874247244094488
 20
1.0478133070866142
 30
0
 11
0.0875208661417323
 21
1.0476894094488189
 31
0
  0
LINE
  5
940
330
1A
100
AcDbEntity
  8
BLACK
  6
CONTINUOUS
100
AcDbLine
 10
0.0875208661417323
 20
1.0476894094488189
 30
0
 11
0.0878958267716535
 21
1.0469395275590552
 31
0
  0
LINE
  5
941
330
1A
100
AcDbEntity
  8
BLACK
  6
CONTINUOUS
100
AcDbLine
 10
0.0878958267716535
 20
1.0469395275590552
 30
0
 11
0.0879062204724409
 21
1.0469015354330709
 31
0
  0
LINE
  5
942
330
1A
100
AcDbEntity
  8
BLACK
  6
CONTINUOUS
100
AcDbLine
 10
0.0879062204724409
 20
1.0469015354330709
 30
0
 11
0.0879190551181102
 21
1.0468887007874015
 31
0
  0
LINE
  5
943
330
1A
100
AcDbEntity
  8
BLACK
  6
CONTINUOUS
100
AcDbLine
 10
0.0879190551181102
 20
1.0468887007874015
 30
0
 11
0.0879436614173228
 21
1.0467648031496062
 31
0
  0
LINE
  5
944
330
1A
100
AcDbEntity
  8
BLACK
  6
CONTINUOUS
100
AcDbLine
 10
0.0879436614173228
 20
1.0467648031496062
 30
0
 11
0.0879770078740157
 21
1.0466431889763779
 31
0
  0
LINE
  5
945
330
1A
100
AcDbEntity
  8
BLACK
  6
CONTINUOUS
100
AcDbLine
 10
0.0879770078740157
 20
1.0466431889763779
 30
0
 11
0.0879712598425197
 21
1.046626062992126
 31
0
  0
LINE
  5
946
330
1A
100
AcDbEntity
  8
BLACK
  6
CONTINUOUS
100
AcDbLine
 10
0.0879712598425197
 20
1.046626062992126
 30
0
 11
0.0879789763779528
 21
1.0465873622047244
 31
0
  0
LINE
  5
947
330
1A
100
AcDbEntity
  8
BLACK
  6
CONTINUOUS
100
AcDbLine
 10
0.0879789763779528
 20
1.0465873622047244
 30
0
 11
0.0879789763779528
 21
1.042462874015748
 31
0
  0
LINE
  5
948
330
1A
100
AcDbEntity
  8
BLACK
  6
CONTINUOUS
100
AcDbLine
 10
0.0879789763779528
 20
1.042462874015748
 30
0
 11
0.0879190551181102
 21
1.0421615354330709
 31
0
  0
LINE
  5
949
330
1A
100
AcDbEntity
  8
BLACK
  6
CONTINUOUS
100
AcDbLine
 10
0.0879190551181102
 20
1.0421615354330709
 30
0
 11
0.0874929133858268
 21
1.0417353937007874
 31
0
  0
LINE
  5
94A
330
1A
100
AcDbEntity
  8
BLACK
  6
CONTINUOUS
100
AcDbLine
 10
0.0874929133858268
 20
1.0417353937007874
 30
0
 11
0.0868902362204724
 21
1.0417353937007874
 31
0
  0
LINE
  5
94B
330
1A
100
AcDbEntity
  8
BLACK
  6
CONTINUOUS
100
AcDbLine
 10
0.0868902362204724
 20
1.0417353937007874
 30
0
 11
0.086464094488189
 21
1.0421615354330709
 31
0
  0
LINE
  5
94C
330
1A
100
AcDbEntity
  8
BLACK
  6
CONTINUOUS
100
AcDbLine
 10
0.086464094488189
 20
1.0421615354330709
 30
0
 11
0.0864041732283465
 21
1.042462874015748
 31
0
  0
LINE
  5
94D
330
1A
100
AcDbEntity
  8
BLACK
  6
CONTINUOUS
100
AcDbLine
 10
0.0864041732283465
 20
1.042462874015748
 30
0
 11
0.0864041732283465
 21
1.0464014566929134
 31
0
  0
LINE
  5
94E
330
1A
100
AcDbEntity
  8
BLACK
  6
CONTINUOUS
100
AcDbLine
 10
0.0864041732283465
 20
1.0464014566929134
 30
0
 11
0.0862297244094488
 21
1.0467503543307086
 31
0
  0
LINE
  5
94F
330
1A
100
AcDbEntity
  8
BLACK
  6
CONTINUOUS
100
AcDbLine
 10
0.0862297244094488
 20
1.0467503543307086
 30
0
 11
0.0858807874015748
 21
1.0469248031496063
 31
0
  0
LINE
  5
950
330
1A
100
AcDbEntity
  8
BLACK
  6
CONTINUOUS
100
AcDbLine
 10
0.0858807874015748
 20
1.0469248031496063
 30
0
 11
0.0851277559055118
 21
1.0469248031496063
 31
0
  0
LINE
  5
951
330
1A
100
AcDbEntity
  8
BLACK
  6
CONTINUOUS
100
AcDbLine
 10
0.0851277559055118
 20
1.0469248031496063
 30
0
 11
0.0846583858267717
 21
1.0466901181102362
 31
0
  0
LINE
  5
952
330
1A
100
AcDbEntity
  8
BLACK
  6
CONTINUOUS
100
AcDbLine
 10
0.0846583858267717
 20
1.0466901181102362
 30
0
 11
0.0846044094488189
 21
1.0466361417322834
 31
0
  0
LINE
  5
953
330
1A
100
AcDbEntity
  8
BLACK
  6
CONTINUOUS
100
AcDbLine
 10
0.0846044094488189
 20
1.0466361417322834
 30
0
 11
0.0846044094488189
 21
1.042462874015748
 31
0
  0
LINE
  5
954
330
1A
100
AcDbEntity
  8
BLACK
  6
CONTINUOUS
100
AcDbLine
 10
0.0846044094488189
 20
1.042462874015748
 30
0
 11
0.0845444881889764
 21
1.0421615354330709
 31
0
  0
LINE
  5
955
330
1A
100
AcDbEntity
  8
BLACK
  6
CONTINUOUS
100
AcDbLine
 10
0.0845444881889764
 20
1.0421615354330709
 30
0
 11
0.0841183464566929
 21
1.0417353937007874
 31
0
  0
LINE
  5
956
330
1A
100
AcDbEntity
  8
BLACK
  6
CONTINUOUS
100
AcDbLine
 10
0.0841183464566929
 20
1.0417353937007874
 30
0
 11
0.0835156692913386
 21
1.0417353937007874
 31
0
  0
LINE
  5
957
330
1A
100
AcDbEntity
  8
BLACK
  6
CONTINUOUS
100
AcDbLine
 10
0.0835156692913386
 20
1.0417353937007874
 30
0
 11
0.0830895275590551
 21
1.0421615354330709
 31
0
  0
LINE
  5
958
330
1A
100
AcDbEntity
  8
BLACK
  6
CONTINUOUS
100
AcDbLine
 10
0.0830895275590551
 20
1.0421615354330709
 30
0
 11
0.0830296062992126
 21
1.042462874015748
 31
0
  0
LINE
  5
959
330
1A
100
AcDbEntity
  8
BLACK
  6
CONTINUOUS
100
AcDbLine
 10
0.0830296062992126
 20
1.042462874015748
 30
0
 11
0.0830296062992126
 21
1.0477122047244094
 31
0
  0
LINE
  5
95A
330
1A
100
AcDbEntity
  8
BLACK
  6
CONTINUOUS
100
AcDbLine
 10
0.0830296062992126
 20
1.0477122047244094
 30
0
 11
0.0830895275590551
 21
1.0480135433070865
 31
0
  0
LINE
  5
95B
330
1A
100
AcDbEntity
  8
BLACK
  6
CONTINUOUS
100
AcDbLine
 10
0.0830895275590551
 20
1.0480135433070865
 30
0
 11
0.0835156692913386
 21
1.04843968503937
 31
0
  0
LINE
  5
95C
330
1A
100
AcDbEntity
  8
BLACK
  6
CONTINUOUS
100
AcDbLine
 10
0.0835156692913386
 20
1.04843968503937
 30
0
 11
0.0841183464566929
 21
1.04843968503937
 31
0
  0
LINE
  5
95D
330
1A
100
AcDbEntity
  8
BLACK
  6
CONTINUOUS
100
AcDbLine
 10
0.0841183464566929
 20
1.04843968503937
 30
0
 11
0.084290905511811
 21
1.048267125984252
 31
0
  0
LINE
  5
95E
330
1A
100
AcDbEntity
  8
BLACK
  6
CONTINUOUS
100
AcDbLine
 10
0.084290905511811
 20
1.048267125984252
 30
0
 11
0.0845896850393701
 21
1.0484164566929133
 31
0
  0
LINE
  5
95F
330
1A
100
AcDbEntity
  8
BLACK
  6
CONTINUOUS
100
AcDbLine
 10
0.0845896850393701
 20
1.0484164566929133
 30
0
 11
0.0846276771653543
 21
1.0484268897637794
 31
0
  0
LINE
  5
960
330
1A
100
AcDbEntity
  8
BLACK
  6
CONTINUOUS
100
AcDbLine
 10
0.0846276771653543
 20
1.0484268897637794
 30
0
 11
0.0846405118110236
 21
1.04843968503937
 31
0
  0
LINE
  5
961
330
1A
100
AcDbEntity
  8
BLACK
  6
CONTINUOUS
100
AcDbLine
 10
0.0846405118110236
 20
1.04843968503937
 30
0
 11
0.0847644094488189
 21
1.0484643307086614
 31
0
  0
LINE
  5
962
330
1A
100
AcDbEntity
  8
BLACK
  6
CONTINUOUS
100
AcDbLine
 10
0.0847644094488189
 20
1.0484643307086614
 30
0
 11
0.0848860236220472
 21
1.0484976377952755
 31
0
  0
LINE
  5
963
330
1A
100
AcDbEntity
  8
BLACK
  6
CONTINUOUS
100
AcDbLine
 10
0.0848860236220472
 20
1.0484976377952755
 30
0
 11
0.0849031496062992
 21
1.0484919291338581
 31
0
  0
LINE
  5
964
330
1A
100
AcDbEntity
  8
BLACK
  6
CONTINUOUS
100
AcDbLine
 10
0.0849031496062992
 20
1.0484919291338581
 30
0
 11
0.0849418503937008
 21
1.0484996062992127
 31
0
  0
LINE
  5
965
330
1A
100
AcDbEntity
  8
BLACK
  6
CONTINUOUS
100
AcDbLine
 10
0.0849418503937008
 20
1.0484996062992127
 30
0
 11
0.0860666929133858
 21
1.0484996062992127
 31
0
  0
LINE
  5
966
330
1A
100
AcDbEntity
  8
BLACK
  6
CONTINUOUS
100
AcDbLine
 10
0.0860666929133858
 20
1.0484996062992127
 30
0
 11
0.0861053543307087
 21
1.0484919291338581
 31
0
  0
LINE
  5
967
330
1A
100
AcDbEntity
  8
BLACK
  6
CONTINUOUS
100
AcDbLine
 10
-1.4815470078740156
 20
1.2784228740157479
 30
0
 11
-1.4805556299212599
 21
1.2778359055118109
 31
0
  0
LINE
  5
968
330
1A
100
AcDbEntity
  8
BLACK
  6
CONTINUOUS
100
AcDbLine
 10
-1.4805556299212599
 20
1.2778359055118109
 30
0
 11
-1.4798643307086614
 21
1.2769142125984252
 31
0
  0
LINE
  5
969
330
1A
100
AcDbEntity
  8
BLACK
  6
CONTINUOUS
100
AcDbLine
 10
-1.4798643307086614
 20
1.2769142125984252
 30
0
 11
-1.4795784251968505
 21
1.2757981496062991
 31
0
  0
LINE
  5
96A
330
1A
100
AcDbEntity
  8
BLACK
  6
CONTINUOUS
100
AcDbLine
 10
-1.4795784251968505
 20
1.2757981496062991
 30
0
 11
-1.4797413385826772
 21
1.2746576377952756
 31
0
  0
LINE
  5
96B
330
1A
100
AcDbEntity
  8
BLACK
  6
CONTINUOUS
100
AcDbLine
 10
-1.4797413385826772
 20
1.2746576377952756
 30
0
 11
-1.480328346456693
 21
1.2736662598425197
 31
0
  0
LINE
  5
96C
330
1A
100
AcDbEntity
  8
BLACK
  6
CONTINUOUS
100
AcDbLine
 10
-1.480328346456693
 20
1.2736662598425197
 30
0
 11
-1.4807551574803148
 21
1.2732752362204725
 31
0
  0
LINE
  5
96D
330
1A
100
AcDbEntity
  8
BLACK
  6
CONTINUOUS
100
AcDbLine
 10
-1.4807551574803148
 20
1.2732752362204725
 30
0
 11
-1.5005287401574803
 21
1.2584451181102363
 31
0
  0
LINE
  5
96E
330
1A
100
AcDbEntity
  8
BLACK
  6
CONTINUOUS
100
AcDbLine
 10
-1.5005287401574803
 20
1.2584451181102363
 30
0
 11
-1.498176653543307
 21
1.256093031496063
 31
0
  0
LINE
  5
96F
330
1A
100
AcDbEntity
  8
BLACK
  6
CONTINUOUS
100
AcDbLine
 10
-1.498176653543307
 20
1.256093031496063
 30
0
 11
-1.482526811023622
 21
1.256093031496063
 31
0
  0
LINE
  5
970
330
1A
100
AcDbEntity
  8
BLACK
  6
CONTINUOUS
100
AcDbLine
 10
-1.482526811023622
 20
1.256093031496063
 30
0
 11
-1.481950748031496
 21
1.2560362992125984
 31
0
  0
LINE
  5
971
330
1A
100
AcDbEntity
  8
BLACK
  6
CONTINUOUS
100
AcDbLine
 10
-1.481950748031496
 20
1.2560362992125984
 30
0
 11
-1.4808863385826772
 21
1.2555953937007873
 31
0
  0
LINE
  5
972
330
1A
100
AcDbEntity
  8
BLACK
  6
CONTINUOUS
100
AcDbLine
 10
-1.4808863385826772
 20
1.2555953937007873
 30
0
 11
-1.4800716929133857
 21
1.2547807480314961
 31
0
  0
LINE
  5
973
330
1A
100
AcDbEntity
  8
BLACK
  6
CONTINUOUS
100
AcDbLine
 10
-1.4800716929133857
 20
1.2547807480314961
 30
0
 11
-1.4796307874015748
 21
1.2537163385826771
 31
0
  0
LINE
  5
974
330
1A
100
AcDbEntity
  8
BLACK
  6
CONTINUOUS
100
AcDbLine
 10
-1.4796307874015748
 20
1.2537163385826771
 30
0
 11
-1.4796307874015748
 21
1.2525642125984251
 31
0
  0
LINE
  5
975
330
1A
100
AcDbEntity
  8
BLACK
  6
CONTINUOUS
100
AcDbLine
 10
-1.4796307874015748
 20
1.2525642125984251
 30
0
 11
-1.4800716929133857
 21
1.2514998031496063
 31
0
  0
LINE
  5
976
330
1A
100
AcDbEntity
  8
BLACK
  6
CONTINUOUS
100
AcDbLine
 10
-1.4800716929133857
 20
1.2514998031496063
 30
0
 11
-1.4808863385826772
 21
1.2506851574803148
 31
0
  0
LINE
  5
977
330
1A
100
AcDbEntity
  8
BLACK
  6
CONTINUOUS
100
AcDbLine
 10
-1.4808863385826772
 20
1.2506851574803148
 30
0
 11
-1.481950748031496
 21
1.250244251968504
 31
0
  0
LINE
  5
978
330
1A
100
AcDbEntity
  8
BLACK
  6
CONTINUOUS
100
AcDbLine
 10
-1.481950748031496
 20
1.250244251968504
 30
0
 11
-1.482526811023622
 21
1.2501875196850394
 31
0
  0
LINE
  5
979
330
1A
100
AcDbEntity
  8
BLACK
  6
CONTINUOUS
100
AcDbLine
 10
-1.482526811023622
 20
1.2501875196850394
 30
0
 11
-1.5218968897637795
 21
1.2501875196850394
 31
0
  0
LINE
  5
97A
330
1A
100
AcDbEntity
  8
BLACK
  6
CONTINUOUS
100
AcDbLine
 10
-1.5218968897637795
 20
1.2501875196850394
 30
0
 11
-1.5224729527559056
 21
1.250244251968504
 31
0
  0
LINE
  5
97B
330
1A
100
AcDbEntity
  8
BLACK
  6
CONTINUOUS
100
AcDbLine
 10
-1.5224729527559056
 20
1.250244251968504
 30
0
 11
-1.5235373622047244
 21
1.2506851574803148
 31
0
  0
LINE
  5
97C
330
1A
100
AcDbEntity
  8
BLACK
  6
CONTINUOUS
100
AcDbLine
 10
-1.5235373622047244
 20
1.2506851574803148
 30
0
 11
-1.5243520078740158
 21
1.2514998031496063
 31
0
  0
LINE
  5
97D
330
1A
100
AcDbEntity
  8
BLACK
  6
CONTINUOUS
100
AcDbLine
 10
-1.5243520078740158
 20
1.2514998031496063
 30
0
 11
-1.5247929133858267
 21
1.2525642125984251
 31
0
  0
LINE
  5
97E
330
1A
100
AcDbEntity
  8
BLACK
  6
CONTINUOUS
100
AcDbLine
 10
-1.5247929133858267
 20
1.2525642125984251
 30
0
 11
-1.5247929133858267
 21
1.2537163385826771
 31
0
  0
LINE
  5
97F
330
1A
100
AcDbEntity
  8
BLACK
  6
CONTINUOUS
100
AcDbLine
 10
-1.5247929133858267
 20
1.2537163385826771
 30
0
 11
-1.5243520078740158
 21
1.2547807480314961
 31
0
  0
LINE
  5
980
330
1A
100
AcDbEntity
  8
BLACK
  6
CONTINUOUS
100
AcDbLine
 10
-1.5243520078740158
 20
1.2547807480314961
 30
0
 11
-1.5235373622047244
 21
1.2555953937007873
 31
0
  0
LINE
  5
981
330
1A
100
AcDbEntity
  8
BLACK
  6
CONTINUOUS
100
AcDbLine
 10
-1.5235373622047244
 20
1.2555953937007873
 30
0
 11
-1.5224729527559056
 21
1.2560362992125984
 31
0
  0
LINE
  5
982
330
1A
100
AcDbEntity
  8
BLACK
  6
CONTINUOUS
100
AcDbLine
 10
-1.5224729527559056
 20
1.2560362992125984
 30
0
 11
-1.5218968897637795
 21
1.256093031496063
 31
0
  0
LINE
  5
983
330
1A
100
AcDbEntity
  8
BLACK
  6
CONTINUOUS
100
AcDbLine
 10
-1.5218968897637795
 20
1.256093031496063
 30
0
 11
-1.5065283070866142
 21
1.256093031496063
 31
0
  0
LINE
  5
984
330
1A
100
AcDbEntity
  8
BLACK
  6
CONTINUOUS
100
AcDbLine
 10
-1.5065283070866142
 20
1.256093031496063
 30
0
 11
-1.5239848031496062
 21
1.2735495275590552
 31
0
  0
LINE
  5
985
330
1A
100
AcDbEntity
  8
BLACK
  6
CONTINUOUS
100
AcDbLine
 10
-1.5239848031496062
 20
1.2735495275590552
 30
0
 11
-1.5243520078740158
 21
1.273996968503937
 31
0
  0
LINE
  5
986
330
1A
100
AcDbEntity
  8
BLACK
  6
CONTINUOUS
100
AcDbLine
 10
-1.5243520078740158
 20
1.273996968503937
 30
0
 11
-1.5247929133858267
 21
1.2750614173228345
 31
0
  0
LINE
  5
987
330
1A
100
AcDbEntity
  8
BLACK
  6
CONTINUOUS
100
AcDbLine
 10
-1.5247929133858267
 20
1.2750614173228345
 30
0
 11
-1.5247929133858267
 21
1.2762134645669292
 31
0
  0
LINE
  5
988
330
1A
100
AcDbEntity
  8
BLACK
  6
CONTINUOUS
100
AcDbLine
 10
-1.5247929133858267
 20
1.2762134645669292
 30
0
 11
-1.5243520078740158
 21
1.2772779133858267
 31
0
  0
LINE
  5
989
330
1A
100
AcDbEntity
  8
BLACK
  6
CONTINUOUS
100
AcDbLine
 10
-1.5243520078740158
 20
1.2772779133858267
 30
0
 11
-1.5235373622047244
 21
1.278092559055118
 31
0
  0
LINE
  5
98A
330
1A
100
AcDbEntity
  8
BLACK
  6
CONTINUOUS
100
AcDbLine
 10
-1.5235373622047244
 20
1.278092559055118
 30
0
 11
-1.5224729133858268
 21
1.2785334645669291
 31
0
  0
LINE
  5
98B
330
1A
100
AcDbEntity
  8
BLACK
  6
CONTINUOUS
100
AcDbLine
 10
-1.5224729133858268
 20
1.2785334645669291
 30
0
 11
-1.5213208661417323
 21
1.2785334645669291
 31
0
  0
LINE
  5
98C
330
1A
100
AcDbEntity
  8
BLACK
  6
CONTINUOUS
100
AcDbLine
 10
-1.5213208661417323
 20
1.2785334645669291
 30
0
 11
-1.5202564173228346
 21
1.278092559055118
 31
0
  0
LINE
  5
98D
330
1A
100
AcDbEntity
  8
BLACK
  6
CONTINUOUS
100
AcDbLine
 10
-1.5202564173228346
 20
1.278092559055118
 30
0
 11
-1.5198089763779528
 21
1.2777253543307086
 31
0
  0
LINE
  5
98E
330
1A
100
AcDbEntity
  8
BLACK
  6
CONTINUOUS
100
AcDbLine
 10
-1.5198089763779528
 20
1.2777253543307086
 30
0
 11
-1.504746968503937
 21
1.262663346456693
 31
0
  0
LINE
  5
98F
330
1A
100
AcDbEntity
  8
BLACK
  6
CONTINUOUS
100
AcDbLine
 10
-1.504746968503937
 20
1.262663346456693
 30
0
 11
-1.484298464566929
 21
1.2779996456692913
 31
0
  0
LINE
  5
990
330
1A
100
AcDbEntity
  8
BLACK
  6
CONTINUOUS
100
AcDbLine
 10
-1.484298464566929
 20
1.2779996456692913
 30
0
 11
-1.4838035826771654
 21
1.2782999212598425
 31
0
  0
LINE
  5
991
330
1A
100
AcDbEntity
  8
BLACK
  6
CONTINUOUS
100
AcDbLine
 10
-1.4838035826771654
 20
1.2782999212598425
 30
0
 11
-1.4826874803149606
 21
1.2785858267716534
 31
0
  0
LINE
  5
992
330
1A
100
AcDbEntity
  8
BLACK
  6
CONTINUOUS
100
AcDbLine
 10
-1.4826874803149606
 20
1.2785858267716534
 30
0
 11
-1.4815470078740156
 21
1.2784228740157479
 31
0
  0
LINE
  5
993
330
1A
100
AcDbEntity
  8
BLACK
  6
CONTINUOUS
100
AcDbLine
 10
-1.5202564173228346
 20
1.3137131102362205
 30
0
 11
-1.5194417716535433
 21
1.312898464566929
 31
0
  0
LINE
  5
994
330
1A
100
AcDbEntity
  8
BLACK
  6
CONTINUOUS
100
AcDbLine
 10
-1.5194417716535433
 20
1.312898464566929
 30
0
 11
-1.5190008661417322
 21
1.3118340551181102
 31
0
  0
LINE
  5
995
330
1A
100
AcDbEntity
  8
BLACK
  6
CONTINUOUS
100
AcDbLine
 10
-1.5190008661417322
 20
1.3118340551181102
 30
0
 11
-1.5189441338582677
 21
1.3112579921259842
 31
0
  0
LINE
  5
996
330
1A
100
AcDbEntity
  8
BLACK
  6
CONTINUOUS
100
AcDbLine
 10
-1.5189441338582677
 20
1.3112579921259842
 30
0
 11
-1.5189441338582677
 21
1.2954631102362204
 31
0
  0
LINE
  5
997
330
1A
100
AcDbEntity
  8
BLACK
  6
CONTINUOUS
100
AcDbLine
 10
-1.5189441338582677
 20
1.2954631102362204
 30
0
 11
-1.5061020078740157
 21
1.2954631102362204
 31
0
  0
LINE
  5
998
330
1A
100
AcDbEntity
  8
BLACK
  6
CONTINUOUS
100
AcDbLine
 10
-1.5061020078740157
 20
1.2954631102362204
 30
0
 11
-1.5061020078740157
 21
1.3056337007874015
 31
0
  0
LINE
  5
999
330
1A
100
AcDbEntity
  8
BLACK
  6
CONTINUOUS
100
AcDbLine
 10
-1.5061020078740157
 20
1.3056337007874015
 30
0
 11
-1.5060452755905511
 21
1.3062097637795276
 31
0
  0
LINE
  5
99A
330
1A
100
AcDbEntity
  8
BLACK
  6
CONTINUOUS
100
AcDbLine
 10
-1.5060452755905511
 20
1.3062097637795276
 30
0
 11
-1.50560437007874
 21
1.3072741732283464
 31
0
  0
LINE
  5
99B
330
1A
100
AcDbEntity
  8
BLACK
  6
CONTINUOUS
100
AcDbLine
 10
-1.50560437007874
 20
1.3072741732283464
 30
0
 11
-1.5047897244094488
 21
1.3080888188976378
 31
0
  0
LINE
  5
99C
330
1A
100
AcDbEntity
  8
BLACK
  6
CONTINUOUS
100
AcDbLine
 10
-1.5047897244094488
 20
1.3080888188976378
 30
0
 11
-1.5037253149606298
 21
1.3085297244094487
 31
0
  0
LINE
  5
99D
330
1A
100
AcDbEntity
  8
BLACK
  6
CONTINUOUS
100
AcDbLine
 10
-1.5037253149606298
 20
1.3085297244094487
 30
0
 11
-1.5025731889763778
 21
1.3085297244094487
 31
0
  0
LINE
  5
99E
330
1A
100
AcDbEntity
  8
BLACK
  6
CONTINUOUS
100
AcDbLine
 10
-1.5025731889763778
 20
1.3085297244094487
 30
0
 11
-1.501508779527559
 21
1.3080888188976378
 31
0
  0
LINE
  5
99F
330
1A
100
AcDbEntity
  8
BLACK
  6
CONTINUOUS
100
AcDbLine
 10
-1.501508779527559
 20
1.3080888188976378
 30
0
 11
-1.5006941338582678
 21
1.3072741732283464
 31
0
  0
LINE
  5
9A0
330
1A
100
AcDbEntity
  8
BLACK
  6
CONTINUOUS
100
AcDbLine
 10
-1.5006941338582678
 20
1.3072741732283464
 30
0
 11
-1.5002532283464567
 21
1.3062097637795276
 31
0
  0
LINE
  5
9A1
330
1A
100
AcDbEntity
  8
BLACK
  6
CONTINUOUS
100
AcDbLine
 10
-1.5002532283464567
 20
1.3062097637795276
 30
0
 11
-1.5001964960629921
 21
1.3056337007874015
 31
0
  0
LINE
  5
9A2
330
1A
100
AcDbEntity
  8
BLACK
  6
CONTINUOUS
100
AcDbLine
 10
-1.5001964960629921
 20
1.3056337007874015
 30
0
 11
-1.5001964960629921
 21
1.2954631102362204
 31
0
  0
LINE
  5
9A3
330
1A
100
AcDbEntity
  8
BLACK
  6
CONTINUOUS
100
AcDbLine
 10
-1.5001964960629921
 20
1.2954631102362204
 30
0
 11
-1.4854795669291339
 21
1.2954631102362204
 31
0
  0
LINE
  5
9A4
330
1A
100
AcDbEntity
  8
BLACK
  6
CONTINUOUS
100
AcDbLine
 10
-1.4854795669291339
 20
1.2954631102362204
 30
0
 11
-1.4854795669291339
 21
1.3112579921259842
 31
0
  0
LINE
  5
9A5
330
1A
100
AcDbEntity
  8
BLACK
  6
CONTINUOUS
100
AcDbLine
 10
-1.4854795669291339
 20
1.3112579921259842
 30
0
 11
-1.4854228346456693
 21
1.3118340551181102
 31
0
  0
LINE
  5
9A6
330
1A
100
AcDbEntity
  8
BLACK
  6
CONTINUOUS
100
AcDbLine
 10
-1.4854228346456693
 20
1.3118340551181102
 30
0
 11
-1.4849819291338582
 21
1.312898464566929
 31
0
  0
LINE
  5
9A7
330
1A
100
AcDbEntity
  8
BLACK
  6
CONTINUOUS
100
AcDbLine
 10
-1.4849819291338582
 20
1.312898464566929
 30
0
 11
-1.4841672834645669
 21
1.3137131102362205
 31
0
  0
LINE
  5
9A8
330
1A
100
AcDbEntity
  8
BLACK
  6
CONTINUOUS
100
AcDbLine
 10
-1.4841672834645669
 20
1.3137131102362205
 30
0
 11
-1.4831028740157479
 21
1.3141540157480314
 31
0
  0
LINE
  5
9A9
330
1A
100
AcDbEntity
  8
BLACK
  6
CONTINUOUS
100
AcDbLine
 10
-1.4831028740157479
 20
1.3141540157480314
 30
0
 11
-1.481950748031496
 21
1.3141540157480314
 31
0
  0
LINE
  5
9AA
330
1A
100
AcDbEntity
  8
BLACK
  6
CONTINUOUS
100
AcDbLine
 10
-1.481950748031496
 20
1.3141540157480314
 30
0
 11
-1.4808863385826772
 21
1.3137131102362205
 31
0
  0
LINE
  5
9AB
330
1A
100
AcDbEntity
  8
BLACK
  6
CONTINUOUS
100
AcDbLine
 10
-1.4808863385826772
 20
1.3137131102362205
 30
0
 11
-1.4800716929133857
 21
1.312898464566929
 31
0
  0
LINE
  5
9AC
330
1A
100
AcDbEntity
  8
BLACK
  6
CONTINUOUS
100
AcDbLine
 10
-1.4800716929133857
 20
1.312898464566929
 30
0
 11
-1.4796307874015748
 21
1.3118340551181102
 31
0
  0
LINE
  5
9AD
330
1A
100
AcDbEntity
  8
BLACK
  6
CONTINUOUS
100
AcDbLine
 10
-1.4796307874015748
 20
1.3118340551181102
 30
0
 11
-1.4795740551181102
 21
1.3112579921259842
 31
0
  0
LINE
  5
9AE
330
1A
100
AcDbEntity
  8
BLACK
  6
CONTINUOUS
100
AcDbLine
 10
-1.4795740551181102
 20
1.3112579921259842
 30
0
 11
-1.4795740551181102
 21
1.2925103543307086
 31
0
  0
LINE
  5
9AF
330
1A
100
AcDbEntity
  8
BLACK
  6
CONTINUOUS
100
AcDbLine
 10
-1.4795740551181102
 20
1.2925103543307086
 30
0
 11
-1.4796307874015748
 21
1.2919342913385827
 31
0
  0
LINE
  5
9B0
330
1A
100
AcDbEntity
  8
BLACK
  6
CONTINUOUS
100
AcDbLine
 10
-1.4796307874015748
 20
1.2919342913385827
 30
0
 11
-1.4800716929133857
 21
1.2908698818897637
 31
0
  0
LINE
  5
9B1
330
1A
100
AcDbEntity
  8
BLACK
  6
CONTINUOUS
100
AcDbLine
 10
-1.4800716929133857
 20
1.2908698818897637
 30
0
 11
-1.4808863385826772
 21
1.2900552362204725
 31
0
  0
LINE
  5
9B2
330
1A
100
AcDbEntity
  8
BLACK
  6
CONTINUOUS
100
AcDbLine
 10
-1.4808863385826772
 20
1.2900552362204725
 30
0
 11
-1.481950748031496
 21
1.2896143307086614
 31
0
  0
LINE
  5
9B3
330
1A
100
AcDbEntity
  8
BLACK
  6
CONTINUOUS
100
AcDbLine
 10
-1.481950748031496
 20
1.2896143307086614
 30
0
 11
-1.482526811023622
 21
1.2895575984251968
 31
0
  0
LINE
  5
9B4
330
1A
100
AcDbEntity
  8
BLACK
  6
CONTINUOUS
100
AcDbLine
 10
-1.482526811023622
 20
1.2895575984251968
 30
0
 11
-1.5218968897637795
 21
1.2895575984251968
 31
0
  0
LINE
  5
9B5
330
1A
100
AcDbEntity
  8
BLACK
  6
CONTINUOUS
100
AcDbLine
 10
-1.5218968897637795
 20
1.2895575984251968
 30
0
 11
-1.5224729527559056
 21
1.2896143307086614
 31
0
  0
LINE
  5
9B6
330
1A
100
AcDbEntity
  8
BLACK
  6
CONTINUOUS
100
AcDbLine
 10
-1.5224729527559056
 20
1.2896143307086614
 30
0
 11
-1.5235373622047244
 21
1.2900552362204725
 31
0
  0
LINE
  5
9B7
330
1A
100
AcDbEntity
  8
BLACK
  6
CONTINUOUS
100
AcDbLine
 10
-1.5235373622047244
 20
1.2900552362204725
 30
0
 11
-1.5243520078740158
 21
1.2908698818897637
 31
0
  0
LINE
  5
9B8
330
1A
100
AcDbEntity
  8
BLACK
  6
CONTINUOUS
100
AcDbLine
 10
-1.5243520078740158
 20
1.2908698818897637
 30
0
 11
-1.5247929133858267
 21
1.2919342913385827
 31
0
  0
LINE
  5
9B9
330
1A
100
AcDbEntity
  8
BLACK
  6
CONTINUOUS
100
AcDbLine
 10
-1.5247929133858267
 20
1.2919342913385827
 30
0
 11
-1.5248496456692913
 21
1.2925103543307086
 31
0
  0
LINE
  5
9BA
330
1A
100
AcDbEntity
  8
BLACK
  6
CONTINUOUS
100
AcDbLine
 10
-1.5248496456692913
 20
1.2925103543307086
 30
0
 11
-1.5248496456692913
 21
1.3112579921259842
 31
0
  0
LINE
  5
9BB
330
1A
100
AcDbEntity
  8
BLACK
  6
CONTINUOUS
100
AcDbLine
 10
-1.5248496456692913
 20
1.3112579921259842
 30
0
 11
-1.5247929133858267
 21
1.3118340551181102
 31
0
  0
LINE
  5
9BC
330
1A
100
AcDbEntity
  8
BLACK
  6
CONTINUOUS
100
AcDbLine
 10
-1.5247929133858267
 20
1.3118340551181102
 30
0
 11
-1.5243520078740158
 21
1.312898464566929
 31
0
  0
LINE
  5
9BD
330
1A
100
AcDbEntity
  8
BLACK
  6
CONTINUOUS
100
AcDbLine
 10
-1.5243520078740158
 20
1.312898464566929
 30
0
 11
-1.5235373622047244
 21
1.3137131102362205
 31
0
  0
LINE
  5
9BE
330
1A
100
AcDbEntity
  8
BLACK
  6
CONTINUOUS
100
AcDbLine
 10
-1.5235373622047244
 20
1.3137131102362205
 30
0
 11
-1.5224729527559056
 21
1.3141540157480314
 31
0
  0
LINE
  5
9BF
330
1A
100
AcDbEntity
  8
BLACK
  6
CONTINUOUS
100
AcDbLine
 10
-1.5224729527559056
 20
1.3141540157480314
 30
0
 11
-1.5213208267716536
 21
1.3141540157480314
 31
0
  0
LINE
  5
9C0
330
1A
100
AcDbEntity
  8
BLACK
  6
CONTINUOUS
100
AcDbLine
 10
-1.5213208267716536
 20
1.3141540157480314
 30
0
 11
-1.5202564173228346
 21
1.3137131102362205
 31
0
  0
LINE
  5
9C1
330
1A
100
AcDbEntity
  8
BLACK
  6
CONTINUOUS
100
AcDbLine
 10
-1.5202564173228346
 20
1.3493336614173228
 30
0
 11
-1.5194417716535433
 21
1.3485190157480316
 31
0
  0
LINE
  5
9C2
330
1A
100
AcDbEntity
  8
BLACK
  6
CONTINUOUS
100
AcDbLine
 10
-1.5194417716535433
 20
1.3485190157480316
 30
0
 11
-1.5190008661417322
 21
1.3474546062992125
 31
0
  0
LINE
  5
9C3
330
1A
100
AcDbEntity
  8
BLACK
  6
CONTINUOUS
100
AcDbLine
 10
-1.5190008661417322
 20
1.3474546062992125
 30
0
 11
-1.5189441338582677
 21
1.3468785433070867
 31
0
  0
LINE
  5
9C4
330
1A
100
AcDbEntity
  8
BLACK
  6
CONTINUOUS
100
AcDbLine
 10
-1.5189441338582677
 20
1.3468785433070867
 30
0
 11
-1.5189441338582677
 21
1.3310836614173227
 31
0
  0
LINE
  5
9C5
330
1A
100
AcDbEntity
  8
BLACK
  6
CONTINUOUS
100
AcDbLine
 10
-1.5189441338582677
 20
1.3310836614173227
 30
0
 11
-1.5061020078740157
 21
1.3310836614173227
 31
0
  0
LINE
  5
9C6
330
1A
100
AcDbEntity
  8
BLACK
  6
CONTINUOUS
100
AcDbLine
 10
-1.5061020078740157
 20
1.3310836614173227
 30
0
 11
-1.5061020078740157
 21
1.341254251968504
 31
0
  0
LINE
  5
9C7
330
1A
100
AcDbEntity
  8
BLACK
  6
CONTINUOUS
100
AcDbLine
 10
-1.5061020078740157
 20
1.341254251968504
 30
0
 11
-1.5060452755905511
 21
1.3418303149606299
 31
0
  0
LINE
  5
9C8
330
1A
100
AcDbEntity
  8
BLACK
  6
CONTINUOUS
100
AcDbLine
 10
-1.5060452755905511
 20
1.3418303149606299
 30
0
 11
-1.50560437007874
 21
1.3428947244094487
 31
0
  0
LINE
  5
9C9
330
1A
100
AcDbEntity
  8
BLACK
  6
CONTINUOUS
100
AcDbLine
 10
-1.50560437007874
 20
1.3428947244094487
 30
0
 11
-1.5047897244094488
 21
1.3437093700787401
 31
0
  0
LINE
  5
9CA
330
1A
100
AcDbEntity
  8
BLACK
  6
CONTINUOUS
100
AcDbLine
 10
-1.5047897244094488
 20
1.3437093700787401
 30
0
 11
-1.5037253149606298
 21
1.3441502755905512
 31
0
  0
LINE
  5
9CB
330
1A
100
AcDbEntity
  8
BLACK
  6
CONTINUOUS
100
AcDbLine
 10
-1.5037253149606298
 20
1.3441502755905512
 30
0
 11
-1.5025731889763778
 21
1.3441502755905512
 31
0
  0
LINE
  5
9CC
330
1A
100
AcDbEntity
  8
BLACK
  6
CONTINUOUS
100
AcDbLine
 10
-1.5025731889763778
 20
1.3441502755905512
 30
0
 11
-1.501508779527559
 21
1.3437093700787401
 31
0
  0
LINE
  5
9CD
330
1A
100
AcDbEntity
  8
BLACK
  6
CONTINUOUS
100
AcDbLine
 10
-1.501508779527559
 20
1.3437093700787401
 30
0
 11
-1.5006941338582678
 21
1.3428947244094487
 31
0
  0
LINE
  5
9CE
330
1A
100
AcDbEntity
  8
BLACK
  6
CONTINUOUS
100
AcDbLine
 10
-1.5006941338582678
 20
1.3428947244094487
 30
0
 11
-1.5002532283464567
 21
1.3418303149606299
 31
0
  0
LINE
  5
9CF
330
1A
100
AcDbEntity
  8
BLACK
  6
CONTINUOUS
100
AcDbLine
 10
-1.5002532283464567
 20
1.3418303149606299
 30
0
 11
-1.5001964960629921
 21
1.341254251968504
 31
0
  0
LINE
  5
9D0
330
1A
100
AcDbEntity
  8
BLACK
  6
CONTINUOUS
100
AcDbLine
 10
-1.5001964960629921
 20
1.341254251968504
 30
0
 11
-1.5001964960629921
 21
1.3310836614173227
 31
0
  0
LINE
  5
9D1
330
1A
100
AcDbEntity
  8
BLACK
  6
CONTINUOUS
100
AcDbLine
 10
-1.5001964960629921
 20
1.3310836614173227
 30
0
 11
-1.4854795669291339
 21
1.3310836614173227
 31
0
  0
LINE
  5
9D2
330
1A
100
AcDbEntity
  8
BLACK
  6
CONTINUOUS
100
AcDbLine
 10
-1.4854795669291339
 20
1.3310836614173227
 30
0
 11
-1.4854795669291339
 21
1.3468785433070867
 31
0
  0
LINE
  5
9D3
330
1A
100
AcDbEntity
  8
BLACK
  6
CONTINUOUS
100
AcDbLine
 10
-1.4854795669291339
 20
1.3468785433070867
 30
0
 11
-1.4854228346456693
 21
1.3474546062992125
 31
0
  0
LINE
  5
9D4
330
1A
100
AcDbEntity
  8
BLACK
  6
CONTINUOUS
100
AcDbLine
 10
-1.4854228346456693
 20
1.3474546062992125
 30
0
 11
-1.4849819291338582
 21
1.3485190157480316
 31
0
  0
LINE
  5
9D5
330
1A
100
AcDbEntity
  8
BLACK
  6
CONTINUOUS
100
AcDbLine
 10
-1.4849819291338582
 20
1.3485190157480316
 30
0
 11
-1.4841672834645669
 21
1.3493336614173228
 31
0
  0
LINE
  5
9D6
330
1A
100
AcDbEntity
  8
BLACK
  6
CONTINUOUS
100
AcDbLine
 10
-1.4841672834645669
 20
1.3493336614173228
 30
0
 11
-1.4831028740157479
 21
1.3497745669291339
 31
0
  0
LINE
  5
9D7
330
1A
100
AcDbEntity
  8
BLACK
  6
CONTINUOUS
100
AcDbLine
 10
-1.4831028740157479
 20
1.3497745669291339
 30
0
 11
-1.481950748031496
 21
1.3497745669291339
 31
0
  0
LINE
  5
9D8
330
1A
100
AcDbEntity
  8
BLACK
  6
CONTINUOUS
100
AcDbLine
 10
-1.481950748031496
 20
1.3497745669291339
 30
0
 11
-1.4808863385826772
 21
1.3493336614173228
 31
0
  0
LINE
  5
9D9
330
1A
100
AcDbEntity
  8
BLACK
  6
CONTINUOUS
100
AcDbLine
 10
-1.4808863385826772
 20
1.3493336614173228
 30
0
 11
-1.4800716929133857
 21
1.3485190157480316
 31
0
  0
LINE
  5
9DA
330
1A
100
AcDbEntity
  8
BLACK
  6
CONTINUOUS
100
AcDbLine
 10
-1.4800716929133857
 20
1.3485190157480316
 30
0
 11
-1.4796307874015748
 21
1.3474546062992125
 31
0
  0
LINE
  5
9DB
330
1A
100
AcDbEntity
  8
BLACK
  6
CONTINUOUS
100
AcDbLine
 10
-1.4796307874015748
 20
1.3474546062992125
 30
0
 11
-1.4795740551181102
 21
1.3468785433070867
 31
0
  0
LINE
  5
9DC
330
1A
100
AcDbEntity
  8
BLACK
  6
CONTINUOUS
100
AcDbLine
 10
-1.4795740551181102
 20
1.3468785433070867
 30
0
 11
-1.4795740551181102
 21
1.3281309055118109
 31
0
  0
LINE
  5
9DD
330
1A
100
AcDbEntity
  8
BLACK
  6
CONTINUOUS
100
AcDbLine
 10
-1.4795740551181102
 20
1.3281309055118109
 30
0
 11
-1.4796307874015748
 21
1.327554842519685
 31
0
  0
LINE
  5
9DE
330
1A
100
AcDbEntity
  8
BLACK
  6
CONTINUOUS
100
AcDbLine
 10
-1.4796307874015748
 20
1.327554842519685
 30
0
 11
-1.4800716929133857
 21
1.326490433070866
 31
0
  0
LINE
  5
9DF
330
1A
100
AcDbEntity
  8
BLACK
  6
CONTINUOUS
100
AcDbLine
 10
-1.4800716929133857
 20
1.326490433070866
 30
0
 11
-1.4808863385826772
 21
1.3256757874015748
 31
0
  0
LINE
  5
9E0
330
1A
100
AcDbEntity
  8
BLACK
  6
CONTINUOUS
100
AcDbLine
 10
-1.4808863385826772
 20
1.3256757874015748
 30
0
 11
-1.481950748031496
 21
1.3252348818897637
 31
0
  0
LINE
  5
9E1
330
1A
100
AcDbEntity
  8
BLACK
  6
CONTINUOUS
100
AcDbLine
 10
-1.481950748031496
 20
1.3252348818897637
 30
0
 11
-1.482526811023622
 21
1.3251781496062991
 31
0
  0
LINE
  5
9E2
330
1A
100
AcDbEntity
  8
BLACK
  6
CONTINUOUS
100
AcDbLine
 10
-1.482526811023622
 20
1.3251781496062991
 30
0
 11
-1.5218968897637795
 21
1.3251781496062991
 31
0
  0
LINE
  5
9E3
330
1A
100
AcDbEntity
  8
BLACK
  6
CONTINUOUS
100
AcDbLine
 10
-1.5218968897637795
 20
1.3251781496062991
 30
0
 11
-1.5224729527559056
 21
1.3252348818897637
 31
0
  0
LINE
  5
9E4
330
1A
100
AcDbEntity
  8
BLACK
  6
CONTINUOUS
100
AcDbLine
 10
-1.5224729527559056
 20
1.3252348818897637
 30
0
 11
-1.5235373622047244
 21
1.3256757874015748
 31
0
  0
LINE
  5
9E5
330
1A
100
AcDbEntity
  8
BLACK
  6
CONTINUOUS
100
AcDbLine
 10
-1.5235373622047244
 20
1.3256757874015748
 30
0
 11
-1.5243520078740158
 21
1.326490433070866
 31
0
  0
LINE
  5
9E6
330
1A
100
AcDbEntity
  8
BLACK
  6
CONTINUOUS
100
AcDbLine
 10
-1.5243520078740158
 20
1.326490433070866
 30
0
 11
-1.5247929133858267
 21
1.327554842519685
 31
0
  0
LINE
  5
9E7
330
1A
100
AcDbEntity
  8
BLACK
  6
CONTINUOUS
100
AcDbLine
 10
-1.5247929133858267
 20
1.327554842519685
 30
0
 11
-1.5248496456692913
 21
1.3281309055118109
 31
0
  0
LINE
  5
9E8
330
1A
100
AcDbEntity
  8
BLACK
  6
CONTINUOUS
100
AcDbLine
 10
-1.5248496456692913
 20
1.3281309055118109
 30
0
 11
-1.5248496456692913
 21
1.3468785433070867
 31
0
  0
LINE
  5
9E9
330
1A
100
AcDbEntity
  8
BLACK
  6
CONTINUOUS
100
AcDbLine
 10
-1.5248496456692913
 20
1.3468785433070867
 30
0
 11
-1.5247929133858267
 21
1.3474546062992125
 31
0
  0
LINE
  5
9EA
330
1A
100
AcDbEntity
  8
BLACK
  6
CONTINUOUS
100
AcDbLine
 10
-1.5247929133858267
 20
1.3474546062992125
 30
0
 11
-1.5243520078740158
 21
1.3485190157480316
 31
0
  0
LINE
  5
9EB
330
1A
100
AcDbEntity
  8
BLACK
  6
CONTINUOUS
100
AcDbLine
 10
-1.5243520078740158
 20
1.3485190157480316
 30
0
 11
-1.5235373622047244
 21
1.3493336614173228
 31
0
  0
LINE
  5
9EC
330
1A
100
AcDbEntity
  8
BLACK
  6
CONTINUOUS
100
AcDbLine
 10
-1.5235373622047244
 20
1.3493336614173228
 30
0
 11
-1.5224729527559056
 21
1.3497745669291339
 31
0
  0
LINE
  5
9ED
330
1A
100
AcDbEntity
  8
BLACK
  6
CONTINUOUS
100
AcDbLine
 10
-1.5224729527559056
 20
1.3497745669291339
 30
0
 11
-1.5213208267716536
 21
1.3497745669291339
 31
0
  0
LINE
  5
9EE
330
1A
100
AcDbEntity
  8
BLACK
  6
CONTINUOUS
100
AcDbLine
 10
-1.5213208267716536
 20
1.3497745669291339
 30
0
 11
-1.5202564173228346
 21
1.3493336614173228
 31
0
  0
LINE
  5
9EF
330
1A
100
AcDbEntity
  8
BLACK
  6
CONTINUOUS
100
AcDbLine
 10
-1.5081974803149607
 20
1.3891446456692913
 30
0
 11
-1.5080994881889764
 21
1.3891040551181102
 31
0
  0
LINE
  5
9F0
330
1A
100
AcDbEntity
  8
BLACK
  6
CONTINUOUS
100
AcDbLine
 10
-1.5080994881889764
 20
1.3891040551181102
 30
0
 11
-1.5079936614173228
 21
1.3890965354330709
 31
0
  0
LINE
  5
9F1
330
1A
100
AcDbEntity
  8
BLACK
  6
CONTINUOUS
100
AcDbLine
 10
-1.5079936614173228
 20
1.3890965354330709
 30
0
 11
-1.507453031496063
 21
1.3888896456692914
 31
0
  0
LINE
  5
9F2
330
1A
100
AcDbEntity
  8
BLACK
  6
CONTINUOUS
100
AcDbLine
 10
-1.507453031496063
 20
1.3888896456692914
 30
0
 11
-1.5037035039370079
 21
1.3870148818897639
 31
0
  0
LINE
  5
9F3
330
1A
100
AcDbEntity
  8
BLACK
  6
CONTINUOUS
100
AcDbLine
 10
-1.5037035039370079
 20
1.3870148818897639
 30
0
 11
-1.5034555118110235
 21
1.3868588188976378
 31
0
  0
LINE
  5
9F4
330
1A
100
AcDbEntity
  8
BLACK
  6
CONTINUOUS
100
AcDbLine
 10
-1.5034555118110235
 20
1.3868588188976378
 30
0
 11
-1.5033835433070866
 21
1.3868289763779527
 31
0
  0
LINE
  5
9F5
330
1A
100
AcDbEntity
  8
BLACK
  6
CONTINUOUS
100
AcDbLine
 10
-1.5033835433070866
 20
1.3868289763779527
 30
0
 11
-1.5033025984251969
 21
1.3867625196850393
 31
0
  0
LINE
  5
9F6
330
1A
100
AcDbEntity
  8
BLACK
  6
CONTINUOUS
100
AcDbLine
 10
-1.5033025984251969
 20
1.3867625196850393
 30
0
 11
-1.5032136220472441
 21
1.3867065354330708
 31
0
  0
LINE
  5
9F7
330
1A
100
AcDbEntity
  8
BLACK
  6
CONTINUOUS
100
AcDbLine
 10
-1.5032136220472441
 20
1.3867065354330708
 30
0
 11
-1.5031624803149606
 21
1.3866475590551182
 31
0
  0
LINE
  5
9F8
330
1A
100
AcDbEntity
  8
BLACK
  6
CONTINUOUS
100
AcDbLine
 10
-1.5031624803149606
 20
1.3866475590551182
 30
0
 11
-1.5029361023622048
 21
1.3864617716535432
 31
0
  0
LINE
  5
9F9
330
1A
100
AcDbEntity
  8
BLACK
  6
CONTINUOUS
100
AcDbLine
 10
-1.5029361023622048
 20
1.3864617716535432
 30
0
 11
-1.5010613385826772
 21
1.3845870078740157
 31
0
  0
LINE
  5
9FA
330
1A
100
AcDbEntity
  8
BLACK
  6
CONTINUOUS
100
AcDbLine
 10
-1.5010613385826772
 20
1.3845870078740157
 30
0
 11
-1.500875590551181
 21
1.3843606692913386
 31
0
  0
LINE
  5
9FB
330
1A
100
AcDbEntity
  8
BLACK
  6
CONTINUOUS
100
AcDbLine
 10
-1.500875590551181
 20
1.3843606692913386
 30
0
 11
-1.5008165748031497
 21
1.3843094881889764
 31
0
  0
LINE
  5
9FC
330
1A
100
AcDbEntity
  8
BLACK
  6
CONTINUOUS
100
AcDbLine
 10
-1.5008165748031497
 20
1.3843094881889764
 30
0
 11
-1.5007606299212599
 21
1.3842205511811023
 31
0
  0
LINE
  5
9FD
330
1A
100
AcDbEntity
  8
BLACK
  6
CONTINUOUS
100
AcDbLine
 10
-1.5007606299212599
 20
1.3842205511811023
 30
0
 11
-1.5006941338582678
 21
1.3841395669291339
 31
0
  0
LINE
  5
9FE
330
1A
100
AcDbEntity
  8
BLACK
  6
CONTINUOUS
100
AcDbLine
 10
-1.5006941338582678
 20
1.3841395669291339
 30
0
 11
-1.5006643307086613
 21
1.3840676377952756
 31
0
  0
LINE
  5
9FF
330
1A
100
AcDbEntity
  8
BLACK
  6
CONTINUOUS
100
AcDbLine
 10
-1.5006643307086613
 20
1.3840676377952756
 30
0
 11
-1.5005082283464566
 21
1.3838196062992125
 31
0
  0
LINE
  5
A00
330
1A
100
AcDbEntity
  8
BLACK
  6
CONTINUOUS
100
AcDbLine
 10
-1.5005082283464566
 20
1.3838196062992125
 30
0
 11
-1.498633464566929
 21
1.3800700787401574
 31
0
  0
LINE
  5
A01
330
1A
100
AcDbEntity
  8
BLACK
  6
CONTINUOUS
100
AcDbLine
 10
-1.498633464566929
 20
1.3800700787401574
 30
0
 11
-1.4984265748031496
 21
1.3795294881889764
 31
0
  0
LINE
  5
A02
330
1A
100
AcDbEntity
  8
BLACK
  6
CONTINUOUS
100
AcDbLine
 10
-1.4984265748031496
 20
1.3795294881889764
 30
0
 11
-1.4984190551181102
 21
1.379423622047244
 31
0
  0
LINE
  5
A03
330
1A
100
AcDbEntity
  8
BLACK
  6
CONTINUOUS
100
AcDbLine
 10
-1.4984190551181102
 20
1.379423622047244
 30
0
 11
-1.4983784645669291
 21
1.3793256299212597
 31
0
  0
LINE
  5
A04
330
1A
100
AcDbEntity
  8
BLACK
  6
CONTINUOUS
100
AcDbLine
 10
-1.4983784645669291
 20
1.3793256299212597
 30
0
 11
-1.4983217322834645
 21
1.3787495669291339
 31
0
  0
LINE
  5
A05
330
1A
100
AcDbEntity
  8
BLACK
  6
CONTINUOUS
100
AcDbLine
 10
-1.4983217322834645
 20
1.3787495669291339
 30
0
 11
-1.4983217322834645
 21
1.3667042125984252
 31
0
  0
LINE
  5
A06
330
1A
100
AcDbEntity
  8
BLACK
  6
CONTINUOUS
100
AcDbLine
 10
-1.4983217322834645
 20
1.3667042125984252
 30
0
 11
-1.482526811023622
 21
1.3667042125984252
 31
0
  0
LINE
  5
A07
330
1A
100
AcDbEntity
  8
BLACK
  6
CONTINUOUS
100
AcDbLine
 10
-1.482526811023622
 20
1.3667042125984252
 30
0
 11
-1.481950748031496
 21
1.3666474803149606
 31
0
  0
LINE
  5
A08
330
1A
100
AcDbEntity
  8
BLACK
  6
CONTINUOUS
100
AcDbLine
 10
-1.481950748031496
 20
1.3666474803149606
 30
0
 11
-1.4808863385826772
 21
1.3662065748031496
 31
0
  0
LINE
  5
A09
330
1A
100
AcDbEntity
  8
BLACK
  6
CONTINUOUS
100
AcDbLine
 10
-1.4808863385826772
 20
1.3662065748031496
 30
0
 11
-1.4800716929133857
 21
1.3653919291338583
 31
0
  0
LINE
  5
A0A
330
1A
100
AcDbEntity
  8
BLACK
  6
CONTINUOUS
100
AcDbLine
 10
-1.4800716929133857
 20
1.3653919291338583
 30
0
 11
-1.4796307874015748
 21
1.3643275196850393
 31
0
  0
LINE
  5
A0B
330
1A
100
AcDbEntity
  8
BLACK
  6
CONTINUOUS
100
AcDbLine
 10
-1.4796307874015748
 20
1.3643275196850393
 30
0
 11
-1.4796307874015748
 21
1.3631753937007873
 31
0
  0
LINE
  5
A0C
330
1A
100
AcDbEntity
  8
BLACK
  6
CONTINUOUS
100
AcDbLine
 10
-1.4796307874015748
 20
1.3631753937007873
 30
0
 11
-1.4800716929133857
 21
1.3621109842519685
 31
0
  0
LINE
  5
A0D
330
1A
100
AcDbEntity
  8
BLACK
  6
CONTINUOUS
100
AcDbLine
 10
-1.4800716929133857
 20
1.3621109842519685
 30
0
 11
-1.4808863385826772
 21
1.3612963385826771
 31
0
  0
LINE
  5
A0E
330
1A
100
AcDbEntity
  8
BLACK
  6
CONTINUOUS
100
AcDbLine
 10
-1.4808863385826772
 20
1.3612963385826771
 30
0
 11
-1.481950748031496
 21
1.3608554330708662
 31
0
  0
LINE
  5
A0F
330
1A
100
AcDbEntity
  8
BLACK
  6
CONTINUOUS
100
AcDbLine
 10
-1.481950748031496
 20
1.3608554330708662
 30
0
 11
-1.482526811023622
 21
1.3607987007874016
 31
0
  0
LINE
  5
A10
330
1A
100
AcDbEntity
  8
BLACK
  6
CONTINUOUS
100
AcDbLine
 10
-1.482526811023622
 20
1.3607987007874016
 30
0
 11
-1.5218968897637795
 21
1.3607987007874016
 31
0
  0
LINE
  5
A11
330
1A
100
AcDbEntity
  8
BLACK
  6
CONTINUOUS
100
AcDbLine
 10
-1.5218968897637795
 20
1.3607987007874016
 30
0
 11
-1.5224729527559056
 21
1.3608554330708662
 31
0
  0
LINE
  5
A12
330
1A
100
AcDbEntity
  8
BLACK
  6
CONTINUOUS
100
AcDbLine
 10
-1.5224729527559056
 20
1.3608554330708662
 30
0
 11
-1.5235373622047244
 21
1.3612963385826771
 31
0
  0
LINE
  5
A13
330
1A
100
AcDbEntity
  8
BLACK
  6
CONTINUOUS
100
AcDbLine
 10
-1.5235373622047244
 20
1.3612963385826771
 30
0
 11
-1.5243520078740158
 21
1.3621109842519685
 31
0
  0
LINE
  5
A14
330
1A
100
AcDbEntity
  8
BLACK
  6
CONTINUOUS
100
AcDbLine
 10
-1.5243520078740158
 20
1.3621109842519685
 30
0
 11
-1.5247929133858267
 21
1.3631753937007873
 31
0
  0
LINE
  5
A15
330
1A
100
AcDbEntity
  8
BLACK
  6
CONTINUOUS
100
AcDbLine
 10
-1.5247929133858267
 20
1.3631753937007873
 30
0
 11
-1.5248496456692913
 21
1.3637514566929134
 31
0
  0
LINE
  5
A16
330
1A
100
AcDbEntity
  8
BLACK
  6
CONTINUOUS
100
AcDbLine
 10
-1.5248496456692913
 20
1.3637514566929134
 30
0
 11
-1.5248496456692913
 21
1.3787495669291339
 31
0
  0
LINE
  5
A17
330
1A
100
AcDbEntity
  8
BLACK
  6
CONTINUOUS
100
AcDbLine
 10
-1.5248496456692913
 20
1.3787495669291339
 30
0
 11
-1.5247929133858267
 21
1.3793256299212597
 31
0
  0
LINE
  5
A18
330
1A
100
AcDbEntity
  8
BLACK
  6
CONTINUOUS
100
AcDbLine
 10
-1.5247929133858267
 20
1.3793256299212597
 30
0
 11
-1.5247523228346456
 21
1.3794236614173228
 31
0
  0
LINE
  5
A19
330
1A
100
AcDbEntity
  8
BLACK
  6
CONTINUOUS
100
AcDbLine
 10
-1.5247523228346456
 20
1.3794236614173228
 30
0
 11
-1.5247448031496063
 21
1.3795294488188976
 31
0
  0
LINE
  5
A1A
330
1A
100
AcDbEntity
  8
BLACK
  6
CONTINUOUS
100
AcDbLine
 10
-1.5247448031496063
 20
1.3795294488188976
 30
0
 11
-1.5245379133858268
 21
1.3800700787401574
 31
0
  0
LINE
  5
A1B
330
1A
100
AcDbEntity
  8
BLACK
  6
CONTINUOUS
100
AcDbLine
 10
-1.5245379133858268
 20
1.3800700787401574
 30
0
 11
-1.5226631496062992
 21
1.3838196062992125
 31
0
  0
LINE
  5
A1C
330
1A
100
AcDbEntity
  8
BLACK
  6
CONTINUOUS
100
AcDbLine
 10
-1.5226631496062992
 20
1.3838196062992125
 30
0
 11
-1.5225070866141732
 21
1.3840676377952756
 31
0
  0
LINE
  5
A1D
330
1A
100
AcDbEntity
  8
BLACK
  6
CONTINUOUS
100
AcDbLine
 10
-1.5225070866141732
 20
1.3840676377952756
 30
0
 11
-1.5224772440944883
 21
1.3841395669291339
 31
0
  0
LINE
  5
A1E
330
1A
100
AcDbEntity
  8
BLACK
  6
CONTINUOUS
100
AcDbLine
 10
-1.5224772440944883
 20
1.3841395669291339
 30
0
 11
-1.5224107874015749
 21
1.3842205511811023
 31
0
  0
LINE
  5
A1F
330
1A
100
AcDbEntity
  8
BLACK
  6
CONTINUOUS
100
AcDbLine
 10
-1.5224107874015749
 20
1.3842205511811023
 30
0
 11
-1.5223548031496064
 21
1.3843094881889764
 31
0
  0
LINE
  5
A20
330
1A
100
AcDbEntity
  8
BLACK
  6
CONTINUOUS
100
AcDbLine
 10
-1.5223548031496064
 20
1.3843094881889764
 30
0
 11
-1.5222958267716535
 21
1.3843606692913386
 31
0
  0
LINE
  5
A21
330
1A
100
AcDbEntity
  8
BLACK
  6
CONTINUOUS
100
AcDbLine
 10
-1.5222958267716535
 20
1.3843606692913386
 30
0
 11
-1.5221100393700786
 21
1.3845870078740157
 31
0
  0
LINE
  5
A22
330
1A
100
AcDbEntity
  8
BLACK
  6
CONTINUOUS
100
AcDbLine
 10
-1.5221100393700786
 20
1.3845870078740157
 30
0
 11
-1.520235275590551
 21
1.3864617716535432
 31
0
  0
LINE
  5
A23
330
1A
100
AcDbEntity
  8
BLACK
  6
CONTINUOUS
100
AcDbLine
 10
-1.520235275590551
 20
1.3864617716535432
 30
0
 11
-1.520008937007874
 21
1.3866475590551182
 31
0
  0
LINE
  5
A24
330
1A
100
AcDbEntity
  8
BLACK
  6
CONTINUOUS
100
AcDbLine
 10
-1.520008937007874
 20
1.3866475590551182
 30
0
 11
-1.5199577559055117
 21
1.3867065354330708
 31
0
  0
LINE
  5
A25
330
1A
100
AcDbEntity
  8
BLACK
  6
CONTINUOUS
100
AcDbLine
 10
-1.5199577559055117
 20
1.3867065354330708
 30
0
 11
-1.5198688188976377
 21
1.3867625196850393
 31
0
  0
LINE
  5
A26
330
1A
100
AcDbEntity
  8
BLACK
  6
CONTINUOUS
100
AcDbLine
 10
-1.5198688188976377
 20
1.3867625196850393
 30
0
 11
-1.5197878346456692
 21
1.3868289763779527
 31
0
  0
LINE
  5
A27
330
1A
100
AcDbEntity
  8
BLACK
  6
CONTINUOUS
100
AcDbLine
 10
-1.5197878346456692
 20
1.3868289763779527
 30
0
 11
-1.519715905511811
 21
1.3868588188976378
 31
0
  0
LINE
  5
A28
330
1A
100
AcDbEntity
  8
BLACK
  6
CONTINUOUS
100
AcDbLine
 10
-1.519715905511811
 20
1.3868588188976378
 30
0
 11
-1.5194678740157479
 21
1.3870148818897639
 31
0
  0
LINE
  5
A29
330
1A
100
AcDbEntity
  8
BLACK
  6
CONTINUOUS
100
AcDbLine
 10
-1.5194678740157479
 20
1.3870148818897639
 30
0
 11
-1.5157183464566928
 21
1.3888896456692914
 31
0
  0
LINE
  5
A2A
330
1A
100
AcDbEntity
  8
BLACK
  6
CONTINUOUS
100
AcDbLine
 10
-1.5157183464566928
 20
1.3888896456692914
 30
0
 11
-1.5151777559055117
 21
1.3890965354330709
 31
0
  0
LINE
  5
A2B
330
1A
100
AcDbEntity
  8
BLACK
  6
CONTINUOUS
100
AcDbLine
 10
-1.5151777559055117
 20
1.3890965354330709
 30
0
 11
-1.5150718897637796
 21
1.3891040944881889
 31
0
  0
LINE
  5
A2C
330
1A
100
AcDbEntity
  8
BLACK
  6
CONTINUOUS
100
AcDbLine
 10
-1.5150718897637796
 20
1.3891040944881889
 30
0
 11
-1.5149738976377953
 21
1.3891446456692913
 31
0
  0
LINE
  5
A2D
330
1A
100
AcDbEntity
  8
BLACK
  6
CONTINUOUS
100
AcDbLine
 10
-1.5149738976377953
 20
1.3891446456692913
 30
0
 11
-1.5143978346456692
 21
1.3892013779527559
 31
0
  0
LINE
  5
A2E
330
1A
100
AcDbEntity
  8
BLACK
  6
CONTINUOUS
100
AcDbLine
 10
-1.5143978346456692
 20
1.3892013779527559
 30
0
 11
-1.5087735433070866
 21
1.3892013779527559
 31
0
  0
LINE
  5
A2F
330
1A
100
AcDbEntity
  8
BLACK
  6
CONTINUOUS
100
AcDbLine
 10
-1.5087735433070866
 20
1.3892013779527559
 30
0
 11
-1.5081974803149607
 21
1.3891446456692913
 31
0
  0
LINE
  5
A30
330
1A
100
AcDbEntity
  8
BLACK
  6
CONTINUOUS
100
AcDbLine
 10
-1.5163982677165353
 20
1.381947125984252
 30
0
 11
-1.5175953937007873
 21
1.3807499999999999
 31
0
  0
LINE
  5
A31
330
1A
100
AcDbEntity
  8
BLACK
  6
CONTINUOUS
100
AcDbLine
 10
-1.5175953937007873
 20
1.3807499999999999
 30
0
 11
-1.5189441338582677
 21
1.3780525196850393
 31
0
  0
LINE
  5
A32
330
1A
100
AcDbEntity
  8
BLACK
  6
CONTINUOUS
100
AcDbLine
 10
-1.5189441338582677
 20
1.3780525196850393
 30
0
 11
-1.5189441338582677
 21
1.3667042125984252
 31
0
  0
LINE
  5
A33
330
1A
100
AcDbEntity
  8
BLACK
  6
CONTINUOUS
100
AcDbLine
 10
-1.5189441338582677
 20
1.3667042125984252
 30
0
 11
-1.5042272440944882
 21
1.3667042125984252
 31
0
  0
LINE
  5
A34
330
1A
100
AcDbEntity
  8
BLACK
  6
CONTINUOUS
100
AcDbLine
 10
-1.5042272440944882
 20
1.3667042125984252
 30
0
 11
-1.5042272440944882
 21
1.3780525196850393
 31
0
  0
LINE
  5
A35
330
1A
100
AcDbEntity
  8
BLACK
  6
CONTINUOUS
100
AcDbLine
 10
-1.5042272440944882
 20
1.3780525196850393
 30
0
 11
-1.5055759842519685
 21
1.3807499999999999
 31
0
  0
LINE
  5
A36
330
1A
100
AcDbEntity
  8
BLACK
  6
CONTINUOUS
100
AcDbLine
 10
-1.5055759842519685
 20
1.3807499999999999
 30
0
 11
-1.5067731102362205
 21
1.381947125984252
 31
0
  0
LINE
  5
A37
330
1A
100
AcDbEntity
  8
BLACK
  6
CONTINUOUS
100
AcDbLine
 10
-1.5067731102362205
 20
1.381947125984252
 30
0
 11
-1.5094705905511812
 21
1.3832958661417323
 31
0
  0
LINE
  5
A38
330
1A
100
AcDbEntity
  8
BLACK
  6
CONTINUOUS
100
AcDbLine
 10
-1.5094705905511812
 20
1.3832958661417323
 30
0
 11
-1.5137007874015749
 21
1.3832958661417323
 31
0
  0
LINE
  5
A39
330
1A
100
AcDbEntity
  8
BLACK
  6
CONTINUOUS
100
AcDbLine
 10
-1.5137007874015749
 20
1.3832958661417323
 30
0
 11
-1.5163982677165353
 21
1.381947125984252
 31
0
  0
LINE
  5
A3A
330
1A
100
AcDbEntity
  8
BLACK
  6
CONTINUOUS
100
AcDbLine
 10
-1.4955496850393701
 20
1.430436338582677
 30
0
 11
-1.495506653543307
 21
1.430442716535433
 31
0
  0
LINE
  5
A3B
330
1A
100
AcDbEntity
  8
BLACK
  6
CONTINUOUS
100
AcDbLine
 10
-1.495506653543307
 20
1.430442716535433
 30
0
 11
-1.4952911811023621
 21
1.4304108661417323
 31
0
  0
LINE
  5
A3C
330
1A
100
AcDbEntity
  8
BLACK
  6
CONTINUOUS
100
AcDbLine
 10
-1.4952911811023621
 20
1.4304108661417323
 30
0
 11
-1.4950741338582676
 21
1.4303894881889763
 31
0
  0
LINE
  5
A3D
330
1A
100
AcDbEntity
  8
BLACK
  6
CONTINUOUS
100
AcDbLine
 10
-1.4950741338582676
 20
1.4303894881889763
 30
0
 11
-1.495033937007874
 21
1.430372874015748
 31
0
  0
LINE
  5
A3E
330
1A
100
AcDbEntity
  8
BLACK
  6
CONTINUOUS
100
AcDbLine
 10
-1.495033937007874
 20
1.430372874015748
 30
0
 11
-1.4949340551181103
 21
1.4303580708661416
 31
0
  0
LINE
  5
A3F
330
1A
100
AcDbEntity
  8
BLACK
  6
CONTINUOUS
100
AcDbLine
 10
-1.4949340551181103
 20
1.4303580708661416
 30
0
 11
-1.4874350000000001
 21
1.4284833070866141
 31
0
  0
LINE
  5
A40
330
1A
100
AcDbEntity
  8
BLACK
  6
CONTINUOUS
100
AcDbLine
 10
-1.4874350000000001
 20
1.4284833070866141
 30
0
 11
-1.4868898818897638
 21
1.4282885433070867
 31
0
  0
LINE
  5
A41
330
1A
100
AcDbEntity
  8
BLACK
  6
CONTINUOUS
100
AcDbLine
 10
-1.4868898818897638
 20
1.4282885433070867
 30
0
 11
-1.4867135433070866
 21
1.4281578740157479
 31
0
  0
LINE
  5
A42
330
1A
100
AcDbEntity
  8
BLACK
  6
CONTINUOUS
100
AcDbLine
 10
-1.4867135433070866
 20
1.4281578740157479
 30
0
 11
-1.4865107086614173
 21
1.4280738582677166
 31
0
  0
LINE
  5
A43
330
1A
100
AcDbEntity
  8
BLACK
  6
CONTINUOUS
100
AcDbLine
 10
-1.4865107086614173
 20
1.4280738582677166
 30
0
 11
-1.4860632283464568
 21
1.4277066141732284
 31
0
  0
LINE
  5
A44
330
1A
100
AcDbEntity
  8
BLACK
  6
CONTINUOUS
100
AcDbLine
 10
-1.4860632283464568
 20
1.4277066141732284
 30
0
 11
-1.4823136614173229
 21
1.4239570866141733
 31
0
  0
LINE
  5
A45
330
1A
100
AcDbEntity
  8
BLACK
  6
CONTINUOUS
100
AcDbLine
 10
-1.4823136614173229
 20
1.4239570866141733
 30
0
 11
-1.4821278346456692
 21
1.4237307086614173
 31
0
  0
LINE
  5
A46
330
1A
100
AcDbEntity
  8
BLACK
  6
CONTINUOUS
100
AcDbLine
 10
-1.4821278346456692
 20
1.4237307086614173
 30
0
 11
-1.4820688976377951
 21
1.4236795669291338
 31
0
  0
LINE
  5
A47
330
1A
100
AcDbEntity
  8
BLACK
  6
CONTINUOUS
100
AcDbLine
 10
-1.4820688976377951
 20
1.4236795669291338
 30
0
 11
-1.4820130314960629
 21
1.4235908267716535
 31
0
  0
LINE
  5
A48
330
1A
100
AcDbEntity
  8
BLACK
  6
CONTINUOUS
100
AcDbLine
 10
-1.4820130314960629
 20
1.4235908267716535
 30
0
 11
-1.4819464173228347
 21
1.4235096456692913
 31
0
  0
LINE
  5
A49
330
1A
100
AcDbEntity
  8
BLACK
  6
CONTINUOUS
100
AcDbLine
 10
-1.4819464173228347
 20
1.4235096456692913
 30
0
 11
-1.4819165748031495
 21
1.4234375196850393
 31
0
  0
LINE
  5
A4A
330
1A
100
AcDbEntity
  8
BLACK
  6
CONTINUOUS
100
AcDbLine
 10
-1.4819165748031495
 20
1.4234375196850393
 30
0
 11
-1.4817605511811023
 21
1.4231896850393702
 31
0
  0
LINE
  5
A4B
330
1A
100
AcDbEntity
  8
BLACK
  6
CONTINUOUS
100
AcDbLine
 10
-1.4817605511811023
 20
1.4231896850393702
 30
0
 11
-1.4798857874015747
 21
1.4194401574803148
 31
0
  0
LINE
  5
A4C
330
1A
100
AcDbEntity
  8
BLACK
  6
CONTINUOUS
100
AcDbLine
 10
-1.4798857874015747
 20
1.4194401574803148
 30
0
 11
-1.4796788976377953
 21
1.4188995669291338
 31
0
  0
LINE
  5
A4D
330
1A
100
AcDbEntity
  8
BLACK
  6
CONTINUOUS
100
AcDbLine
 10
-1.4796788976377953
 20
1.4188995669291338
 30
0
 11
-1.4796713779527559
 21
1.4187937007874016
 31
0
  0
LINE
  5
A4E
330
1A
100
AcDbEntity
  8
BLACK
  6
CONTINUOUS
100
AcDbLine
 10
-1.4796713779527559
 20
1.4187937007874016
 30
0
 11
-1.4796307874015748
 21
1.4186957086614174
 31
0
  0
LINE
  5
A4F
330
1A
100
AcDbEntity
  8
BLACK
  6
CONTINUOUS
100
AcDbLine
 10
-1.4796307874015748
 20
1.4186957086614174
 30
0
 11
-1.4795740551181102
 21
1.4181196456692913
 31
0
  0
LINE
  5
A50
330
1A
100
AcDbEntity
  8
BLACK
  6
CONTINUOUS
100
AcDbLine
 10
-1.4795740551181102
 20
1.4181196456692913
 30
0
 11
-1.4795740551181102
 21
1.4106205905511811
 31
0
  0
LINE
  5
A51
330
1A
100
AcDbEntity
  8
BLACK
  6
CONTINUOUS
100
AcDbLine
 10
-1.4795740551181102
 20
1.4106205905511811
 30
0
 11
-1.4796307874015748
 21
1.4100445275590552
 31
0
  0
LINE
  5
A52
330
1A
100
AcDbEntity
  8
BLACK
  6
CONTINUOUS
100
AcDbLine
 10
-1.4796307874015748
 20
1.4100445275590552
 30
0
 11
-1.4796713779527559
 21
1.4099465748031497
 31
0
  0
LINE
  5
A53
330
1A
100
AcDbEntity
  8
BLACK
  6
CONTINUOUS
100
AcDbLine
 10
-1.4796713779527559
 20
1.4099465748031497
 30
0
 11
-1.4796788976377953
 21
1.4098406692913386
 31
0
  0
LINE
  5
A54
330
1A
100
AcDbEntity
  8
BLACK
  6
CONTINUOUS
100
AcDbLine
 10
-1.4796788976377953
 20
1.4098406692913386
 30
0
 11
-1.4798857874015747
 21
1.4093000787401575
 31
0
  0
LINE
  5
A55
330
1A
100
AcDbEntity
  8
BLACK
  6
CONTINUOUS
100
AcDbLine
 10
-1.4798857874015747
 20
1.4093000787401575
 30
0
 11
-1.4817605511811023
 21
1.4055505511811024
 31
0
  0
LINE
  5
A56
330
1A
100
AcDbEntity
  8
BLACK
  6
CONTINUOUS
100
AcDbLine
 10
-1.4817605511811023
 20
1.4055505511811024
 30
0
 11
-1.4819165748031495
 21
1.4053027559055118
 31
0
  0
LINE
  5
A57
330
1A
100
AcDbEntity
  8
BLACK
  6
CONTINUOUS
100
AcDbLine
 10
-1.4819165748031495
 20
1.4053027559055118
 30
0
 11
-1.4819464173228347
 21
1.405230590551181
 31
0
  0
LINE
  5
A58
330
1A
100
AcDbEntity
  8
BLACK
  6
CONTINUOUS
100
AcDbLine
 10
-1.4819464173228347
 20
1.405230590551181
 30
0
 11
-1.4820130314960629
 21
1.4051494488188976
 31
0
  0
LINE
  5
A59
330
1A
100
AcDbEntity
  8
BLACK
  6
CONTINUOUS
100
AcDbLine
 10
-1.4820130314960629
 20
1.4051494488188976
 30
0
 11
-1.4820688976377951
 21
1.4050606692913385
 31
0
  0
LINE
  5
A5A
330
1A
100
AcDbEntity
  8
BLACK
  6
CONTINUOUS
100
AcDbLine
 10
-1.4820688976377951
 20
1.4050606692913385
 30
0
 11
-1.4821278346456692
 21
1.4050095669291338
 31
0
  0
LINE
  5
A5B
330
1A
100
AcDbEntity
  8
BLACK
  6
CONTINUOUS
100
AcDbLine
 10
-1.4821278346456692
 20
1.4050095669291338
 30
0
 11
-1.4823136614173229
 21
1.4047831496062992
 31
0
  0
LINE
  5
A5C
330
1A
100
AcDbEntity
  8
BLACK
  6
CONTINUOUS
100
AcDbLine
 10
-1.4823136614173229
 20
1.4047831496062992
 30
0
 11
-1.4860632283464568
 21
1.4010336220472441
 31
0
  0
LINE
  5
A5D
330
1A
100
AcDbEntity
  8
BLACK
  6
CONTINUOUS
100
AcDbLine
 10
-1.4860632283464568
 20
1.4010336220472441
 30
0
 11
-1.4865107086614173
 21
1.4006663779527559
 31
0
  0
LINE
  5
A5E
330
1A
100
AcDbEntity
  8
BLACK
  6
CONTINUOUS
100
AcDbLine
 10
-1.4865107086614173
 20
1.4006663779527559
 30
0
 11
-1.4867135433070866
 21
1.4005824015748032
 31
0
  0
LINE
  5
A5F
330
1A
100
AcDbEntity
  8
BLACK
  6
CONTINUOUS
100
AcDbLine
 10
-1.4867135433070866
 20
1.4005824015748032
 30
0
 11
-1.4868898818897638
 21
1.4004516929133859
 31
0
  0
LINE
  5
A60
330
1A
100
AcDbEntity
  8
BLACK
  6
CONTINUOUS
100
AcDbLine
 10
-1.4868898818897638
 20
1.4004516929133859
 30
0
 11
-1.4874350000000001
 21
1.4002569291338582
 31
0
  0
LINE
  5
A61
330
1A
100
AcDbEntity
  8
BLACK
  6
CONTINUOUS
100
AcDbLine
 10
-1.4874350000000001
 20
1.4002569291338582
 30
0
 11
-1.4949340551181103
 21
1.3983821653543307
 31
0
  0
LINE
  5
A62
330
1A
100
AcDbEntity
  8
BLACK
  6
CONTINUOUS
100
AcDbLine
 10
-1.4949340551181103
 20
1.3983821653543307
 30
0
 11
-1.495033937007874
 21
1.3983674015748031
 31
0
  0
LINE
  5
A63
330
1A
100
AcDbEntity
  8
BLACK
  6
CONTINUOUS
100
AcDbLine
 10
-1.495033937007874
 20
1.3983674015748031
 30
0
 11
-1.4950741338582676
 21
1.3983507480314961
 31
0
  0
LINE
  5
A64
330
1A
100
AcDbEntity
  8
BLACK
  6
CONTINUOUS
100
AcDbLine
 10
-1.4950741338582676
 20
1.3983507480314961
 30
0
 11
-1.4952911811023621
 21
1.3983294094488188
 31
0
  0
LINE
  5
A65
330
1A
100
AcDbEntity
  8
BLACK
  6
CONTINUOUS
100
AcDbLine
 10
-1.4952911811023621
 20
1.3983294094488188
 30
0
 11
-1.495506653543307
 21
1.3982975196850393
 31
0
  0
LINE
  5
A66
330
1A
100
AcDbEntity
  8
BLACK
  6
CONTINUOUS
100
AcDbLine
 10
-1.495506653543307
 20
1.3982975196850393
 30
0
 11
-1.4955496850393701
 21
1.398303937007874
 31
0
  0
LINE
  5
A67
330
1A
100
AcDbEntity
  8
BLACK
  6
CONTINUOUS
100
AcDbLine
 10
-1.4955496850393701
 20
1.398303937007874
 30
0
 11
-1.4956501968503937
 21
1.3982940157480315
 31
0
  0
LINE
  5
A68
330
1A
100
AcDbEntity
  8
BLACK
  6
CONTINUOUS
100
AcDbLine
 10
-1.4956501968503937
 20
1.3982940157480315
 30
0
 11
-1.5087735433070866
 21
1.3982940157480315
 31
0
  0
LINE
  5
A69
330
1A
100
AcDbEntity
  8
BLACK
  6
CONTINUOUS
100
AcDbLine
 10
-1.5087735433070866
 20
1.3982940157480315
 30
0
 11
-1.5088740944881889
 21
1.398303937007874
 31
0
  0
LINE
  5
A6A
330
1A
100
AcDbEntity
  8
BLACK
  6
CONTINUOUS
100
AcDbLine
 10
-1.5088740944881889
 20
1.398303937007874
 30
0
 11
-1.5089170866141732
 21
1.3982975196850393
 31
0
  0
LINE
  5
A6B
330
1A
100
AcDbEntity
  8
BLACK
  6
CONTINUOUS
100
AcDbLine
 10
-1.5089170866141732
 20
1.3982975196850393
 30
0
 11
-1.5091325984251969
 21
1.3983294094488188
 31
0
  0
LINE
  5
A6C
330
1A
100
AcDbEntity
  8
BLACK
  6
CONTINUOUS
100
AcDbLine
 10
-1.5091325984251969
 20
1.3983294094488188
 30
0
 11
-1.5093496062992127
 21
1.3983507480314961
 31
0
  0
LINE
  5
A6D
330
1A
100
AcDbEntity
  8
BLACK
  6
CONTINUOUS
100
AcDbLine
 10
-1.5093496062992127
 20
1.3983507480314961
 30
0
 11
-1.509389842519685
 21
1.3983674015748031
 31
0
  0
LINE
  5
A6E
330
1A
100
AcDbEntity
  8
BLACK
  6
CONTINUOUS
100
AcDbLine
 10
-1.509389842519685
 20
1.3983674015748031
 30
0
 11
-1.50948968503937
 21
1.3983821653543307
 31
0
  0
LINE
  5
A6F
330
1A
100
AcDbEntity
  8
BLACK
  6
CONTINUOUS
100
AcDbLine
 10
-1.50948968503937
 20
1.3983821653543307
 30
0
 11
-1.5169887401574802
 21
1.4002569291338582
 31
0
  0
LINE
  5
A70
330
1A
100
AcDbEntity
  8
BLACK
  6
CONTINUOUS
100
AcDbLine
 10
-1.5169887401574802
 20
1.4002569291338582
 30
0
 11
-1.5175338582677165
 21
1.4004516929133859
 31
0
  0
LINE
  5
A71
330
1A
100
AcDbEntity
  8
BLACK
  6
CONTINUOUS
100
AcDbLine
 10
-1.5175338582677165
 20
1.4004516929133859
 30
0
 11
-1.5177101968503937
 21
1.4005823622047244
 31
0
  0
LINE
  5
A72
330
1A
100
AcDbEntity
  8
BLACK
  6
CONTINUOUS
100
AcDbLine
 10
-1.5177101968503937
 20
1.4005823622047244
 30
0
 11
-1.5179130708661417
 21
1.4006663779527559
 31
0
  0
LINE
  5
A73
330
1A
100
AcDbEntity
  8
BLACK
  6
CONTINUOUS
100
AcDbLine
 10
-1.5179130708661417
 20
1.4006663779527559
 30
0
 11
-1.5183605118110235
 21
1.4010336220472441
 31
0
  0
LINE
  5
A74
330
1A
100
AcDbEntity
  8
BLACK
  6
CONTINUOUS
100
AcDbLine
 10
-1.5183605118110235
 20
1.4010336220472441
 30
0
 11
-1.5221100393700786
 21
1.4047831496062992
 31
0
  0
LINE
  5
A75
330
1A
100
AcDbEntity
  8
BLACK
  6
CONTINUOUS
100
AcDbLine
 10
-1.5221100393700786
 20
1.4047831496062992
 30
0
 11
-1.5222958267716535
 21
1.4050095275590551
 31
0
  0
LINE
  5
A76
330
1A
100
AcDbEntity
  8
BLACK
  6
CONTINUOUS
100
AcDbLine
 10
-1.5222958267716535
 20
1.4050095275590551
 30
0
 11
-1.5223548031496064
 21
1.4050606692913385
 31
0
  0
LINE
  5
A77
330
1A
100
AcDbEntity
  8
BLACK
  6
CONTINUOUS
100
AcDbLine
 10
-1.5223548031496064
 20
1.4050606692913385
 30
0
 11
-1.5224107874015749
 21
1.4051496456692913
 31
0
  0
LINE
  5
A78
330
1A
100
AcDbEntity
  8
BLACK
  6
CONTINUOUS
100
AcDbLine
 10
-1.5224107874015749
 20
1.4051496456692913
 30
0
 11
-1.5224772440944883
 21
1.405230590551181
 31
0
  0
LINE
  5
A79
330
1A
100
AcDbEntity
  8
BLACK
  6
CONTINUOUS
100
AcDbLine
 10
-1.5224772440944883
 20
1.405230590551181
 30
0
 11
-1.5225070866141732
 21
1.405302559055118
 31
0
  0
LINE
  5
A7A
330
1A
100
AcDbEntity
  8
BLACK
  6
CONTINUOUS
100
AcDbLine
 10
-1.5225070866141732
 20
1.405302559055118
 30
0
 11
-1.5226631496062992
 21
1.4055505511811024
 31
0
  0
LINE
  5
A7B
330
1A
100
AcDbEntity
  8
BLACK
  6
CONTINUOUS
100
AcDbLine
 10
-1.5226631496062992
 20
1.4055505511811024
 30
0
 11
-1.5245379133858268
 21
1.4093000787401575
 31
0
  0
LINE
  5
A7C
330
1A
100
AcDbEntity
  8
BLACK
  6
CONTINUOUS
100
AcDbLine
 10
-1.5245379133858268
 20
1.4093000787401575
 30
0
 11
-1.5247448031496063
 21
1.4098407086614173
 31
0
  0
LINE
  5
A7D
330
1A
100
AcDbEntity
  8
BLACK
  6
CONTINUOUS
100
AcDbLine
 10
-1.5247448031496063
 20
1.4098407086614173
 30
0
 11
-1.5247523228346456
 21
1.4099465354330709
 31
0
  0
LINE
  5
A7E
330
1A
100
AcDbEntity
  8
BLACK
  6
CONTINUOUS
100
AcDbLine
 10
-1.5247523228346456
 20
1.4099465354330709
 30
0
 11
-1.5247929133858267
 21
1.4100445275590552
 31
0
  0
LINE
  5
A7F
330
1A
100
AcDbEntity
  8
BLACK
  6
CONTINUOUS
100
AcDbLine
 10
-1.5247929133858267
 20
1.4100445275590552
 30
0
 11
-1.5248496456692913
 21
1.4106205905511811
 31
0
  0
LINE
  5
A80
330
1A
100
AcDbEntity
  8
BLACK
  6
CONTINUOUS
100
AcDbLine
 10
-1.5248496456692913
 20
1.4106205905511811
 30
0
 11
-1.5248496456692913
 21
1.4181196456692913
 31
0
  0
LINE
  5
A81
330
1A
100
AcDbEntity
  8
BLACK
  6
CONTINUOUS
100
AcDbLine
 10
-1.5248496456692913
 20
1.4181196456692913
 30
0
 11
-1.5247929133858267
 21
1.4186957086614174
 31
0
  0
LINE
  5
A82
330
1A
100
AcDbEntity
  8
BLACK
  6
CONTINUOUS
100
AcDbLine
 10
-1.5247929133858267
 20
1.4186957086614174
 30
0
 11
-1.5247523228346456
 21
1.4187937401574804
 31
0
  0
LINE
  5
A83
330
1A
100
AcDbEntity
  8
BLACK
  6
CONTINUOUS
100
AcDbLine
 10
-1.5247523228346456
 20
1.4187937401574804
 30
0
 11
-1.5247448031496063
 21
1.418899527559055
 31
0
  0
LINE
  5
A84
330
1A
100
AcDbEntity
  8
BLACK
  6
CONTINUOUS
100
AcDbLine
 10
-1.5247448031496063
 20
1.418899527559055
 30
0
 11
-1.5245379133858268
 21
1.4194401574803148
 31
0
  0
LINE
  5
A85
330
1A
100
AcDbEntity
  8
BLACK
  6
CONTINUOUS
100
AcDbLine
 10
-1.5245379133858268
 20
1.4194401574803148
 30
0
 11
-1.5226631496062992
 21
1.4231896850393702
 31
0
  0
LINE
  5
A86
330
1A
100
AcDbEntity
  8
BLACK
  6
CONTINUOUS
100
AcDbLine
 10
-1.5226631496062992
 20
1.4231896850393702
 30
0
 11
-1.5225070866141732
 21
1.4234377165354331
 31
0
  0
LINE
  5
A87
330
1A
100
AcDbEntity
  8
BLACK
  6
CONTINUOUS
100
AcDbLine
 10
-1.5225070866141732
 20
1.4234377165354331
 30
0
 11
-1.5224772440944883
 21
1.4235096456692913
 31
0
  0
LINE
  5
A88
330
1A
100
AcDbEntity
  8
BLACK
  6
CONTINUOUS
100
AcDbLine
 10
-1.5224772440944883
 20
1.4235096456692913
 30
0
 11
-1.5224107874015749
 21
1.4235906299212597
 31
0
  0
LINE
  5
A89
330
1A
100
AcDbEntity
  8
BLACK
  6
CONTINUOUS
100
AcDbLine
 10
-1.5224107874015749
 20
1.4235906299212597
 30
0
 11
-1.5223548031496064
 21
1.4236795669291338
 31
0
  0
LINE
  5
A8A
330
1A
100
AcDbEntity
  8
BLACK
  6
CONTINUOUS
100
AcDbLine
 10
-1.5223548031496064
 20
1.4236795669291338
 30
0
 11
-1.5222958267716535
 21
1.423730748031496
 31
0
  0
LINE
  5
A8B
330
1A
100
AcDbEntity
  8
BLACK
  6
CONTINUOUS
100
AcDbLine
 10
-1.5222958267716535
 20
1.423730748031496
 30
0
 11
-1.5221100393700786
 21
1.4239570866141733
 31
0
  0
LINE
  5
A8C
330
1A
100
AcDbEntity
  8
BLACK
  6
CONTINUOUS
100
AcDbLine
 10
-1.5221100393700786
 20
1.4239570866141733
 30
0
 11
-1.5183605118110235
 21
1.4277066141732284
 31
0
  0
LINE
  5
A8D
330
1A
100
AcDbEntity
  8
BLACK
  6
CONTINUOUS
100
AcDbLine
 10
-1.5183605118110235
 20
1.4277066141732284
 30
0
 11
-1.5179130708661417
 21
1.4280738582677166
 31
0
  0
LINE
  5
A8E
330
1A
100
AcDbEntity
  8
BLACK
  6
CONTINUOUS
100
AcDbLine
 10
-1.5179130708661417
 20
1.4280738582677166
 30
0
 11
-1.5177101968503937
 21
1.4281579133858266
 31
0
  0
LINE
  5
A8F
330
1A
100
AcDbEntity
  8
BLACK
  6
CONTINUOUS
100
AcDbLine
 10
-1.5177101968503937
 20
1.4281579133858266
 30
0
 11
-1.5175338582677165
 21
1.4282885433070867
 31
0
  0
LINE
  5
A90
330
1A
100
AcDbEntity
  8
BLACK
  6
CONTINUOUS
100
AcDbLine
 10
-1.5175338582677165
 20
1.4282885433070867
 30
0
 11
-1.5169887401574802
 21
1.4284833070866141
 31
0
  0
LINE
  5
A91
330
1A
100
AcDbEntity
  8
BLACK
  6
CONTINUOUS
100
AcDbLine
 10
-1.5169887401574802
 20
1.4284833070866141
 30
0
 11
-1.50948968503937
 21
1.4303580708661416
 31
0
  0
LINE
  5
A92
330
1A
100
AcDbEntity
  8
BLACK
  6
CONTINUOUS
100
AcDbLine
 10
-1.50948968503937
 20
1.4303580708661416
 30
0
 11
-1.509389842519685
 21
1.430372874015748
 31
0
  0
LINE
  5
A93
330
1A
100
AcDbEntity
  8
BLACK
  6
CONTINUOUS
100
AcDbLine
 10
-1.509389842519685
 20
1.430372874015748
 30
0
 11
-1.5093496062992127
 21
1.4303894881889763
 31
0
  0
LINE
  5
A94
330
1A
100
AcDbEntity
  8
BLACK
  6
CONTINUOUS
100
AcDbLine
 10
-1.5093496062992127
 20
1.4303894881889763
 30
0
 11
-1.5091325984251969
 21
1.4304108661417323
 31
0
  0
LINE
  5
A95
330
1A
100
AcDbEntity
  8
BLACK
  6
CONTINUOUS
100
AcDbLine
 10
-1.5091325984251969
 20
1.4304108661417323
 30
0
 11
-1.5089170866141732
 21
1.430442716535433
 31
0
  0
LINE
  5
A96
330
1A
100
AcDbEntity
  8
BLACK
  6
CONTINUOUS
100
AcDbLine
 10
-1.5089170866141732
 20
1.430442716535433
 30
0
 11
-1.5088740944881889
 21
1.430436338582677
 31
0
  0
LINE
  5
A97
330
1A
100
AcDbEntity
  8
BLACK
  6
CONTINUOUS
100
AcDbLine
 10
-1.5088740944881889
 20
1.430436338582677
 30
0
 11
-1.5087735433070866
 21
1.4304462204724409
 31
0
  0
LINE
  5
A98
330
1A
100
AcDbEntity
  8
BLACK
  6
CONTINUOUS
100
AcDbLine
 10
-1.5087735433070866
 20
1.4304462204724409
 30
0
 11
-1.4956501968503937
 21
1.4304462204724409
 31
0
  0
LINE
  5
A99
330
1A
100
AcDbEntity
  8
BLACK
  6
CONTINUOUS
100
AcDbLine
 10
-1.4956501968503937
 20
1.4304462204724409
 30
0
 11
-1.4955496850393701
 21
1.430436338582677
 31
0
  0
LINE
  5
A9A
330
1A
100
AcDbEntity
  8
BLACK
  6
CONTINUOUS
100
AcDbLine
 10
-1.514763031496063
 20
1.4229524803149607
 30
0
 11
-1.5175953937007873
 21
1.4201200787401576
 31
0
  0
LINE
  5
A9B
330
1A
100
AcDbEntity
  8
BLACK
  6
CONTINUOUS
100
AcDbLine
 10
-1.5175953937007873
 20
1.4201200787401576
 30
0
 11
-1.5189441338582677
 21
1.4174225984251969
 31
0
  0
LINE
  5
A9C
330
1A
100
AcDbEntity
  8
BLACK
  6
CONTINUOUS
100
AcDbLine
 10
-1.5189441338582677
 20
1.4174225984251969
 30
0
 11
-1.5189441338582677
 21
1.4113176377952756
 31
0
  0
LINE
  5
A9D
330
1A
100
AcDbEntity
  8
BLACK
  6
CONTINUOUS
100
AcDbLine
 10
-1.5189441338582677
 20
1.4113176377952756
 30
0
 11
-1.5175953937007873
 21
1.408620157480315
 31
0
  0
LINE
  5
A9E
330
1A
100
AcDbEntity
  8
BLACK
  6
CONTINUOUS
100
AcDbLine
 10
-1.5175953937007873
 20
1.408620157480315
 30
0
 11
-1.514763031496063
 21
1.4057877952755906
 31
0
  0
LINE
  5
A9F
330
1A
100
AcDbEntity
  8
BLACK
  6
CONTINUOUS
100
AcDbLine
 10
-1.514763031496063
 20
1.4057877952755906
 30
0
 11
-1.50841
 21
1.4041995275590551
 31
0
  0
LINE
  5
AA0
330
1A
100
AcDbEntity
  8
BLACK
  6
CONTINUOUS
100
AcDbLine
 10
-1.50841
 20
1.4041995275590551
 30
0
 11
-1.4960137401574802
 21
1.4041995275590551
 31
0
  0
LINE
  5
AA1
330
1A
100
AcDbEntity
  8
BLACK
  6
CONTINUOUS
100
AcDbLine
 10
-1.4960137401574802
 20
1.4041995275590551
 30
0
 11
-1.4896607480314961
 21
1.4057877952755906
 31
0
  0
LINE
  5
AA2
330
1A
100
AcDbEntity
  8
BLACK
  6
CONTINUOUS
100
AcDbLine
 10
-1.4896607480314961
 20
1.4057877952755906
 30
0
 11
-1.4868283070866142
 21
1.4086201968503937
 31
0
  0
LINE
  5
AA3
330
1A
100
AcDbEntity
  8
BLACK
  6
CONTINUOUS
100
AcDbLine
 10
-1.4868283070866142
 20
1.4086201968503937
 30
0
 11
-1.4854795669291339
 21
1.4113176377952756
 31
0
  0
LINE
  5
AA4
330
1A
100
AcDbEntity
  8
BLACK
  6
CONTINUOUS
100
AcDbLine
 10
-1.4854795669291339
 20
1.4113176377952756
 30
0
 11
-1.4854795669291339
 21
1.4174225984251969
 31
0
  0
LINE
  5
AA5
330
1A
100
AcDbEntity
  8
BLACK
  6
CONTINUOUS
100
AcDbLine
 10
-1.4854795669291339
 20
1.4174225984251969
 30
0
 11
-1.4868283070866142
 21
1.4201200787401576
 31
0
  0
LINE
  5
AA6
330
1A
100
AcDbEntity
  8
BLACK
  6
CONTINUOUS
100
AcDbLine
 10
-1.4868283070866142
 20
1.4201200787401576
 30
0
 11
-1.4896607480314961
 21
1.4229524803149607
 31
0
  0
LINE
  5
AA7
330
1A
100
AcDbEntity
  8
BLACK
  6
CONTINUOUS
100
AcDbLine
 10
-1.4896607480314961
 20
1.4229524803149607
 30
0
 11
-1.4960137401574802
 21
1.4245407086614172
 31
0
  0
LINE
  5
AA8
330
1A
100
AcDbEntity
  8
BLACK
  6
CONTINUOUS
100
AcDbLine
 10
-1.4960137401574802
 20
1.4245407086614172
 30
0
 11
-1.50841
 21
1.4245407086614172
 31
0
  0
LINE
  5
AA9
330
1A
100
AcDbEntity
  8
BLACK
  6
CONTINUOUS
100
AcDbLine
 10
-1.50841
 20
1.4245407086614172
 30
0
 11
-1.514763031496063
 21
1.4229524803149607
 31
0
  0
LINE
  5
AAA
330
1A
100
AcDbEntity
  8
BLACK
  6
CONTINUOUS
100
AcDbLine
 10
-1.4894498425196849
 20
1.4697595669291339
 30
0
 11
-1.4893518503937007
 21
1.4697189763779528
 31
0
  0
LINE
  5
AAB
330
1A
100
AcDbEntity
  8
BLACK
  6
CONTINUOUS
100
AcDbLine
 10
-1.4893518503937007
 20
1.4697189763779528
 30
0
 11
-1.4892460236220473
 21
1.4697114566929133
 31
0
  0
LINE
  5
AAC
330
1A
100
AcDbEntity
  8
BLACK
  6
CONTINUOUS
100
AcDbLine
 10
-1.4892460236220473
 20
1.4697114566929133
 30
0
 11
-1.4887053937007875
 21
1.4695045669291338
 31
0
  0
LINE
  5
AAD
330
1A
100
AcDbEntity
  8
BLACK
  6
CONTINUOUS
100
AcDbLine
 10
-1.4887053937007875
 20
1.4695045669291338
 30
0
 11
-1.4849558661417321
 21
1.4676298031496062
 31
0
  0
LINE
  5
AAE
330
1A
100
AcDbEntity
  8
BLACK
  6
CONTINUOUS
100
AcDbLine
 10
-1.4849558661417321
 20
1.4676298031496062
 30
0
 11
-1.4847079921259843
 21
1.467473779527559
 31
0
  0
LINE
  5
AAF
330
1A
100
AcDbEntity
  8
BLACK
  6
CONTINUOUS
100
AcDbLine
 10
-1.4847079921259843
 20
1.467473779527559
 30
0
 11
-1.4846359448818898
 21
1.467443937007874
 31
0
  0
LINE
  5
AB0
330
1A
100
AcDbEntity
  8
BLACK
  6
CONTINUOUS
100
AcDbLine
 10
-1.4846359448818898
 20
1.467443937007874
 30
0
 11
-1.4845549212598426
 21
1.4673774409448819
 31
0
  0
LINE
  5
AB1
330
1A
100
AcDbEntity
  8
BLACK
  6
CONTINUOUS
100
AcDbLine
 10
-1.4845549212598426
 20
1.4673774409448819
 30
0
 11
-1.4844659842519685
 21
1.4673214566929134
 31
0
  0
LINE
  5
AB2
330
1A
100
AcDbEntity
  8
BLACK
  6
CONTINUOUS
100
AcDbLine
 10
-1.4844659842519685
 20
1.4673214566929134
 30
0
 11
-1.484414842519685
 21
1.4672624803149605
 31
0
  0
LINE
  5
AB3
330
1A
100
AcDbEntity
  8
BLACK
  6
CONTINUOUS
100
AcDbLine
 10
-1.484414842519685
 20
1.4672624803149605
 30
0
 11
-1.4841885039370077
 21
1.4670767322834646
 31
0
  0
LINE
  5
AB4
330
1A
100
AcDbEntity
  8
BLACK
  6
CONTINUOUS
100
AcDbLine
 10
-1.4841885039370077
 20
1.4670767322834646
 30
0
 11
-1.4823137007874014
 21
1.465201968503937
 31
0
  0
LINE
  5
AB5
330
1A
100
AcDbEntity
  8
BLACK
  6
CONTINUOUS
100
AcDbLine
 10
-1.4823137007874014
 20
1.465201968503937
 30
0
 11
-1.4821279527559055
 21
1.4649756299212597
 31
0
  0
LINE
  5
AB6
330
1A
100
AcDbEntity
  8
BLACK
  6
CONTINUOUS
100
AcDbLine
 10
-1.4821279527559055
 20
1.4649756299212597
 30
0
 11
-1.4820688976377951
 21
1.464924409448819
 31
0
  0
LINE
  5
AB7
330
1A
100
AcDbEntity
  8
BLACK
  6
CONTINUOUS
100
AcDbLine
 10
-1.4820688976377951
 20
1.464924409448819
 30
0
 11
-1.4820129133858266
 21
1.4648354724409449
 31
0
  0
LINE
  5
AB8
330
1A
100
AcDbEntity
  8
BLACK
  6
CONTINUOUS
100
AcDbLine
 10
-1.4820129133858266
 20
1.4648354724409449
 30
0
 11
-1.4819464566929132
 21
1.4647544881889762
 31
0
  0
LINE
  5
AB9
330
1A
100
AcDbEntity
  8
BLACK
  6
CONTINUOUS
100
AcDbLine
 10
-1.4819464566929132
 20
1.4647544881889762
 30
0
 11
-1.481916653543307
 21
1.464682559055118
 31
0
  0
LINE
  5
ABA
330
1A
100
AcDbEntity
  8
BLACK
  6
CONTINUOUS
100
AcDbLine
 10
-1.481916653543307
 20
1.464682559055118
 30
0
 11
-1.4817605511811023
 21
1.4644345275590551
 31
0
  0
LINE
  5
ABB
330
1A
100
AcDbEntity
  8
BLACK
  6
CONTINUOUS
100
AcDbLine
 10
-1.4817605511811023
 20
1.4644345275590551
 30
0
 11
-1.4798857874015747
 21
1.460685
 31
0
  0
LINE
  5
ABC
330
1A
100
AcDbEntity
  8
BLACK
  6
CONTINUOUS
100
AcDbLine
 10
-1.4798857874015747
 20
1.460685
 30
0
 11
-1.4796788976377953
 21
1.460144409448819
 31
0
  0
LINE
  5
ABD
330
1A
100
AcDbEntity
  8
BLACK
  6
CONTINUOUS
100
AcDbLine
 10
-1.4796788976377953
 20
1.460144409448819
 30
0
 11
-1.4796713779527559
 21
1.4600385433070866
 31
0
  0
LINE
  5
ABE
330
1A
100
AcDbEntity
  8
BLACK
  6
CONTINUOUS
100
AcDbLine
 10
-1.4796713779527559
 20
1.4600385433070866
 30
0
 11
-1.4796307874015748
 21
1.4599405511811023
 31
0
  0
LINE
  5
ABF
330
1A
100
AcDbEntity
  8
BLACK
  6
CONTINUOUS
100
AcDbLine
 10
-1.4796307874015748
 20
1.4599405511811023
 30
0
 11
-1.4795740551181102
 21
1.4593644881889762
 31
0
  0
LINE
  5
AC0
330
1A
100
AcDbEntity
  8
BLACK
  6
CONTINUOUS
100
AcDbLine
 10
-1.4795740551181102
 20
1.4593644881889762
 30
0
 11
-1.4795740551181102
 21
1.451865433070866
 31
0
  0
LINE
  5
AC1
330
1A
100
AcDbEntity
  8
BLACK
  6
CONTINUOUS
100
AcDbLine
 10
-1.4795740551181102
 20
1.451865433070866
 30
0
 11
-1.4796307874015748
 21
1.4512893700787401
 31
0
  0
LINE
  5
AC2
330
1A
100
AcDbEntity
  8
BLACK
  6
CONTINUOUS
100
AcDbLine
 10
-1.4796307874015748
 20
1.4512893700787401
 30
0
 11
-1.4796713779527559
 21
1.4511914173228346
 31
0
  0
LINE
  5
AC3
330
1A
100
AcDbEntity
  8
BLACK
  6
CONTINUOUS
100
AcDbLine
 10
-1.4796713779527559
 20
1.4511914173228346
 30
0
 11
-1.4796788976377953
 21
1.4510855118110235
 31
0
  0
LINE
  5
AC4
330
1A
100
AcDbEntity
  8
BLACK
  6
CONTINUOUS
100
AcDbLine
 10
-1.4796788976377953
 20
1.4510855118110235
 30
0
 11
-1.4798857874015747
 21
1.4505449212598425
 31
0
  0
LINE
  5
AC5
330
1A
100
AcDbEntity
  8
BLACK
  6
CONTINUOUS
100
AcDbLine
 10
-1.4798857874015747
 20
1.4505449212598425
 30
0
 11
-1.4817605511811023
 21
1.4467953937007874
 31
0
  0
LINE
  5
AC6
330
1A
100
AcDbEntity
  8
BLACK
  6
CONTINUOUS
100
AcDbLine
 10
-1.4817605511811023
 20
1.4467953937007874
 30
0
 11
-1.481916653543307
 21
1.4465474015748032
 31
0
  0
LINE
  5
AC7
330
1A
100
AcDbEntity
  8
BLACK
  6
CONTINUOUS
100
AcDbLine
 10
-1.481916653543307
 20
1.4465474015748032
 30
0
 11
-1.4819464566929132
 21
1.446475433070866
 31
0
  0
LINE
  5
AC8
330
1A
100
AcDbEntity
  8
BLACK
  6
CONTINUOUS
100
AcDbLine
 10
-1.4819464566929132
 20
1.446475433070866
 30
0
 11
-1.4820129133858266
 21
1.4463944881889763
 31
0
  0
LINE
  5
AC9
330
1A
100
AcDbEntity
  8
BLACK
  6
CONTINUOUS
100
AcDbLine
 10
-1.4820129133858266
 20
1.4463944881889763
 30
0
 11
-1.4820688976377951
 21
1.4463055118110235
 31
0
  0
LINE
  5
ACA
330
1A
100
AcDbEntity
  8
BLACK
  6
CONTINUOUS
100
AcDbLine
 10
-1.4820688976377951
 20
1.4463055118110235
 30
0
 11
-1.4821279527559055
 21
1.4462543307086615
 31
0
  0
LINE
  5
ACB
330
1A
100
AcDbEntity
  8
BLACK
  6
CONTINUOUS
100
AcDbLine
 10
-1.4821279527559055
 20
1.4462543307086615
 30
0
 11
-1.4823137007874014
 21
1.4460279527559055
 31
0
  0
LINE
  5
ACC
330
1A
100
AcDbEntity
  8
BLACK
  6
CONTINUOUS
100
AcDbLine
 10
-1.4823137007874014
 20
1.4460279527559055
 30
0
 11
-1.4841885039370077
 21
1.4441531889763779
 31
0
  0
LINE
  5
ACD
330
1A
100
AcDbEntity
  8
BLACK
  6
CONTINUOUS
100
AcDbLine
 10
-1.4841885039370077
 20
1.4441531889763779
 30
0
 11
-1.484414842519685
 21
1.4439674803149607
 31
0
  0
LINE
  5
ACE
330
1A
100
AcDbEntity
  8
BLACK
  6
CONTINUOUS
100
AcDbLine
 10
-1.484414842519685
 20
1.4439674803149607
 30
0
 11
-1.4844659842519685
 21
1.4439084645669291
 31
0
  0
LINE
  5
ACF
330
1A
100
AcDbEntity
  8
BLACK
  6
CONTINUOUS
100
AcDbLine
 10
-1.4844659842519685
 20
1.4439084645669291
 30
0
 11
-1.4845549212598426
 21
1.4438525196850394
 31
0
  0
LINE
  5
AD0
330
1A
100
AcDbEntity
  8
BLACK
  6
CONTINUOUS
100
AcDbLine
 10
-1.4845549212598426
 20
1.4438525196850394
 30
0
 11
-1.4846359448818898
 21
1.4437859842519685
 31
0
  0
LINE
  5
AD1
330
1A
100
AcDbEntity
  8
BLACK
  6
CONTINUOUS
100
AcDbLine
 10
-1.4846359448818898
 20
1.4437859842519685
 30
0
 11
-1.4847079921259843
 21
1.4437561811023623
 31
0
  0
LINE
  5
AD2
330
1A
100
AcDbEntity
  8
BLACK
  6
CONTINUOUS
100
AcDbLine
 10
-1.4847079921259843
 20
1.4437561811023623
 30
0
 11
-1.4849558661417321
 21
1.4436001181102363
 31
0
  0
LINE
  5
AD3
330
1A
100
AcDbEntity
  8
BLACK
  6
CONTINUOUS
100
AcDbLine
 10
-1.4849558661417321
 20
1.4436001181102363
 30
0
 11
-1.4887053937007875
 21
1.4417253543307087
 31
0
  0
LINE
  5
AD4
330
1A
100
AcDbEntity
  8
BLACK
  6
CONTINUOUS
100
AcDbLine
 10
-1.4887053937007875
 20
1.4417253543307087
 30
0
 11
-1.4892460236220473
 21
1.441518464566929
 31
0
  0
LINE
  5
AD5
330
1A
100
AcDbEntity
  8
BLACK
  6
CONTINUOUS
100
AcDbLine
 10
-1.4892460236220473
 20
1.441518464566929
 30
0
 11
-1.4893518503937007
 21
1.4415109842519684
 31
0
  0
LINE
  5
AD6
330
1A
100
AcDbEntity
  8
BLACK
  6
CONTINUOUS
100
AcDbLine
 10
-1.4893518503937007
 20
1.4415109842519684
 30
0
 11
-1.4894498425196849
 21
1.4414703543307086
 31
0
  0
LINE
  5
AD7
330
1A
100
AcDbEntity
  8
BLACK
  6
CONTINUOUS
100
AcDbLine
 10
-1.4894498425196849
 20
1.4414703543307086
 30
0
 11
-1.490025905511811
 21
1.441413622047244
 31
0
  0
LINE
  5
AD8
330
1A
100
AcDbEntity
  8
BLACK
  6
CONTINUOUS
100
AcDbLine
 10
-1.490025905511811
 20
1.441413622047244
 30
0
 11
-1.5218968897637795
 21
1.441413622047244
 31
0
  0
LINE
  5
AD9
330
1A
100
AcDbEntity
  8
BLACK
  6
CONTINUOUS
100
AcDbLine
 10
-1.5218968897637795
 20
1.441413622047244
 30
0
 11
-1.5224729527559056
 21
1.4414703543307086
 31
0
  0
LINE
  5
ADA
330
1A
100
AcDbEntity
  8
BLACK
  6
CONTINUOUS
100
AcDbLine
 10
-1.5224729527559056
 20
1.4414703543307086
 30
0
 11
-1.5235373622047244
 21
1.4419112598425197
 31
0
  0
LINE
  5
ADB
330
1A
100
AcDbEntity
  8
BLACK
  6
CONTINUOUS
100
AcDbLine
 10
-1.5235373622047244
 20
1.4419112598425197
 30
0
 11
-1.5243520078740158
 21
1.4427259055118109
 31
0
  0
LINE
  5
ADC
330
1A
100
AcDbEntity
  8
BLACK
  6
CONTINUOUS
100
AcDbLine
 10
-1.5243520078740158
 20
1.4427259055118109
 30
0
 11
-1.5247929133858267
 21
1.4437903149606299
 31
0
  0
LINE
  5
ADD
330
1A
100
AcDbEntity
  8
BLACK
  6
CONTINUOUS
100
AcDbLine
 10
-1.5247929133858267
 20
1.4437903149606299
 30
0
 11
-1.5247929133858267
 21
1.4449424409448819
 31
0
  0
LINE
  5
ADE
330
1A
100
AcDbEntity
  8
BLACK
  6
CONTINUOUS
100
AcDbLine
 10
-1.5247929133858267
 20
1.4449424409448819
 30
0
 11
-1.5243520078740158
 21
1.4460068503937007
 31
0
  0
LINE
  5
ADF
330
1A
100
AcDbEntity
  8
BLACK
  6
CONTINUOUS
100
AcDbLine
 10
-1.5243520078740158
 20
1.4460068503937007
 30
0
 11
-1.5235373622047244
 21
1.4468214960629922
 31
0
  0
LINE
  5
AE0
330
1A
100
AcDbEntity
  8
BLACK
  6
CONTINUOUS
100
AcDbLine
 10
-1.5235373622047244
 20
1.4468214960629922
 30
0
 11
-1.5224729527559056
 21
1.447262401574803
 31
0
  0
LINE
  5
AE1
330
1A
100
AcDbEntity
  8
BLACK
  6
CONTINUOUS
100
AcDbLine
 10
-1.5224729527559056
 20
1.447262401574803
 30
0
 11
-1.5218968897637795
 21
1.4473191338582676
 31
0
  0
LINE
  5
AE2
330
1A
100
AcDbEntity
  8
BLACK
  6
CONTINUOUS
100
AcDbLine
 10
-1.5218968897637795
 20
1.4473191338582676
 30
0
 11
-1.4907229527559054
 21
1.4473191338582676
 31
0
  0
LINE
  5
AE3
330
1A
100
AcDbEntity
  8
BLACK
  6
CONTINUOUS
100
AcDbLine
 10
-1.4907229527559054
 20
1.4473191338582676
 30
0
 11
-1.4880254724409447
 21
1.4486679133858267
 31
0
  0
LINE
  5
AE4
330
1A
100
AcDbEntity
  8
BLACK
  6
CONTINUOUS
100
AcDbLine
 10
-1.4880254724409447
 20
1.4486679133858267
 30
0
 11
-1.4868283070866142
 21
1.4498650393700787
 31
0
  0
LINE
  5
AE5
330
1A
100
AcDbEntity
  8
BLACK
  6
CONTINUOUS
100
AcDbLine
 10
-1.4868283070866142
 20
1.4498650393700787
 30
0
 11
-1.4854795669291339
 21
1.4525624803149606
 31
0
  0
LINE
  5
AE6
330
1A
100
AcDbEntity
  8
BLACK
  6
CONTINUOUS
100
AcDbLine
 10
-1.4854795669291339
 20
1.4525624803149606
 30
0
 11
-1.4854795669291339
 21
1.4586674409448819
 31
0
  0
LINE
  5
AE7
330
1A
100
AcDbEntity
  8
BLACK
  6
CONTINUOUS
100
AcDbLine
 10
-1.4854795669291339
 20
1.4586674409448819
 30
0
 11
-1.4868283070866142
 21
1.4613649212598425
 31
0
  0
LINE
  5
AE8
330
1A
100
AcDbEntity
  8
BLACK
  6
CONTINUOUS
100
AcDbLine
 10
-1.4868283070866142
 20
1.4613649212598425
 30
0
 11
-1.4880254724409447
 21
1.4625620472440946
 31
0
  0
LINE
  5
AE9
330
1A
100
AcDbEntity
  8
BLACK
  6
CONTINUOUS
100
AcDbLine
 10
-1.4880254724409447
 20
1.4625620472440946
 30
0
 11
-1.4907229527559054
 21
1.4639107874015749
 31
0
  0
LINE
  5
AEA
330
1A
100
AcDbEntity
  8
BLACK
  6
CONTINUOUS
100
AcDbLine
 10
-1.4907229527559054
 20
1.4639107874015749
 30
0
 11
-1.5218968897637795
 21
1.4639107874015749
 31
0
  0
LINE
  5
AEB
330
1A
100
AcDbEntity
  8
BLACK
  6
CONTINUOUS
100
AcDbLine
 10
-1.5218968897637795
 20
1.4639107874015749
 30
0
 11
-1.5224729527559056
 21
1.4639675196850392
 31
0
  0
LINE
  5
AEC
330
1A
100
AcDbEntity
  8
BLACK
  6
CONTINUOUS
100
AcDbLine
 10
-1.5224729527559056
 20
1.4639675196850392
 30
0
 11
-1.5235373622047244
 21
1.4644084251968503
 31
0
  0
LINE
  5
AED
330
1A
100
AcDbEntity
  8
BLACK
  6
CONTINUOUS
100
AcDbLine
 10
-1.5235373622047244
 20
1.4644084251968503
 30
0
 11
-1.5243520078740158
 21
1.4652230708661418
 31
0
  0
LINE
  5
AEE
330
1A
100
AcDbEntity
  8
BLACK
  6
CONTINUOUS
100
AcDbLine
 10
-1.5243520078740158
 20
1.4652230708661418
 30
0
 11
-1.5247929133858267
 21
1.4662874803149606
 31
0
  0
LINE
  5
AEF
330
1A
100
AcDbEntity
  8
BLACK
  6
CONTINUOUS
100
AcDbLine
 10
-1.5247929133858267
 20
1.4662874803149606
 30
0
 11
-1.5247929133858267
 21
1.4674396062992126
 31
0
  0
LINE
  5
AF0
330
1A
100
AcDbEntity
  8
BLACK
  6
CONTINUOUS
100
AcDbLine
 10
-1.5247929133858267
 20
1.4674396062992126
 30
0
 11
-1.5243520078740158
 21
1.4685040157480314
 31
0
  0
LINE
  5
AF1
330
1A
100
AcDbEntity
  8
BLACK
  6
CONTINUOUS
100
AcDbLine
 10
-1.5243520078740158
 20
1.4685040157480314
 30
0
 11
-1.5235373622047244
 21
1.4693186614173228
 31
0
  0
LINE
  5
AF2
330
1A
100
AcDbEntity
  8
BLACK
  6
CONTINUOUS
100
AcDbLine
 10
-1.5235373622047244
 20
1.4693186614173228
 30
0
 11
-1.5224729527559056
 21
1.4697595669291339
 31
0
  0
LINE
  5
AF3
330
1A
100
AcDbEntity
  8
BLACK
  6
CONTINUOUS
100
AcDbLine
 10
-1.5224729527559056
 20
1.4697595669291339
 30
0
 11
-1.5218968897637795
 21
1.4698162992125985
 31
0
  0
LINE
  5
AF4
330
1A
100
AcDbEntity
  8
BLACK
  6
CONTINUOUS
100
AcDbLine
 10
-1.5218968897637795
 20
1.4698162992125985
 30
0
 11
-1.490025905511811
 21
1.4698162992125985
 31
0
  0
LINE
  5
AF5
330
1A
100
AcDbEntity
  8
BLACK
  6
CONTINUOUS
100
AcDbLine
 10
-1.490025905511811
 20
1.4698162992125985
 30
0
 11
-1.4894498425196849
 21
1.4697595669291339
 31
0
  0
LINE
  5
AF6
330
1A
100
AcDbEntity
  8
BLACK
  6
CONTINUOUS
100
AcDbLine
 10
-1.5202564173228346
 20
1.5049392125984251
 30
0
 11
-1.5194417716535433
 21
1.5041245669291339
 31
0
  0
LINE
  5
AF7
330
1A
100
AcDbEntity
  8
BLACK
  6
CONTINUOUS
100
AcDbLine
 10
-1.5194417716535433
 20
1.5041245669291339
 30
0
 11
-1.5190008661417322
 21
1.5030601574803149
 31
0
  0
LINE
  5
AF8
330
1A
100
AcDbEntity
  8
BLACK
  6
CONTINUOUS
100
AcDbLine
 10
-1.5190008661417322
 20
1.5030601574803149
 30
0
 11
-1.5189441338582677
 21
1.502484094488189
 31
0
  0
LINE
  5
AF9
330
1A
100
AcDbEntity
  8
BLACK
  6
CONTINUOUS
100
AcDbLine
 10
-1.5189441338582677
 20
1.502484094488189
 30
0
 11
-1.5189441338582677
 21
1.4941882677165355
 31
0
  0
LINE
  5
AFA
330
1A
100
AcDbEntity
  8
BLACK
  6
CONTINUOUS
100
AcDbLine
 10
-1.5189441338582677
 20
1.4941882677165355
 30
0
 11
-1.482526811023622
 21
1.4941882677165355
 31
0
  0
LINE
  5
AFB
330
1A
100
AcDbEntity
  8
BLACK
  6
CONTINUOUS
100
AcDbLine
 10
-1.482526811023622
 20
1.4941882677165355
 30
0
 11
-1.481950748031496
 21
1.4941315354330709
 31
0
  0
LINE
  5
AFC
330
1A
100
AcDbEntity
  8
BLACK
  6
CONTINUOUS
100
AcDbLine
 10
-1.481950748031496
 20
1.4941315354330709
 30
0
 11
-1.4808863385826772
 21
1.4936906299212598
 31
0
  0
LINE
  5
AFD
330
1A
100
AcDbEntity
  8
BLACK
  6
CONTINUOUS
100
AcDbLine
 10
-1.4808863385826772
 20
1.4936906299212598
 30
0
 11
-1.4800716929133857
 21
1.4928759842519685
 31
0
  0
LINE
  5
AFE
330
1A
100
AcDbEntity
  8
BLACK
  6
CONTINUOUS
100
AcDbLine
 10
-1.4800716929133857
 20
1.4928759842519685
 30
0
 11
-1.4796307874015748
 21
1.4918115748031495
 31
0
  0
LINE
  5
AFF
330
1A
100
AcDbEntity
  8
BLACK
  6
CONTINUOUS
100
AcDbLine
 10
-1.4796307874015748
 20
1.4918115748031495
 30
0
 11
-1.4796307874015748
 21
1.4906594488188976
 31
0
  0
LINE
  5
B00
330
1A
100
AcDbEntity
  8
BLACK
  6
CONTINUOUS
100
AcDbLine
 10
-1.4796307874015748
 20
1.4906594488188976
 30
0
 11
-1.4800716929133857
 21
1.4895950393700788
 31
0
  0
LINE
  5
B01
330
1A
100
AcDbEntity
  8
BLACK
  6
CONTINUOUS
100
AcDbLine
 10
-1.4800716929133857
 20
1.4895950393700788
 30
0
 11
-1.4808863385826772
 21
1.4887803937007873
 31
0
  0
LINE
  5
B02
330
1A
100
AcDbEntity
  8
BLACK
  6
CONTINUOUS
100
AcDbLine
 10
-1.4808863385826772
 20
1.4887803937007873
 30
0
 11
-1.481950748031496
 21
1.4883394881889764
 31
0
  0
LINE
  5
B03
330
1A
100
AcDbEntity
  8
BLACK
  6
CONTINUOUS
100
AcDbLine
 10
-1.481950748031496
 20
1.4883394881889764
 30
0
 11
-1.482526811023622
 21
1.4882827559055118
 31
0
  0
LINE
  5
B04
330
1A
100
AcDbEntity
  8
BLACK
  6
CONTINUOUS
100
AcDbLine
 10
-1.482526811023622
 20
1.4882827559055118
 30
0
 11
-1.5189441338582677
 21
1.4882827559055118
 31
0
  0
LINE
  5
B05
330
1A
100
AcDbEntity
  8
BLACK
  6
CONTINUOUS
100
AcDbLine
 10
-1.5189441338582677
 20
1.4882827559055118
 30
0
 11
-1.5189441338582677
 21
1.4799869291338583
 31
0
  0
LINE
  5
B06
330
1A
100
AcDbEntity
  8
BLACK
  6
CONTINUOUS
100
AcDbLine
 10
-1.5189441338582677
 20
1.4799869291338583
 30
0
 11
-1.5190008661417322
 21
1.4794108661417322
 31
0
  0
LINE
  5
B07
330
1A
100
AcDbEntity
  8
BLACK
  6
CONTINUOUS
100
AcDbLine
 10
-1.5190008661417322
 20
1.4794108661417322
 30
0
 11
-1.5194417716535433
 21
1.4783464566929134
 31
0
  0
LINE
  5
B08
330
1A
100
AcDbEntity
  8
BLACK
  6
CONTINUOUS
100
AcDbLine
 10
-1.5194417716535433
 20
1.4783464566929134
 30
0
 11
-1.5202564173228346
 21
1.477531811023622
 31
0
  0
LINE
  5
B09
330
1A
100
AcDbEntity
  8
BLACK
  6
CONTINUOUS
100
AcDbLine
 10
-1.5202564173228346
 20
1.477531811023622
 30
0
 11
-1.5213208267716536
 21
1.4770909055118109
 31
0
  0
LINE
  5
B0A
330
1A
100
AcDbEntity
  8
BLACK
  6
CONTINUOUS
100
AcDbLine
 10
-1.5213208267716536
 20
1.4770909055118109
 30
0
 11
-1.5224729527559056
 21
1.4770909055118109
 31
0
  0
LINE
  5
B0B
330
1A
100
AcDbEntity
  8
BLACK
  6
CONTINUOUS
100
AcDbLine
 10
-1.5224729527559056
 20
1.4770909055118109
 30
0
 11
-1.5235373622047244
 21
1.477531811023622
 31
0
  0
LINE
  5
B0C
330
1A
100
AcDbEntity
  8
BLACK
  6
CONTINUOUS
100
AcDbLine
 10
-1.5235373622047244
 20
1.477531811023622
 30
0
 11
-1.5243520078740158
 21
1.4783464566929134
 31
0
  0
LINE
  5
B0D
330
1A
100
AcDbEntity
  8
BLACK
  6
CONTINUOUS
100
AcDbLine
 10
-1.5243520078740158
 20
1.4783464566929134
 30
0
 11
-1.5247929133858267
 21
1.4794108661417322
 31
0
  0
LINE
  5
B0E
330
1A
100
AcDbEntity
  8
BLACK
  6
CONTINUOUS
100
AcDbLine
 10
-1.5247929133858267
 20
1.4794108661417322
 30
0
 11
-1.5248496456692913
 21
1.4799869291338583
 31
0
  0
LINE
  5
B0F
330
1A
100
AcDbEntity
  8
BLACK
  6
CONTINUOUS
100
AcDbLine
 10
-1.5248496456692913
 20
1.4799869291338583
 30
0
 11
-1.5248496456692913
 21
1.502484094488189
 31
0
  0
LINE
  5
B10
330
1A
100
AcDbEntity
  8
BLACK
  6
CONTINUOUS
100
AcDbLine
 10
-1.5248496456692913
 20
1.502484094488189
 30
0
 11
-1.5247929133858267
 21
1.5030601574803149
 31
0
  0
LINE
  5
B11
330
1A
100
AcDbEntity
  8
BLACK
  6
CONTINUOUS
100
AcDbLine
 10
-1.5247929133858267
 20
1.5030601574803149
 30
0
 11
-1.5243520078740158
 21
1.5041245669291339
 31
0
  0
LINE
  5
B12
330
1A
100
AcDbEntity
  8
BLACK
  6
CONTINUOUS
100
AcDbLine
 10
-1.5243520078740158
 20
1.5041245669291339
 30
0
 11
-1.5235373622047244
 21
1.5049392125984251
 31
0
  0
LINE
  5
B13
330
1A
100
AcDbEntity
  8
BLACK
  6
CONTINUOUS
100
AcDbLine
 10
-1.5235373622047244
 20
1.5049392125984251
 30
0
 11
-1.5224729527559056
 21
1.5053801181102362
 31
0
  0
LINE
  5
B14
330
1A
100
AcDbEntity
  8
BLACK
  6
CONTINUOUS
100
AcDbLine
 10
-1.5224729527559056
 20
1.5053801181102362
 30
0
 11
-1.5213208267716536
 21
1.5053801181102362
 31
0
  0
LINE
  5
B15
330
1A
100
AcDbEntity
  8
BLACK
  6
CONTINUOUS
100
AcDbLine
 10
-1.5213208267716536
 20
1.5053801181102362
 30
0
 11
-1.5202564173228346
 21
1.5049392125984251
 31
0
  0
CIRCLE
  5
B16
330
1A
100
AcDbEntity
  8
BLACK
100
AcDbCircle
 10
1.7
 20
1.9450000000000001
 30
0
 40
0.0068897637795276
  0
CIRCLE
  5
B17
330
1A
100
AcDbEntity
  8
BLACK
100
AcDbCircle
 10
1.5999999999999999
 20
1.9450000000000001
 30
0
 40
0.0068897637795276
  0
CIRCLE
  5
B18
330
1A
100
AcDbEntity
  8
BLACK
100
AcDbCircle
 10
1.7
 20
2.0449999999999999
 30
0
 40
0.0068897637795276
  0
CIRCLE
  5
B19
330
1A
100
AcDbEntity
  8
BLACK
100
AcDbCircle
 10
1.5999999999999999
 20
2.0449999999999999
 30
0
 40
0.0068897637795276
  0
CIRCLE
  5
B1A
330
1A
100
AcDbEntity
  8
BLACK
100
AcDbCircle
 10
1.7
 20
2.145
 30
0
 40
0.0068897637795276
  0
CIRCLE
  5
B1B
330
1A
100
AcDbEntity
  8
BLACK
100
AcDbCircle
 10
1.5999999999999999
 20
2.145
 30
0
 40
0.0068897637795276
  0
CIRCLE
  5
B1C
330
1A
100
AcDbEntity
  8
BLACK
100
AcDbCircle
 10
-0.24
 20
0.635
 30
0
 40
0.0068897637795276
  0
CIRCLE
  5
B1D
330
1A
100
AcDbEntity
  8
BLACK
100
AcDbCircle
 10
-0.24
 20
0.535
 30
0
 40
0.0068897637795276
  0
CIRCLE
  5
B1E
330
1A
100
AcDbEntity
  8
BLACK
100
AcDbCircle
 10
-0.34
 20
0.635
 30
0
 40
0.0068897637795276
  0
CIRCLE
  5
B1F
330
1A
100
AcDbEntity
  8
BLACK
100
AcDbCircle
 10
-0.34
 20
0.535
 30
0
 40
0.0068897637795276
  0
CIRCLE
  5
B20
330
1A
100
AcDbEntity
  8
BLACK
100
AcDbCircle
 10
-0.44
 20
0.635
 30
0
 40
0.0068897637795276
  0
CIRCLE
  5
B21
330
1A
100
AcDbEntity
  8
BLACK
100
AcDbCircle
 10
-0.44
 20
0.535
 30
0
 40
0.0068897637795276
  0
CIRCLE
  5
B22
330
1A
100
AcDbEntity
  8
BLACK
100
AcDbCircle
 10
-0.54
 20
0.635
 30
0
 40
0.0068897637795276
  0
CIRCLE
  5
B23
330
1A
100
AcDbEntity
  8
BLACK
100
AcDbCircle
 10
-0.54
 20
0.535
 30
0
 40
0.0068897637795276
  0
CIRCLE
  5
B24
330
1A
100
AcDbEntity
  8
BLACK
100
AcDbCircle
 10
-0.64
 20
0.635
 30
0
 40
0.0068897637795276
  0
CIRCLE
  5
B25
330
1A
100
AcDbEntity
  8
BLACK
100
AcDbCircle
 10
-0.64
 20
0.535
 30
0
 40
0.0068897637795276
  0
CIRCLE
  5
B26
330
1A
100
AcDbEntity
  8
BLACK
100
AcDbCircle
 10
-1.99
 20
2.625
 30
0
 40
0.0068897637795276
  0
CIRCLE
  5
B27
330
1A
100
AcDbEntity
  8
BLACK
100
AcDbCircle
 10
1.6099999999999999
 20
2.625
 30
0
 40
0.0068897637795276
  0
CIRCLE
  5
B28
330
1A
100
AcDbEntity
  8
BLACK
100
AcDbCircle
 10
-1.2407874015748031
 20
2.6364173228346455
 30
0
 40
0.0068897637795276
  0
CIRCLE
  5
B29
330
1A
100
AcDbEntity
  8
BLACK
100
AcDbCircle
 10
-1.2407874015748031
 20
2.7364173228346456
 30
0
 40
0.0068897637795276
  0
CIRCLE
  5
B2A
330
1A
100
AcDbEntity
  8
BLACK
100
AcDbCircle
 10
-1.1407874015748032
 20
2.6364173228346455
 30
0
 40
0.0068897637795276
  0
CIRCLE
  5
B2B
330
1A
100
AcDbEntity
  8
BLACK
100
AcDbCircle
 10
-1.1407874015748032
 20
2.7364173228346456
 30
0
 40
0.0068897637795276
  0
CIRCLE
  5
B2C
330
1A
100
AcDbEntity
  8
BLACK
100
AcDbCircle
 10
-1.0407874015748031
 20
2.6364173228346455
 30
0
 40
0.0068897637795276
  0
CIRCLE
  5
B2D
330
1A
100
AcDbEntity
  8
BLACK
100
AcDbCircle
 10
-1.0407874015748031
 20
2.7364173228346456
 30
0
 40
0.0068897637795276
  0
CIRCLE
  5
B2E
330
1A
100
AcDbEntity
  8
BLACK
100
AcDbCircle
 10
-0.9407874015748031
 20
2.6364173228346455
 30
0
 40
0.0068897637795276
  0
CIRCLE
  5
B2F
330
1A
100
AcDbEntity
  8
BLACK
100
AcDbCircle
 10
-0.9407874015748031
 20
2.7364173228346456
 30
0
 40
0.0068897637795276
  0
CIRCLE
  5
B30
330
1A
100
AcDbEntity
  8
BLACK
100
AcDbCircle
 10
-0.8407874015748031
 20
2.6364173228346455
 30
0
 40
0.0068897637795276
  0
CIRCLE
  5
B31
330
1A
100
AcDbEntity
  8
BLACK
100
AcDbCircle
 10
-0.8407874015748031
 20
2.7364173228346456
 30
0
 40
0.0068897637795276
  0
CIRCLE
  5
B32
330
1A
100
AcDbEntity
  8
BLACK
100
AcDbCircle
 10
-0.7407874015748032
 20
2.6364173228346455
 30
0
 40
0.0068897637795276
  0
CIRCLE
  5
B33
330
1A
100
AcDbEntity
  8
BLACK
100
AcDbCircle
 10
-0.7407874015748032
 20
2.7364173228346456
 30
0
 40
0.0068897637795276
  0
CIRCLE
  5
B34
330
1A
100
AcDbEntity
  8
BLACK
100
AcDbCircle
 10
-0.6407874015748032
 20
2.6364173228346455
 30
0
 40
0.0068897637795276
  0
CIRCLE
  5
B35
330
1A
100
AcDbEntity
  8
BLACK
100
AcDbCircle
 10
-0.6407874015748032
 20
2.7364173228346456
 30
0
 40
0.0068897637795276
  0
CIRCLE
  5
B36
330
1A
100
AcDbEntity
  8
BLACK
100
AcDbCircle
 10
-0.5035826771653543
 20
2.6374015748031496
 30
0
 40
0.0068897637795276
  0
CIRCLE
  5
B37
330
1A
100
AcDbEntity
  8
BLACK
100
AcDbCircle
 10
-0.5035826771653543
 20
2.7374015748031497
 30
0
 40
0.0068897637795276
  0
CIRCLE
  5
B38
330
1A
100
AcDbEntity
  8
BLACK
100
AcDbCircle
 10
-0.4035826771653543
 20
2.6374015748031496
 30
0
 40
0.0068897637795276
  0
CIRCLE
  5
B39
330
1A
100
AcDbEntity
  8
BLACK
100
AcDbCircle
 10
-0.4035826771653543
 20
2.7374015748031497
 30
0
 40
0.0068897637795276
  0
CIRCLE
  5
B3A
330
1A
100
AcDbEntity
  8
BLACK
100
AcDbCircle
 10
-0.3035826771653543
 20
2.6374015748031496
 30
0
 40
0.0068897637795276
  0
CIRCLE
  5
B3B
330
1A
100
AcDbEntity
  8
BLACK
100
AcDbCircle
 10
-0.3035826771653543
 20
2.7374015748031497
 30
0
 40
0.0068897637795276
  0
CIRCLE
  5
B3C
330
1A
100
AcDbEntity
  8
BLACK
100
AcDbCircle
 10
-1.99
 20
0.625
 30
0
 40
0.0068897637795276
  0
CIRCLE
  5
B3D
330
1A
100
AcDbEntity
  8
BLACK
100
AcDbCircle
 10
-1.2793700787401574
 20
1.8277559055118109
 30
0
 40
0.0068897637795276
  0
CIRCLE
  5
B3E
330
1A
100
AcDbEntity
  8
BLACK
100
AcDbCircle
 10
-1.2793700787401574
 20
1.0009842519685039
 30
0
 40
0.0068897637795276
  0
CIRCLE
  5
B3F
330
1A
100
AcDbEntity
  8
BLACK
100
AcDbCircle
 10
-1.99
 20
2.2050000000000001
 30
0
 40
0.0068897637795276
  0
CIRCLE
  5
B40
330
1A
100
AcDbEntity
  8
BLACK
100
AcDbCircle
 10
-2.0899999999999999
 20
2.3050000000000002
 30
0
 40
0.0068897637795276
  0
CIRCLE
  5
B41
330
1A
100
AcDbEntity
  8
BLACK
100
AcDbCircle
 10
-2.0899999999999999
 20
2.105
 30
0
 40
0.0068897637795276
  0
CIRCLE
  5
B42
330
1A
100
AcDbEntity
  8
BLACK
100
AcDbCircle
 10
-1.8899999999999999
 20
2.3050000000000002
 30
0
 40
0.0068897637795276
  0
CIRCLE
  5
B43
330
1A
100
AcDbEntity
  8
BLACK
100
AcDbCircle
 10
-1.8899999999999999
 20
2.105
 30
0
 40
0.0068897637795276
  0
CIRCLE
  5
B44
330
1A
100
AcDbEntity
  8
BLACK
100
AcDbCircle
 10
0.9399999999999999
 20
2.4049999999999998
 30
0
 40
0.0068897637795276
  0
CIRCLE
  5
B45
330
1A
100
AcDbEntity
  8
BLACK
100
AcDbCircle
 10
1.235275590551181
 20
2.4049999999999998
 30
0
 40
0.0068897637795276
  0
CIRCLE
  5
B46
330
1A
100
AcDbEntity
  8
BLACK
100
AcDbCircle
 10
-1.0069291338582678
 20
1.776496062992126
 30
0
 40
0.0068897637795276
  0
CIRCLE
  5
B47
330
1A
100
AcDbEntity
  8
BLACK
100
AcDbCircle
 10
-0.9069291338582677
 20
1.776496062992126
 30
0
 40
0.0068897637795276
  0
CIRCLE
  5
B48
330
1A
100
AcDbEntity
  8
BLACK
100
AcDbCircle
 10
1.6099999999999999
 20
0.625
 30
0
 40
0.0068897637795276
  0
CIRCLE
  5
B49
330
1A
100
AcDbEntity
  8
BLACK
100
AcDbCircle
 10
-1.47
 20
2.6149999999999998
 30
0
 40
0.0068897637795276
  0
CIRCLE
  5
B4A
330
1A
100
AcDbEntity
  8
BLACK
100
AcDbCircle
 10
-1.47
 20
2.7149999999999999
 30
0
 40
0.0068897637795276
  0
CIRCLE
  5
B4B
330
1A
100
AcDbEntity
  8
BLACK
100
AcDbCircle
 10
-1.3699999999999999
 20
2.6149999999999998
 30
0
 40
0.0068897637795276
  0
CIRCLE
  5
B4C
330
1A
100
AcDbEntity
  8
BLACK
100
AcDbCircle
 10
-1.3699999999999999
 20
2.7149999999999999
 30
0
 40
0.0068897637795276
  0
CIRCLE
  5
B4D
330
1A
100
AcDbEntity
  8
BLACK
100
AcDbCircle
 10
0.33
 20
2.0049999999999999
 30
0
 40
0.0068897637795276
  0
CIRCLE
  5
B4E
330
1A
100
AcDbEntity
  8
BLACK
100
AcDbCircle
 10
0.43
 20
2.0049999999999999
 30
0
 40
0.0068897637795276
  0
CIRCLE
  5
B4F
330
1A
100
AcDbEntity
  8
BLACK
100
AcDbCircle
 10
-1.1699999999999999
 20
0.535
 30
0
 40
0.0068897637795276
  0
CIRCLE
  5
B50
330
1A
100
AcDbEntity
  8
BLACK
100
AcDbCircle
 10
-1.1699999999999999
 20
0.635
 30
0
 40
0.0068897637795276
  0
CIRCLE
  5
B51
330
1A
100
AcDbEntity
  8
BLACK
100
AcDbCircle
 10
-1.0700000000000001
 20
0.535
 30
0
 40
0.0068897637795276
  0
CIRCLE
  5
B52
330
1A
100
AcDbEntity
  8
BLACK
100
AcDbCircle
 10
-1.0700000000000001
 20
0.635
 30
0
 40
0.0068897637795276
  0
CIRCLE
  5
B53
330
1A
100
AcDbEntity
  8
BLACK
100
AcDbCircle
 10
-0.97
 20
0.535
 30
0
 40
0.0068897637795276
  0
CIRCLE
  5
B54
330
1A
100
AcDbEntity
  8
BLACK
100
AcDbCircle
 10
-0.97
 20
0.635
 30
0
 40
0.0068897637795276
  0
CIRCLE
  5
B55
330
1A
100
AcDbEntity
  8
BLACK
100
AcDbCircle
 10
-0.87
 20
0.535
 30
0
 40
0.0068897637795276
  0
CIRCLE
  5
B56
330
1A
100
AcDbEntity
  8
BLACK
100
AcDbCircle
 10
-0.87
 20
0.635
 30
0
 40
0.0068897637795276
  0
CIRCLE
  5
B57
330
1A
100
AcDbEntity
  8
BLACK
100
AcDbCircle
 10
-0.77
 20
0.535
 30
0
 40
0.0068897637795276
  0
CIRCLE
  5
B58
330
1A
100
AcDbEntity
  8
BLACK
100
AcDbCircle
 10
-0.77
 20
0.635
 30
0
 40
0.0068897637795276
  0
CIRCLE
  5
B59
330
1A
100
AcDbEntity
  8
BLACK
100
AcDbCircle
 10
1.5682677165354331
 20
1.7659448818897638
 30
0
 40
0.0068897637795276
  0
CIRCLE
  5
B5A
330
1A
100
AcDbEntity
  8
BLACK
100
AcDbCircle
 10
1.6682677165354329
 20
1.7659448818897638
 30
0
 40
0.0068897637795276
  0
CIRCLE
  5
B5B
330
1A
100
AcDbEntity
  8
BLACK
100
AcDbCircle
 10
1.5682677165354331
 20
1.6659448818897638
 30
0
 40
0.0068897637795276
  0
CIRCLE
  5
B5C
330
1A
100
AcDbEntity
  8
BLACK
100
AcDbCircle
 10
1.6682677165354329
 20
1.6659448818897638
 30
0
 40
0.0068897637795276
  0
CIRCLE
  5
B5D
330
1A
100
AcDbEntity
  8
BLACK
100
AcDbCircle
 10
1.5682677165354331
 20
1.5659448818897637
 30
0
 40
0.0068897637795276
  0
CIRCLE
  5
B5E
330
1A
100
AcDbEntity
  8
BLACK
100
AcDbCircle
 10
1.6682677165354329
 20
1.5659448818897637
 30
0
 40
0.0068897637795276
  0
CIRCLE
  5
B5F
330
1A
100
AcDbEntity
  8
BLACK
100
AcDbCircle
 10
-0.9194488188976377
 20
2.2426181102362204
 30
0
 40
0.0039370078740157
  0
CIRCLE
  5
B60
330
1A
100
AcDbEntity
  8
BLACK
100
AcDbCircle
 10
-0.9607874015748031
 20
2.2426181102362204
 30
0
 40
0.0039370078740157
  0
CIRCLE
  5
B61
330
1A
100
AcDbEntity
  8
BLACK
100
AcDbCircle
 10
-1.0021259842519685
 20
2.2426181102362204
 30
0
 40
0.0039370078740157
  0
CIRCLE
  5
B62
330
1A
100
AcDbEntity
  8
BLACK
100
AcDbCircle
 10
-0.9194488188976377
 20
2.2012795275590551
 30
0
 40
0.0039370078740157
  0
CIRCLE
  5
B63
330
1A
100
AcDbEntity
  8
BLACK
100
AcDbCircle
 10
-0.9607874015748031
 20
2.2012795275590551
 30
0
 40
0.0039370078740157
  0
CIRCLE
  5
B64
330
1A
100
AcDbEntity
  8
BLACK
100
AcDbCircle
 10
-1.0021259842519685
 20
2.2012795275590551
 30
0
 40
0.0039370078740157
  0
CIRCLE
  5
B65
330
1A
100
AcDbEntity
  8
BLACK
100
AcDbCircle
 10
-0.9194488188976377
 20
2.1599409448818898
 30
0
 40
0.0039370078740157
  0
CIRCLE
  5
B66
330
1A
100
AcDbEntity
  8
BLACK
100
AcDbCircle
 10
-0.9607874015748031
 20
2.1599409448818898
 30
0
 40
0.0039370078740157
  0
CIRCLE
  5
B67
330
1A
100
AcDbEntity
  8
BLACK
100
AcDbCircle
 10
-1.0021259842519685
 20
2.1599409448818898
 30
0
 40
0.0039370078740157
  0
CIRCLE
  5
B68
330
1A
100
AcDbEntity
  8
BLACK
100
AcDbCircle
 10
-0.4301574803149606
 20
2.3624015748031497
 30
0
 40
0.0068897637795276
  0
CIRCLE
  5
B69
330
1A
100
AcDbEntity
  8
BLACK
100
AcDbCircle
 10
-0.3907874015748031
 20
2.3624015748031497
 30
0
 40
0.0068897637795276
  0
CIRCLE
  5
B6A
330
1A
100
AcDbEntity
  8
BLACK
100
AcDbCircle
 10
1.7
 20
1.9450000000000001
 30
0
 40
0.0068897637795276
  0
CIRCLE
  5
B6B
330
1A
100
AcDbEntity
  8
BLACK
100
AcDbCircle
 10
1.5999999999999999
 20
1.9450000000000001
 30
0
 40
0.0068897637795276
  0
CIRCLE
  5
B6C
330
1A
100
AcDbEntity
  8
BLACK
100
AcDbCircle
 10
1.7
 20
2.0449999999999999
 30
0
 40
0.0068897637795276
  0
CIRCLE
  5
B6D
330
1A
100
AcDbEntity
  8
BLACK
100
AcDbCircle
 10
1.5999999999999999
 20
2.0449999999999999
 30
0
 40
0.0068897637795276
  0
CIRCLE
  5
B6E
330
1A
100
AcDbEntity
  8
BLACK
100
AcDbCircle
 10
1.7
 20
2.145
 30
0
 40
0.0068897637795276
  0
CIRCLE
  5
B6F
330
1A
100
AcDbEntity
  8
BLACK
100
AcDbCircle
 10
1.5999999999999999
 20
2.145
 30
0
 40
0.0068897637795276
  0
CIRCLE
  5
B70
330
1A
100
AcDbEntity
  8
BLACK
100
AcDbCircle
 10
-0.24
 20
0.635
 30
0
 40
0.0068897637795276
  0
CIRCLE
  5
B71
330
1A
100
AcDbEntity
  8
BLACK
100
AcDbCircle
 10
-0.24
 20
0.535
 30
0
 40
0.0068897637795276
  0
CIRCLE
  5
B72
330
1A
100
AcDbEntity
  8
BLACK
100
AcDbCircle
 10
-0.34
 20
0.635
 30
0
 40
0.0068897637795276
  0
CIRCLE
  5
B73
330
1A
100
AcDbEntity
  8
BLACK
100
AcDbCircle
 10
-0.34
 20
0.535
 30
0
 40
0.0068897637795276
  0
CIRCLE
  5
B74
330
1A
100
AcDbEntity
  8
BLACK
100
AcDbCircle
 10
-0.44
 20
0.635
 30
0
 40
0.0068897637795276
  0
CIRCLE
  5
B75
330
1A
100
AcDbEntity
  8
BLACK
100
AcDbCircle
 10
-0.44
 20
0.535
 30
0
 40
0.0068897637795276
  0
CIRCLE
  5
B76
330
1A
100
AcDbEntity
  8
BLACK
100
AcDbCircle
 10
-0.54
 20
0.635
 30
0
 40
0.0068897637795276
  0
CIRCLE
  5
B77
330
1A
100
AcDbEntity
  8
BLACK
100
AcDbCircle
 10
-0.54
 20
0.535
 30
0
 40
0.0068897637795276
  0
CIRCLE
  5
B78
330
1A
100
AcDbEntity
  8
BLACK
100
AcDbCircle
 10
-0.64
 20
0.635
 30
0
 40
0.0068897637795276
  0
CIRCLE
  5
B79
330
1A
100
AcDbEntity
  8
BLACK
100
AcDbCircle
 10
-0.64
 20
0.535
 30
0
 40
0.0068897637795276
  0
CIRCLE
  5
B7A
330
1A
100
AcDbEntity
  8
BLACK
100
AcDbCircle
 10
-1.99
 20
2.625
 30
0
 40
0.0068897637795276
  0
CIRCLE
  5
B7B
330
1A
100
AcDbEntity
  8
BLACK
100
AcDbCircle
 10
1.6099999999999999
 20
2.625
 30
0
 40
0.0068897637795276
  0
CIRCLE
  5
B7C
330
1A
100
AcDbEntity
  8
BLACK
100
AcDbCircle
 10
-1.2407874015748031
 20
2.6364173228346455
 30
0
 40
0.0068897637795276
  0
CIRCLE
  5
B7D
330
1A
100
AcDbEntity
  8
BLACK
100
AcDbCircle
 10
-1.2407874015748031
 20
2.7364173228346456
 30
0
 40
0.0068897637795276
  0
CIRCLE
  5
B7E
330
1A
100
AcDbEntity
  8
BLACK
100
AcDbCircle
 10
-1.1407874015748032
 20
2.6364173228346455
 30
0
 40
0.0068897637795276
  0
CIRCLE
  5
B7F
330
1A
100
AcDbEntity
  8
BLACK
100
AcDbCircle
 10
-1.1407874015748032
 20
2.7364173228346456
 30
0
 40
0.0068897637795276
  0
CIRCLE
  5
B80
330
1A
100
AcDbEntity
  8
BLACK
100
AcDbCircle
 10
-1.0407874015748031
 20
2.6364173228346455
 30
0
 40
0.0068897637795276
  0
CIRCLE
  5
B81
330
1A
100
AcDbEntity
  8
BLACK
100
AcDbCircle
 10
-1.0407874015748031
 20
2.7364173228346456
 30
0
 40
0.0068897637795276
  0
CIRCLE
  5
B82
330
1A
100
AcDbEntity
  8
BLACK
100
AcDbCircle
 10
-0.9407874015748031
 20
2.6364173228346455
 30
0
 40
0.0068897637795276
  0
CIRCLE
  5
B83
330
1A
100
AcDbEntity
  8
BLACK
100
AcDbCircle
 10
-0.9407874015748031
 20
2.7364173228346456
 30
0
 40
0.0068897637795276
  0
CIRCLE
  5
B84
330
1A
100
AcDbEntity
  8
BLACK
100
AcDbCircle
 10
-0.8407874015748031
 20
2.6364173228346455
 30
0
 40
0.0068897637795276
  0
CIRCLE
  5
B85
330
1A
100
AcDbEntity
  8
BLACK
100
AcDbCircle
 10
-0.8407874015748031
 20
2.7364173228346456
 30
0
 40
0.0068897637795276
  0
CIRCLE
  5
B86
330
1A
100
AcDbEntity
  8
BLACK
100
AcDbCircle
 10
-0.7407874015748032
 20
2.6364173228346455
 30
0
 40
0.0068897637795276
  0
CIRCLE
  5
B87
330
1A
100
AcDbEntity
  8
BLACK
100
AcDbCircle
 10
-0.7407874015748032
 20
2.7364173228346456
 30
0
 40
0.0068897637795276
  0
CIRCLE
  5
B88
330
1A
100
AcDbEntity
  8
BLACK
100
AcDbCircle
 10
-0.6407874015748032
 20
2.6364173228346455
 30
0
 40
0.0068897637795276
  0
CIRCLE
  5
B89
330
1A
100
AcDbEntity
  8
BLACK
100
AcDbCircle
 10
-0.6407874015748032
 20
2.7364173228346456
 30
0
 40
0.0068897637795276
  0
CIRCLE
  5
B8A
330
1A
100
AcDbEntity
  8
BLACK
100
AcDbCircle
 10
-0.5035826771653543
 20
2.6374015748031496
 30
0
 40
0.0068897637795276
  0
CIRCLE
  5
B8B
330
1A
100
AcDbEntity
  8
BLACK
100
AcDbCircle
 10
-0.5035826771653543
 20
2.7374015748031497
 30
0
 40
0.0068897637795276
  0
CIRCLE
  5
B8C
330
1A
100
AcDbEntity
  8
BLACK
100
AcDbCircle
 10
-0.4035826771653543
 20
2.6374015748031496
 30
0
 40
0.0068897637795276
  0
CIRCLE
  5
B8D
330
1A
100
AcDbEntity
  8
BLACK
100
AcDbCircle
 10
-0.4035826771653543
 20
2.7374015748031497
 30
0
 40
0.0068897637795276
  0
CIRCLE
  5
B8E
330
1A
100
AcDbEntity
  8
BLACK
100
AcDbCircle
 10
-0.3035826771653543
 20
2.6374015748031496
 30
0
 40
0.0068897637795276
  0
CIRCLE
  5
B8F
330
1A
100
AcDbEntity
  8
BLACK
100
AcDbCircle
 10
-0.3035826771653543
 20
2.7374015748031497
 30
0
 40
0.0068897637795276
  0
CIRCLE
  5
B90
330
1A
100
AcDbEntity
  8
BLACK
100
AcDbCircle
 10
-1.99
 20
0.625
 30
0
 40
0.0068897637795276
  0
CIRCLE
  5
B91
330
1A
100
AcDbEntity
  8
BLACK
100
AcDbCircle
 10
-1.2793700787401574
 20
1.8277559055118109
 30
0
 40
0.0068897637795276
  0
CIRCLE
  5
B92
330
1A
100
AcDbEntity
  8
BLACK
100
AcDbCircle
 10
-1.2793700787401574
 20
1.0009842519685039
 30
0
 40
0.0068897637795276
  0
CIRCLE
  5
B93
330
1A
100
AcDbEntity
  8
BLACK
100
AcDbCircle
 10
-1.99
 20
2.2050000000000001
 30
0
 40
0.0068897637795276
  0
CIRCLE
  5
B94
330
1A
100
AcDbEntity
  8
BLACK
100
AcDbCircle
 10
-2.0899999999999999
 20
2.3050000000000002
 30
0
 40
0.0068897637795276
  0
CIRCLE
  5
B95
330
1A
100
AcDbEntity
  8
BLACK
100
AcDbCircle
 10
-2.0899999999999999
 20
2.105
 30
0
 40
0.0068897637795276
  0
CIRCLE
  5
B96
330
1A
100
AcDbEntity
  8
BLACK
100
AcDbCircle
 10
-1.8899999999999999
 20
2.3050000000000002
 30
0
 40
0.0068897637795276
  0
CIRCLE
  5
B97
330
1A
100
AcDbEntity
  8
BLACK
100
AcDbCircle
 10
-1.8899999999999999
 20
2.105
 30
0
 40
0.0068897637795276
  0
CIRCLE
  5
B98
330
1A
100
AcDbEntity
  8
BLACK
100
AcDbCircle
 10
0.9399999999999999
 20
2.4049999999999998
 30
0
 40
0.0068897637795276
  0
CIRCLE
  5
B99
330
1A
100
AcDbEntity
  8
BLACK
100
AcDbCircle
 10
1.235275590551181
 20
2.4049999999999998
 30
0
 40
0.0068897637795276
  0
CIRCLE
  5
B9A
330
1A
100
AcDbEntity
  8
BLACK
100
AcDbCircle
 10
-1.0069291338582678
 20
1.776496062992126
 30
0
 40
0.0068897637795276
  0
CIRCLE
  5
B9B
330
1A
100
AcDbEntity
  8
BLACK
100
AcDbCircle
 10
-0.9069291338582677
 20
1.776496062992126
 30
0
 40
0.0068897637795276
  0
CIRCLE
  5
B9C
330
1A
100
AcDbEntity
  8
BLACK
100
AcDbCircle
 10
1.6099999999999999
 20
0.625
 30
0
 40
0.0068897637795276
  0
CIRCLE
  5
B9D
330
1A
100
AcDbEntity
  8
BLACK
100
AcDbCircle
 10
-1.47
 20
2.6149999999999998
 30
0
 40
0.0068897637795276
  0
CIRCLE
  5
B9E
330
1A
100
AcDbEntity
  8
BLACK
100
AcDbCircle
 10
-1.47
 20
2.7149999999999999
 30
0
 40
0.0068897637795276
  0
CIRCLE
  5
B9F
330
1A
100
AcDbEntity
  8
BLACK
100
AcDbCircle
 10
-1.3699999999999999
 20
2.6149999999999998
 30
0
 40
0.0068897637795276
  0
CIRCLE
  5
BA0
330
1A
100
AcDbEntity
  8
BLACK
100
AcDbCircle
 10
-1.3699999999999999
 20
2.7149999999999999
 30
0
 40
0.0068897637795276
  0
CIRCLE
  5
BA1
330
1A
100
AcDbEntity
  8
BLACK
100
AcDbCircle
 10
0.33
 20
2.0049999999999999
 30
0
 40
0.0068897637795276
  0
CIRCLE
  5
BA2
330
1A
100
AcDbEntity
  8
BLACK
100
AcDbCircle
 10
0.43
 20
2.0049999999999999
 30
0
 40
0.0068897637795276
  0
CIRCLE
  5
BA3
330
1A
100
AcDbEntity
  8
BLACK
100
AcDbCircle
 10
-1.1699999999999999
 20
0.535
 30
0
 40
0.0068897637795276
  0
CIRCLE
  5
BA4
330
1A
100
AcDbEntity
  8
BLACK
100
AcDbCircle
 10
-1.1699999999999999
 20
0.635
 30
0
 40
0.0068897637795276
  0
CIRCLE
  5
BA5
330
1A
100
AcDbEntity
  8
BLACK
100
AcDbCircle
 10
-1.0700000000000001
 20
0.535
 30
0
 40
0.0068897637795276
  0
CIRCLE
  5
BA6
330
1A
100
AcDbEntity
  8
BLACK
100
AcDbCircle
 10
-1.0700000000000001
 20
0.635
 30
0
 40
0.0068897637795276
  0
CIRCLE
  5
BA7
330
1A
100
AcDbEntity
  8
BLACK
100
AcDbCircle
 10
-0.97
 20
0.535
 30
0
 40
0.0068897637795276
  0
CIRCLE
  5
BA8
330
1A
100
AcDbEntity
  8
BLACK
100
AcDbCircle
 10
-0.97
 20
0.635
 30
0
 40
0.0068897637795276
  0
CIRCLE
  5
BA9
330
1A
100
AcDbEntity
  8
BLACK
100
AcDbCircle
 10
-0.87
 20
0.535
 30
0
 40
0.0068897637795276
  0
CIRCLE
  5
BAA
330
1A
100
AcDbEntity
  8
BLACK
100
AcDbCircle
 10
-0.87
 20
0.635
 30
0
 40
0.0068897637795276
  0
CIRCLE
  5
BAB
330
1A
100
AcDbEntity
  8
BLACK
100
AcDbCircle
 10
-0.77
 20
0.535
 30
0
 40
0.0068897637795276
  0
CIRCLE
  5
BAC
330
1A
100
AcDbEntity
  8
BLACK
100
AcDbCircle
 10
-0.77
 20
0.635
 30
0
 40
0.0068897637795276
  0
CIRCLE
  5
BAD
330
1A
100
AcDbEntity
  8
BLACK
100
AcDbCircle
 10
1.5682677165354331
 20
1.7659448818897638
 30
0
 40
0.0068897637795276
  0
CIRCLE
  5
BAE
330
1A
100
AcDbEntity
  8
BLACK
100
AcDbCircle
 10
1.6682677165354329
 20
1.7659448818897638
 30
0
 40
0.0068897637795276
  0
CIRCLE
  5
BAF
330
1A
100
AcDbEntity
  8
BLACK
100
AcDbCircle
 10
1.5682677165354331
 20
1.6659448818897638
 30
0
 40
0.0068897637795276
  0
CIRCLE
  5
BB0
330
1A
100
AcDbEntity
  8
BLACK
100
AcDbCircle
 10
1.6682677165354329
 20
1.6659448818897638
 30
0
 40
0.0068897637795276
  0
CIRCLE
  5
BB1
330
1A
100
AcDbEntity
  8
BLACK
100
AcDbCircle
 10
1.5682677165354331
 20
1.5659448818897637
 30
0
 40
0.0068897637795276
  0
CIRCLE
  5
BB2
330
1A
100
AcDbEntity
  8
BLACK
100
AcDbCircle
 10
1.6682677165354329
 20
1.5659448818897637
 30
0
 40
0.0068897637795276
  0
CIRCLE
  5
BB3
330
1A
100
AcDbEntity
  8
BLACK
100
AcDbCircle
 10
-0.9194488188976377
 20
2.2426181102362204
 30
0
 40
0.0039370078740157
  0
CIRCLE
  5
BB4
330
1A
100
AcDbEntity
  8
BLACK
100
AcDbCircle
 10
-0.9607874015748031
 20
2.2426181102362204
 30
0
 40
0.0039370078740157
  0
CIRCLE
  5
BB5
330
1A
100
AcDbEntity
  8
BLACK
100
AcDbCircle
 10
-1.0021259842519685
 20
2.2426181102362204
 30
0
 40
0.0039370078740157
  0
CIRCLE
  5
BB6
330
1A
100
AcDbEntity
  8
BLACK
100
AcDbCircle
 10
-0.9194488188976377
 20
2.2012795275590551
 30
0
 40
0.0039370078740157
  0
CIRCLE
  5
BB7
330
1A
100
AcDbEntity
  8
BLACK
100
AcDbCircle
 10
-0.9607874015748031
 20
2.2012795275590551
 30
0
 40
0.0039370078740157
  0
CIRCLE
  5
BB8
330
1A
100
AcDbEntity
  8
BLACK
100
AcDbCircle
 10
-1.0021259842519685
 20
2.2012795275590551
 30
0
 40
0.0039370078740157
  0
CIRCLE
  5
BB9
330
1A
100
AcDbEntity
  8
BLACK
100
AcDbCircle
 10
-0.9194488188976377
 20
2.1599409448818898
 30
0
 40
0.0039370078740157
  0
CIRCLE
  5
BBA
330
1A
100
AcDbEntity
  8
BLACK
100
AcDbCircle
 10
-0.9607874015748031
 20
2.1599409448818898
 30
0
 40
0.0039370078740157
  0
CIRCLE
  5
BBB
330
1A
100
AcDbEntity
  8
BLACK
100
AcDbCircle
 10
-1.0021259842519685
 20
2.1599409448818898
 30
0
 40
0.0039370078740157
  0
CIRCLE
  5
BBC
330
1A
100
AcDbEntity
  8
BLACK
100
AcDbCircle
 10
-0.4301574803149606
 20
2.3624015748031497
 30
0
 40
0.0068897637795276
  0
CIRCLE
  5
BBD
330
1A
100
AcDbEntity
  8
BLACK
100
AcDbCircle
 10
-0.3907874015748031
 20
2.3624015748031497
 30
0
 40
0.0068897637795276
  0
ENDSEC
  0
SECTION
  2
OBJECTS
  0
DICTIONARY
  5
20
330
0
100
AcDbDictionary
281
1
  3
ACAD_GROUP
350
BBE
  3
ACAD_LAYOUT
350
21
  3
ACAD_PLOTSTYLENAME
350
11
  0
DICTIONARY
  5
BBE
330
20
100
AcDbDictionary
281
1
  0
ACDBDICTIONARYWDFLT
  5
11
330
20
100
AcDbDictionary
281
1
  3
Normal
350
10
100
AcDbDictionaryWithDefault
340
10
  0
ACDBPLACEHOLDER
  5
10
330
11
  0
DICTIONARY
  5
21
330
20
100
AcDbDictionary
281
1
  3
Model
350
1D
  3
Layout1
350
1E
  3
Layout2
350
1F
  0
LAYOUT
  5
1D
330
21
100
AcDbPlotSettings
  1

  2
none_device
  4
A3
  6

 40
0.0
 41
0.0
 42
0.0
 43
0.0
 44
420.0
 45
297.0
 46
0.0
 47
0.0
 48
0.0
 49
0.0
140
0.0
141
0.0
142
1.0
143
1.0
 70
1024
 72
1
 73
0
 74
5
  7

 75
16
 76
0
 77
2
 78
300
147
1.0
148
0.0
149
0.0
100
AcDbLayout
  1
Model
 70
1
 71
0
 10
0.0
 20
0.0
 11
420.0
 21
297.0
 12
0.0
 22
0.0
 32
0.0
 14
1e+20
 24
1e+20
 34
1e+20
 15
-1e+20
 25
-1e+20
 35
-1e+20
146
0.0
 13
0.0
 23
0.0
 33
0.0
 16
1.0
 26
0.0
 36
0.0
 17
0.0
 27
1.0
 37
0.0
 76
0
330
1A
  0
LAYOUT
  5
1E
330
21
100
AcDbPlotSettings
  1

  2
none_device
  4
A3
  6

 40
0.0
 41
0.0
 42
0.0
 43
0.0
 44
420.0
 45
297.0
 46
0.0
 47
0.0
 48
0.0
 49
0.0
140
0.0
141
0.0
142
1.0
143
1.0
 70
0
 72
1
 73
0
 74
5
  7

 75
16
 76
0
 77
2
 78
300
147
1.0
148
0.0
149
0.0
100
AcDbLayout
  1
Layout1
 70
1
 71
1
 10
0.0
 20
0.0
 11
420.0
 21
297.0
 12
0.0
 22
0.0
 32
0.0
 14
1e+20
 24
1e+20
 34
1e+20
 15
-1e+20
 25
-1e+20
 35
-1e+20
146
0.0
 13
0.0
 23
0.0
 33
0.0
 16
1.0
 26
0.0
 36
0.0
 17
0.0
 27
1.0
 37
0.0
 76
0
330
1B
  0
LAYOUT
  5
1F
330
21
100
AcDbPlotSettings
  1

  2
none_device
  4
A3
  6

 40
0.0
 41
0.0
 42
0.0
 43
0.0
 44
420.0
 45
297.0
 46
0.0
 47
0.0
 48
0.0
 49
0.0
140
0.0
141
0.0
142
1.0
143
1.0
 70
0
 72
1
 73
0
 74
5
  7

 75
16
 76
0
 77
2
 78
300
147
1.0
148
0.0
149
0.0
100
AcDbLayout
  1
Layout2
 70
1
 71
2
 10
0.0
 20
0.0
 11
420.0
 21
297.0
 12
0.0
 22
0.0
 32
0.0
 14
1e+20
 24
1e+20
 34
1e+20
 15
-1e+20
 25
-1e+20
 35
-1e+20
146
0.0
 13
0.0
 23
0.0
 33
0.0
 16
1.0
 26
0.0
 36
0.0
 17
0.0
 27
1.0
 37
0.0
 76
0
330
1C
  0
ENDSEC
  0
EOF
