  0
SECTION
  2
HEADER
  9
$ACADVER
  1
AC1018
  9
$HANDSEED
  5
FFFFFFFF
  9
$ANGBASE
  50
0.0
  9
$ANGDIR
  70
1
  9
$MEASUREMENT
  70
0
  9
$INSUNITS
  70
1
  0
ENDSEC
  0
SECTION
  2
TABLES
  0
TABLE
  2
APPID
  5
1
330
0
100
AcDbSymbolTable
 70
1
  0
APPID
  5
2
330
1
100
AcDbSymbolTableRecord
100
AcDbRegAppTableRecord
  2
ACAD
 70
0
  0
ENDTAB
  0
TABLE
  2
LTYPE
  5
3
330
0
100
AcDbSymbolTable
 70
6
  0
LTYPE
  5
4
330
3
100
AcDbSymbolTableRecord
100
AcDbLinetypeTableRecord
  2
ByBlock
 70
0
  3

 72
65
 73
0
 40
0
  0
LTYPE
  5
5
330
3
100
AcDbSymbolTableRecord
100
AcDbLinetypeTableRecord
  2
ByLayer
 70
0
  3

 72
65
 73
0
 40
0
  0
LTYPE
  5
6
330
3
100
AcDbSymbolTableRecord
100
AcDbLinetypeTableRecord
  2
CONTINUOUS
 70
0
  3
Solid line
 72
65
 73
0
 40
0
  0
LTYPE
  5
7
330
3
100
AcDbSymbolTableRecord
100
AcDbLinetypeTableRecord
  2
DASHDOT
 70
0
  3
Dash Dot ____ _ ____ _
 72
65
 73
4
 40
2
 49
1.25
 74
0
 49
-0.25
 74
0
 49
0.25
 74
0
 49
-0.25
 74
0
  0
LTYPE
  5
8
330
3
100
AcDbSymbolTableRecord
100
AcDbLinetypeTableRecord
  2
DASHED
 70
0
  3
Dashed __ __ __ __ __
 72
65
 73
2
 40
0.75
 49
0.5
 74
0
 49
-0.25
 74
0
  0
LTYPE
  5
9
330
3
100
AcDbSymbolTableRecord
100
AcDbLinetypeTableRecord
  2
DOTTED
 70
0
  3
Dotted .  .  .  .
 72
65
 73
2
 40
0.2
 49
0.0
 74
0
 49
-0.2
 74
0
  0
ENDTAB
  0
TABLE
  2
STYLE
  5
A
330
0
100
AcDbSymbolTable
 70
4
  0
STYLE
  5
B
330
A
100
AcDbSymbolTableRecord
100
AcDbTextStyleTableRecord
  2
KICAD
 70
0
 40
0
 41
1
 42
1
 50
0
 71
0
  3
isocp.shx
  0
STYLE
  5
C
330
A
100
AcDbSymbolTableRecord
100
AcDbTextStyleTableRecord
  2
KICADB
 70
0
 40
0
 41
1
 42
1
 50
0
 71
0
  3
isocp.shx
  0
STYLE
  5
D
330
A
100
AcDbSymbolTableRecord
100
AcDbTextStyleTableRecord
  2
KICADI
 70
0
 40
0
 41
1
 42
1
 50
15
 71
0
  3
isocp.shx
  0
STYLE
  5
E
330
A
100
AcDbSymbolTableRecord
100
AcDbTextStyleTableRecord
  2
KICADBI
 70
0
 40
0
 41
1
 42
1
 50
15
 71
0
  3
isocp.shx
  0
ENDTAB
  0
TABLE
  2
LAYER
  5
F
330
0
100
AcDbSymbolTable
 70
2
  0
LAYER
  5
12
330
F
100
AcDbSymbolTableRecord
100
AcDbLayerTableRecord
  2
0
 70
0
 62
7
  6
CONTINUOUS
390
10
  0
LAYER
  5
13
330
F
100
AcDbSymbolTableRecord
100
AcDbLayerTableRecord
  2
BLACK
 70
0
 62
250
  6
CONTINUOUS
390
10
  0
ENDTAB
  0
TABLE
  2
VPORT
  5
14
330
0
100
AcDbSymbolTable
 70
0
  0
ENDTAB
  0
TABLE
  2
VIEW
  5
15
330
0
100
AcDbSymbolTable
 70
0
  0
ENDTAB
  0
TABLE
  2
UCS
  5
16
330
0
100
AcDbSymbolTable
 70
0
  0
ENDTAB
  0
TABLE
  2
DIMSTYLE
  5
17
330
0
100
AcDbSymbolTable
 70
1
100
AcDbDimStyleTable
 71
0
  0
DIMSTYLE
105
18
330
17
100
AcDbSymbolTableRecord
100
AcDbDimStyleTableRecord
  2
Standard
 70
0
  0
ENDTAB
  0
TABLE
  2
BLOCK_RECORD
  5
19
330
0
100
AcDbSymbolTable
 70
3
  0
BLOCK_RECORD
  5
1A
330
19
100
AcDbSymbolTableRecord
100
AcDbBlockTableRecord
  2
*Model_Space
340
1D
 70
0
280
1
281
0
  0
BLOCK_RECORD
  5
1B
330
19
100
AcDbSymbolTableRecord
100
AcDbBlockTableRecord
  2
*Paper_Space
340
1E
 70
0
280
1
281
0
  0
BLOCK_RECORD
  5
1C
330
19
100
AcDbSymbolTableRecord
100
AcDbBlockTableRecord
  2
*Paper_Space0
340
1F
 70
0
280
1
281
0
  0
ENDTAB
  0
ENDSEC
  0
SECTION
  2
BLOCKS
  0
BLOCK
  5
23
330
1A
100
AcDbEntity
  8
0
100
AcDbBlockBegin
  2
*Model_Space
 70
0
 10
0.0
 20
0.0
 30
0.0
  3
*Model_Space
  1

  0
ENDBLK
  5
22
330
1A
100
AcDbEntity
  8
0
100
AcDbBlockEnd
  0
BLOCK
  5
25
330
1B
100
AcDbEntity
 67
1
  8
0
100
AcDbBlockBegin
  2
*Paper_Space
 70
0
 10
0.0
 20
0.0
 30
0.0
  3
*Paper_Space
  1

  0
ENDBLK
  5
24
330
1B
100
AcDbEntity
 67
1
  8
0
100
AcDbBlockEnd
  0
BLOCK
  5
27
330
1C
100
AcDbEntity
 67
1
  8
0
100
AcDbBlockBegin
  2
*Paper_Space0
 70
0
 10
0.0
 20
0.0
 30
0.0
  3
*Paper_Space0
  1

  0
ENDBLK
  5
26
330
1C
100
AcDbEntity
 67
1
  8
0
100
AcDbBlockEnd
  0
ENDSEC
  0
SECTION
  2
ENTITIES
  0
LINE
  5
28
330
1A
100
AcDbEntity
  8
BLACK
  6
CONTINUOUS
100
AcDbLine
 10
1.2665183858267717
 20
0.8439408267716535
 30
0
 11
1.2670510629921259
 21
0.8434081496062992
 31
0
  0
LINE
  5
29
330
1A
100
AcDbEntity
  8
BLACK
  6
CONTINUOUS
100
AcDbLine
 10
1.2670510629921259
 20
0.8434081496062992
 30
0
 11
1.2671259842519684
 21
0.8430314960629921
 31
0
  0
LINE
  5
2A
330
1A
100
AcDbEntity
  8
BLACK
  6
CONTINUOUS
100
AcDbLine
 10
1.2671259842519684
 20
0.8430314960629921
 30
0
 11
1.2671259842519684
 21
0.7833858267716535
 31
0
  0
LINE
  5
2B
330
1A
100
AcDbEntity
  8
BLACK
  6
CONTINUOUS
100
AcDbLine
 10
1.2671259842519684
 20
0.7833858267716535
 30
0
 11
1.3731496062992126
 21
0.7833858267716535
 31
0
  0
LINE
  5
2C
330
1A
100
AcDbEntity
  8
BLACK
  6
CONTINUOUS
100
AcDbLine
 10
1.3731496062992126
 20
0.7833858267716535
 30
0
 11
1.3735262598425197
 21
0.783310905511811
 31
0
  0
LINE
  5
2D
330
1A
100
AcDbEntity
  8
BLACK
  6
CONTINUOUS
100
AcDbLine
 10
1.3735262598425197
 20
0.783310905511811
 30
0
 11
1.374058937007874
 21
0.7827782283464567
 31
0
  0
LINE
  5
2E
330
1A
100
AcDbEntity
  8
BLACK
  6
CONTINUOUS
100
AcDbLine
 10
1.374058937007874
 20
0.7827782283464567
 30
0
 11
1.3741338582677165
 21
0.7824015748031495
 31
0
  0
LINE
  5
2F
330
1A
100
AcDbEntity
  8
BLACK
  6
CONTINUOUS
100
AcDbLine
 10
1.3741338582677165
 20
0.7824015748031495
 30
0
 11
1.3741338582677165
 21
0.6288582677165354
 31
0
  0
LINE
  5
30
330
1A
100
AcDbEntity
  8
BLACK
  6
CONTINUOUS
100
AcDbLine
 10
1.3741338582677165
 20
0.6288582677165354
 30
0
 11
1.374058937007874
 21
0.6284816141732283
 31
0
  0
LINE
  5
31
330
1A
100
AcDbEntity
  8
BLACK
  6
CONTINUOUS
100
AcDbLine
 10
1.374058937007874
 20
0.6284816141732283
 30
0
 11
1.3735262598425197
 21
0.627948937007874
 31
0
  0
LINE
  5
32
330
1A
100
AcDbEntity
  8
BLACK
  6
CONTINUOUS
100
AcDbLine
 10
1.3735262598425197
 20
0.627948937007874
 30
0
 11
1.3731496062992126
 21
0.6278740157480315
 31
0
  0
LINE
  5
33
330
1A
100
AcDbEntity
  8
BLACK
  6
CONTINUOUS
100
AcDbLine
 10
1.3731496062992126
 20
0.6278740157480315
 30
0
 11
1.2668503937007873
 21
0.6278740157480315
 31
0
  0
LINE
  5
34
330
1A
100
AcDbEntity
  8
BLACK
  6
CONTINUOUS
100
AcDbLine
 10
1.2668503937007873
 20
0.6278740157480315
 30
0
 11
1.2664737401574804
 21
0.627948937007874
 31
0
  0
LINE
  5
35
330
1A
100
AcDbEntity
  8
BLACK
  6
CONTINUOUS
100
AcDbLine
 10
1.2664737401574804
 20
0.627948937007874
 30
0
 11
1.2659410629921259
 21
0.6284816141732283
 31
0
  0
LINE
  5
36
330
1A
100
AcDbEntity
  8
BLACK
  6
CONTINUOUS
100
AcDbLine
 10
1.2659410629921259
 20
0.6284816141732283
 30
0
 11
1.2658661417322834
 21
0.6288582677165354
 31
0
  0
LINE
  5
37
330
1A
100
AcDbEntity
  8
BLACK
  6
CONTINUOUS
100
AcDbLine
 10
1.2658661417322834
 20
0.6288582677165354
 30
0
 11
1.2658661417322834
 21
0.767244094488189
 31
0
  0
LINE
  5
38
330
1A
100
AcDbEntity
  8
BLACK
  6
CONTINUOUS
100
AcDbLine
 10
1.2658661417322834
 20
0.767244094488189
 30
0
 11
1.1338582677165354
 21
0.767244094488189
 31
0
  0
LINE
  5
39
330
1A
100
AcDbEntity
  8
BLACK
  6
CONTINUOUS
100
AcDbLine
 10
1.1338582677165354
 20
0.767244094488189
 30
0
 11
1.1334816141732282
 21
0.7673190157480315
 31
0
  0
LINE
  5
3A
330
1A
100
AcDbEntity
  8
BLACK
  6
CONTINUOUS
100
AcDbLine
 10
1.1334816141732282
 20
0.7673190157480315
 30
0
 11
1.132948937007874
 21
0.7678516929133858
 31
0
  0
LINE
  5
3B
330
1A
100
AcDbEntity
  8
BLACK
  6
CONTINUOUS
100
AcDbLine
 10
1.132948937007874
 20
0.7678516929133858
 30
0
 11
1.1328740157480315
 21
0.7682283464566929
 31
0
  0
LINE
  5
3C
330
1A
100
AcDbEntity
  8
BLACK
  6
CONTINUOUS
100
AcDbLine
 10
1.1328740157480315
 20
0.7682283464566929
 30
0
 11
1.1328740157480315
 21
0.8430314960629921
 31
0
  0
LINE
  5
3D
330
1A
100
AcDbEntity
  8
BLACK
  6
CONTINUOUS
100
AcDbLine
 10
1.1328740157480315
 20
0.8430314960629921
 30
0
 11
1.132948937007874
 21
0.8434081496062992
 31
0
  0
LINE
  5
3E
330
1A
100
AcDbEntity
  8
BLACK
  6
CONTINUOUS
100
AcDbLine
 10
1.132948937007874
 20
0.8434081496062992
 30
0
 11
1.1334816141732282
 21
0.8439408267716535
 31
0
  0
LINE
  5
3F
330
1A
100
AcDbEntity
  8
BLACK
  6
CONTINUOUS
100
AcDbLine
 10
1.1334816141732282
 20
0.8439408267716535
 30
0
 11
1.1338582677165354
 21
0.844015748031496
 31
0
  0
LINE
  5
40
330
1A
100
AcDbEntity
  8
BLACK
  6
CONTINUOUS
100
AcDbLine
 10
1.1338582677165354
 20
0.844015748031496
 30
0
 11
1.2661417322834645
 21
0.844015748031496
 31
0
  0
LINE
  5
41
330
1A
100
AcDbEntity
  8
BLACK
  6
CONTINUOUS
100
AcDbLine
 10
1.2661417322834645
 20
0.844015748031496
 30
0
 11
1.2665183858267717
 21
0.8439408267716535
 31
0
  0
LINE
  5
42
330
1A
100
AcDbEntity
  8
BLACK
  6
CONTINUOUS
100
AcDbLine
 10
1.2678346456692913
 20
0.7814173228346456
 30
0
 11
1.2678346456692913
 21
0.6298425196850393
 31
0
  0
LINE
  5
43
330
1A
100
AcDbEntity
  8
BLACK
  6
CONTINUOUS
100
AcDbLine
 10
1.2678346456692913
 20
0.6298425196850393
 30
0
 11
1.3721653543307086
 21
0.6298425196850393
 31
0
  0
LINE
  5
44
330
1A
100
AcDbEntity
  8
BLACK
  6
CONTINUOUS
100
AcDbLine
 10
1.3721653543307086
 20
0.6298425196850393
 30
0
 11
1.3721653543307086
 21
0.7814173228346456
 31
0
  0
LINE
  5
45
330
1A
100
AcDbEntity
  8
BLACK
  6
CONTINUOUS
100
AcDbLine
 10
1.3721653543307086
 20
0.7814173228346456
 30
0
 11
1.2678346456692913
 21
0.7814173228346456
 31
0
  0
LINE
  5
46
330
1A
100
AcDbEntity
  8
BLACK
  6
CONTINUOUS
100
AcDbLine
 10
1.1348425196850394
 20
0.8420472440944882
 30
0
 11
1.1348425196850394
 21
0.7692125984251968
 31
0
  0
LINE
  5
47
330
1A
100
AcDbEntity
  8
BLACK
  6
CONTINUOUS
100
AcDbLine
 10
1.1348425196850394
 20
0.7692125984251968
 30
0
 11
1.2651574803149606
 21
0.7692125984251968
 31
0
  0
LINE
  5
48
330
1A
100
AcDbEntity
  8
BLACK
  6
CONTINUOUS
100
AcDbLine
 10
1.2651574803149606
 20
0.7692125984251968
 30
0
 11
1.2651574803149606
 21
0.8420472440944882
 31
0
  0
LINE
  5
49
330
1A
100
AcDbEntity
  8
BLACK
  6
CONTINUOUS
100
AcDbLine
 10
1.2651574803149606
 20
0.8420472440944882
 30
0
 11
1.1348425196850394
 21
0.8420472440944882
 31
0
  0
LINE
  5
4A
330
1A
100
AcDbEntity
  8
BLACK
  6
CONTINUOUS
100
AcDbLine
 10
1.0923057874015747
 20
0.7144920078740157
 30
0
 11
1.0928384645669291
 21
0.7139593307086614
 31
0
  0
LINE
  5
4B
330
1A
100
AcDbEntity
  8
BLACK
  6
CONTINUOUS
100
AcDbLine
 10
1.0928384645669291
 20
0.7139593307086614
 30
0
 11
1.0929133858267717
 21
0.7135826771653543
 31
0
  0
LINE
  5
4C
330
1A
100
AcDbEntity
  8
BLACK
  6
CONTINUOUS
100
AcDbLine
 10
1.0929133858267717
 20
0.7135826771653543
 30
0
 11
1.0929133858267717
 21
0.6364173228346457
 31
0
  0
LINE
  5
4D
330
1A
100
AcDbEntity
  8
BLACK
  6
CONTINUOUS
100
AcDbLine
 10
1.0929133858267717
 20
0.6364173228346457
 30
0
 11
1.0928384645669291
 21
0.6360406692913386
 31
0
  0
LINE
  5
4E
330
1A
100
AcDbEntity
  8
BLACK
  6
CONTINUOUS
100
AcDbLine
 10
1.0928384645669291
 20
0.6360406692913386
 30
0
 11
1.0923057874015747
 21
0.6355079921259842
 31
0
  0
LINE
  5
4F
330
1A
100
AcDbEntity
  8
BLACK
  6
CONTINUOUS
100
AcDbLine
 10
1.0923057874015747
 20
0.6355079921259842
 30
0
 11
1.0919291338582677
 21
0.6354330708661418
 31
0
  0
LINE
  5
50
330
1A
100
AcDbEntity
  8
BLACK
  6
CONTINUOUS
100
AcDbLine
 10
1.0919291338582677
 20
0.6354330708661418
 30
0
 11
0.9580708661417323
 21
0.6354330708661418
 31
0
  0
LINE
  5
51
330
1A
100
AcDbEntity
  8
BLACK
  6
CONTINUOUS
100
AcDbLine
 10
0.9580708661417323
 20
0.6354330708661418
 30
0
 11
0.9576942125984251
 21
0.6355079921259842
 31
0
  0
LINE
  5
52
330
1A
100
AcDbEntity
  8
BLACK
  6
CONTINUOUS
100
AcDbLine
 10
0.9576942125984251
 20
0.6355079921259842
 30
0
 11
0.9571615354330708
 21
0.6360406692913386
 31
0
  0
LINE
  5
53
330
1A
100
AcDbEntity
  8
BLACK
  6
CONTINUOUS
100
AcDbLine
 10
0.9571615354330708
 20
0.6360406692913386
 30
0
 11
0.9570866141732284
 21
0.6364173228346457
 31
0
  0
LINE
  5
54
330
1A
100
AcDbEntity
  8
BLACK
  6
CONTINUOUS
100
AcDbLine
 10
0.9570866141732284
 20
0.6364173228346457
 30
0
 11
0.9570866141732284
 21
0.7135826771653543
 31
0
  0
LINE
  5
55
330
1A
100
AcDbEntity
  8
BLACK
  6
CONTINUOUS
100
AcDbLine
 10
0.9570866141732284
 20
0.7135826771653543
 30
0
 11
0.9571615354330708
 21
0.7139593307086614
 31
0
  0
LINE
  5
56
330
1A
100
AcDbEntity
  8
BLACK
  6
CONTINUOUS
100
AcDbLine
 10
0.9571615354330708
 20
0.7139593307086614
 30
0
 11
0.9576942125984251
 21
0.7144920078740157
 31
0
  0
LINE
  5
57
330
1A
100
AcDbEntity
  8
BLACK
  6
CONTINUOUS
100
AcDbLine
 10
0.9576942125984251
 20
0.7144920078740157
 30
0
 11
0.9580708661417323
 21
0.7145669291338582
 31
0
  0
LINE
  5
58
330
1A
100
AcDbEntity
  8
BLACK
  6
CONTINUOUS
100
AcDbLine
 10
0.9580708661417323
 20
0.7145669291338582
 30
0
 11
1.0919291338582677
 21
0.7145669291338582
 31
0
  0
LINE
  5
59
330
1A
100
AcDbEntity
  8
BLACK
  6
CONTINUOUS
100
AcDbLine
 10
1.0919291338582677
 20
0.7145669291338582
 30
0
 11
1.0923057874015747
 21
0.7144920078740157
 31
0
  0
LINE
  5
5A
330
1A
100
AcDbEntity
  8
BLACK
  6
CONTINUOUS
100
AcDbLine
 10
0.9590551181102362
 20
0.7125984251968503
 30
0
 11
0.9590551181102362
 21
0.6374015748031496
 31
0
  0
LINE
  5
5B
330
1A
100
AcDbEntity
  8
BLACK
  6
CONTINUOUS
100
AcDbLine
 10
0.9590551181102362
 20
0.6374015748031496
 30
0
 11
1.0909448818897638
 21
0.6374015748031496
 31
0
  0
LINE
  5
5C
330
1A
100
AcDbEntity
  8
BLACK
  6
CONTINUOUS
100
AcDbLine
 10
1.0909448818897638
 20
0.6374015748031496
 30
0
 11
1.0909448818897638
 21
0.7125984251968503
 31
0
  0
LINE
  5
5D
330
1A
100
AcDbEntity
  8
BLACK
  6
CONTINUOUS
100
AcDbLine
 10
1.0909448818897638
 20
0.7125984251968503
 30
0
 11
0.9590551181102362
 21
0.7125984251968503
 31
0
  0
LINE
  5
5E
330
1A
100
AcDbEntity
  8
BLACK
  6
CONTINUOUS
100
AcDbLine
 10
1.2532112992125983
 20
0.7572479133858268
 30
0
 11
1.2537439763779528
 21
0.7567152362204724
 31
0
  0
LINE
  5
5F
330
1A
100
AcDbEntity
  8
BLACK
  6
CONTINUOUS
100
AcDbLine
 10
1.2537439763779528
 20
0.7567152362204724
 30
0
 11
1.2538188976377953
 21
0.7563385826771654
 31
0
  0
LINE
  5
60
330
1A
100
AcDbEntity
  8
BLACK
  6
CONTINUOUS
100
AcDbLine
 10
1.2538188976377953
 20
0.7563385826771654
 30
0
 11
1.2538188976377953
 21
0.6539763779527559
 31
0
  0
LINE
  5
61
330
1A
100
AcDbEntity
  8
BLACK
  6
CONTINUOUS
100
AcDbLine
 10
1.2538188976377953
 20
0.6539763779527559
 30
0
 11
1.2537439763779528
 21
0.6535997244094488
 31
0
  0
LINE
  5
62
330
1A
100
AcDbEntity
  8
BLACK
  6
CONTINUOUS
100
AcDbLine
 10
1.2537439763779528
 20
0.6535997244094488
 30
0
 11
1.2532112992125983
 21
0.6530670472440945
 31
0
  0
LINE
  5
63
330
1A
100
AcDbEntity
  8
BLACK
  6
CONTINUOUS
100
AcDbLine
 10
1.2532112992125983
 20
0.6530670472440945
 30
0
 11
1.2528346456692914
 21
0.6529921259842519
 31
0
  0
LINE
  5
64
330
1A
100
AcDbEntity
  8
BLACK
  6
CONTINUOUS
100
AcDbLine
 10
1.2528346456692914
 20
0.6529921259842519
 30
0
 11
1.1488976377952755
 21
0.6529921259842519
 31
0
  0
LINE
  5
65
330
1A
100
AcDbEntity
  8
BLACK
  6
CONTINUOUS
100
AcDbLine
 10
1.1488976377952755
 20
0.6529921259842519
 30
0
 11
1.1485209842519686
 21
0.6530670472440945
 31
0
  0
LINE
  5
66
330
1A
100
AcDbEntity
  8
BLACK
  6
CONTINUOUS
100
AcDbLine
 10
1.1485209842519686
 20
0.6530670472440945
 30
0
 11
1.1479883070866141
 21
0.6535997244094488
 31
0
  0
LINE
  5
67
330
1A
100
AcDbEntity
  8
BLACK
  6
CONTINUOUS
100
AcDbLine
 10
1.1479883070866141
 20
0.6535997244094488
 30
0
 11
1.1479133858267716
 21
0.6539763779527559
 31
0
  0
LINE
  5
68
330
1A
100
AcDbEntity
  8
BLACK
  6
CONTINUOUS
100
AcDbLine
 10
1.1479133858267716
 20
0.6539763779527559
 30
0
 11
1.1479133858267716
 21
0.7563385826771654
 31
0
  0
LINE
  5
69
330
1A
100
AcDbEntity
  8
BLACK
  6
CONTINUOUS
100
AcDbLine
 10
1.1479133858267716
 20
0.7563385826771654
 30
0
 11
1.1479883070866141
 21
0.7567152362204724
 31
0
  0
LINE
  5
6A
330
1A
100
AcDbEntity
  8
BLACK
  6
CONTINUOUS
100
AcDbLine
 10
1.1479883070866141
 20
0.7567152362204724
 30
0
 11
1.1485209842519686
 21
0.7572479133858268
 31
0
  0
LINE
  5
6B
330
1A
100
AcDbEntity
  8
BLACK
  6
CONTINUOUS
100
AcDbLine
 10
1.1485209842519686
 20
0.7572479133858268
 30
0
 11
1.1488976377952755
 21
0.7573228346456693
 31
0
  0
LINE
  5
6C
330
1A
100
AcDbEntity
  8
BLACK
  6
CONTINUOUS
100
AcDbLine
 10
1.1488976377952755
 20
0.7573228346456693
 30
0
 11
1.2528346456692914
 21
0.7573228346456693
 31
0
  0
LINE
  5
6D
330
1A
100
AcDbEntity
  8
BLACK
  6
CONTINUOUS
100
AcDbLine
 10
1.2528346456692914
 20
0.7573228346456693
 30
0
 11
1.2532112992125983
 21
0.7572479133858268
 31
0
  0
LINE
  5
6E
330
1A
100
AcDbEntity
  8
BLACK
  6
CONTINUOUS
100
AcDbLine
 10
1.1498818897637795
 20
0.7553543307086614
 30
0
 11
1.1498818897637795
 21
0.6549606299212598
 31
0
  0
LINE
  5
6F
330
1A
100
AcDbEntity
  8
BLACK
  6
CONTINUOUS
100
AcDbLine
 10
1.1498818897637795
 20
0.6549606299212598
 30
0
 11
1.2518503937007874
 21
0.6549606299212598
 31
0
  0
LINE
  5
70
330
1A
100
AcDbEntity
  8
BLACK
  6
CONTINUOUS
100
AcDbLine
 10
1.2518503937007874
 20
0.6549606299212598
 30
0
 11
1.2518503937007874
 21
0.7553543307086614
 31
0
  0
LINE
  5
71
330
1A
100
AcDbEntity
  8
BLACK
  6
CONTINUOUS
100
AcDbLine
 10
1.2518503937007874
 20
0.7553543307086614
 30
0
 11
1.1498818897637795
 21
0.7553543307086614
 31
0
  0
LINE
  5
72
330
1A
100
AcDbEntity
  8
BLACK
  6
CONTINUOUS
100
AcDbLine
 10
1.1190183858267717
 20
0.8416179921259842
 30
0
 11
1.1195510629921259
 21
0.8410853149606299
 31
0
  0
LINE
  5
73
330
1A
100
AcDbEntity
  8
BLACK
  6
CONTINUOUS
100
AcDbLine
 10
1.1195510629921259
 20
0.8410853149606299
 30
0
 11
1.1196259842519685
 21
0.8407086614173228
 31
0
  0
LINE
  5
74
330
1A
100
AcDbEntity
  8
BLACK
  6
CONTINUOUS
100
AcDbLine
 10
1.1196259842519685
 20
0.8407086614173228
 30
0
 11
1.1196259842519685
 21
0.7659055118110236
 31
0
  0
LINE
  5
75
330
1A
100
AcDbEntity
  8
BLACK
  6
CONTINUOUS
100
AcDbLine
 10
1.1196259842519685
 20
0.7659055118110236
 30
0
 11
1.1195510629921259
 21
0.7655288582677165
 31
0
  0
LINE
  5
76
330
1A
100
AcDbEntity
  8
BLACK
  6
CONTINUOUS
100
AcDbLine
 10
1.1195510629921259
 20
0.7655288582677165
 30
0
 11
1.1190183858267717
 21
0.7649961811023622
 31
0
  0
LINE
  5
77
330
1A
100
AcDbEntity
  8
BLACK
  6
CONTINUOUS
100
AcDbLine
 10
1.1190183858267717
 20
0.7649961811023622
 30
0
 11
1.1186417322834645
 21
0.7649212598425197
 31
0
  0
LINE
  5
78
330
1A
100
AcDbEntity
  8
BLACK
  6
CONTINUOUS
100
AcDbLine
 10
1.1186417322834645
 20
0.7649212598425197
 30
0
 11
0.9863582677165355
 21
0.7649212598425197
 31
0
  0
LINE
  5
79
330
1A
100
AcDbEntity
  8
BLACK
  6
CONTINUOUS
100
AcDbLine
 10
0.9863582677165355
 20
0.7649212598425197
 30
0
 11
0.9859816141732283
 21
0.7649961811023622
 31
0
  0
LINE
  5
7A
330
1A
100
AcDbEntity
  8
BLACK
  6
CONTINUOUS
100
AcDbLine
 10
0.9859816141732283
 20
0.7649961811023622
 30
0
 11
0.9854489370078739
 21
0.7655288582677165
 31
0
  0
LINE
  5
7B
330
1A
100
AcDbEntity
  8
BLACK
  6
CONTINUOUS
100
AcDbLine
 10
0.9854489370078739
 20
0.7655288582677165
 30
0
 11
0.9853740157480315
 21
0.7659055118110236
 31
0
  0
LINE
  5
7C
330
1A
100
AcDbEntity
  8
BLACK
  6
CONTINUOUS
100
AcDbLine
 10
0.9853740157480315
 20
0.7659055118110236
 30
0
 11
0.9853740157480315
 21
0.8407086614173228
 31
0
  0
LINE
  5
7D
330
1A
100
AcDbEntity
  8
BLACK
  6
CONTINUOUS
100
AcDbLine
 10
0.9853740157480315
 20
0.8407086614173228
 30
0
 11
0.9854489370078739
 21
0.8410853149606299
 31
0
  0
LINE
  5
7E
330
1A
100
AcDbEntity
  8
BLACK
  6
CONTINUOUS
100
AcDbLine
 10
0.9854489370078739
 20
0.8410853149606299
 30
0
 11
0.9859816141732283
 21
0.8416179921259842
 31
0
  0
LINE
  5
7F
330
1A
100
AcDbEntity
  8
BLACK
  6
CONTINUOUS
100
AcDbLine
 10
0.9859816141732283
 20
0.8416179921259842
 30
0
 11
0.9863582677165355
 21
0.8416929133858267
 31
0
  0
LINE
  5
80
330
1A
100
AcDbEntity
  8
BLACK
  6
CONTINUOUS
100
AcDbLine
 10
0.9863582677165355
 20
0.8416929133858267
 30
0
 11
1.1186417322834645
 21
0.8416929133858267
 31
0
  0
LINE
  5
81
330
1A
100
AcDbEntity
  8
BLACK
  6
CONTINUOUS
100
AcDbLine
 10
1.1186417322834645
 20
0.8416929133858267
 30
0
 11
1.1190183858267717
 21
0.8416179921259842
 31
0
  0
LINE
  5
82
330
1A
100
AcDbEntity
  8
BLACK
  6
CONTINUOUS
100
AcDbLine
 10
0.9873425196850394
 20
0.8397244094488189
 30
0
 11
0.9873425196850394
 21
0.7668897637795276
 31
0
  0
LINE
  5
83
330
1A
100
AcDbEntity
  8
BLACK
  6
CONTINUOUS
100
AcDbLine
 10
0.9873425196850394
 20
0.7668897637795276
 30
0
 11
1.1176574803149606
 21
0.7668897637795276
 31
0
  0
LINE
  5
84
330
1A
100
AcDbEntity
  8
BLACK
  6
CONTINUOUS
100
AcDbLine
 10
1.1176574803149606
 20
0.7668897637795276
 30
0
 11
1.1176574803149606
 21
0.8397244094488189
 31
0
  0
LINE
  5
85
330
1A
100
AcDbEntity
  8
BLACK
  6
CONTINUOUS
100
AcDbLine
 10
1.1176574803149606
 20
0.8397244094488189
 30
0
 11
0.9873425196850394
 21
0.8397244094488189
 31
0
  0
LINE
  5
86
330
1A
100
AcDbEntity
  8
BLACK
  6
CONTINUOUS
100
AcDbLine
 10
-0.6222217716535433
 20
0.8995510629921259
 30
0
 11
-0.621689094488189
 21
0.8990183858267716
 31
0
  0
LINE
  5
87
330
1A
100
AcDbEntity
  8
BLACK
  6
CONTINUOUS
100
AcDbLine
 10
-0.621689094488189
 20
0.8990183858267716
 30
0
 11
-0.6216141732283464
 21
0.8986417322834646
 31
0
  0
LINE
  5
88
330
1A
100
AcDbEntity
  8
BLACK
  6
CONTINUOUS
100
AcDbLine
 10
-0.6216141732283464
 20
0.8986417322834646
 30
0
 11
-0.6216141732283464
 21
0.7663582677165354
 31
0
  0
LINE
  5
89
330
1A
100
AcDbEntity
  8
BLACK
  6
CONTINUOUS
100
AcDbLine
 10
-0.6216141732283464
 20
0.7663582677165354
 30
0
 11
-0.621689094488189
 21
0.7659816141732283
 31
0
  0
LINE
  5
8A
330
1A
100
AcDbEntity
  8
BLACK
  6
CONTINUOUS
100
AcDbLine
 10
-0.621689094488189
 20
0.7659816141732283
 30
0
 11
-0.6222217716535433
 21
0.765448937007874
 31
0
  0
LINE
  5
8B
330
1A
100
AcDbEntity
  8
BLACK
  6
CONTINUOUS
100
AcDbLine
 10
-0.6222217716535433
 20
0.765448937007874
 30
0
 11
-0.6225984251968504
 21
0.7653740157480314
 31
0
  0
LINE
  5
8C
330
1A
100
AcDbEntity
  8
BLACK
  6
CONTINUOUS
100
AcDbLine
 10
-0.6225984251968504
 20
0.7653740157480314
 30
0
 11
-0.6974015748031496
 21
0.7653740157480314
 31
0
  0
LINE
  5
8D
330
1A
100
AcDbEntity
  8
BLACK
  6
CONTINUOUS
100
AcDbLine
 10
-0.6974015748031496
 20
0.7653740157480314
 30
0
 11
-0.6977782283464566
 21
0.765448937007874
 31
0
  0
LINE
  5
8E
330
1A
100
AcDbEntity
  8
BLACK
  6
CONTINUOUS
100
AcDbLine
 10
-0.6977782283464566
 20
0.765448937007874
 30
0
 11
-0.698310905511811
 21
0.7659816141732283
 31
0
  0
LINE
  5
8F
330
1A
100
AcDbEntity
  8
BLACK
  6
CONTINUOUS
100
AcDbLine
 10
-0.698310905511811
 20
0.7659816141732283
 30
0
 11
-0.6983858267716535
 21
0.7663582677165354
 31
0
  0
LINE
  5
90
330
1A
100
AcDbEntity
  8
BLACK
  6
CONTINUOUS
100
AcDbLine
 10
-0.6983858267716535
 20
0.7663582677165354
 30
0
 11
-0.6983858267716535
 21
0.8986417322834646
 31
0
  0
LINE
  5
91
330
1A
100
AcDbEntity
  8
BLACK
  6
CONTINUOUS
100
AcDbLine
 10
-0.6983858267716535
 20
0.8986417322834646
 30
0
 11
-0.698310905511811
 21
0.8990183858267716
 31
0
  0
LINE
  5
92
330
1A
100
AcDbEntity
  8
BLACK
  6
CONTINUOUS
100
AcDbLine
 10
-0.698310905511811
 20
0.8990183858267716
 30
0
 11
-0.6977782283464566
 21
0.8995510629921259
 31
0
  0
LINE
  5
93
330
1A
100
AcDbEntity
  8
BLACK
  6
CONTINUOUS
100
AcDbLine
 10
-0.6977782283464566
 20
0.8995510629921259
 30
0
 11
-0.6974015748031496
 21
0.8996259842519685
 31
0
  0
LINE
  5
94
330
1A
100
AcDbEntity
  8
BLACK
  6
CONTINUOUS
100
AcDbLine
 10
-0.6974015748031496
 20
0.8996259842519685
 30
0
 11
-0.6225984251968504
 21
0.8996259842519685
 31
0
  0
LINE
  5
95
330
1A
100
AcDbEntity
  8
BLACK
  6
CONTINUOUS
100
AcDbLine
 10
-0.6225984251968504
 20
0.8996259842519685
 30
0
 11
-0.6222217716535433
 21
0.8995510629921259
 31
0
  0
LINE
  5
96
330
1A
100
AcDbEntity
  8
BLACK
  6
CONTINUOUS
100
AcDbLine
 10
-0.6964173228346456
 20
0.8976574803149606
 30
0
 11
-0.6964173228346456
 21
0.7673425196850393
 31
0
  0
LINE
  5
97
330
1A
100
AcDbEntity
  8
BLACK
  6
CONTINUOUS
100
AcDbLine
 10
-0.6964173228346456
 20
0.7673425196850393
 30
0
 11
-0.6235826771653543
 21
0.7673425196850393
 31
0
  0
LINE
  5
98
330
1A
100
AcDbEntity
  8
BLACK
  6
CONTINUOUS
100
AcDbLine
 10
-0.6235826771653543
 20
0.7673425196850393
 30
0
 11
-0.6235826771653543
 21
0.8976574803149606
 31
0
  0
LINE
  5
99
330
1A
100
AcDbEntity
  8
BLACK
  6
CONTINUOUS
100
AcDbLine
 10
-0.6235826771653543
 20
0.8976574803149606
 30
0
 11
-0.6964173228346456
 21
0.8976574803149606
 31
0
  0
LINE
  5
9A
330
1A
100
AcDbEntity
  8
BLACK
  6
CONTINUOUS
100
AcDbLine
 10
-0.5422217716535433
 20
0.8995510629921259
 30
0
 11
-0.5416890944881889
 21
0.8990183858267716
 31
0
  0
LINE
  5
9B
330
1A
100
AcDbEntity
  8
BLACK
  6
CONTINUOUS
100
AcDbLine
 10
-0.5416890944881889
 20
0.8990183858267716
 30
0
 11
-0.5416141732283465
 21
0.8986417322834646
 31
0
  0
LINE
  5
9C
330
1A
100
AcDbEntity
  8
BLACK
  6
CONTINUOUS
100
AcDbLine
 10
-0.5416141732283465
 20
0.8986417322834646
 30
0
 11
-0.5416141732283465
 21
0.7663582677165354
 31
0
  0
LINE
  5
9D
330
1A
100
AcDbEntity
  8
BLACK
  6
CONTINUOUS
100
AcDbLine
 10
-0.5416141732283465
 20
0.7663582677165354
 30
0
 11
-0.5416890944881889
 21
0.7659816141732283
 31
0
  0
LINE
  5
9E
330
1A
100
AcDbEntity
  8
BLACK
  6
CONTINUOUS
100
AcDbLine
 10
-0.5416890944881889
 20
0.7659816141732283
 30
0
 11
-0.5422217716535433
 21
0.765448937007874
 31
0
  0
LINE
  5
9F
330
1A
100
AcDbEntity
  8
BLACK
  6
CONTINUOUS
100
AcDbLine
 10
-0.5422217716535433
 20
0.765448937007874
 30
0
 11
-0.5425984251968504
 21
0.7653740157480314
 31
0
  0
LINE
  5
A0
330
1A
100
AcDbEntity
  8
BLACK
  6
CONTINUOUS
100
AcDbLine
 10
-0.5425984251968504
 20
0.7653740157480314
 30
0
 11
-0.6174015748031496
 21
0.7653740157480314
 31
0
  0
LINE
  5
A1
330
1A
100
AcDbEntity
  8
BLACK
  6
CONTINUOUS
100
AcDbLine
 10
-0.6174015748031496
 20
0.7653740157480314
 30
0
 11
-0.6177782283464567
 21
0.765448937007874
 31
0
  0
LINE
  5
A2
330
1A
100
AcDbEntity
  8
BLACK
  6
CONTINUOUS
100
AcDbLine
 10
-0.6177782283464567
 20
0.765448937007874
 30
0
 11
-0.618310905511811
 21
0.7659816141732283
 31
0
  0
LINE
  5
A3
330
1A
100
AcDbEntity
  8
BLACK
  6
CONTINUOUS
100
AcDbLine
 10
-0.618310905511811
 20
0.7659816141732283
 30
0
 11
-0.6183858267716535
 21
0.7663582677165354
 31
0
  0
LINE
  5
A4
330
1A
100
AcDbEntity
  8
BLACK
  6
CONTINUOUS
100
AcDbLine
 10
-0.6183858267716535
 20
0.7663582677165354
 30
0
 11
-0.6183858267716535
 21
0.8986417322834646
 31
0
  0
LINE
  5
A5
330
1A
100
AcDbEntity
  8
BLACK
  6
CONTINUOUS
100
AcDbLine
 10
-0.6183858267716535
 20
0.8986417322834646
 30
0
 11
-0.618310905511811
 21
0.8990183858267716
 31
0
  0
LINE
  5
A6
330
1A
100
AcDbEntity
  8
BLACK
  6
CONTINUOUS
100
AcDbLine
 10
-0.618310905511811
 20
0.8990183858267716
 30
0
 11
-0.6177782283464567
 21
0.8995510629921259
 31
0
  0
LINE
  5
A7
330
1A
100
AcDbEntity
  8
BLACK
  6
CONTINUOUS
100
AcDbLine
 10
-0.6177782283464567
 20
0.8995510629921259
 30
0
 11
-0.6174015748031496
 21
0.8996259842519685
 31
0
  0
LINE
  5
A8
330
1A
100
AcDbEntity
  8
BLACK
  6
CONTINUOUS
100
AcDbLine
 10
-0.6174015748031496
 20
0.8996259842519685
 30
0
 11
-0.5425984251968504
 21
0.8996259842519685
 31
0
  0
LINE
  5
A9
330
1A
100
AcDbEntity
  8
BLACK
  6
CONTINUOUS
100
AcDbLine
 10
-0.5425984251968504
 20
0.8996259842519685
 30
0
 11
-0.5422217716535433
 21
0.8995510629921259
 31
0
  0
LINE
  5
AA
330
1A
100
AcDbEntity
  8
BLACK
  6
CONTINUOUS
100
AcDbLine
 10
-0.6164173228346457
 20
0.8976574803149606
 30
0
 11
-0.6164173228346457
 21
0.7673425196850393
 31
0
  0
LINE
  5
AB
330
1A
100
AcDbEntity
  8
BLACK
  6
CONTINUOUS
100
AcDbLine
 10
-0.6164173228346457
 20
0.7673425196850393
 30
0
 11
-0.5435826771653544
 21
0.7673425196850393
 31
0
  0
LINE
  5
AC
330
1A
100
AcDbEntity
  8
BLACK
  6
CONTINUOUS
100
AcDbLine
 10
-0.5435826771653544
 20
0.7673425196850393
 30
0
 11
-0.5435826771653544
 21
0.8976574803149606
 31
0
  0
LINE
  5
AD
330
1A
100
AcDbEntity
  8
BLACK
  6
CONTINUOUS
100
AcDbLine
 10
-0.5435826771653544
 20
0.8976574803149606
 30
0
 11
-0.6164173228346457
 21
0.8976574803149606
 31
0
  0
LINE
  5
AE
330
1A
100
AcDbEntity
  8
BLACK
  6
CONTINUOUS
100
AcDbLine
 10
0.4490183858267717
 20
0.863310905511811
 30
0
 11
0.449551062992126
 21
0.8627782283464567
 31
0
  0
LINE
  5
AF
330
1A
100
AcDbEntity
  8
BLACK
  6
CONTINUOUS
100
AcDbLine
 10
0.449551062992126
 20
0.8627782283464567
 30
0
 11
0.4496259842519685
 21
0.8624015748031496
 31
0
  0
LINE
  5
B0
330
1A
100
AcDbEntity
  8
BLACK
  6
CONTINUOUS
100
AcDbLine
 10
0.4496259842519685
 20
0.8624015748031496
 30
0
 11
0.4496259842519685
 21
0.7875984251968504
 31
0
  0
LINE
  5
B1
330
1A
100
AcDbEntity
  8
BLACK
  6
CONTINUOUS
100
AcDbLine
 10
0.4496259842519685
 20
0.7875984251968504
 30
0
 11
0.449551062992126
 21
0.7872217716535432
 31
0
  0
LINE
  5
B2
330
1A
100
AcDbEntity
  8
BLACK
  6
CONTINUOUS
100
AcDbLine
 10
0.449551062992126
 20
0.7872217716535432
 30
0
 11
0.4490183858267717
 21
0.7866890944881889
 31
0
  0
LINE
  5
B3
330
1A
100
AcDbEntity
  8
BLACK
  6
CONTINUOUS
100
AcDbLine
 10
0.4490183858267717
 20
0.7866890944881889
 30
0
 11
0.4486417322834645
 21
0.7866141732283465
 31
0
  0
LINE
  5
B4
330
1A
100
AcDbEntity
  8
BLACK
  6
CONTINUOUS
100
AcDbLine
 10
0.4486417322834645
 20
0.7866141732283465
 30
0
 11
0.3163582677165354
 21
0.7866141732283465
 31
0
  0
LINE
  5
B5
330
1A
100
AcDbEntity
  8
BLACK
  6
CONTINUOUS
100
AcDbLine
 10
0.3163582677165354
 20
0.7866141732283465
 30
0
 11
0.3159816141732283
 21
0.7866890944881889
 31
0
  0
LINE
  5
B6
330
1A
100
AcDbEntity
  8
BLACK
  6
CONTINUOUS
100
AcDbLine
 10
0.3159816141732283
 20
0.7866890944881889
 30
0
 11
0.315448937007874
 21
0.7872217716535432
 31
0
  0
LINE
  5
B7
330
1A
100
AcDbEntity
  8
BLACK
  6
CONTINUOUS
100
AcDbLine
 10
0.315448937007874
 20
0.7872217716535432
 30
0
 11
0.3153740157480315
 21
0.7875984251968504
 31
0
  0
LINE
  5
B8
330
1A
100
AcDbEntity
  8
BLACK
  6
CONTINUOUS
100
AcDbLine
 10
0.3153740157480315
 20
0.7875984251968504
 30
0
 11
0.3153740157480315
 21
0.8624015748031496
 31
0
  0
LINE
  5
B9
330
1A
100
AcDbEntity
  8
BLACK
  6
CONTINUOUS
100
AcDbLine
 10
0.3153740157480315
 20
0.8624015748031496
 30
0
 11
0.315448937007874
 21
0.8627782283464567
 31
0
  0
LINE
  5
BA
330
1A
100
AcDbEntity
  8
BLACK
  6
CONTINUOUS
100
AcDbLine
 10
0.315448937007874
 20
0.8627782283464567
 30
0
 11
0.3159816141732283
 21
0.863310905511811
 31
0
  0
LINE
  5
BB
330
1A
100
AcDbEntity
  8
BLACK
  6
CONTINUOUS
100
AcDbLine
 10
0.3159816141732283
 20
0.863310905511811
 30
0
 11
0.3163582677165354
 21
0.8633858267716535
 31
0
  0
LINE
  5
BC
330
1A
100
AcDbEntity
  8
BLACK
  6
CONTINUOUS
100
AcDbLine
 10
0.3163582677165354
 20
0.8633858267716535
 30
0
 11
0.4486417322834645
 21
0.8633858267716535
 31
0
  0
LINE
  5
BD
330
1A
100
AcDbEntity
  8
BLACK
  6
CONTINUOUS
100
AcDbLine
 10
0.4486417322834645
 20
0.8633858267716535
 30
0
 11
0.4490183858267717
 21
0.863310905511811
 31
0
  0
LINE
  5
BE
330
1A
100
AcDbEntity
  8
BLACK
  6
CONTINUOUS
100
AcDbLine
 10
0.3173425196850393
 20
0.8614173228346457
 30
0
 11
0.3173425196850393
 21
0.7885826771653544
 31
0
  0
LINE
  5
BF
330
1A
100
AcDbEntity
  8
BLACK
  6
CONTINUOUS
100
AcDbLine
 10
0.3173425196850393
 20
0.7885826771653544
 30
0
 11
0.4476574803149606
 21
0.7885826771653544
 31
0
  0
LINE
  5
C0
330
1A
100
AcDbEntity
  8
BLACK
  6
CONTINUOUS
100
AcDbLine
 10
0.4476574803149606
 20
0.7885826771653544
 30
0
 11
0.4476574803149606
 21
0.8614173228346457
 31
0
  0
LINE
  5
C1
330
1A
100
AcDbEntity
  8
BLACK
  6
CONTINUOUS
100
AcDbLine
 10
0.4476574803149606
 20
0.8614173228346457
 30
0
 11
0.3173425196850393
 21
0.8614173228346457
 31
0
  0
LINE
  5
C2
330
1A
100
AcDbEntity
  8
BLACK
  6
CONTINUOUS
100
AcDbLine
 10
-0.1510406692913386
 20
0.9553384645669291
 30
0
 11
-0.1505079921259843
 21
0.9548057874015747
 31
0
  0
LINE
  5
C3
330
1A
100
AcDbEntity
  8
BLACK
  6
CONTINUOUS
100
AcDbLine
 10
-0.1505079921259843
 20
0.9548057874015747
 30
0
 11
-0.1504330708661417
 21
0.9544291338582677
 31
0
  0
LINE
  5
C4
330
1A
100
AcDbEntity
  8
BLACK
  6
CONTINUOUS
100
AcDbLine
 10
-0.1504330708661417
 20
0.9544291338582677
 30
0
 11
-0.1504330708661417
 21
0.8205708661417322
 31
0
  0
LINE
  5
C5
330
1A
100
AcDbEntity
  8
BLACK
  6
CONTINUOUS
100
AcDbLine
 10
-0.1504330708661417
 20
0.8205708661417322
 30
0
 11
-0.1505079921259843
 21
0.8201942125984252
 31
0
  0
LINE
  5
C6
330
1A
100
AcDbEntity
  8
BLACK
  6
CONTINUOUS
100
AcDbLine
 10
-0.1505079921259843
 20
0.8201942125984252
 30
0
 11
-0.1510406692913386
 21
0.8196615354330709
 31
0
  0
LINE
  5
C7
330
1A
100
AcDbEntity
  8
BLACK
  6
CONTINUOUS
100
AcDbLine
 10
-0.1510406692913386
 20
0.8196615354330709
 30
0
 11
-0.1514173228346457
 21
0.8195866141732283
 31
0
  0
LINE
  5
C8
330
1A
100
AcDbEntity
  8
BLACK
  6
CONTINUOUS
100
AcDbLine
 10
-0.1514173228346457
 20
0.8195866141732283
 30
0
 11
-0.2285826771653543
 21
0.8195866141732283
 31
0
  0
LINE
  5
C9
330
1A
100
AcDbEntity
  8
BLACK
  6
CONTINUOUS
100
AcDbLine
 10
-0.2285826771653543
 20
0.8195866141732283
 30
0
 11
-0.2289593307086614
 21
0.8196615354330709
 31
0
  0
LINE
  5
CA
330
1A
100
AcDbEntity
  8
BLACK
  6
CONTINUOUS
100
AcDbLine
 10
-0.2289593307086614
 20
0.8196615354330709
 30
0
 11
-0.2294920078740157
 21
0.8201942125984252
 31
0
  0
LINE
  5
CB
330
1A
100
AcDbEntity
  8
BLACK
  6
CONTINUOUS
100
AcDbLine
 10
-0.2294920078740157
 20
0.8201942125984252
 30
0
 11
-0.2295669291338583
 21
0.8205708661417322
 31
0
  0
LINE
  5
CC
330
1A
100
AcDbEntity
  8
BLACK
  6
CONTINUOUS
100
AcDbLine
 10
-0.2295669291338583
 20
0.8205708661417322
 30
0
 11
-0.2295669291338583
 21
0.9544291338582677
 31
0
  0
LINE
  5
CD
330
1A
100
AcDbEntity
  8
BLACK
  6
CONTINUOUS
100
AcDbLine
 10
-0.2295669291338583
 20
0.9544291338582677
 30
0
 11
-0.2294920078740157
 21
0.9548057874015747
 31
0
  0
LINE
  5
CE
330
1A
100
AcDbEntity
  8
BLACK
  6
CONTINUOUS
100
AcDbLine
 10
-0.2294920078740157
 20
0.9548057874015747
 30
0
 11
-0.2289593307086614
 21
0.9553384645669291
 31
0
  0
LINE
  5
CF
330
1A
100
AcDbEntity
  8
BLACK
  6
CONTINUOUS
100
AcDbLine
 10
-0.2289593307086614
 20
0.9553384645669291
 30
0
 11
-0.2285826771653543
 21
0.9554133858267716
 31
0
  0
LINE
  5
D0
330
1A
100
AcDbEntity
  8
BLACK
  6
CONTINUOUS
100
AcDbLine
 10
-0.2285826771653543
 20
0.9554133858267716
 30
0
 11
-0.1514173228346457
 21
0.9554133858267716
 31
0
  0
LINE
  5
D1
330
1A
100
AcDbEntity
  8
BLACK
  6
CONTINUOUS
100
AcDbLine
 10
-0.1514173228346457
 20
0.9554133858267716
 30
0
 11
-0.1510406692913386
 21
0.9553384645669291
 31
0
  0
LINE
  5
D2
330
1A
100
AcDbEntity
  8
BLACK
  6
CONTINUOUS
100
AcDbLine
 10
-0.2275984251968504
 20
0.9534448818897637
 30
0
 11
-0.2275984251968504
 21
0.8215551181102362
 31
0
  0
LINE
  5
D3
330
1A
100
AcDbEntity
  8
BLACK
  6
CONTINUOUS
100
AcDbLine
 10
-0.2275984251968504
 20
0.8215551181102362
 30
0
 11
-0.1524015748031496
 21
0.8215551181102362
 31
0
  0
LINE
  5
D4
330
1A
100
AcDbEntity
  8
BLACK
  6
CONTINUOUS
100
AcDbLine
 10
-0.1524015748031496
 20
0.8215551181102362
 30
0
 11
-0.1524015748031496
 21
0.9534448818897637
 31
0
  0
LINE
  5
D5
330
1A
100
AcDbEntity
  8
BLACK
  6
CONTINUOUS
100
AcDbLine
 10
-0.1524015748031496
 20
0.9534448818897637
 30
0
 11
-0.2275984251968504
 21
0.9534448818897637
 31
0
  0
LINE
  5
D6
330
1A
100
AcDbEntity
  8
BLACK
  6
CONTINUOUS
100
AcDbLine
 10
-0.2858635039370079
 20
1.0988620866141732
 30
0
 11
-0.2853308267716536
 21
1.098329409448819
 31
0
  0
LINE
  5
D7
330
1A
100
AcDbEntity
  8
BLACK
  6
CONTINUOUS
100
AcDbLine
 10
-0.2853308267716536
 20
1.098329409448819
 30
0
 11
-0.285255905511811
 21
1.0979527559055118
 31
0
  0
LINE
  5
D8
330
1A
100
AcDbEntity
  8
BLACK
  6
CONTINUOUS
100
AcDbLine
 10
-0.285255905511811
 20
1.0979527559055118
 30
0
 11
-0.285255905511811
 21
1.0942125984251969
 31
0
  0
LINE
  5
D9
330
1A
100
AcDbEntity
  8
BLACK
  6
CONTINUOUS
100
AcDbLine
 10
-0.285255905511811
 20
1.0942125984251969
 30
0
 11
-0.2311220472440945
 21
1.0942125984251969
 31
0
  0
LINE
  5
DA
330
1A
100
AcDbEntity
  8
BLACK
  6
CONTINUOUS
100
AcDbLine
 10
-0.2311220472440945
 20
1.0942125984251969
 30
0
 11
-0.2307453937007874
 21
1.0941376771653544
 31
0
  0
LINE
  5
DB
330
1A
100
AcDbEntity
  8
BLACK
  6
CONTINUOUS
100
AcDbLine
 10
-0.2307453937007874
 20
1.0941376771653544
 30
0
 11
-0.2302127165354331
 21
1.0936049999999999
 31
0
  0
LINE
  5
DC
330
1A
100
AcDbEntity
  8
BLACK
  6
CONTINUOUS
100
AcDbLine
 10
-0.2302127165354331
 20
1.0936049999999999
 30
0
 11
-0.2301377952755906
 21
1.093228346456693
 31
0
  0
LINE
  5
DD
330
1A
100
AcDbEntity
  8
BLACK
  6
CONTINUOUS
100
AcDbLine
 10
-0.2301377952755906
 20
1.093228346456693
 30
0
 11
-0.2301377952755906
 21
0.8270866141732284
 31
0
  0
LINE
  5
DE
330
1A
100
AcDbEntity
  8
BLACK
  6
CONTINUOUS
100
AcDbLine
 10
-0.2301377952755906
 20
0.8270866141732284
 30
0
 11
-0.2302127165354331
 21
0.8267099606299212
 31
0
  0
LINE
  5
DF
330
1A
100
AcDbEntity
  8
BLACK
  6
CONTINUOUS
100
AcDbLine
 10
-0.2302127165354331
 20
0.8267099606299212
 30
0
 11
-0.2307453937007874
 21
0.8261772834645669
 31
0
  0
LINE
  5
E0
330
1A
100
AcDbEntity
  8
BLACK
  6
CONTINUOUS
100
AcDbLine
 10
-0.2307453937007874
 20
0.8261772834645669
 30
0
 11
-0.2311220472440945
 21
0.8261023622047244
 31
0
  0
LINE
  5
E1
330
1A
100
AcDbEntity
  8
BLACK
  6
CONTINUOUS
100
AcDbLine
 10
-0.2311220472440945
 20
0.8261023622047244
 30
0
 11
-0.285255905511811
 21
0.8261023622047244
 31
0
  0
LINE
  5
E2
330
1A
100
AcDbEntity
  8
BLACK
  6
CONTINUOUS
100
AcDbLine
 10
-0.285255905511811
 20
0.8261023622047244
 30
0
 11
-0.285255905511811
 21
0.8223622047244095
 31
0
  0
LINE
  5
E3
330
1A
100
AcDbEntity
  8
BLACK
  6
CONTINUOUS
100
AcDbLine
 10
-0.285255905511811
 20
0.8223622047244095
 30
0
 11
-0.2853308267716536
 21
0.8219855511811024
 31
0
  0
LINE
  5
E4
330
1A
100
AcDbEntity
  8
BLACK
  6
CONTINUOUS
100
AcDbLine
 10
-0.2853308267716536
 20
0.8219855511811024
 30
0
 11
-0.2858635039370079
 21
0.821452874015748
 31
0
  0
LINE
  5
E5
330
1A
100
AcDbEntity
  8
BLACK
  6
CONTINUOUS
100
AcDbLine
 10
-0.2858635039370079
 20
0.821452874015748
 30
0
 11
-0.2862401574803149
 21
0.8213779527559055
 31
0
  0
LINE
  5
E6
330
1A
100
AcDbEntity
  8
BLACK
  6
CONTINUOUS
100
AcDbLine
 10
-0.2862401574803149
 20
0.8213779527559055
 30
0
 11
-0.4791535433070866
 21
0.8213779527559055
 31
0
  0
LINE
  5
E7
330
1A
100
AcDbEntity
  8
BLACK
  6
CONTINUOUS
100
AcDbLine
 10
-0.4791535433070866
 20
0.8213779527559055
 30
0
 11
-0.4795301968503937
 21
0.821452874015748
 31
0
  0
LINE
  5
E8
330
1A
100
AcDbEntity
  8
BLACK
  6
CONTINUOUS
100
AcDbLine
 10
-0.4795301968503937
 20
0.821452874015748
 30
0
 11
-0.480062874015748
 21
0.8219855511811024
 31
0
  0
LINE
  5
E9
330
1A
100
AcDbEntity
  8
BLACK
  6
CONTINUOUS
100
AcDbLine
 10
-0.480062874015748
 20
0.8219855511811024
 30
0
 11
-0.4801377952755905
 21
0.8223622047244095
 31
0
  0
LINE
  5
EA
330
1A
100
AcDbEntity
  8
BLACK
  6
CONTINUOUS
100
AcDbLine
 10
-0.4801377952755905
 20
0.8223622047244095
 30
0
 11
-0.4801377952755905
 21
0.8261023622047244
 31
0
  0
LINE
  5
EB
330
1A
100
AcDbEntity
  8
BLACK
  6
CONTINUOUS
100
AcDbLine
 10
-0.4801377952755905
 20
0.8261023622047244
 30
0
 11
-0.5342716535433071
 21
0.8261023622047244
 31
0
  0
LINE
  5
EC
330
1A
100
AcDbEntity
  8
BLACK
  6
CONTINUOUS
100
AcDbLine
 10
-0.5342716535433071
 20
0.8261023622047244
 30
0
 11
-0.5346483070866141
 21
0.8261772834645669
 31
0
  0
LINE
  5
ED
330
1A
100
AcDbEntity
  8
BLACK
  6
CONTINUOUS
100
AcDbLine
 10
-0.5346483070866141
 20
0.8261772834645669
 30
0
 11
-0.5351809842519685
 21
0.8267099606299212
 31
0
  0
LINE
  5
EE
330
1A
100
AcDbEntity
  8
BLACK
  6
CONTINUOUS
100
AcDbLine
 10
-0.5351809842519685
 20
0.8267099606299212
 30
0
 11
-0.535255905511811
 21
0.8270866141732284
 31
0
  0
LINE
  5
EF
330
1A
100
AcDbEntity
  8
BLACK
  6
CONTINUOUS
100
AcDbLine
 10
-0.535255905511811
 20
0.8270866141732284
 30
0
 11
-0.535255905511811
 21
1.093228346456693
 31
0
  0
LINE
  5
F0
330
1A
100
AcDbEntity
  8
BLACK
  6
CONTINUOUS
100
AcDbLine
 10
-0.535255905511811
 20
1.093228346456693
 30
0
 11
-0.5351809842519685
 21
1.0936049999999999
 31
0
  0
LINE
  5
F1
330
1A
100
AcDbEntity
  8
BLACK
  6
CONTINUOUS
100
AcDbLine
 10
-0.5351809842519685
 20
1.0936049999999999
 30
0
 11
-0.5346483070866141
 21
1.0941376771653544
 31
0
  0
LINE
  5
F2
330
1A
100
AcDbEntity
  8
BLACK
  6
CONTINUOUS
100
AcDbLine
 10
-0.5346483070866141
 20
1.0941376771653544
 30
0
 11
-0.5342716535433071
 21
1.0942125984251969
 31
0
  0
LINE
  5
F3
330
1A
100
AcDbEntity
  8
BLACK
  6
CONTINUOUS
100
AcDbLine
 10
-0.5342716535433071
 20
1.0942125984251969
 30
0
 11
-0.4801377952755905
 21
1.0942125984251969
 31
0
  0
LINE
  5
F4
330
1A
100
AcDbEntity
  8
BLACK
  6
CONTINUOUS
100
AcDbLine
 10
-0.4801377952755905
 20
1.0942125984251969
 30
0
 11
-0.4801377952755905
 21
1.0979527559055118
 31
0
  0
LINE
  5
F5
330
1A
100
AcDbEntity
  8
BLACK
  6
CONTINUOUS
100
AcDbLine
 10
-0.4801377952755905
 20
1.0979527559055118
 30
0
 11
-0.480062874015748
 21
1.098329409448819
 31
0
  0
LINE
  5
F6
330
1A
100
AcDbEntity
  8
BLACK
  6
CONTINUOUS
100
AcDbLine
 10
-0.480062874015748
 20
1.098329409448819
 30
0
 11
-0.4795301968503937
 21
1.0988620866141732
 31
0
  0
LINE
  5
F7
330
1A
100
AcDbEntity
  8
BLACK
  6
CONTINUOUS
100
AcDbLine
 10
-0.4795301968503937
 20
1.0988620866141732
 30
0
 11
-0.4791535433070866
 21
1.0989370078740157
 31
0
  0
LINE
  5
F8
330
1A
100
AcDbEntity
  8
BLACK
  6
CONTINUOUS
100
AcDbLine
 10
-0.4791535433070866
 20
1.0989370078740157
 30
0
 11
-0.2862401574803149
 21
1.0989370078740157
 31
0
  0
LINE
  5
F9
330
1A
100
AcDbEntity
  8
BLACK
  6
CONTINUOUS
100
AcDbLine
 10
-0.2862401574803149
 20
1.0989370078740157
 30
0
 11
-0.2858635039370079
 21
1.0988620866141732
 31
0
  0
LINE
  5
FA
330
1A
100
AcDbEntity
  8
BLACK
  6
CONTINUOUS
100
AcDbLine
 10
-0.4781692913385827
 20
1.0969685039370078
 30
0
 11
-0.4781692913385827
 21
1.093228346456693
 31
0
  0
LINE
  5
FB
330
1A
100
AcDbEntity
  8
BLACK
  6
CONTINUOUS
100
AcDbLine
 10
-0.4781692913385827
 20
1.093228346456693
 30
0
 11
-0.4782442125984252
 21
1.0928516929133858
 31
0
  0
LINE
  5
FC
330
1A
100
AcDbEntity
  8
BLACK
  6
CONTINUOUS
100
AcDbLine
 10
-0.4782442125984252
 20
1.0928516929133858
 30
0
 11
-0.4787768897637795
 21
1.0923190157480314
 31
0
  0
LINE
  5
FD
330
1A
100
AcDbEntity
  8
BLACK
  6
CONTINUOUS
100
AcDbLine
 10
-0.4787768897637795
 20
1.0923190157480314
 30
0
 11
-0.4791535433070866
 21
1.092244094488189
 31
0
  0
LINE
  5
FE
330
1A
100
AcDbEntity
  8
BLACK
  6
CONTINUOUS
100
AcDbLine
 10
-0.4791535433070866
 20
1.092244094488189
 30
0
 11
-0.5332874015748031
 21
1.092244094488189
 31
0
  0
LINE
  5
FF
330
1A
100
AcDbEntity
  8
BLACK
  6
CONTINUOUS
100
AcDbLine
 10
-0.5332874015748031
 20
1.092244094488189
 30
0
 11
-0.5332874015748031
 21
0.8280708661417323
 31
0
  0
LINE
  5
100
330
1A
100
AcDbEntity
  8
BLACK
  6
CONTINUOUS
100
AcDbLine
 10
-0.5332874015748031
 20
0.8280708661417323
 30
0
 11
-0.4791535433070866
 21
0.8280708661417323
 31
0
  0
LINE
  5
101
330
1A
100
AcDbEntity
  8
BLACK
  6
CONTINUOUS
100
AcDbLine
 10
-0.4791535433070866
 20
0.8280708661417323
 30
0
 11
-0.4787768897637795
 21
0.8279959448818898
 31
0
  0
LINE
  5
102
330
1A
100
AcDbEntity
  8
BLACK
  6
CONTINUOUS
100
AcDbLine
 10
-0.4787768897637795
 20
0.8279959448818898
 30
0
 11
-0.4782442125984252
 21
0.8274632677165354
 31
0
  0
LINE
  5
103
330
1A
100
AcDbEntity
  8
BLACK
  6
CONTINUOUS
100
AcDbLine
 10
-0.4782442125984252
 20
0.8274632677165354
 30
0
 11
-0.4781692913385827
 21
0.8270866141732284
 31
0
  0
LINE
  5
104
330
1A
100
AcDbEntity
  8
BLACK
  6
CONTINUOUS
100
AcDbLine
 10
-0.4781692913385827
 20
0.8270866141732284
 30
0
 11
-0.4781692913385827
 21
0.8233464566929134
 31
0
  0
LINE
  5
105
330
1A
100
AcDbEntity
  8
BLACK
  6
CONTINUOUS
100
AcDbLine
 10
-0.4781692913385827
 20
0.8233464566929134
 30
0
 11
-0.2872244094488189
 21
0.8233464566929134
 31
0
  0
LINE
  5
106
330
1A
100
AcDbEntity
  8
BLACK
  6
CONTINUOUS
100
AcDbLine
 10
-0.2872244094488189
 20
0.8233464566929134
 30
0
 11
-0.2872244094488189
 21
0.8270866141732284
 31
0
  0
LINE
  5
107
330
1A
100
AcDbEntity
  8
BLACK
  6
CONTINUOUS
100
AcDbLine
 10
-0.2872244094488189
 20
0.8270866141732284
 30
0
 11
-0.2871494881889764
 21
0.8274632677165354
 31
0
  0
LINE
  5
108
330
1A
100
AcDbEntity
  8
BLACK
  6
CONTINUOUS
100
AcDbLine
 10
-0.2871494881889764
 20
0.8274632677165354
 30
0
 11
-0.286616811023622
 21
0.8279959448818898
 31
0
  0
LINE
  5
109
330
1A
100
AcDbEntity
  8
BLACK
  6
CONTINUOUS
100
AcDbLine
 10
-0.286616811023622
 20
0.8279959448818898
 30
0
 11
-0.2862401574803149
 21
0.8280708661417323
 31
0
  0
LINE
  5
10A
330
1A
100
AcDbEntity
  8
BLACK
  6
CONTINUOUS
100
AcDbLine
 10
-0.2862401574803149
 20
0.8280708661417323
 30
0
 11
-0.2321062992125984
 21
0.8280708661417323
 31
0
  0
LINE
  5
10B
330
1A
100
AcDbEntity
  8
BLACK
  6
CONTINUOUS
100
AcDbLine
 10
-0.2321062992125984
 20
0.8280708661417323
 30
0
 11
-0.2321062992125984
 21
1.092244094488189
 31
0
  0
LINE
  5
10C
330
1A
100
AcDbEntity
  8
BLACK
  6
CONTINUOUS
100
AcDbLine
 10
-0.2321062992125984
 20
1.092244094488189
 30
0
 11
-0.2862401574803149
 21
1.092244094488189
 31
0
  0
LINE
  5
10D
330
1A
100
AcDbEntity
  8
BLACK
  6
CONTINUOUS
100
AcDbLine
 10
-0.2862401574803149
 20
1.092244094488189
 30
0
 11
-0.286616811023622
 21
1.0923190157480314
 31
0
  0
LINE
  5
10E
330
1A
100
AcDbEntity
  8
BLACK
  6
CONTINUOUS
100
AcDbLine
 10
-0.286616811023622
 20
1.0923190157480314
 30
0
 11
-0.2871494881889764
 21
1.0928516929133858
 31
0
  0
LINE
  5
10F
330
1A
100
AcDbEntity
  8
BLACK
  6
CONTINUOUS
100
AcDbLine
 10
-0.2871494881889764
 20
1.0928516929133858
 30
0
 11
-0.2872244094488189
 21
1.093228346456693
 31
0
  0
LINE
  5
110
330
1A
100
AcDbEntity
  8
BLACK
  6
CONTINUOUS
100
AcDbLine
 10
-0.2872244094488189
 20
1.093228346456693
 30
0
 11
-0.2872244094488189
 21
1.0969685039370078
 31
0
  0
LINE
  5
111
330
1A
100
AcDbEntity
  8
BLACK
  6
CONTINUOUS
100
AcDbLine
 10
-0.2872244094488189
 20
1.0969685039370078
 30
0
 11
-0.4781692913385827
 21
1.0969685039370078
 31
0
  0
LINE
  5
112
330
1A
100
AcDbEntity
  8
BLACK
  6
CONTINUOUS
100
AcDbLine
 10
1.7911640551181103
 20
1.2932321653543306
 30
0
 11
1.7916967322834645
 21
1.2926994881889764
 31
0
  0
LINE
  5
113
330
1A
100
AcDbEntity
  8
BLACK
  6
CONTINUOUS
100
AcDbLine
 10
1.7916967322834645
 20
1.2926994881889764
 30
0
 11
1.791771653543307
 21
1.2923228346456692
 31
0
  0
LINE
  5
114
330
1A
100
AcDbEntity
  8
BLACK
  6
CONTINUOUS
100
AcDbLine
 10
1.791771653543307
 20
1.2923228346456692
 30
0
 11
1.791771653543307
 21
0.827755905511811
 31
0
  0
LINE
  5
115
330
1A
100
AcDbEntity
  8
BLACK
  6
CONTINUOUS
100
AcDbLine
 10
1.791771653543307
 20
0.827755905511811
 30
0
 11
1.7916967322834645
 21
0.8273792519685039
 31
0
  0
LINE
  5
116
330
1A
100
AcDbEntity
  8
BLACK
  6
CONTINUOUS
100
AcDbLine
 10
1.7916967322834645
 20
0.8273792519685039
 30
0
 11
1.7911640551181103
 21
0.8268465748031496
 31
0
  0
LINE
  5
117
330
1A
100
AcDbEntity
  8
BLACK
  6
CONTINUOUS
100
AcDbLine
 10
1.7911640551181103
 20
0.8268465748031496
 30
0
 11
1.7907874015748031
 21
0.8267716535433071
 31
0
  0
LINE
  5
118
330
1A
100
AcDbEntity
  8
BLACK
  6
CONTINUOUS
100
AcDbLine
 10
1.7907874015748031
 20
0.8267716535433071
 30
0
 11
1.4010236220472441
 21
0.8267716535433071
 31
0
  0
LINE
  5
119
330
1A
100
AcDbEntity
  8
BLACK
  6
CONTINUOUS
100
AcDbLine
 10
1.4010236220472441
 20
0.8267716535433071
 30
0
 11
1.4006469685039369
 21
0.8268465748031496
 31
0
  0
LINE
  5
11A
330
1A
100
AcDbEntity
  8
BLACK
  6
CONTINUOUS
100
AcDbLine
 10
1.4006469685039369
 20
0.8268465748031496
 30
0
 11
1.4001142913385827
 21
0.8273792519685039
 31
0
  0
LINE
  5
11B
330
1A
100
AcDbEntity
  8
BLACK
  6
CONTINUOUS
100
AcDbLine
 10
1.4001142913385827
 20
0.8273792519685039
 30
0
 11
1.4000393700787401
 21
0.827755905511811
 31
0
  0
LINE
  5
11C
330
1A
100
AcDbEntity
  8
BLACK
  6
CONTINUOUS
100
AcDbLine
 10
1.4000393700787401
 20
0.827755905511811
 30
0
 11
1.4000393700787401
 21
1.2923228346456692
 31
0
  0
LINE
  5
11D
330
1A
100
AcDbEntity
  8
BLACK
  6
CONTINUOUS
100
AcDbLine
 10
1.4000393700787401
 20
1.2923228346456692
 30
0
 11
1.4001142913385827
 21
1.2926994881889764
 31
0
  0
LINE
  5
11E
330
1A
100
AcDbEntity
  8
BLACK
  6
CONTINUOUS
100
AcDbLine
 10
1.4001142913385827
 20
1.2926994881889764
 30
0
 11
1.4006469685039369
 21
1.2932321653543306
 31
0
  0
LINE
  5
11F
330
1A
100
AcDbEntity
  8
BLACK
  6
CONTINUOUS
100
AcDbLine
 10
1.4006469685039369
 20
1.2932321653543306
 30
0
 11
1.4010236220472441
 21
1.2933070866141732
 31
0
  0
LINE
  5
120
330
1A
100
AcDbEntity
  8
BLACK
  6
CONTINUOUS
100
AcDbLine
 10
1.4010236220472441
 20
1.2933070866141732
 30
0
 11
1.7907874015748031
 21
1.2933070866141732
 31
0
  0
LINE
  5
121
330
1A
100
AcDbEntity
  8
BLACK
  6
CONTINUOUS
100
AcDbLine
 10
1.7907874015748031
 20
1.2933070866141732
 30
0
 11
1.7911640551181103
 21
1.2932321653543306
 31
0
  0
LINE
  5
122
330
1A
100
AcDbEntity
  8
BLACK
  6
CONTINUOUS
100
AcDbLine
 10
1.402007874015748
 20
1.2913385826771653
 30
0
 11
1.402007874015748
 21
0.8287401574803149
 31
0
  0
LINE
  5
123
330
1A
100
AcDbEntity
  8
BLACK
  6
CONTINUOUS
100
AcDbLine
 10
1.402007874015748
 20
0.8287401574803149
 30
0
 11
1.7898031496062992
 21
0.8287401574803149
 31
0
  0
LINE
  5
124
330
1A
100
AcDbEntity
  8
BLACK
  6
CONTINUOUS
100
AcDbLine
 10
1.7898031496062992
 20
0.8287401574803149
 30
0
 11
1.7898031496062992
 21
1.2913385826771653
 31
0
  0
LINE
  5
125
330
1A
100
AcDbEntity
  8
BLACK
  6
CONTINUOUS
100
AcDbLine
 10
1.7898031496062992
 20
1.2913385826771653
 30
0
 11
1.402007874015748
 21
1.2913385826771653
 31
0
  0
LINE
  5
126
330
1A
100
AcDbEntity
  8
BLACK
  6
CONTINUOUS
100
AcDbLine
 10
0.1990183858267716
 20
0.913310905511811
 30
0
 11
0.199551062992126
 21
0.9127782283464567
 31
0
  0
LINE
  5
127
330
1A
100
AcDbEntity
  8
BLACK
  6
CONTINUOUS
100
AcDbLine
 10
0.199551062992126
 20
0.9127782283464567
 30
0
 11
0.1996259842519685
 21
0.9124015748031495
 31
0
  0
LINE
  5
128
330
1A
100
AcDbEntity
  8
BLACK
  6
CONTINUOUS
100
AcDbLine
 10
0.1996259842519685
 20
0.9124015748031495
 30
0
 11
0.1996259842519685
 21
0.8375984251968503
 31
0
  0
LINE
  5
129
330
1A
100
AcDbEntity
  8
BLACK
  6
CONTINUOUS
100
AcDbLine
 10
0.1996259842519685
 20
0.8375984251968503
 30
0
 11
0.199551062992126
 21
0.8372217716535433
 31
0
  0
LINE
  5
12A
330
1A
100
AcDbEntity
  8
BLACK
  6
CONTINUOUS
100
AcDbLine
 10
0.199551062992126
 20
0.8372217716535433
 30
0
 11
0.1990183858267716
 21
0.836689094488189
 31
0
  0
LINE
  5
12B
330
1A
100
AcDbEntity
  8
BLACK
  6
CONTINUOUS
100
AcDbLine
 10
0.1990183858267716
 20
0.836689094488189
 30
0
 11
0.1986417322834646
 21
0.8366141732283464
 31
0
  0
LINE
  5
12C
330
1A
100
AcDbEntity
  8
BLACK
  6
CONTINUOUS
100
AcDbLine
 10
0.1986417322834646
 20
0.8366141732283464
 30
0
 11
0.0663582677165354
 21
0.8366141732283464
 31
0
  0
LINE
  5
12D
330
1A
100
AcDbEntity
  8
BLACK
  6
CONTINUOUS
100
AcDbLine
 10
0.0663582677165354
 20
0.8366141732283464
 30
0
 11
0.0659816141732283
 21
0.836689094488189
 31
0
  0
LINE
  5
12E
330
1A
100
AcDbEntity
  8
BLACK
  6
CONTINUOUS
100
AcDbLine
 10
0.0659816141732283
 20
0.836689094488189
 30
0
 11
0.065448937007874
 21
0.8372217716535433
 31
0
  0
LINE
  5
12F
330
1A
100
AcDbEntity
  8
BLACK
  6
CONTINUOUS
100
AcDbLine
 10
0.065448937007874
 20
0.8372217716535433
 30
0
 11
0.0653740157480315
 21
0.8375984251968503
 31
0
  0
LINE
  5
130
330
1A
100
AcDbEntity
  8
BLACK
  6
CONTINUOUS
100
AcDbLine
 10
0.0653740157480315
 20
0.8375984251968503
 30
0
 11
0.0653740157480315
 21
0.9124015748031495
 31
0
  0
LINE
  5
131
330
1A
100
AcDbEntity
  8
BLACK
  6
CONTINUOUS
100
AcDbLine
 10
0.0653740157480315
 20
0.9124015748031495
 30
0
 11
0.065448937007874
 21
0.9127782283464567
 31
0
  0
LINE
  5
132
330
1A
100
AcDbEntity
  8
BLACK
  6
CONTINUOUS
100
AcDbLine
 10
0.065448937007874
 20
0.9127782283464567
 30
0
 11
0.0659816141732283
 21
0.913310905511811
 31
0
  0
LINE
  5
133
330
1A
100
AcDbEntity
  8
BLACK
  6
CONTINUOUS
100
AcDbLine
 10
0.0659816141732283
 20
0.913310905511811
 30
0
 11
0.0663582677165354
 21
0.9133858267716535
 31
0
  0
LINE
  5
134
330
1A
100
AcDbEntity
  8
BLACK
  6
CONTINUOUS
100
AcDbLine
 10
0.0663582677165354
 20
0.9133858267716535
 30
0
 11
0.1986417322834646
 21
0.9133858267716535
 31
0
  0
LINE
  5
135
330
1A
100
AcDbEntity
  8
BLACK
  6
CONTINUOUS
100
AcDbLine
 10
0.1986417322834646
 20
0.9133858267716535
 30
0
 11
0.1990183858267716
 21
0.913310905511811
 31
0
  0
LINE
  5
136
330
1A
100
AcDbEntity
  8
BLACK
  6
CONTINUOUS
100
AcDbLine
 10
0.0673425196850394
 20
0.9114173228346456
 30
0
 11
0.0673425196850394
 21
0.8385826771653543
 31
0
  0
LINE
  5
137
330
1A
100
AcDbEntity
  8
BLACK
  6
CONTINUOUS
100
AcDbLine
 10
0.0673425196850394
 20
0.8385826771653543
 30
0
 11
0.1976574803149606
 21
0.8385826771653543
 31
0
  0
LINE
  5
138
330
1A
100
AcDbEntity
  8
BLACK
  6
CONTINUOUS
100
AcDbLine
 10
0.1976574803149606
 20
0.8385826771653543
 30
0
 11
0.1976574803149606
 21
0.9114173228346456
 31
0
  0
LINE
  5
139
330
1A
100
AcDbEntity
  8
BLACK
  6
CONTINUOUS
100
AcDbLine
 10
0.1976574803149606
 20
0.9114173228346456
 30
0
 11
0.0673425196850394
 21
0.9114173228346456
 31
0
  0
LINE
  5
13A
330
1A
100
AcDbEntity
  8
BLACK
  6
CONTINUOUS
100
AcDbLine
 10
1.2673057874015747
 20
0.9344920078740158
 30
0
 11
1.2678384645669292
 21
0.9339593307086614
 31
0
  0
LINE
  5
13B
330
1A
100
AcDbEntity
  8
BLACK
  6
CONTINUOUS
100
AcDbLine
 10
1.2678384645669292
 20
0.9339593307086614
 30
0
 11
1.2679133858267717
 21
0.9335826771653543
 31
0
  0
LINE
  5
13C
330
1A
100
AcDbEntity
  8
BLACK
  6
CONTINUOUS
100
AcDbLine
 10
1.2679133858267717
 20
0.9335826771653543
 30
0
 11
1.2679133858267717
 21
0.8564173228346457
 31
0
  0
LINE
  5
13D
330
1A
100
AcDbEntity
  8
BLACK
  6
CONTINUOUS
100
AcDbLine
 10
1.2679133858267717
 20
0.8564173228346457
 30
0
 11
1.2678384645669292
 21
0.8560406692913386
 31
0
  0
LINE
  5
13E
330
1A
100
AcDbEntity
  8
BLACK
  6
CONTINUOUS
100
AcDbLine
 10
1.2678384645669292
 20
0.8560406692913386
 30
0
 11
1.2673057874015747
 21
0.8555079921259843
 31
0
  0
LINE
  5
13F
330
1A
100
AcDbEntity
  8
BLACK
  6
CONTINUOUS
100
AcDbLine
 10
1.2673057874015747
 20
0.8555079921259843
 30
0
 11
1.2669291338582678
 21
0.8554330708661417
 31
0
  0
LINE
  5
140
330
1A
100
AcDbEntity
  8
BLACK
  6
CONTINUOUS
100
AcDbLine
 10
1.2669291338582678
 20
0.8554330708661417
 30
0
 11
1.1330708661417324
 21
0.8554330708661417
 31
0
  0
LINE
  5
141
330
1A
100
AcDbEntity
  8
BLACK
  6
CONTINUOUS
100
AcDbLine
 10
1.1330708661417324
 20
0.8554330708661417
 30
0
 11
1.1326942125984252
 21
0.8555079921259843
 31
0
  0
LINE
  5
142
330
1A
100
AcDbEntity
  8
BLACK
  6
CONTINUOUS
100
AcDbLine
 10
1.1326942125984252
 20
0.8555079921259843
 30
0
 11
1.1321615354330707
 21
0.8560406692913386
 31
0
  0
LINE
  5
143
330
1A
100
AcDbEntity
  8
BLACK
  6
CONTINUOUS
100
AcDbLine
 10
1.1321615354330707
 20
0.8560406692913386
 30
0
 11
1.1320866141732284
 21
0.8564173228346457
 31
0
  0
LINE
  5
144
330
1A
100
AcDbEntity
  8
BLACK
  6
CONTINUOUS
100
AcDbLine
 10
1.1320866141732284
 20
0.8564173228346457
 30
0
 11
1.1320866141732284
 21
0.9335826771653543
 31
0
  0
LINE
  5
145
330
1A
100
AcDbEntity
  8
BLACK
  6
CONTINUOUS
100
AcDbLine
 10
1.1320866141732284
 20
0.9335826771653543
 30
0
 11
1.1321615354330707
 21
0.9339593307086614
 31
0
  0
LINE
  5
146
330
1A
100
AcDbEntity
  8
BLACK
  6
CONTINUOUS
100
AcDbLine
 10
1.1321615354330707
 20
0.9339593307086614
 30
0
 11
1.1326942125984252
 21
0.9344920078740158
 31
0
  0
LINE
  5
147
330
1A
100
AcDbEntity
  8
BLACK
  6
CONTINUOUS
100
AcDbLine
 10
1.1326942125984252
 20
0.9344920078740158
 30
0
 11
1.1330708661417324
 21
0.9345669291338582
 31
0
  0
LINE
  5
148
330
1A
100
AcDbEntity
  8
BLACK
  6
CONTINUOUS
100
AcDbLine
 10
1.1330708661417324
 20
0.9345669291338582
 30
0
 11
1.2669291338582678
 21
0.9345669291338582
 31
0
  0
LINE
  5
149
330
1A
100
AcDbEntity
  8
BLACK
  6
CONTINUOUS
100
AcDbLine
 10
1.2669291338582678
 20
0.9345669291338582
 30
0
 11
1.2673057874015747
 21
0.9344920078740158
 31
0
  0
LINE
  5
14A
330
1A
100
AcDbEntity
  8
BLACK
  6
CONTINUOUS
100
AcDbLine
 10
1.1340551181102363
 20
0.9325984251968503
 30
0
 11
1.1340551181102363
 21
0.8574015748031496
 31
0
  0
LINE
  5
14B
330
1A
100
AcDbEntity
  8
BLACK
  6
CONTINUOUS
100
AcDbLine
 10
1.1340551181102363
 20
0.8574015748031496
 30
0
 11
1.2659448818897638
 21
0.8574015748031496
 31
0
  0
LINE
  5
14C
330
1A
100
AcDbEntity
  8
BLACK
  6
CONTINUOUS
100
AcDbLine
 10
1.2659448818897638
 20
0.8574015748031496
 30
0
 11
1.2659448818897638
 21
0.9325984251968503
 31
0
  0
LINE
  5
14D
330
1A
100
AcDbEntity
  8
BLACK
  6
CONTINUOUS
100
AcDbLine
 10
1.2659448818897638
 20
0.9325984251968503
 30
0
 11
1.1340551181102363
 21
0.9325984251968503
 31
0
  0
LINE
  5
14E
330
1A
100
AcDbEntity
  8
BLACK
  6
CONTINUOUS
100
AcDbLine
 10
0.6920301968503937
 20
1.1865786220472441
 30
0
 11
0.692562874015748
 21
1.1860459448818896
 31
0
  0
LINE
  5
14F
330
1A
100
AcDbEntity
  8
BLACK
  6
CONTINUOUS
100
AcDbLine
 10
0.692562874015748
 20
1.1860459448818896
 30
0
 11
0.6926377952755906
 21
1.1856692913385827
 31
0
  0
LINE
  5
150
330
1A
100
AcDbEntity
  8
BLACK
  6
CONTINUOUS
100
AcDbLine
 10
0.6926377952755906
 20
1.1856692913385827
 30
0
 11
0.6926377952755906
 21
1.1275984251968503
 31
0
  0
LINE
  5
151
330
1A
100
AcDbEntity
  8
BLACK
  6
CONTINUOUS
100
AcDbLine
 10
0.6926377952755906
 20
1.1275984251968503
 30
0
 11
0.7003149606299213
 21
1.1275984251968503
 31
0
  0
LINE
  5
152
330
1A
100
AcDbEntity
  8
BLACK
  6
CONTINUOUS
100
AcDbLine
 10
0.7003149606299213
 20
1.1275984251968503
 30
0
 11
0.7006916141732283
 21
1.127523503937008
 31
0
  0
LINE
  5
153
330
1A
100
AcDbEntity
  8
BLACK
  6
CONTINUOUS
100
AcDbLine
 10
0.7006916141732283
 20
1.127523503937008
 30
0
 11
0.7012242913385827
 21
1.1269908267716535
 31
0
  0
LINE
  5
154
330
1A
100
AcDbEntity
  8
BLACK
  6
CONTINUOUS
100
AcDbLine
 10
0.7012242913385827
 20
1.1269908267716535
 30
0
 11
0.7012992125984252
 21
1.1266141732283463
 31
0
  0
LINE
  5
155
330
1A
100
AcDbEntity
  8
BLACK
  6
CONTINUOUS
100
AcDbLine
 10
0.7012992125984252
 20
1.1266141732283463
 30
0
 11
0.7012992125984252
 21
0.9533858267716535
 31
0
  0
LINE
  5
156
330
1A
100
AcDbEntity
  8
BLACK
  6
CONTINUOUS
100
AcDbLine
 10
0.7012992125984252
 20
0.9533858267716535
 30
0
 11
0.7012242913385827
 21
0.9530091732283464
 31
0
  0
LINE
  5
157
330
1A
100
AcDbEntity
  8
BLACK
  6
CONTINUOUS
100
AcDbLine
 10
0.7012242913385827
 20
0.9530091732283464
 30
0
 11
0.7006916141732283
 21
0.9524764960629921
 31
0
  0
LINE
  5
158
330
1A
100
AcDbEntity
  8
BLACK
  6
CONTINUOUS
100
AcDbLine
 10
0.7006916141732283
 20
0.9524764960629921
 30
0
 11
0.7003149606299213
 21
0.9524015748031496
 31
0
  0
LINE
  5
159
330
1A
100
AcDbEntity
  8
BLACK
  6
CONTINUOUS
100
AcDbLine
 10
0.7003149606299213
 20
0.9524015748031496
 30
0
 11
0.6926377952755906
 21
0.9524015748031496
 31
0
  0
LINE
  5
15A
330
1A
100
AcDbEntity
  8
BLACK
  6
CONTINUOUS
100
AcDbLine
 10
0.6926377952755906
 20
0.9524015748031496
 30
0
 11
0.6926377952755906
 21
0.8943307086614173
 31
0
  0
LINE
  5
15B
330
1A
100
AcDbEntity
  8
BLACK
  6
CONTINUOUS
100
AcDbLine
 10
0.6926377952755906
 20
0.8943307086614173
 30
0
 11
0.692562874015748
 21
0.8939540551181102
 31
0
  0
LINE
  5
15C
330
1A
100
AcDbEntity
  8
BLACK
  6
CONTINUOUS
100
AcDbLine
 10
0.692562874015748
 20
0.8939540551181102
 30
0
 11
0.6920301968503937
 21
0.8934213779527559
 31
0
  0
LINE
  5
15D
330
1A
100
AcDbEntity
  8
BLACK
  6
CONTINUOUS
100
AcDbLine
 10
0.6920301968503937
 20
0.8934213779527559
 30
0
 11
0.6916535433070866
 21
0.8933464566929133
 31
0
  0
LINE
  5
15E
330
1A
100
AcDbEntity
  8
BLACK
  6
CONTINUOUS
100
AcDbLine
 10
0.6916535433070866
 20
0.8933464566929133
 30
0
 11
0.3483464566929134
 21
0.8933464566929133
 31
0
  0
LINE
  5
15F
330
1A
100
AcDbEntity
  8
BLACK
  6
CONTINUOUS
100
AcDbLine
 10
0.3483464566929134
 20
0.8933464566929133
 30
0
 11
0.3479698031496063
 21
0.8934213779527559
 31
0
  0
LINE
  5
160
330
1A
100
AcDbEntity
  8
BLACK
  6
CONTINUOUS
100
AcDbLine
 10
0.3479698031496063
 20
0.8934213779527559
 30
0
 11
0.347437125984252
 21
0.8939540551181102
 31
0
  0
LINE
  5
161
330
1A
100
AcDbEntity
  8
BLACK
  6
CONTINUOUS
100
AcDbLine
 10
0.347437125984252
 20
0.8939540551181102
 30
0
 11
0.3473622047244094
 21
0.8943307086614173
 31
0
  0
LINE
  5
162
330
1A
100
AcDbEntity
  8
BLACK
  6
CONTINUOUS
100
AcDbLine
 10
0.3473622047244094
 20
0.8943307086614173
 30
0
 11
0.3473622047244094
 21
0.9524015748031496
 31
0
  0
LINE
  5
163
330
1A
100
AcDbEntity
  8
BLACK
  6
CONTINUOUS
100
AcDbLine
 10
0.3473622047244094
 20
0.9524015748031496
 30
0
 11
0.3396850393700787
 21
0.9524015748031496
 31
0
  0
LINE
  5
164
330
1A
100
AcDbEntity
  8
BLACK
  6
CONTINUOUS
100
AcDbLine
 10
0.3396850393700787
 20
0.9524015748031496
 30
0
 11
0.3393083858267716
 21
0.9524764960629921
 31
0
  0
LINE
  5
165
330
1A
100
AcDbEntity
  8
BLACK
  6
CONTINUOUS
100
AcDbLine
 10
0.3393083858267716
 20
0.9524764960629921
 30
0
 11
0.3387757086614173
 21
0.9530091732283464
 31
0
  0
LINE
  5
166
330
1A
100
AcDbEntity
  8
BLACK
  6
CONTINUOUS
100
AcDbLine
 10
0.3387757086614173
 20
0.9530091732283464
 30
0
 11
0.3387007874015748
 21
0.9533858267716535
 31
0
  0
LINE
  5
167
330
1A
100
AcDbEntity
  8
BLACK
  6
CONTINUOUS
100
AcDbLine
 10
0.3387007874015748
 20
0.9533858267716535
 30
0
 11
0.3387007874015748
 21
1.1266141732283463
 31
0
  0
LINE
  5
168
330
1A
100
AcDbEntity
  8
BLACK
  6
CONTINUOUS
100
AcDbLine
 10
0.3387007874015748
 20
1.1266141732283463
 30
0
 11
0.3387757086614173
 21
1.1269908267716535
 31
0
  0
LINE
  5
169
330
1A
100
AcDbEntity
  8
BLACK
  6
CONTINUOUS
100
AcDbLine
 10
0.3387757086614173
 20
1.1269908267716535
 30
0
 11
0.3393083858267716
 21
1.127523503937008
 31
0
  0
LINE
  5
16A
330
1A
100
AcDbEntity
  8
BLACK
  6
CONTINUOUS
100
AcDbLine
 10
0.3393083858267716
 20
1.127523503937008
 30
0
 11
0.3396850393700787
 21
1.1275984251968503
 31
0
  0
LINE
  5
16B
330
1A
100
AcDbEntity
  8
BLACK
  6
CONTINUOUS
100
AcDbLine
 10
0.3396850393700787
 20
1.1275984251968503
 30
0
 11
0.3473622047244094
 21
1.1275984251968503
 31
0
  0
LINE
  5
16C
330
1A
100
AcDbEntity
  8
BLACK
  6
CONTINUOUS
100
AcDbLine
 10
0.3473622047244094
 20
1.1275984251968503
 30
0
 11
0.3473622047244094
 21
1.1856692913385827
 31
0
  0
LINE
  5
16D
330
1A
100
AcDbEntity
  8
BLACK
  6
CONTINUOUS
100
AcDbLine
 10
0.3473622047244094
 20
1.1856692913385827
 30
0
 11
0.347437125984252
 21
1.1860459448818896
 31
0
  0
LINE
  5
16E
330
1A
100
AcDbEntity
  8
BLACK
  6
CONTINUOUS
100
AcDbLine
 10
0.347437125984252
 20
1.1860459448818896
 30
0
 11
0.3479698031496063
 21
1.1865786220472441
 31
0
  0
LINE
  5
16F
330
1A
100
AcDbEntity
  8
BLACK
  6
CONTINUOUS
100
AcDbLine
 10
0.3479698031496063
 20
1.1865786220472441
 30
0
 11
0.3483464566929134
 21
1.1866535433070866
 31
0
  0
LINE
  5
170
330
1A
100
AcDbEntity
  8
BLACK
  6
CONTINUOUS
100
AcDbLine
 10
0.3483464566929134
 20
1.1866535433070866
 30
0
 11
0.6916535433070866
 21
1.1866535433070866
 31
0
  0
LINE
  5
171
330
1A
100
AcDbEntity
  8
BLACK
  6
CONTINUOUS
100
AcDbLine
 10
0.6916535433070866
 20
1.1866535433070866
 30
0
 11
0.6920301968503937
 21
1.1865786220472441
 31
0
  0
LINE
  5
172
330
1A
100
AcDbEntity
  8
BLACK
  6
CONTINUOUS
100
AcDbLine
 10
0.3493307086614173
 20
1.1846850393700787
 30
0
 11
0.3493307086614173
 21
1.1266141732283463
 31
0
  0
LINE
  5
173
330
1A
100
AcDbEntity
  8
BLACK
  6
CONTINUOUS
100
AcDbLine
 10
0.3493307086614173
 20
1.1266141732283463
 30
0
 11
0.3492557874015748
 21
1.1262375196850394
 31
0
  0
LINE
  5
174
330
1A
100
AcDbEntity
  8
BLACK
  6
CONTINUOUS
100
AcDbLine
 10
0.3492557874015748
 20
1.1262375196850394
 30
0
 11
0.3487231102362205
 21
1.1257048425196849
 31
0
  0
LINE
  5
175
330
1A
100
AcDbEntity
  8
BLACK
  6
CONTINUOUS
100
AcDbLine
 10
0.3487231102362205
 20
1.1257048425196849
 30
0
 11
0.3483464566929134
 21
1.1256299212598424
 31
0
  0
LINE
  5
176
330
1A
100
AcDbEntity
  8
BLACK
  6
CONTINUOUS
100
AcDbLine
 10
0.3483464566929134
 20
1.1256299212598424
 30
0
 11
0.3406692913385826
 21
1.1256299212598424
 31
0
  0
LINE
  5
177
330
1A
100
AcDbEntity
  8
BLACK
  6
CONTINUOUS
100
AcDbLine
 10
0.3406692913385826
 20
1.1256299212598424
 30
0
 11
0.3406692913385826
 21
0.9543700787401574
 31
0
  0
LINE
  5
178
330
1A
100
AcDbEntity
  8
BLACK
  6
CONTINUOUS
100
AcDbLine
 10
0.3406692913385826
 20
0.9543700787401574
 30
0
 11
0.3483464566929134
 21
0.9543700787401574
 31
0
  0
LINE
  5
179
330
1A
100
AcDbEntity
  8
BLACK
  6
CONTINUOUS
100
AcDbLine
 10
0.3483464566929134
 20
0.9543700787401574
 30
0
 11
0.3487231102362205
 21
0.9542951574803149
 31
0
  0
LINE
  5
17A
330
1A
100
AcDbEntity
  8
BLACK
  6
CONTINUOUS
100
AcDbLine
 10
0.3487231102362205
 20
0.9542951574803149
 30
0
 11
0.3492557874015748
 21
0.9537624803149606
 31
0
  0
LINE
  5
17B
330
1A
100
AcDbEntity
  8
BLACK
  6
CONTINUOUS
100
AcDbLine
 10
0.3492557874015748
 20
0.9537624803149606
 30
0
 11
0.3493307086614173
 21
0.9533858267716535
 31
0
  0
LINE
  5
17C
330
1A
100
AcDbEntity
  8
BLACK
  6
CONTINUOUS
100
AcDbLine
 10
0.3493307086614173
 20
0.9533858267716535
 30
0
 11
0.3493307086614173
 21
0.8953149606299212
 31
0
  0
LINE
  5
17D
330
1A
100
AcDbEntity
  8
BLACK
  6
CONTINUOUS
100
AcDbLine
 10
0.3493307086614173
 20
0.8953149606299212
 30
0
 11
0.6906692913385827
 21
0.8953149606299212
 31
0
  0
LINE
  5
17E
330
1A
100
AcDbEntity
  8
BLACK
  6
CONTINUOUS
100
AcDbLine
 10
0.6906692913385827
 20
0.8953149606299212
 30
0
 11
0.6906692913385827
 21
0.9533858267716535
 31
0
  0
LINE
  5
17F
330
1A
100
AcDbEntity
  8
BLACK
  6
CONTINUOUS
100
AcDbLine
 10
0.6906692913385827
 20
0.9533858267716535
 30
0
 11
0.6907442125984252
 21
0.9537624803149606
 31
0
  0
LINE
  5
180
330
1A
100
AcDbEntity
  8
BLACK
  6
CONTINUOUS
100
AcDbLine
 10
0.6907442125984252
 20
0.9537624803149606
 30
0
 11
0.6912768897637795
 21
0.9542951574803149
 31
0
  0
LINE
  5
181
330
1A
100
AcDbEntity
  8
BLACK
  6
CONTINUOUS
100
AcDbLine
 10
0.6912768897637795
 20
0.9542951574803149
 30
0
 11
0.6916535433070866
 21
0.9543700787401574
 31
0
  0
LINE
  5
182
330
1A
100
AcDbEntity
  8
BLACK
  6
CONTINUOUS
100
AcDbLine
 10
0.6916535433070866
 20
0.9543700787401574
 30
0
 11
0.6993307086614173
 21
0.9543700787401574
 31
0
  0
LINE
  5
183
330
1A
100
AcDbEntity
  8
BLACK
  6
CONTINUOUS
100
AcDbLine
 10
0.6993307086614173
 20
0.9543700787401574
 30
0
 11
0.6993307086614173
 21
1.1256299212598424
 31
0
  0
LINE
  5
184
330
1A
100
AcDbEntity
  8
BLACK
  6
CONTINUOUS
100
AcDbLine
 10
0.6993307086614173
 20
1.1256299212598424
 30
0
 11
0.6916535433070866
 21
1.1256299212598424
 31
0
  0
LINE
  5
185
330
1A
100
AcDbEntity
  8
BLACK
  6
CONTINUOUS
100
AcDbLine
 10
0.6916535433070866
 20
1.1256299212598424
 30
0
 11
0.6912768897637795
 21
1.1257048425196849
 31
0
  0
LINE
  5
186
330
1A
100
AcDbEntity
  8
BLACK
  6
CONTINUOUS
100
AcDbLine
 10
0.6912768897637795
 20
1.1257048425196849
 30
0
 11
0.6907442125984252
 21
1.1262375196850394
 31
0
  0
LINE
  5
187
330
1A
100
AcDbEntity
  8
BLACK
  6
CONTINUOUS
100
AcDbLine
 10
0.6907442125984252
 20
1.1262375196850394
 30
0
 11
0.6906692913385827
 21
1.1266141732283463
 31
0
  0
LINE
  5
188
330
1A
100
AcDbEntity
  8
BLACK
  6
CONTINUOUS
100
AcDbLine
 10
0.6906692913385827
 20
1.1266141732283463
 30
0
 11
0.6906692913385827
 21
1.1846850393700787
 31
0
  0
LINE
  5
189
330
1A
100
AcDbEntity
  8
BLACK
  6
CONTINUOUS
100
AcDbLine
 10
0.6906692913385827
 20
1.1846850393700787
 30
0
 11
0.3493307086614173
 21
1.1846850393700787
 31
0
  0
LINE
  5
18A
330
1A
100
AcDbEntity
  8
BLACK
  6
CONTINUOUS
100
AcDbLine
 10
0.1420301968503937
 20
1.1059880708661418
 30
0
 11
0.142562874015748
 21
1.1054553937007874
 31
0
  0
LINE
  5
18B
330
1A
100
AcDbEntity
  8
BLACK
  6
CONTINUOUS
100
AcDbLine
 10
0.142562874015748
 20
1.1054553937007874
 30
0
 11
0.1426377952755905
 21
1.1050787401574802
 31
0
  0
LINE
  5
18C
330
1A
100
AcDbEntity
  8
BLACK
  6
CONTINUOUS
100
AcDbLine
 10
0.1426377952755905
 20
1.1050787401574802
 30
0
 11
0.1426377952755905
 21
0.9436614173228346
 31
0
  0
LINE
  5
18D
330
1A
100
AcDbEntity
  8
BLACK
  6
CONTINUOUS
100
AcDbLine
 10
0.1426377952755905
 20
0.9436614173228346
 30
0
 11
0.142562874015748
 21
0.9432847637795275
 31
0
  0
LINE
  5
18E
330
1A
100
AcDbEntity
  8
BLACK
  6
CONTINUOUS
100
AcDbLine
 10
0.142562874015748
 20
0.9432847637795275
 30
0
 11
0.1420301968503937
 21
0.9427520866141732
 31
0
  0
LINE
  5
18F
330
1A
100
AcDbEntity
  8
BLACK
  6
CONTINUOUS
100
AcDbLine
 10
0.1420301968503937
 20
0.9427520866141732
 30
0
 11
0.1416535433070866
 21
0.9426771653543307
 31
0
  0
LINE
  5
190
330
1A
100
AcDbEntity
  8
BLACK
  6
CONTINUOUS
100
AcDbLine
 10
0.1416535433070866
 20
0.9426771653543307
 30
0
 11
-0.0197637795275591
 21
0.9426771653543307
 31
0
  0
LINE
  5
191
330
1A
100
AcDbEntity
  8
BLACK
  6
CONTINUOUS
100
AcDbLine
 10
-0.0197637795275591
 20
0.9426771653543307
 30
0
 11
-0.0201404330708661
 21
0.9427520866141732
 31
0
  0
LINE
  5
192
330
1A
100
AcDbEntity
  8
BLACK
  6
CONTINUOUS
100
AcDbLine
 10
-0.0201404330708661
 20
0.9427520866141732
 30
0
 11
-0.0206731102362205
 21
0.9432847637795275
 31
0
  0
LINE
  5
193
330
1A
100
AcDbEntity
  8
BLACK
  6
CONTINUOUS
100
AcDbLine
 10
-0.0206731102362205
 20
0.9432847637795275
 30
0
 11
-0.020748031496063
 21
0.9436614173228346
 31
0
  0
LINE
  5
194
330
1A
100
AcDbEntity
  8
BLACK
  6
CONTINUOUS
100
AcDbLine
 10
-0.020748031496063
 20
0.9436614173228346
 30
0
 11
-0.020748031496063
 21
1.1050787401574802
 31
0
  0
LINE
  5
195
330
1A
100
AcDbEntity
  8
BLACK
  6
CONTINUOUS
100
AcDbLine
 10
-0.020748031496063
 20
1.1050787401574802
 30
0
 11
-0.0206731102362205
 21
1.1054553937007874
 31
0
  0
LINE
  5
196
330
1A
100
AcDbEntity
  8
BLACK
  6
CONTINUOUS
100
AcDbLine
 10
-0.0206731102362205
 20
1.1054553937007874
 30
0
 11
-0.0201404330708661
 21
1.1059880708661418
 31
0
  0
LINE
  5
197
330
1A
100
AcDbEntity
  8
BLACK
  6
CONTINUOUS
100
AcDbLine
 10
-0.0201404330708661
 20
1.1059880708661418
 30
0
 11
-0.0197637795275591
 21
1.1060629921259841
 31
0
  0
LINE
  5
198
330
1A
100
AcDbEntity
  8
BLACK
  6
CONTINUOUS
100
AcDbLine
 10
-0.0197637795275591
 20
1.1060629921259841
 30
0
 11
0.1416535433070866
 21
1.1060629921259841
 31
0
  0
LINE
  5
199
330
1A
100
AcDbEntity
  8
BLACK
  6
CONTINUOUS
100
AcDbLine
 10
0.1416535433070866
 20
1.1060629921259841
 30
0
 11
0.1420301968503937
 21
1.1059880708661418
 31
0
  0
LINE
  5
19A
330
1A
100
AcDbEntity
  8
BLACK
  6
CONTINUOUS
100
AcDbLine
 10
-0.0187795275590551
 20
1.1040944881889763
 30
0
 11
-0.0187795275590551
 21
0.9446456692913385
 31
0
  0
LINE
  5
19B
330
1A
100
AcDbEntity
  8
BLACK
  6
CONTINUOUS
100
AcDbLine
 10
-0.0187795275590551
 20
0.9446456692913385
 30
0
 11
0.1406692913385827
 21
0.9446456692913385
 31
0
  0
LINE
  5
19C
330
1A
100
AcDbEntity
  8
BLACK
  6
CONTINUOUS
100
AcDbLine
 10
0.1406692913385827
 20
0.9446456692913385
 30
0
 11
0.1406692913385827
 21
1.1040944881889763
 31
0
  0
LINE
  5
19D
330
1A
100
AcDbEntity
  8
BLACK
  6
CONTINUOUS
100
AcDbLine
 10
0.1406692913385827
 20
1.1040944881889763
 30
0
 11
-0.0187795275590551
 21
1.1040944881889763
 31
0
  0
LINE
  5
19E
330
1A
100
AcDbEntity
  8
BLACK
  6
CONTINUOUS
100
AcDbLine
 10
-0.5510406692913385
 20
1.0828384645669291
 30
0
 11
-0.5505079921259842
 21
1.0823057874015747
 31
0
  0
LINE
  5
19F
330
1A
100
AcDbEntity
  8
BLACK
  6
CONTINUOUS
100
AcDbLine
 10
-0.5505079921259842
 20
1.0823057874015747
 30
0
 11
-0.5504330708661417
 21
1.0819291338582677
 31
0
  0
LINE
  5
1A0
330
1A
100
AcDbEntity
  8
BLACK
  6
CONTINUOUS
100
AcDbLine
 10
-0.5504330708661417
 20
1.0819291338582677
 30
0
 11
-0.5504330708661417
 21
0.9480708661417323
 31
0
  0
LINE
  5
1A1
330
1A
100
AcDbEntity
  8
BLACK
  6
CONTINUOUS
100
AcDbLine
 10
-0.5504330708661417
 20
0.9480708661417323
 30
0
 11
-0.5505079921259842
 21
0.9476942125984251
 31
0
  0
LINE
  5
1A2
330
1A
100
AcDbEntity
  8
BLACK
  6
CONTINUOUS
100
AcDbLine
 10
-0.5505079921259842
 20
0.9476942125984251
 30
0
 11
-0.5510406692913385
 21
0.9471615354330708
 31
0
  0
LINE
  5
1A3
330
1A
100
AcDbEntity
  8
BLACK
  6
CONTINUOUS
100
AcDbLine
 10
-0.5510406692913385
 20
0.9471615354330708
 30
0
 11
-0.5514173228346456
 21
0.9470866141732284
 31
0
  0
LINE
  5
1A4
330
1A
100
AcDbEntity
  8
BLACK
  6
CONTINUOUS
100
AcDbLine
 10
-0.5514173228346456
 20
0.9470866141732284
 30
0
 11
-0.6285826771653543
 21
0.9470866141732284
 31
0
  0
LINE
  5
1A5
330
1A
100
AcDbEntity
  8
BLACK
  6
CONTINUOUS
100
AcDbLine
 10
-0.6285826771653543
 20
0.9470866141732284
 30
0
 11
-0.6289593307086614
 21
0.9471615354330708
 31
0
  0
LINE
  5
1A6
330
1A
100
AcDbEntity
  8
BLACK
  6
CONTINUOUS
100
AcDbLine
 10
-0.6289593307086614
 20
0.9471615354330708
 30
0
 11
-0.6294920078740157
 21
0.9476942125984251
 31
0
  0
LINE
  5
1A7
330
1A
100
AcDbEntity
  8
BLACK
  6
CONTINUOUS
100
AcDbLine
 10
-0.6294920078740157
 20
0.9476942125984251
 30
0
 11
-0.6295669291338583
 21
0.9480708661417323
 31
0
  0
LINE
  5
1A8
330
1A
100
AcDbEntity
  8
BLACK
  6
CONTINUOUS
100
AcDbLine
 10
-0.6295669291338583
 20
0.9480708661417323
 30
0
 11
-0.6295669291338583
 21
1.0819291338582677
 31
0
  0
LINE
  5
1A9
330
1A
100
AcDbEntity
  8
BLACK
  6
CONTINUOUS
100
AcDbLine
 10
-0.6295669291338583
 20
1.0819291338582677
 30
0
 11
-0.6294920078740157
 21
1.0823057874015747
 31
0
  0
LINE
  5
1AA
330
1A
100
AcDbEntity
  8
BLACK
  6
CONTINUOUS
100
AcDbLine
 10
-0.6294920078740157
 20
1.0823057874015747
 30
0
 11
-0.6289593307086614
 21
1.0828384645669291
 31
0
  0
LINE
  5
1AB
330
1A
100
AcDbEntity
  8
BLACK
  6
CONTINUOUS
100
AcDbLine
 10
-0.6289593307086614
 20
1.0828384645669291
 30
0
 11
-0.6285826771653543
 21
1.0829133858267717
 31
0
  0
LINE
  5
1AC
330
1A
100
AcDbEntity
  8
BLACK
  6
CONTINUOUS
100
AcDbLine
 10
-0.6285826771653543
 20
1.0829133858267717
 30
0
 11
-0.5514173228346456
 21
1.0829133858267717
 31
0
  0
LINE
  5
1AD
330
1A
100
AcDbEntity
  8
BLACK
  6
CONTINUOUS
100
AcDbLine
 10
-0.5514173228346456
 20
1.0829133858267717
 30
0
 11
-0.5510406692913385
 21
1.0828384645669291
 31
0
  0
LINE
  5
1AE
330
1A
100
AcDbEntity
  8
BLACK
  6
CONTINUOUS
100
AcDbLine
 10
-0.6275984251968504
 20
1.0809448818897638
 30
0
 11
-0.6275984251968504
 21
0.9490551181102362
 31
0
  0
LINE
  5
1AF
330
1A
100
AcDbEntity
  8
BLACK
  6
CONTINUOUS
100
AcDbLine
 10
-0.6275984251968504
 20
0.9490551181102362
 30
0
 11
-0.5524015748031496
 21
0.9490551181102362
 31
0
  0
LINE
  5
1B0
330
1A
100
AcDbEntity
  8
BLACK
  6
CONTINUOUS
100
AcDbLine
 10
-0.5524015748031496
 20
0.9490551181102362
 30
0
 11
-0.5524015748031496
 21
1.0809448818897638
 31
0
  0
LINE
  5
1B1
330
1A
100
AcDbEntity
  8
BLACK
  6
CONTINUOUS
100
AcDbLine
 10
-0.5524015748031496
 20
1.0809448818897638
 30
0
 11
-0.6275984251968504
 21
1.0809448818897638
 31
0
  0
LINE
  5
1B2
330
1A
100
AcDbEntity
  8
BLACK
  6
CONTINUOUS
100
AcDbLine
 10
-0.7310800393700787
 20
1.1779959448818897
 30
0
 11
-0.7305473622047244
 21
1.1774632677165353
 31
0
  0
LINE
  5
1B3
330
1A
100
AcDbEntity
  8
BLACK
  6
CONTINUOUS
100
AcDbLine
 10
-0.7305473622047244
 20
1.1774632677165353
 30
0
 11
-0.7304724409448818
 21
1.1770866141732284
 31
0
  0
LINE
  5
1B4
330
1A
100
AcDbEntity
  8
BLACK
  6
CONTINUOUS
100
AcDbLine
 10
-0.7304724409448818
 20
1.1770866141732284
 30
0
 11
-0.7304724409448818
 21
0.9605511811023622
 31
0
  0
LINE
  5
1B5
330
1A
100
AcDbEntity
  8
BLACK
  6
CONTINUOUS
100
AcDbLine
 10
-0.7304724409448818
 20
0.9605511811023622
 30
0
 11
-0.7305473622047244
 21
0.9601745275590551
 31
0
  0
LINE
  5
1B6
330
1A
100
AcDbEntity
  8
BLACK
  6
CONTINUOUS
100
AcDbLine
 10
-0.7305473622047244
 20
0.9601745275590551
 30
0
 11
-0.7310800393700787
 21
0.9596418503937008
 31
0
  0
LINE
  5
1B7
330
1A
100
AcDbEntity
  8
BLACK
  6
CONTINUOUS
100
AcDbLine
 10
-0.7310800393700787
 20
0.9596418503937008
 30
0
 11
-0.7314566929133858
 21
0.9595669291338582
 31
0
  0
LINE
  5
1B8
330
1A
100
AcDbEntity
  8
BLACK
  6
CONTINUOUS
100
AcDbLine
 10
-0.7314566929133858
 20
0.9595669291338582
 30
0
 11
-0.8731889763779528
 21
0.9595669291338582
 31
0
  0
LINE
  5
1B9
330
1A
100
AcDbEntity
  8
BLACK
  6
CONTINUOUS
100
AcDbLine
 10
-0.8731889763779528
 20
0.9595669291338582
 30
0
 11
-0.8735656299212599
 21
0.9596418503937008
 31
0
  0
LINE
  5
1BA
330
1A
100
AcDbEntity
  8
BLACK
  6
CONTINUOUS
100
AcDbLine
 10
-0.8735656299212599
 20
0.9596418503937008
 30
0
 11
-0.8740983070866142
 21
0.9601745275590551
 31
0
  0
LINE
  5
1BB
330
1A
100
AcDbEntity
  8
BLACK
  6
CONTINUOUS
100
AcDbLine
 10
-0.8740983070866142
 20
0.9601745275590551
 30
0
 11
-0.8741732283464567
 21
0.9605511811023622
 31
0
  0
LINE
  5
1BC
330
1A
100
AcDbEntity
  8
BLACK
  6
CONTINUOUS
100
AcDbLine
 10
-0.8741732283464567
 20
0.9605511811023622
 30
0
 11
-0.8741732283464567
 21
1.1770866141732284
 31
0
  0
LINE
  5
1BD
330
1A
100
AcDbEntity
  8
BLACK
  6
CONTINUOUS
100
AcDbLine
 10
-0.8741732283464567
 20
1.1770866141732284
 30
0
 11
-0.8740983070866142
 21
1.1774632677165353
 31
0
  0
LINE
  5
1BE
330
1A
100
AcDbEntity
  8
BLACK
  6
CONTINUOUS
100
AcDbLine
 10
-0.8740983070866142
 20
1.1774632677165353
 30
0
 11
-0.8735656299212599
 21
1.1779959448818897
 31
0
  0
LINE
  5
1BF
330
1A
100
AcDbEntity
  8
BLACK
  6
CONTINUOUS
100
AcDbLine
 10
-0.8735656299212599
 20
1.1779959448818897
 30
0
 11
-0.8731889763779528
 21
1.1780708661417323
 31
0
  0
LINE
  5
1C0
330
1A
100
AcDbEntity
  8
BLACK
  6
CONTINUOUS
100
AcDbLine
 10
-0.8731889763779528
 20
1.1780708661417323
 30
0
 11
-0.7314566929133858
 21
1.1780708661417323
 31
0
  0
LINE
  5
1C1
330
1A
100
AcDbEntity
  8
BLACK
  6
CONTINUOUS
100
AcDbLine
 10
-0.7314566929133858
 20
1.1780708661417323
 30
0
 11
-0.7310800393700787
 21
1.1779959448818897
 31
0
  0
LINE
  5
1C2
330
1A
100
AcDbEntity
  8
BLACK
  6
CONTINUOUS
100
AcDbLine
 10
-0.8722047244094489
 20
1.1761023622047244
 30
0
 11
-0.8722047244094489
 21
0.9615354330708661
 31
0
  0
LINE
  5
1C3
330
1A
100
AcDbEntity
  8
BLACK
  6
CONTINUOUS
100
AcDbLine
 10
-0.8722047244094489
 20
0.9615354330708661
 30
0
 11
-0.7324409448818897
 21
0.9615354330708661
 31
0
  0
LINE
  5
1C4
330
1A
100
AcDbEntity
  8
BLACK
  6
CONTINUOUS
100
AcDbLine
 10
-0.7324409448818897
 20
0.9615354330708661
 30
0
 11
-0.7324409448818897
 21
1.1761023622047244
 31
0
  0
LINE
  5
1C5
330
1A
100
AcDbEntity
  8
BLACK
  6
CONTINUOUS
100
AcDbLine
 10
-0.7324409448818897
 20
1.1761023622047244
 30
0
 11
-0.8722047244094489
 21
1.1761023622047244
 31
0
  0
LINE
  5
1C6
330
1A
100
AcDbEntity
  8
BLACK
  6
CONTINUOUS
100
AcDbLine
 10
-0.1482847637795276
 20
1.0962833464566928
 30
0
 11
-0.1477520866141732
 21
1.0957506692913386
 31
0
  0
LINE
  5
1C7
330
1A
100
AcDbEntity
  8
BLACK
  6
CONTINUOUS
100
AcDbLine
 10
-0.1477520866141732
 20
1.0957506692913386
 30
0
 11
-0.1476771653543307
 21
1.0953740157480314
 31
0
  0
LINE
  5
1C8
330
1A
100
AcDbEntity
  8
BLACK
  6
CONTINUOUS
100
AcDbLine
 10
-0.1476771653543307
 20
1.0953740157480314
 30
0
 11
-0.1476771653543307
 21
0.9630905511811023
 31
0
  0
LINE
  5
1C9
330
1A
100
AcDbEntity
  8
BLACK
  6
CONTINUOUS
100
AcDbLine
 10
-0.1476771653543307
 20
0.9630905511811023
 30
0
 11
-0.1477520866141732
 21
0.9627138976377952
 31
0
  0
LINE
  5
1CA
330
1A
100
AcDbEntity
  8
BLACK
  6
CONTINUOUS
100
AcDbLine
 10
-0.1477520866141732
 20
0.9627138976377952
 30
0
 11
-0.1482847637795276
 21
0.9621812204724409
 31
0
  0
LINE
  5
1CB
330
1A
100
AcDbEntity
  8
BLACK
  6
CONTINUOUS
100
AcDbLine
 10
-0.1482847637795276
 20
0.9621812204724409
 30
0
 11
-0.1486614173228346
 21
0.9621062992125984
 31
0
  0
LINE
  5
1CC
330
1A
100
AcDbEntity
  8
BLACK
  6
CONTINUOUS
100
AcDbLine
 10
-0.1486614173228346
 20
0.9621062992125984
 30
0
 11
-0.2234645669291339
 21
0.9621062992125984
 31
0
  0
LINE
  5
1CD
330
1A
100
AcDbEntity
  8
BLACK
  6
CONTINUOUS
100
AcDbLine
 10
-0.2234645669291339
 20
0.9621062992125984
 30
0
 11
-0.2238412204724409
 21
0.9621812204724409
 31
0
  0
LINE
  5
1CE
330
1A
100
AcDbEntity
  8
BLACK
  6
CONTINUOUS
100
AcDbLine
 10
-0.2238412204724409
 20
0.9621812204724409
 30
0
 11
-0.2243738976377953
 21
0.9627138976377952
 31
0
  0
LINE
  5
1CF
330
1A
100
AcDbEntity
  8
BLACK
  6
CONTINUOUS
100
AcDbLine
 10
-0.2243738976377953
 20
0.9627138976377952
 30
0
 11
-0.2244488188976378
 21
0.9630905511811023
 31
0
  0
LINE
  5
1D0
330
1A
100
AcDbEntity
  8
BLACK
  6
CONTINUOUS
100
AcDbLine
 10
-0.2244488188976378
 20
0.9630905511811023
 30
0
 11
-0.2244488188976378
 21
1.0953740157480314
 31
0
  0
LINE
  5
1D1
330
1A
100
AcDbEntity
  8
BLACK
  6
CONTINUOUS
100
AcDbLine
 10
-0.2244488188976378
 20
1.0953740157480314
 30
0
 11
-0.2243738976377953
 21
1.0957506692913386
 31
0
  0
LINE
  5
1D2
330
1A
100
AcDbEntity
  8
BLACK
  6
CONTINUOUS
100
AcDbLine
 10
-0.2243738976377953
 20
1.0957506692913386
 30
0
 11
-0.2238412204724409
 21
1.0962833464566928
 31
0
  0
LINE
  5
1D3
330
1A
100
AcDbEntity
  8
BLACK
  6
CONTINUOUS
100
AcDbLine
 10
-0.2238412204724409
 20
1.0962833464566928
 30
0
 11
-0.2234645669291339
 21
1.0963582677165353
 31
0
  0
LINE
  5
1D4
330
1A
100
AcDbEntity
  8
BLACK
  6
CONTINUOUS
100
AcDbLine
 10
-0.2234645669291339
 20
1.0963582677165353
 30
0
 11
-0.1486614173228346
 21
1.0963582677165353
 31
0
  0
LINE
  5
1D5
330
1A
100
AcDbEntity
  8
BLACK
  6
CONTINUOUS
100
AcDbLine
 10
-0.1486614173228346
 20
1.0963582677165353
 30
0
 11
-0.1482847637795276
 21
1.0962833464566928
 31
0
  0
LINE
  5
1D6
330
1A
100
AcDbEntity
  8
BLACK
  6
CONTINUOUS
100
AcDbLine
 10
-0.2224803149606299
 20
1.0943897637795275
 30
0
 11
-0.2224803149606299
 21
0.9640748031496063
 31
0
  0
LINE
  5
1D7
330
1A
100
AcDbEntity
  8
BLACK
  6
CONTINUOUS
100
AcDbLine
 10
-0.2224803149606299
 20
0.9640748031496063
 30
0
 11
-0.1496456692913386
 21
0.9640748031496063
 31
0
  0
LINE
  5
1D8
330
1A
100
AcDbEntity
  8
BLACK
  6
CONTINUOUS
100
AcDbLine
 10
-0.1496456692913386
 20
0.9640748031496063
 30
0
 11
-0.1496456692913386
 21
1.0943897637795275
 31
0
  0
LINE
  5
1D9
330
1A
100
AcDbEntity
  8
BLACK
  6
CONTINUOUS
100
AcDbLine
 10
-0.1496456692913386
 20
1.0943897637795275
 30
0
 11
-0.2224803149606299
 21
1.0943897637795275
 31
0
  0
LINE
  5
1DA
330
1A
100
AcDbEntity
  8
BLACK
  6
CONTINUOUS
100
AcDbLine
 10
1.3597861023622047
 20
1.1034683858267715
 30
0
 11
1.3603187795275591
 21
1.1029357086614173
 31
0
  0
LINE
  5
1DB
330
1A
100
AcDbEntity
  8
BLACK
  6
CONTINUOUS
100
AcDbLine
 10
1.3603187795275591
 20
1.1029357086614173
 30
0
 11
1.3603937007874016
 21
1.1025590551181101
 31
0
  0
LINE
  5
1DC
330
1A
100
AcDbEntity
  8
BLACK
  6
CONTINUOUS
100
AcDbLine
 10
1.3603937007874016
 20
1.1025590551181101
 30
0
 11
1.3603937007874016
 21
0.9687007874015748
 31
0
  0
LINE
  5
1DD
330
1A
100
AcDbEntity
  8
BLACK
  6
CONTINUOUS
100
AcDbLine
 10
1.3603937007874016
 20
0.9687007874015748
 30
0
 11
1.3603187795275591
 21
0.9683241338582677
 31
0
  0
LINE
  5
1DE
330
1A
100
AcDbEntity
  8
BLACK
  6
CONTINUOUS
100
AcDbLine
 10
1.3603187795275591
 20
0.9683241338582677
 30
0
 11
1.3597861023622047
 21
0.9677914566929133
 31
0
  0
LINE
  5
1DF
330
1A
100
AcDbEntity
  8
BLACK
  6
CONTINUOUS
100
AcDbLine
 10
1.3597861023622047
 20
0.9677914566929133
 30
0
 11
1.3594094488188977
 21
0.9677165354330708
 31
0
  0
LINE
  5
1E0
330
1A
100
AcDbEntity
  8
BLACK
  6
CONTINUOUS
100
AcDbLine
 10
1.3594094488188977
 20
0.9677165354330708
 30
0
 11
1.282244094488189
 21
0.9677165354330708
 31
0
  0
LINE
  5
1E1
330
1A
100
AcDbEntity
  8
BLACK
  6
CONTINUOUS
100
AcDbLine
 10
1.282244094488189
 20
0.9677165354330708
 30
0
 11
1.2818674409448818
 21
0.9677914566929133
 31
0
  0
LINE
  5
1E2
330
1A
100
AcDbEntity
  8
BLACK
  6
CONTINUOUS
100
AcDbLine
 10
1.2818674409448818
 20
0.9677914566929133
 30
0
 11
1.2813347637795276
 21
0.9683241338582677
 31
0
  0
LINE
  5
1E3
330
1A
100
AcDbEntity
  8
BLACK
  6
CONTINUOUS
100
AcDbLine
 10
1.2813347637795276
 20
0.9683241338582677
 30
0
 11
1.2812598425196851
 21
0.9687007874015748
 31
0
  0
LINE
  5
1E4
330
1A
100
AcDbEntity
  8
BLACK
  6
CONTINUOUS
100
AcDbLine
 10
1.2812598425196851
 20
0.9687007874015748
 30
0
 11
1.2812598425196851
 21
1.1025590551181101
 31
0
  0
LINE
  5
1E5
330
1A
100
AcDbEntity
  8
BLACK
  6
CONTINUOUS
100
AcDbLine
 10
1.2812598425196851
 20
1.1025590551181101
 30
0
 11
1.2813347637795276
 21
1.1029357086614173
 31
0
  0
LINE
  5
1E6
330
1A
100
AcDbEntity
  8
BLACK
  6
CONTINUOUS
100
AcDbLine
 10
1.2813347637795276
 20
1.1029357086614173
 30
0
 11
1.2818674409448818
 21
1.1034683858267715
 31
0
  0
LINE
  5
1E7
330
1A
100
AcDbEntity
  8
BLACK
  6
CONTINUOUS
100
AcDbLine
 10
1.2818674409448818
 20
1.1034683858267715
 30
0
 11
1.282244094488189
 21
1.1035433070866141
 31
0
  0
LINE
  5
1E8
330
1A
100
AcDbEntity
  8
BLACK
  6
CONTINUOUS
100
AcDbLine
 10
1.282244094488189
 20
1.1035433070866141
 30
0
 11
1.3594094488188977
 21
1.1035433070866141
 31
0
  0
LINE
  5
1E9
330
1A
100
AcDbEntity
  8
BLACK
  6
CONTINUOUS
100
AcDbLine
 10
1.3594094488188977
 20
1.1035433070866141
 30
0
 11
1.3597861023622047
 21
1.1034683858267715
 31
0
  0
LINE
  5
1EA
330
1A
100
AcDbEntity
  8
BLACK
  6
CONTINUOUS
100
AcDbLine
 10
1.2832283464566929
 20
1.1015748031496062
 30
0
 11
1.2832283464566929
 21
0.9696850393700788
 31
0
  0
LINE
  5
1EB
330
1A
100
AcDbEntity
  8
BLACK
  6
CONTINUOUS
100
AcDbLine
 10
1.2832283464566929
 20
0.9696850393700788
 30
0
 11
1.3584251968503938
 21
0.9696850393700788
 31
0
  0
LINE
  5
1EC
330
1A
100
AcDbEntity
  8
BLACK
  6
CONTINUOUS
100
AcDbLine
 10
1.3584251968503938
 20
0.9696850393700788
 30
0
 11
1.3584251968503938
 21
1.1015748031496062
 31
0
  0
LINE
  5
1ED
330
1A
100
AcDbEntity
  8
BLACK
  6
CONTINUOUS
100
AcDbLine
 10
1.3584251968503938
 20
1.1015748031496062
 30
0
 11
1.2832283464566929
 21
1.1015748031496062
 31
0
  0
LINE
  5
1EE
330
1A
100
AcDbEntity
  8
BLACK
  6
CONTINUOUS
100
AcDbLine
 10
0.9089593307086614
 20
1.107838464566929
 30
0
 11
0.9094920078740157
 21
1.1073057874015748
 31
0
  0
LINE
  5
1EF
330
1A
100
AcDbEntity
  8
BLACK
  6
CONTINUOUS
100
AcDbLine
 10
0.9094920078740157
 20
1.1073057874015748
 30
0
 11
0.9095669291338583
 21
1.1069291338582676
 31
0
  0
LINE
  5
1F0
330
1A
100
AcDbEntity
  8
BLACK
  6
CONTINUOUS
100
AcDbLine
 10
0.9095669291338583
 20
1.1069291338582676
 30
0
 11
0.9095669291338583
 21
0.9730708661417322
 31
0
  0
LINE
  5
1F1
330
1A
100
AcDbEntity
  8
BLACK
  6
CONTINUOUS
100
AcDbLine
 10
0.9095669291338583
 20
0.9730708661417322
 30
0
 11
0.9094920078740157
 21
0.9726942125984251
 31
0
  0
LINE
  5
1F2
330
1A
100
AcDbEntity
  8
BLACK
  6
CONTINUOUS
100
AcDbLine
 10
0.9094920078740157
 20
0.9726942125984251
 30
0
 11
0.9089593307086614
 21
0.9721615354330708
 31
0
  0
LINE
  5
1F3
330
1A
100
AcDbEntity
  8
BLACK
  6
CONTINUOUS
100
AcDbLine
 10
0.9089593307086614
 20
0.9721615354330708
 30
0
 11
0.9085826771653543
 21
0.9720866141732283
 31
0
  0
LINE
  5
1F4
330
1A
100
AcDbEntity
  8
BLACK
  6
CONTINUOUS
100
AcDbLine
 10
0.9085826771653543
 20
0.9720866141732283
 30
0
 11
0.8314173228346456
 21
0.9720866141732283
 31
0
  0
LINE
  5
1F5
330
1A
100
AcDbEntity
  8
BLACK
  6
CONTINUOUS
100
AcDbLine
 10
0.8314173228346456
 20
0.9720866141732283
 30
0
 11
0.8310406692913386
 21
0.9721615354330708
 31
0
  0
LINE
  5
1F6
330
1A
100
AcDbEntity
  8
BLACK
  6
CONTINUOUS
100
AcDbLine
 10
0.8310406692913386
 20
0.9721615354330708
 30
0
 11
0.8305079921259843
 21
0.9726942125984251
 31
0
  0
LINE
  5
1F7
330
1A
100
AcDbEntity
  8
BLACK
  6
CONTINUOUS
100
AcDbLine
 10
0.8305079921259843
 20
0.9726942125984251
 30
0
 11
0.8304330708661417
 21
0.9730708661417322
 31
0
  0
LINE
  5
1F8
330
1A
100
AcDbEntity
  8
BLACK
  6
CONTINUOUS
100
AcDbLine
 10
0.8304330708661417
 20
0.9730708661417322
 30
0
 11
0.8304330708661417
 21
1.1069291338582676
 31
0
  0
LINE
  5
1F9
330
1A
100
AcDbEntity
  8
BLACK
  6
CONTINUOUS
100
AcDbLine
 10
0.8304330708661417
 20
1.1069291338582676
 30
0
 11
0.8305079921259843
 21
1.1073057874015748
 31
0
  0
LINE
  5
1FA
330
1A
100
AcDbEntity
  8
BLACK
  6
CONTINUOUS
100
AcDbLine
 10
0.8305079921259843
 20
1.1073057874015748
 30
0
 11
0.8310406692913386
 21
1.107838464566929
 31
0
  0
LINE
  5
1FB
330
1A
100
AcDbEntity
  8
BLACK
  6
CONTINUOUS
100
AcDbLine
 10
0.8310406692913386
 20
1.107838464566929
 30
0
 11
0.8314173228346456
 21
1.1079133858267716
 31
0
  0
LINE
  5
1FC
330
1A
100
AcDbEntity
  8
BLACK
  6
CONTINUOUS
100
AcDbLine
 10
0.8314173228346456
 20
1.1079133858267716
 30
0
 11
0.9085826771653543
 21
1.1079133858267716
 31
0
  0
LINE
  5
1FD
330
1A
100
AcDbEntity
  8
BLACK
  6
CONTINUOUS
100
AcDbLine
 10
0.9085826771653543
 20
1.1079133858267716
 30
0
 11
0.9089593307086614
 21
1.107838464566929
 31
0
  0
LINE
  5
1FE
330
1A
100
AcDbEntity
  8
BLACK
  6
CONTINUOUS
100
AcDbLine
 10
0.8324015748031496
 20
1.1059448818897637
 30
0
 11
0.8324015748031496
 21
0.9740551181102362
 31
0
  0
LINE
  5
1FF
330
1A
100
AcDbEntity
  8
BLACK
  6
CONTINUOUS
100
AcDbLine
 10
0.8324015748031496
 20
0.9740551181102362
 30
0
 11
0.9075984251968504
 21
0.9740551181102362
 31
0
  0
LINE
  5
200
330
1A
100
AcDbEntity
  8
BLACK
  6
CONTINUOUS
100
AcDbLine
 10
0.9075984251968504
 20
0.9740551181102362
 30
0
 11
0.9075984251968504
 21
1.1059448818897637
 31
0
  0
LINE
  5
201
330
1A
100
AcDbEntity
  8
BLACK
  6
CONTINUOUS
100
AcDbLine
 10
0.9075984251968504
 20
1.1059448818897637
 30
0
 11
0.8324015748031496
 21
1.1059448818897637
 31
0
  0
LINE
  5
202
330
1A
100
AcDbEntity
  8
BLACK
  6
CONTINUOUS
100
AcDbLine
 10
-0.0322217716535433
 20
1.1095510629921259
 30
0
 11
-0.031689094488189
 21
1.1090183858267717
 31
0
  0
LINE
  5
203
330
1A
100
AcDbEntity
  8
BLACK
  6
CONTINUOUS
100
AcDbLine
 10
-0.031689094488189
 20
1.1090183858267717
 30
0
 11
-0.0316141732283465
 21
1.1086417322834645
 31
0
  0
LINE
  5
204
330
1A
100
AcDbEntity
  8
BLACK
  6
CONTINUOUS
100
AcDbLine
 10
-0.0316141732283465
 20
1.1086417322834645
 30
0
 11
-0.0316141732283465
 21
0.9763582677165354
 31
0
  0
LINE
  5
205
330
1A
100
AcDbEntity
  8
BLACK
  6
CONTINUOUS
100
AcDbLine
 10
-0.0316141732283465
 20
0.9763582677165354
 30
0
 11
-0.031689094488189
 21
0.9759816141732284
 31
0
  0
LINE
  5
206
330
1A
100
AcDbEntity
  8
BLACK
  6
CONTINUOUS
100
AcDbLine
 10
-0.031689094488189
 20
0.9759816141732284
 30
0
 11
-0.0322217716535433
 21
0.9754489370078739
 31
0
  0
LINE
  5
207
330
1A
100
AcDbEntity
  8
BLACK
  6
CONTINUOUS
100
AcDbLine
 10
-0.0322217716535433
 20
0.9754489370078739
 30
0
 11
-0.0325984251968504
 21
0.9753740157480315
 31
0
  0
LINE
  5
208
330
1A
100
AcDbEntity
  8
BLACK
  6
CONTINUOUS
100
AcDbLine
 10
-0.0325984251968504
 20
0.9753740157480315
 30
0
 11
-0.1074015748031496
 21
0.9753740157480315
 31
0
  0
LINE
  5
209
330
1A
100
AcDbEntity
  8
BLACK
  6
CONTINUOUS
100
AcDbLine
 10
-0.1074015748031496
 20
0.9753740157480315
 30
0
 11
-0.1077782283464567
 21
0.9754489370078739
 31
0
  0
LINE
  5
20A
330
1A
100
AcDbEntity
  8
BLACK
  6
CONTINUOUS
100
AcDbLine
 10
-0.1077782283464567
 20
0.9754489370078739
 30
0
 11
-0.108310905511811
 21
0.9759816141732284
 31
0
  0
LINE
  5
20B
330
1A
100
AcDbEntity
  8
BLACK
  6
CONTINUOUS
100
AcDbLine
 10
-0.108310905511811
 20
0.9759816141732284
 30
0
 11
-0.1083858267716535
 21
0.9763582677165354
 31
0
  0
LINE
  5
20C
330
1A
100
AcDbEntity
  8
BLACK
  6
CONTINUOUS
100
AcDbLine
 10
-0.1083858267716535
 20
0.9763582677165354
 30
0
 11
-0.1083858267716535
 21
1.1086417322834645
 31
0
  0
LINE
  5
20D
330
1A
100
AcDbEntity
  8
BLACK
  6
CONTINUOUS
100
AcDbLine
 10
-0.1083858267716535
 20
1.1086417322834645
 30
0
 11
-0.108310905511811
 21
1.1090183858267717
 31
0
  0
LINE
  5
20E
330
1A
100
AcDbEntity
  8
BLACK
  6
CONTINUOUS
100
AcDbLine
 10
-0.108310905511811
 20
1.1090183858267717
 30
0
 11
-0.1077782283464567
 21
1.1095510629921259
 31
0
  0
LINE
  5
20F
330
1A
100
AcDbEntity
  8
BLACK
  6
CONTINUOUS
100
AcDbLine
 10
-0.1077782283464567
 20
1.1095510629921259
 30
0
 11
-0.1074015748031496
 21
1.1096259842519685
 31
0
  0
LINE
  5
210
330
1A
100
AcDbEntity
  8
BLACK
  6
CONTINUOUS
100
AcDbLine
 10
-0.1074015748031496
 20
1.1096259842519685
 30
0
 11
-0.0325984251968504
 21
1.1096259842519685
 31
0
  0
LINE
  5
211
330
1A
100
AcDbEntity
  8
BLACK
  6
CONTINUOUS
100
AcDbLine
 10
-0.0325984251968504
 20
1.1096259842519685
 30
0
 11
-0.0322217716535433
 21
1.1095510629921259
 31
0
  0
LINE
  5
212
330
1A
100
AcDbEntity
  8
BLACK
  6
CONTINUOUS
100
AcDbLine
 10
-0.1064173228346457
 20
1.1076574803149606
 30
0
 11
-0.1064173228346457
 21
0.9773425196850394
 31
0
  0
LINE
  5
213
330
1A
100
AcDbEntity
  8
BLACK
  6
CONTINUOUS
100
AcDbLine
 10
-0.1064173228346457
 20
0.9773425196850394
 30
0
 11
-0.0335826771653543
 21
0.9773425196850394
 31
0
  0
LINE
  5
214
330
1A
100
AcDbEntity
  8
BLACK
  6
CONTINUOUS
100
AcDbLine
 10
-0.0335826771653543
 20
0.9773425196850394
 30
0
 11
-0.0335826771653543
 21
1.1076574803149606
 31
0
  0
LINE
  5
215
330
1A
100
AcDbEntity
  8
BLACK
  6
CONTINUOUS
100
AcDbLine
 10
-0.0335826771653543
 20
1.1076574803149606
 30
0
 11
-0.1064173228346457
 21
1.1076574803149606
 31
0
  0
LINE
  5
216
330
1A
100
AcDbEntity
  8
BLACK
  6
CONTINUOUS
100
AcDbLine
 10
1.2296679921259843
 20
1.1635077559055118
 30
0
 11
1.2302006692913385
 21
1.1629750787401574
 31
0
  0
LINE
  5
217
330
1A
100
AcDbEntity
  8
BLACK
  6
CONTINUOUS
100
AcDbLine
 10
1.2302006692913385
 20
1.1629750787401574
 30
0
 11
1.2302755905511811
 21
1.1625984251968504
 31
0
  0
LINE
  5
218
330
1A
100
AcDbEntity
  8
BLACK
  6
CONTINUOUS
100
AcDbLine
 10
1.2302755905511811
 20
1.1625984251968504
 30
0
 11
1.2302755905511811
 21
1.0090551181102363
 31
0
  0
LINE
  5
219
330
1A
100
AcDbEntity
  8
BLACK
  6
CONTINUOUS
100
AcDbLine
 10
1.2302755905511811
 20
1.0090551181102363
 30
0
 11
1.2302006692913385
 21
1.0086784645669291
 31
0
  0
LINE
  5
21A
330
1A
100
AcDbEntity
  8
BLACK
  6
CONTINUOUS
100
AcDbLine
 10
1.2302006692913385
 20
1.0086784645669291
 30
0
 11
1.2296679921259843
 21
1.0081457874015747
 31
0
  0
LINE
  5
21B
330
1A
100
AcDbEntity
  8
BLACK
  6
CONTINUOUS
100
AcDbLine
 10
1.2296679921259843
 20
1.0081457874015747
 30
0
 11
1.2292913385826771
 21
1.0080708661417324
 31
0
  0
LINE
  5
21C
330
1A
100
AcDbEntity
  8
BLACK
  6
CONTINUOUS
100
AcDbLine
 10
1.2292913385826771
 20
1.0080708661417324
 30
0
 11
1.1229921259842519
 21
1.0080708661417324
 31
0
  0
LINE
  5
21D
330
1A
100
AcDbEntity
  8
BLACK
  6
CONTINUOUS
100
AcDbLine
 10
1.1229921259842519
 20
1.0080708661417324
 30
0
 11
1.122615472440945
 21
1.0081457874015747
 31
0
  0
LINE
  5
21E
330
1A
100
AcDbEntity
  8
BLACK
  6
CONTINUOUS
100
AcDbLine
 10
1.122615472440945
 20
1.0081457874015747
 30
0
 11
1.1220827952755905
 21
1.0086784645669291
 31
0
  0
LINE
  5
21F
330
1A
100
AcDbEntity
  8
BLACK
  6
CONTINUOUS
100
AcDbLine
 10
1.1220827952755905
 20
1.0086784645669291
 30
0
 11
1.122007874015748
 21
1.0090551181102363
 31
0
  0
LINE
  5
220
330
1A
100
AcDbEntity
  8
BLACK
  6
CONTINUOUS
100
AcDbLine
 10
1.122007874015748
 20
1.0090551181102363
 30
0
 11
1.122007874015748
 21
1.1625984251968504
 31
0
  0
LINE
  5
221
330
1A
100
AcDbEntity
  8
BLACK
  6
CONTINUOUS
100
AcDbLine
 10
1.122007874015748
 20
1.1625984251968504
 30
0
 11
1.1220827952755905
 21
1.1629750787401574
 31
0
  0
LINE
  5
222
330
1A
100
AcDbEntity
  8
BLACK
  6
CONTINUOUS
100
AcDbLine
 10
1.1220827952755905
 20
1.1629750787401574
 30
0
 11
1.122615472440945
 21
1.1635077559055118
 31
0
  0
LINE
  5
223
330
1A
100
AcDbEntity
  8
BLACK
  6
CONTINUOUS
100
AcDbLine
 10
1.122615472440945
 20
1.1635077559055118
 30
0
 11
1.1229921259842519
 21
1.1635826771653544
 31
0
  0
LINE
  5
224
330
1A
100
AcDbEntity
  8
BLACK
  6
CONTINUOUS
100
AcDbLine
 10
1.1229921259842519
 20
1.1635826771653544
 30
0
 11
1.2292913385826771
 21
1.1635826771653544
 31
0
  0
LINE
  5
225
330
1A
100
AcDbEntity
  8
BLACK
  6
CONTINUOUS
100
AcDbLine
 10
1.2292913385826771
 20
1.1635826771653544
 30
0
 11
1.2296679921259843
 21
1.1635077559055118
 31
0
  0
LINE
  5
226
330
1A
100
AcDbEntity
  8
BLACK
  6
CONTINUOUS
100
AcDbLine
 10
1.1239763779527558
 20
1.1616141732283465
 30
0
 11
1.1239763779527558
 21
1.0100393700787402
 31
0
  0
LINE
  5
227
330
1A
100
AcDbEntity
  8
BLACK
  6
CONTINUOUS
100
AcDbLine
 10
1.1239763779527558
 20
1.0100393700787402
 30
0
 11
1.2283070866141732
 21
1.0100393700787402
 31
0
  0
LINE
  5
228
330
1A
100
AcDbEntity
  8
BLACK
  6
CONTINUOUS
100
AcDbLine
 10
1.2283070866141732
 20
1.0100393700787402
 30
0
 11
1.2283070866141732
 21
1.1616141732283465
 31
0
  0
LINE
  5
229
330
1A
100
AcDbEntity
  8
BLACK
  6
CONTINUOUS
100
AcDbLine
 10
1.2283070866141732
 20
1.1616141732283465
 30
0
 11
1.1239763779527558
 21
1.1616141732283465
 31
0
  0
LINE
  5
22A
330
1A
100
AcDbEntity
  8
BLACK
  6
CONTINUOUS
100
AcDbLine
 10
-0.6510406692913385
 20
1.160338464566929
 30
0
 11
-0.6505079921259842
 21
1.1598057874015748
 31
0
  0
LINE
  5
22B
330
1A
100
AcDbEntity
  8
BLACK
  6
CONTINUOUS
100
AcDbLine
 10
-0.6505079921259842
 20
1.1598057874015748
 30
0
 11
-0.6504330708661418
 21
1.1594291338582676
 31
0
  0
LINE
  5
22C
330
1A
100
AcDbEntity
  8
BLACK
  6
CONTINUOUS
100
AcDbLine
 10
-0.6504330708661418
 20
1.1594291338582676
 30
0
 11
-0.6504330708661418
 21
1.0255708661417322
 31
0
  0
LINE
  5
22D
330
1A
100
AcDbEntity
  8
BLACK
  6
CONTINUOUS
100
AcDbLine
 10
-0.6504330708661418
 20
1.0255708661417322
 30
0
 11
-0.6505079921259842
 21
1.0251942125984252
 31
0
  0
LINE
  5
22E
330
1A
100
AcDbEntity
  8
BLACK
  6
CONTINUOUS
100
AcDbLine
 10
-0.6505079921259842
 20
1.0251942125984252
 30
0
 11
-0.6510406692913385
 21
1.0246615354330708
 31
0
  0
LINE
  5
22F
330
1A
100
AcDbEntity
  8
BLACK
  6
CONTINUOUS
100
AcDbLine
 10
-0.6510406692913385
 20
1.0246615354330708
 30
0
 11
-0.6514173228346457
 21
1.0245866141732283
 31
0
  0
LINE
  5
230
330
1A
100
AcDbEntity
  8
BLACK
  6
CONTINUOUS
100
AcDbLine
 10
-0.6514173228346457
 20
1.0245866141732283
 30
0
 11
-0.7285826771653543
 21
1.0245866141732283
 31
0
  0
LINE
  5
231
330
1A
100
AcDbEntity
  8
BLACK
  6
CONTINUOUS
100
AcDbLine
 10
-0.7285826771653543
 20
1.0245866141732283
 30
0
 11
-0.7289593307086614
 21
1.0246615354330708
 31
0
  0
LINE
  5
232
330
1A
100
AcDbEntity
  8
BLACK
  6
CONTINUOUS
100
AcDbLine
 10
-0.7289593307086614
 20
1.0246615354330708
 30
0
 11
-0.7294920078740157
 21
1.0251942125984252
 31
0
  0
LINE
  5
233
330
1A
100
AcDbEntity
  8
BLACK
  6
CONTINUOUS
100
AcDbLine
 10
-0.7294920078740157
 20
1.0251942125984252
 30
0
 11
-0.7295669291338582
 21
1.0255708661417322
 31
0
  0
LINE
  5
234
330
1A
100
AcDbEntity
  8
BLACK
  6
CONTINUOUS
100
AcDbLine
 10
-0.7295669291338582
 20
1.0255708661417322
 30
0
 11
-0.7295669291338582
 21
1.1594291338582676
 31
0
  0
LINE
  5
235
330
1A
100
AcDbEntity
  8
BLACK
  6
CONTINUOUS
100
AcDbLine
 10
-0.7295669291338582
 20
1.1594291338582676
 30
0
 11
-0.7294920078740157
 21
1.1598057874015748
 31
0
  0
LINE
  5
236
330
1A
100
AcDbEntity
  8
BLACK
  6
CONTINUOUS
100
AcDbLine
 10
-0.7294920078740157
 20
1.1598057874015748
 30
0
 11
-0.7289593307086614
 21
1.160338464566929
 31
0
  0
LINE
  5
237
330
1A
100
AcDbEntity
  8
BLACK
  6
CONTINUOUS
100
AcDbLine
 10
-0.7289593307086614
 20
1.160338464566929
 30
0
 11
-0.7285826771653543
 21
1.1604133858267716
 31
0
  0
LINE
  5
238
330
1A
100
AcDbEntity
  8
BLACK
  6
CONTINUOUS
100
AcDbLine
 10
-0.7285826771653543
 20
1.1604133858267716
 30
0
 11
-0.6514173228346457
 21
1.1604133858267716
 31
0
  0
LINE
  5
239
330
1A
100
AcDbEntity
  8
BLACK
  6
CONTINUOUS
100
AcDbLine
 10
-0.6514173228346457
 20
1.1604133858267716
 30
0
 11
-0.6510406692913385
 21
1.160338464566929
 31
0
  0
LINE
  5
23A
330
1A
100
AcDbEntity
  8
BLACK
  6
CONTINUOUS
100
AcDbLine
 10
-0.7275984251968504
 20
1.1584448818897637
 30
0
 11
-0.7275984251968504
 21
1.0265551181102361
 31
0
  0
LINE
  5
23B
330
1A
100
AcDbEntity
  8
BLACK
  6
CONTINUOUS
100
AcDbLine
 10
-0.7275984251968504
 20
1.0265551181102361
 30
0
 11
-0.6524015748031496
 21
1.0265551181102361
 31
0
  0
LINE
  5
23C
330
1A
100
AcDbEntity
  8
BLACK
  6
CONTINUOUS
100
AcDbLine
 10
-0.6524015748031496
 20
1.0265551181102361
 30
0
 11
-0.6524015748031496
 21
1.1584448818897637
 31
0
  0
LINE
  5
23D
330
1A
100
AcDbEntity
  8
BLACK
  6
CONTINUOUS
100
AcDbLine
 10
-0.6524015748031496
 20
1.1584448818897637
 30
0
 11
-0.7275984251968504
 21
1.1584448818897637
 31
0
  0
LINE
  5
23E
330
1A
100
AcDbEntity
  8
BLACK
  6
CONTINUOUS
100
AcDbLine
 10
1.1132112992125984
 20
1.1349250787401575
 30
0
 11
1.1137439763779526
 21
1.134392401574803
 31
0
  0
LINE
  5
23F
330
1A
100
AcDbEntity
  8
BLACK
  6
CONTINUOUS
100
AcDbLine
 10
1.1137439763779526
 20
1.134392401574803
 30
0
 11
1.1138188976377952
 21
1.1340157480314961
 31
0
  0
LINE
  5
240
330
1A
100
AcDbEntity
  8
BLACK
  6
CONTINUOUS
100
AcDbLine
 10
1.1138188976377952
 20
1.1340157480314961
 30
0
 11
1.1138188976377952
 21
1.0316535433070866
 31
0
  0
LINE
  5
241
330
1A
100
AcDbEntity
  8
BLACK
  6
CONTINUOUS
100
AcDbLine
 10
1.1138188976377952
 20
1.0316535433070866
 30
0
 11
1.1137439763779526
 21
1.0312768897637794
 31
0
  0
LINE
  5
242
330
1A
100
AcDbEntity
  8
BLACK
  6
CONTINUOUS
100
AcDbLine
 10
1.1137439763779526
 20
1.0312768897637794
 30
0
 11
1.1132112992125984
 21
1.0307442125984252
 31
0
  0
LINE
  5
243
330
1A
100
AcDbEntity
  8
BLACK
  6
CONTINUOUS
100
AcDbLine
 10
1.1132112992125984
 20
1.0307442125984252
 30
0
 11
1.1128346456692912
 21
1.0306692913385826
 31
0
  0
LINE
  5
244
330
1A
100
AcDbEntity
  8
BLACK
  6
CONTINUOUS
100
AcDbLine
 10
1.1128346456692912
 20
1.0306692913385826
 30
0
 11
1.0088976377952756
 21
1.0306692913385826
 31
0
  0
LINE
  5
245
330
1A
100
AcDbEntity
  8
BLACK
  6
CONTINUOUS
100
AcDbLine
 10
1.0088976377952756
 20
1.0306692913385826
 30
0
 11
1.0085209842519685
 21
1.0307442125984252
 31
0
  0
LINE
  5
246
330
1A
100
AcDbEntity
  8
BLACK
  6
CONTINUOUS
100
AcDbLine
 10
1.0085209842519685
 20
1.0307442125984252
 30
0
 11
1.0079883070866142
 21
1.0312768897637794
 31
0
  0
LINE
  5
247
330
1A
100
AcDbEntity
  8
BLACK
  6
CONTINUOUS
100
AcDbLine
 10
1.0079883070866142
 20
1.0312768897637794
 30
0
 11
1.0079133858267717
 21
1.0316535433070866
 31
0
  0
LINE
  5
248
330
1A
100
AcDbEntity
  8
BLACK
  6
CONTINUOUS
100
AcDbLine
 10
1.0079133858267717
 20
1.0316535433070866
 30
0
 11
1.0079133858267717
 21
1.1340157480314961
 31
0
  0
LINE
  5
249
330
1A
100
AcDbEntity
  8
BLACK
  6
CONTINUOUS
100
AcDbLine
 10
1.0079133858267717
 20
1.1340157480314961
 30
0
 11
1.0079883070866142
 21
1.134392401574803
 31
0
  0
LINE
  5
24A
330
1A
100
AcDbEntity
  8
BLACK
  6
CONTINUOUS
100
AcDbLine
 10
1.0079883070866142
 20
1.134392401574803
 30
0
 11
1.0085209842519685
 21
1.1349250787401575
 31
0
  0
LINE
  5
24B
330
1A
100
AcDbEntity
  8
BLACK
  6
CONTINUOUS
100
AcDbLine
 10
1.0085209842519685
 20
1.1349250787401575
 30
0
 11
1.0088976377952756
 21
1.135
 31
0
  0
LINE
  5
24C
330
1A
100
AcDbEntity
  8
BLACK
  6
CONTINUOUS
100
AcDbLine
 10
1.0088976377952756
 20
1.135
 30
0
 11
1.1128346456692912
 21
1.135
 31
0
  0
LINE
  5
24D
330
1A
100
AcDbEntity
  8
BLACK
  6
CONTINUOUS
100
AcDbLine
 10
1.1128346456692912
 20
1.135
 30
0
 11
1.1132112992125984
 21
1.1349250787401575
 31
0
  0
LINE
  5
24E
330
1A
100
AcDbEntity
  8
BLACK
  6
CONTINUOUS
100
AcDbLine
 10
1.0098818897637796
 20
1.1330314960629921
 30
0
 11
1.0098818897637796
 21
1.0326377952755905
 31
0
  0
LINE
  5
24F
330
1A
100
AcDbEntity
  8
BLACK
  6
CONTINUOUS
100
AcDbLine
 10
1.0098818897637796
 20
1.0326377952755905
 30
0
 11
1.1118503937007873
 21
1.0326377952755905
 31
0
  0
LINE
  5
250
330
1A
100
AcDbEntity
  8
BLACK
  6
CONTINUOUS
100
AcDbLine
 10
1.1118503937007873
 20
1.0326377952755905
 30
0
 11
1.1118503937007873
 21
1.1330314960629921
 31
0
  0
LINE
  5
251
330
1A
100
AcDbEntity
  8
BLACK
  6
CONTINUOUS
100
AcDbLine
 10
1.1118503937007873
 20
1.1330314960629921
 30
0
 11
1.0098818897637796
 21
1.1330314960629921
 31
0
  0
LINE
  5
252
330
1A
100
AcDbEntity
  8
BLACK
  6
CONTINUOUS
100
AcDbLine
 10
0.2289593307086614
 20
1.190338464566929
 30
0
 11
0.2294920078740157
 21
1.1898057874015748
 31
0
  0
LINE
  5
253
330
1A
100
AcDbEntity
  8
BLACK
  6
CONTINUOUS
100
AcDbLine
 10
0.2294920078740157
 20
1.1898057874015748
 30
0
 11
0.2295669291338583
 21
1.1894291338582677
 31
0
  0
LINE
  5
254
330
1A
100
AcDbEntity
  8
BLACK
  6
CONTINUOUS
100
AcDbLine
 10
0.2295669291338583
 20
1.1894291338582677
 30
0
 11
0.2295669291338583
 21
1.0555708661417322
 31
0
  0
LINE
  5
255
330
1A
100
AcDbEntity
  8
BLACK
  6
CONTINUOUS
100
AcDbLine
 10
0.2295669291338583
 20
1.0555708661417322
 30
0
 11
0.2294920078740157
 21
1.0551942125984253
 31
0
  0
LINE
  5
256
330
1A
100
AcDbEntity
  8
BLACK
  6
CONTINUOUS
100
AcDbLine
 10
0.2294920078740157
 20
1.0551942125984253
 30
0
 11
0.2289593307086614
 21
1.0546615354330708
 31
0
  0
LINE
  5
257
330
1A
100
AcDbEntity
  8
BLACK
  6
CONTINUOUS
100
AcDbLine
 10
0.2289593307086614
 20
1.0546615354330708
 30
0
 11
0.2285826771653543
 21
1.0545866141732283
 31
0
  0
LINE
  5
258
330
1A
100
AcDbEntity
  8
BLACK
  6
CONTINUOUS
100
AcDbLine
 10
0.2285826771653543
 20
1.0545866141732283
 30
0
 11
0.1514173228346457
 21
1.0545866141732283
 31
0
  0
LINE
  5
259
330
1A
100
AcDbEntity
  8
BLACK
  6
CONTINUOUS
100
AcDbLine
 10
0.1514173228346457
 20
1.0545866141732283
 30
0
 11
0.1510406692913386
 21
1.0546615354330708
 31
0
  0
LINE
  5
25A
330
1A
100
AcDbEntity
  8
BLACK
  6
CONTINUOUS
100
AcDbLine
 10
0.1510406692913386
 20
1.0546615354330708
 30
0
 11
0.1505079921259843
 21
1.0551942125984253
 31
0
  0
LINE
  5
25B
330
1A
100
AcDbEntity
  8
BLACK
  6
CONTINUOUS
100
AcDbLine
 10
0.1505079921259843
 20
1.0551942125984253
 30
0
 11
0.1504330708661417
 21
1.0555708661417322
 31
0
  0
LINE
  5
25C
330
1A
100
AcDbEntity
  8
BLACK
  6
CONTINUOUS
100
AcDbLine
 10
0.1504330708661417
 20
1.0555708661417322
 30
0
 11
0.1504330708661417
 21
1.1894291338582677
 31
0
  0
LINE
  5
25D
330
1A
100
AcDbEntity
  8
BLACK
  6
CONTINUOUS
100
AcDbLine
 10
0.1504330708661417
 20
1.1894291338582677
 30
0
 11
0.1505079921259843
 21
1.1898057874015748
 31
0
  0
LINE
  5
25E
330
1A
100
AcDbEntity
  8
BLACK
  6
CONTINUOUS
100
AcDbLine
 10
0.1505079921259843
 20
1.1898057874015748
 30
0
 11
0.1510406692913386
 21
1.190338464566929
 31
0
  0
LINE
  5
25F
330
1A
100
AcDbEntity
  8
BLACK
  6
CONTINUOUS
100
AcDbLine
 10
0.1510406692913386
 20
1.190338464566929
 30
0
 11
0.1514173228346457
 21
1.1904133858267716
 31
0
  0
LINE
  5
260
330
1A
100
AcDbEntity
  8
BLACK
  6
CONTINUOUS
100
AcDbLine
 10
0.1514173228346457
 20
1.1904133858267716
 30
0
 11
0.2285826771653543
 21
1.1904133858267716
 31
0
  0
LINE
  5
261
330
1A
100
AcDbEntity
  8
BLACK
  6
CONTINUOUS
100
AcDbLine
 10
0.2285826771653543
 20
1.1904133858267716
 30
0
 11
0.2289593307086614
 21
1.190338464566929
 31
0
  0
LINE
  5
262
330
1A
100
AcDbEntity
  8
BLACK
  6
CONTINUOUS
100
AcDbLine
 10
0.1524015748031496
 20
1.1884448818897637
 30
0
 11
0.1524015748031496
 21
1.0565551181102362
 31
0
  0
LINE
  5
263
330
1A
100
AcDbEntity
  8
BLACK
  6
CONTINUOUS
100
AcDbLine
 10
0.1524015748031496
 20
1.0565551181102362
 30
0
 11
0.2275984251968504
 21
1.0565551181102362
 31
0
  0
LINE
  5
264
330
1A
100
AcDbEntity
  8
BLACK
  6
CONTINUOUS
100
AcDbLine
 10
0.2275984251968504
 20
1.0565551181102362
 30
0
 11
0.2275984251968504
 21
1.1884448818897637
 31
0
  0
LINE
  5
265
330
1A
100
AcDbEntity
  8
BLACK
  6
CONTINUOUS
100
AcDbLine
 10
0.2275984251968504
 20
1.1884448818897637
 30
0
 11
0.1524015748031496
 21
1.1884448818897637
 31
0
  0
LINE
  5
266
330
1A
100
AcDbEntity
  8
BLACK
  6
CONTINUOUS
100
AcDbLine
 10
-1.1334816141732282
 20
1.1433109055118109
 30
0
 11
-1.132948937007874
 21
1.1427782283464567
 31
0
  0
LINE
  5
267
330
1A
100
AcDbEntity
  8
BLACK
  6
CONTINUOUS
100
AcDbLine
 10
-1.132948937007874
 20
1.1427782283464567
 30
0
 11
-1.1328740157480315
 21
1.1424015748031495
 31
0
  0
LINE
  5
268
330
1A
100
AcDbEntity
  8
BLACK
  6
CONTINUOUS
100
AcDbLine
 10
-1.1328740157480315
 20
1.1424015748031495
 30
0
 11
-1.1328740157480315
 21
1.0675984251968504
 31
0
  0
LINE
  5
269
330
1A
100
AcDbEntity
  8
BLACK
  6
CONTINUOUS
100
AcDbLine
 10
-1.1328740157480315
 20
1.0675984251968504
 30
0
 11
-1.132948937007874
 21
1.0672217716535433
 31
0
  0
LINE
  5
26A
330
1A
100
AcDbEntity
  8
BLACK
  6
CONTINUOUS
100
AcDbLine
 10
-1.132948937007874
 20
1.0672217716535433
 30
0
 11
-1.1334816141732282
 21
1.066689094488189
 31
0
  0
LINE
  5
26B
330
1A
100
AcDbEntity
  8
BLACK
  6
CONTINUOUS
100
AcDbLine
 10
-1.1334816141732282
 20
1.066689094488189
 30
0
 11
-1.1338582677165354
 21
1.0666141732283465
 31
0
  0
LINE
  5
26C
330
1A
100
AcDbEntity
  8
BLACK
  6
CONTINUOUS
100
AcDbLine
 10
-1.1338582677165354
 20
1.0666141732283465
 30
0
 11
-1.2661417322834645
 21
1.0666141732283465
 31
0
  0
LINE
  5
26D
330
1A
100
AcDbEntity
  8
BLACK
  6
CONTINUOUS
100
AcDbLine
 10
-1.2661417322834645
 20
1.0666141732283465
 30
0
 11
-1.2665183858267717
 21
1.066689094488189
 31
0
  0
LINE
  5
26E
330
1A
100
AcDbEntity
  8
BLACK
  6
CONTINUOUS
100
AcDbLine
 10
-1.2665183858267717
 20
1.066689094488189
 30
0
 11
-1.2670510629921259
 21
1.0672217716535433
 31
0
  0
LINE
  5
26F
330
1A
100
AcDbEntity
  8
BLACK
  6
CONTINUOUS
100
AcDbLine
 10
-1.2670510629921259
 20
1.0672217716535433
 30
0
 11
-1.2671259842519684
 21
1.0675984251968504
 31
0
  0
LINE
  5
270
330
1A
100
AcDbEntity
  8
BLACK
  6
CONTINUOUS
100
AcDbLine
 10
-1.2671259842519684
 20
1.0675984251968504
 30
0
 11
-1.2671259842519684
 21
1.1424015748031495
 31
0
  0
LINE
  5
271
330
1A
100
AcDbEntity
  8
BLACK
  6
CONTINUOUS
100
AcDbLine
 10
-1.2671259842519684
 20
1.1424015748031495
 30
0
 11
-1.2670510629921259
 21
1.1427782283464567
 31
0
  0
LINE
  5
272
330
1A
100
AcDbEntity
  8
BLACK
  6
CONTINUOUS
100
AcDbLine
 10
-1.2670510629921259
 20
1.1427782283464567
 30
0
 11
-1.2665183858267717
 21
1.1433109055118109
 31
0
  0
LINE
  5
273
330
1A
100
AcDbEntity
  8
BLACK
  6
CONTINUOUS
100
AcDbLine
 10
-1.2665183858267717
 20
1.1433109055118109
 30
0
 11
-1.2661417322834645
 21
1.1433858267716535
 31
0
  0
LINE
  5
274
330
1A
100
AcDbEntity
  8
BLACK
  6
CONTINUOUS
100
AcDbLine
 10
-1.2661417322834645
 20
1.1433858267716535
 30
0
 11
-1.1338582677165354
 21
1.1433858267716535
 31
0
  0
LINE
  5
275
330
1A
100
AcDbEntity
  8
BLACK
  6
CONTINUOUS
100
AcDbLine
 10
-1.1338582677165354
 20
1.1433858267716535
 30
0
 11
-1.1334816141732282
 21
1.1433109055118109
 31
0
  0
LINE
  5
276
330
1A
100
AcDbEntity
  8
BLACK
  6
CONTINUOUS
100
AcDbLine
 10
-1.2651574803149606
 20
1.1414173228346456
 30
0
 11
-1.2651574803149606
 21
1.0685826771653544
 31
0
  0
LINE
  5
277
330
1A
100
AcDbEntity
  8
BLACK
  6
CONTINUOUS
100
AcDbLine
 10
-1.2651574803149606
 20
1.0685826771653544
 30
0
 11
-1.1348425196850394
 21
1.0685826771653544
 31
0
  0
LINE
  5
278
330
1A
100
AcDbEntity
  8
BLACK
  6
CONTINUOUS
100
AcDbLine
 10
-1.1348425196850394
 20
1.0685826771653544
 30
0
 11
-1.1348425196850394
 21
1.1414173228346456
 31
0
  0
LINE
  5
279
330
1A
100
AcDbEntity
  8
BLACK
  6
CONTINUOUS
100
AcDbLine
 10
-1.1348425196850394
 20
1.1414173228346456
 30
0
 11
-1.2651574803149606
 21
1.1414173228346456
 31
0
  0
LINE
  5
27A
330
1A
100
AcDbEntity
  8
BLACK
  6
CONTINUOUS
100
AcDbLine
 10
-0.2409816141732283
 20
1.183310905511811
 30
0
 11
-0.240448937007874
 21
1.1827782283464567
 31
0
  0
LINE
  5
27B
330
1A
100
AcDbEntity
  8
BLACK
  6
CONTINUOUS
100
AcDbLine
 10
-0.240448937007874
 20
1.1827782283464567
 30
0
 11
-0.2403740157480315
 21
1.1824015748031496
 31
0
  0
LINE
  5
27C
330
1A
100
AcDbEntity
  8
BLACK
  6
CONTINUOUS
100
AcDbLine
 10
-0.2403740157480315
 20
1.1824015748031496
 30
0
 11
-0.2403740157480315
 21
1.1075984251968505
 31
0
  0
LINE
  5
27D
330
1A
100
AcDbEntity
  8
BLACK
  6
CONTINUOUS
100
AcDbLine
 10
-0.2403740157480315
 20
1.1075984251968505
 30
0
 11
-0.240448937007874
 21
1.1072217716535433
 31
0
  0
LINE
  5
27E
330
1A
100
AcDbEntity
  8
BLACK
  6
CONTINUOUS
100
AcDbLine
 10
-0.240448937007874
 20
1.1072217716535433
 30
0
 11
-0.2409816141732283
 21
1.1066890944881889
 31
0
  0
LINE
  5
27F
330
1A
100
AcDbEntity
  8
BLACK
  6
CONTINUOUS
100
AcDbLine
 10
-0.2409816141732283
 20
1.1066890944881889
 30
0
 11
-0.2413582677165354
 21
1.1066141732283463
 31
0
  0
LINE
  5
280
330
1A
100
AcDbEntity
  8
BLACK
  6
CONTINUOUS
100
AcDbLine
 10
-0.2413582677165354
 20
1.1066141732283463
 30
0
 11
-0.3736417322834645
 21
1.1066141732283463
 31
0
  0
LINE
  5
281
330
1A
100
AcDbEntity
  8
BLACK
  6
CONTINUOUS
100
AcDbLine
 10
-0.3736417322834645
 20
1.1066141732283463
 30
0
 11
-0.3740183858267717
 21
1.1066890944881889
 31
0
  0
LINE
  5
282
330
1A
100
AcDbEntity
  8
BLACK
  6
CONTINUOUS
100
AcDbLine
 10
-0.3740183858267717
 20
1.1066890944881889
 30
0
 11
-0.374551062992126
 21
1.1072217716535433
 31
0
  0
LINE
  5
283
330
1A
100
AcDbEntity
  8
BLACK
  6
CONTINUOUS
100
AcDbLine
 10
-0.374551062992126
 20
1.1072217716535433
 30
0
 11
-0.3746259842519685
 21
1.1075984251968505
 31
0
  0
LINE
  5
284
330
1A
100
AcDbEntity
  8
BLACK
  6
CONTINUOUS
100
AcDbLine
 10
-0.3746259842519685
 20
1.1075984251968505
 30
0
 11
-0.3746259842519685
 21
1.1824015748031496
 31
0
  0
LINE
  5
285
330
1A
100
AcDbEntity
  8
BLACK
  6
CONTINUOUS
100
AcDbLine
 10
-0.3746259842519685
 20
1.1824015748031496
 30
0
 11
-0.374551062992126
 21
1.1827782283464567
 31
0
  0
LINE
  5
286
330
1A
100
AcDbEntity
  8
BLACK
  6
CONTINUOUS
100
AcDbLine
 10
-0.374551062992126
 20
1.1827782283464567
 30
0
 11
-0.3740183858267717
 21
1.183310905511811
 31
0
  0
LINE
  5
287
330
1A
100
AcDbEntity
  8
BLACK
  6
CONTINUOUS
100
AcDbLine
 10
-0.3740183858267717
 20
1.183310905511811
 30
0
 11
-0.3736417322834645
 21
1.1833858267716535
 31
0
  0
LINE
  5
288
330
1A
100
AcDbEntity
  8
BLACK
  6
CONTINUOUS
100
AcDbLine
 10
-0.3736417322834645
 20
1.1833858267716535
 30
0
 11
-0.2413582677165354
 21
1.1833858267716535
 31
0
  0
LINE
  5
289
330
1A
100
AcDbEntity
  8
BLACK
  6
CONTINUOUS
100
AcDbLine
 10
-0.2413582677165354
 20
1.1833858267716535
 30
0
 11
-0.2409816141732283
 21
1.183310905511811
 31
0
  0
LINE
  5
28A
330
1A
100
AcDbEntity
  8
BLACK
  6
CONTINUOUS
100
AcDbLine
 10
-0.3726574803149606
 20
1.1814173228346456
 30
0
 11
-0.3726574803149606
 21
1.1085826771653544
 31
0
  0
LINE
  5
28B
330
1A
100
AcDbEntity
  8
BLACK
  6
CONTINUOUS
100
AcDbLine
 10
-0.3726574803149606
 20
1.1085826771653544
 30
0
 11
-0.2423425196850394
 21
1.1085826771653544
 31
0
  0
LINE
  5
28C
330
1A
100
AcDbEntity
  8
BLACK
  6
CONTINUOUS
100
AcDbLine
 10
-0.2423425196850394
 20
1.1085826771653544
 30
0
 11
-0.2423425196850394
 21
1.1814173228346456
 31
0
  0
LINE
  5
28D
330
1A
100
AcDbEntity
  8
BLACK
  6
CONTINUOUS
100
AcDbLine
 10
-0.2423425196850394
 20
1.1814173228346456
 30
0
 11
-0.3726574803149606
 21
1.1814173228346456
 31
0
  0
LINE
  5
28E
330
1A
100
AcDbEntity
  8
BLACK
  6
CONTINUOUS
100
AcDbLine
 10
1.3588018503937007
 20
1.2461849212598426
 30
0
 11
1.3593345275590552
 21
1.2456522440944882
 31
0
  0
LINE
  5
28F
330
1A
100
AcDbEntity
  8
BLACK
  6
CONTINUOUS
100
AcDbLine
 10
1.3593345275590552
 20
1.2456522440944882
 30
0
 11
1.3594094488188977
 21
1.245275590551181
 31
0
  0
LINE
  5
290
330
1A
100
AcDbEntity
  8
BLACK
  6
CONTINUOUS
100
AcDbLine
 10
1.3594094488188977
 20
1.245275590551181
 30
0
 11
1.3594094488188977
 21
1.1114173228346456
 31
0
  0
LINE
  5
291
330
1A
100
AcDbEntity
  8
BLACK
  6
CONTINUOUS
100
AcDbLine
 10
1.3594094488188977
 20
1.1114173228346456
 30
0
 11
1.3593345275590552
 21
1.1110406692913386
 31
0
  0
LINE
  5
292
330
1A
100
AcDbEntity
  8
BLACK
  6
CONTINUOUS
100
AcDbLine
 10
1.3593345275590552
 20
1.1110406692913386
 30
0
 11
1.3588018503937007
 21
1.1105079921259842
 31
0
  0
LINE
  5
293
330
1A
100
AcDbEntity
  8
BLACK
  6
CONTINUOUS
100
AcDbLine
 10
1.3588018503937007
 20
1.1105079921259842
 30
0
 11
1.3584251968503938
 21
1.1104330708661416
 31
0
  0
LINE
  5
294
330
1A
100
AcDbEntity
  8
BLACK
  6
CONTINUOUS
100
AcDbLine
 10
1.3584251968503938
 20
1.1104330708661416
 30
0
 11
1.2812598425196851
 21
1.1104330708661416
 31
0
  0
LINE
  5
295
330
1A
100
AcDbEntity
  8
BLACK
  6
CONTINUOUS
100
AcDbLine
 10
1.2812598425196851
 20
1.1104330708661416
 30
0
 11
1.2808831889763779
 21
1.1105079921259842
 31
0
  0
LINE
  5
296
330
1A
100
AcDbEntity
  8
BLACK
  6
CONTINUOUS
100
AcDbLine
 10
1.2808831889763779
 20
1.1105079921259842
 30
0
 11
1.2803505118110237
 21
1.1110406692913386
 31
0
  0
LINE
  5
297
330
1A
100
AcDbEntity
  8
BLACK
  6
CONTINUOUS
100
AcDbLine
 10
1.2803505118110237
 20
1.1110406692913386
 30
0
 11
1.2802755905511811
 21
1.1114173228346456
 31
0
  0
LINE
  5
298
330
1A
100
AcDbEntity
  8
BLACK
  6
CONTINUOUS
100
AcDbLine
 10
1.2802755905511811
 20
1.1114173228346456
 30
0
 11
1.2802755905511811
 21
1.245275590551181
 31
0
  0
LINE
  5
299
330
1A
100
AcDbEntity
  8
BLACK
  6
CONTINUOUS
100
AcDbLine
 10
1.2802755905511811
 20
1.245275590551181
 30
0
 11
1.2803505118110237
 21
1.2456522440944882
 31
0
  0
LINE
  5
29A
330
1A
100
AcDbEntity
  8
BLACK
  6
CONTINUOUS
100
AcDbLine
 10
1.2803505118110237
 20
1.2456522440944882
 30
0
 11
1.2808831889763779
 21
1.2461849212598426
 31
0
  0
LINE
  5
29B
330
1A
100
AcDbEntity
  8
BLACK
  6
CONTINUOUS
100
AcDbLine
 10
1.2808831889763779
 20
1.2461849212598426
 30
0
 11
1.2812598425196851
 21
1.2462598425196849
 31
0
  0
LINE
  5
29C
330
1A
100
AcDbEntity
  8
BLACK
  6
CONTINUOUS
100
AcDbLine
 10
1.2812598425196851
 20
1.2462598425196849
 30
0
 11
1.3584251968503938
 21
1.2462598425196849
 31
0
  0
LINE
  5
29D
330
1A
100
AcDbEntity
  8
BLACK
  6
CONTINUOUS
100
AcDbLine
 10
1.3584251968503938
 20
1.2462598425196849
 30
0
 11
1.3588018503937007
 21
1.2461849212598426
 31
0
  0
LINE
  5
29E
330
1A
100
AcDbEntity
  8
BLACK
  6
CONTINUOUS
100
AcDbLine
 10
1.282244094488189
 20
1.244291338582677
 30
0
 11
1.282244094488189
 21
1.1124015748031495
 31
0
  0
LINE
  5
29F
330
1A
100
AcDbEntity
  8
BLACK
  6
CONTINUOUS
100
AcDbLine
 10
1.282244094488189
 20
1.1124015748031495
 30
0
 11
1.3574409448818898
 21
1.1124015748031495
 31
0
  0
LINE
  5
2A0
330
1A
100
AcDbEntity
  8
BLACK
  6
CONTINUOUS
100
AcDbLine
 10
1.3574409448818898
 20
1.1124015748031495
 30
0
 11
1.3574409448818898
 21
1.244291338582677
 31
0
  0
LINE
  5
2A1
330
1A
100
AcDbEntity
  8
BLACK
  6
CONTINUOUS
100
AcDbLine
 10
1.3574409448818898
 20
1.244291338582677
 30
0
 11
1.282244094488189
 21
1.244291338582677
 31
0
  0
LINE
  5
2A2
330
1A
100
AcDbEntity
  8
BLACK
  6
CONTINUOUS
100
AcDbLine
 10
0.0190380708661417
 20
1.2020904330708662
 30
0
 11
0.0195707480314961
 21
1.2015577559055117
 31
0
  0
LINE
  5
2A3
330
1A
100
AcDbEntity
  8
BLACK
  6
CONTINUOUS
100
AcDbLine
 10
0.0195707480314961
 20
1.2015577559055117
 30
0
 11
0.0196456692913386
 21
1.2011811023622048
 31
0
  0
LINE
  5
2A4
330
1A
100
AcDbEntity
  8
BLACK
  6
CONTINUOUS
100
AcDbLine
 10
0.0196456692913386
 20
1.2011811023622048
 30
0
 11
0.0196456692913386
 21
1.1240157480314961
 31
0
  0
LINE
  5
2A5
330
1A
100
AcDbEntity
  8
BLACK
  6
CONTINUOUS
100
AcDbLine
 10
0.0196456692913386
 20
1.1240157480314961
 30
0
 11
0.0195707480314961
 21
1.1236390944881889
 31
0
  0
LINE
  5
2A6
330
1A
100
AcDbEntity
  8
BLACK
  6
CONTINUOUS
100
AcDbLine
 10
0.0195707480314961
 20
1.1236390944881889
 30
0
 11
0.0190380708661417
 21
1.1231064173228347
 31
0
  0
LINE
  5
2A7
330
1A
100
AcDbEntity
  8
BLACK
  6
CONTINUOUS
100
AcDbLine
 10
0.0190380708661417
 20
1.1231064173228347
 30
0
 11
0.0186614173228346
 21
1.1230314960629921
 31
0
  0
LINE
  5
2A8
330
1A
100
AcDbEntity
  8
BLACK
  6
CONTINUOUS
100
AcDbLine
 10
0.0186614173228346
 20
1.1230314960629921
 30
0
 11
-0.1151968503937008
 21
1.1230314960629921
 31
0
  0
LINE
  5
2A9
330
1A
100
AcDbEntity
  8
BLACK
  6
CONTINUOUS
100
AcDbLine
 10
-0.1151968503937008
 20
1.1230314960629921
 30
0
 11
-0.1155735039370079
 21
1.1231064173228347
 31
0
  0
LINE
  5
2AA
330
1A
100
AcDbEntity
  8
BLACK
  6
CONTINUOUS
100
AcDbLine
 10
-0.1155735039370079
 20
1.1231064173228347
 30
0
 11
-0.1161061811023622
 21
1.1236390944881889
 31
0
  0
LINE
  5
2AB
330
1A
100
AcDbEntity
  8
BLACK
  6
CONTINUOUS
100
AcDbLine
 10
-0.1161061811023622
 20
1.1236390944881889
 30
0
 11
-0.1161811023622047
 21
1.1240157480314961
 31
0
  0
LINE
  5
2AC
330
1A
100
AcDbEntity
  8
BLACK
  6
CONTINUOUS
100
AcDbLine
 10
-0.1161811023622047
 20
1.1240157480314961
 30
0
 11
-0.1161811023622047
 21
1.2011811023622048
 31
0
  0
LINE
  5
2AD
330
1A
100
AcDbEntity
  8
BLACK
  6
CONTINUOUS
100
AcDbLine
 10
-0.1161811023622047
 20
1.2011811023622048
 30
0
 11
-0.1161061811023622
 21
1.2015577559055117
 31
0
  0
LINE
  5
2AE
330
1A
100
AcDbEntity
  8
BLACK
  6
CONTINUOUS
100
AcDbLine
 10
-0.1161061811023622
 20
1.2015577559055117
 30
0
 11
-0.1155735039370079
 21
1.2020904330708662
 31
0
  0
LINE
  5
2AF
330
1A
100
AcDbEntity
  8
BLACK
  6
CONTINUOUS
100
AcDbLine
 10
-0.1155735039370079
 20
1.2020904330708662
 30
0
 11
-0.1151968503937008
 21
1.2021653543307087
 31
0
  0
LINE
  5
2B0
330
1A
100
AcDbEntity
  8
BLACK
  6
CONTINUOUS
100
AcDbLine
 10
-0.1151968503937008
 20
1.2021653543307087
 30
0
 11
0.0186614173228346
 21
1.2021653543307087
 31
0
  0
LINE
  5
2B1
330
1A
100
AcDbEntity
  8
BLACK
  6
CONTINUOUS
100
AcDbLine
 10
0.0186614173228346
 20
1.2021653543307087
 30
0
 11
0.0190380708661417
 21
1.2020904330708662
 31
0
  0
LINE
  5
2B2
330
1A
100
AcDbEntity
  8
BLACK
  6
CONTINUOUS
100
AcDbLine
 10
-0.1142125984251968
 20
1.2001968503937008
 30
0
 11
-0.1142125984251968
 21
1.125
 31
0
  0
LINE
  5
2B3
330
1A
100
AcDbEntity
  8
BLACK
  6
CONTINUOUS
100
AcDbLine
 10
-0.1142125984251968
 20
1.125
 30
0
 11
0.0176771653543307
 21
1.125
 31
0
  0
LINE
  5
2B4
330
1A
100
AcDbEntity
  8
BLACK
  6
CONTINUOUS
100
AcDbLine
 10
0.0176771653543307
 20
1.125
 30
0
 11
0.0176771653543307
 21
1.2001968503937008
 31
0
  0
LINE
  5
2B5
330
1A
100
AcDbEntity
  8
BLACK
  6
CONTINUOUS
100
AcDbLine
 10
0.0176771653543307
 20
1.2001968503937008
 30
0
 11
-0.1142125984251968
 21
1.2001968503937008
 31
0
  0
LINE
  5
2B6
330
1A
100
AcDbEntity
  8
BLACK
  6
CONTINUOUS
100
AcDbLine
 10
0.1389593307086614
 20
1.2703384645669291
 30
0
 11
0.1394920078740157
 21
1.2698057874015747
 31
0
  0
LINE
  5
2B7
330
1A
100
AcDbEntity
  8
BLACK
  6
CONTINUOUS
100
AcDbLine
 10
0.1394920078740157
 20
1.2698057874015747
 30
0
 11
0.1395669291338583
 21
1.2694291338582677
 31
0
  0
LINE
  5
2B8
330
1A
100
AcDbEntity
  8
BLACK
  6
CONTINUOUS
100
AcDbLine
 10
0.1395669291338583
 20
1.2694291338582677
 30
0
 11
0.1395669291338583
 21
1.1355708661417323
 31
0
  0
LINE
  5
2B9
330
1A
100
AcDbEntity
  8
BLACK
  6
CONTINUOUS
100
AcDbLine
 10
0.1395669291338583
 20
1.1355708661417323
 30
0
 11
0.1394920078740157
 21
1.1351942125984251
 31
0
  0
LINE
  5
2BA
330
1A
100
AcDbEntity
  8
BLACK
  6
CONTINUOUS
100
AcDbLine
 10
0.1394920078740157
 20
1.1351942125984251
 30
0
 11
0.1389593307086614
 21
1.1346615354330709
 31
0
  0
LINE
  5
2BB
330
1A
100
AcDbEntity
  8
BLACK
  6
CONTINUOUS
100
AcDbLine
 10
0.1389593307086614
 20
1.1346615354330709
 30
0
 11
0.1385826771653543
 21
1.1345866141732284
 31
0
  0
LINE
  5
2BC
330
1A
100
AcDbEntity
  8
BLACK
  6
CONTINUOUS
100
AcDbLine
 10
0.1385826771653543
 20
1.1345866141732284
 30
0
 11
0.0614173228346457
 21
1.1345866141732284
 31
0
  0
LINE
  5
2BD
330
1A
100
AcDbEntity
  8
BLACK
  6
CONTINUOUS
100
AcDbLine
 10
0.0614173228346457
 20
1.1345866141732284
 30
0
 11
0.0610406692913386
 21
1.1346615354330709
 31
0
  0
LINE
  5
2BE
330
1A
100
AcDbEntity
  8
BLACK
  6
CONTINUOUS
100
AcDbLine
 10
0.0610406692913386
 20
1.1346615354330709
 30
0
 11
0.0605079921259842
 21
1.1351942125984251
 31
0
  0
LINE
  5
2BF
330
1A
100
AcDbEntity
  8
BLACK
  6
CONTINUOUS
100
AcDbLine
 10
0.0605079921259842
 20
1.1351942125984251
 30
0
 11
0.0604330708661417
 21
1.1355708661417323
 31
0
  0
LINE
  5
2C0
330
1A
100
AcDbEntity
  8
BLACK
  6
CONTINUOUS
100
AcDbLine
 10
0.0604330708661417
 20
1.1355708661417323
 30
0
 11
0.0604330708661417
 21
1.2694291338582677
 31
0
  0
LINE
  5
2C1
330
1A
100
AcDbEntity
  8
BLACK
  6
CONTINUOUS
100
AcDbLine
 10
0.0604330708661417
 20
1.2694291338582677
 30
0
 11
0.0605079921259842
 21
1.2698057874015747
 31
0
  0
LINE
  5
2C2
330
1A
100
AcDbEntity
  8
BLACK
  6
CONTINUOUS
100
AcDbLine
 10
0.0605079921259842
 20
1.2698057874015747
 30
0
 11
0.0610406692913386
 21
1.2703384645669291
 31
0
  0
LINE
  5
2C3
330
1A
100
AcDbEntity
  8
BLACK
  6
CONTINUOUS
100
AcDbLine
 10
0.0610406692913386
 20
1.2703384645669291
 30
0
 11
0.0614173228346457
 21
1.2704133858267717
 31
0
  0
LINE
  5
2C4
330
1A
100
AcDbEntity
  8
BLACK
  6
CONTINUOUS
100
AcDbLine
 10
0.0614173228346457
 20
1.2704133858267717
 30
0
 11
0.1385826771653543
 21
1.2704133858267717
 31
0
  0
LINE
  5
2C5
330
1A
100
AcDbEntity
  8
BLACK
  6
CONTINUOUS
100
AcDbLine
 10
0.1385826771653543
 20
1.2704133858267717
 30
0
 11
0.1389593307086614
 21
1.2703384645669291
 31
0
  0
LINE
  5
2C6
330
1A
100
AcDbEntity
  8
BLACK
  6
CONTINUOUS
100
AcDbLine
 10
0.0624015748031496
 20
1.2684448818897638
 30
0
 11
0.0624015748031496
 21
1.1365551181102362
 31
0
  0
LINE
  5
2C7
330
1A
100
AcDbEntity
  8
BLACK
  6
CONTINUOUS
100
AcDbLine
 10
0.0624015748031496
 20
1.1365551181102362
 30
0
 11
0.1375984251968504
 21
1.1365551181102362
 31
0
  0
LINE
  5
2C8
330
1A
100
AcDbEntity
  8
BLACK
  6
CONTINUOUS
100
AcDbLine
 10
0.1375984251968504
 20
1.1365551181102362
 30
0
 11
0.1375984251968504
 21
1.2684448818897638
 31
0
  0
LINE
  5
2C9
330
1A
100
AcDbEntity
  8
BLACK
  6
CONTINUOUS
100
AcDbLine
 10
0.1375984251968504
 20
1.2684448818897638
 30
0
 11
0.0624015748031496
 21
1.2684448818897638
 31
0
  0
LINE
  5
2CA
330
1A
100
AcDbEntity
  8
BLACK
  6
CONTINUOUS
100
AcDbLine
 10
1.1190183858267717
 20
1.2127203543307086
 30
0
 11
1.1195510629921259
 21
1.2121876771653544
 31
0
  0
LINE
  5
2CB
330
1A
100
AcDbEntity
  8
BLACK
  6
CONTINUOUS
100
AcDbLine
 10
1.1195510629921259
 20
1.2121876771653544
 30
0
 11
1.1196259842519685
 21
1.2118110236220472
 31
0
  0
LINE
  5
2CC
330
1A
100
AcDbEntity
  8
BLACK
  6
CONTINUOUS
100
AcDbLine
 10
1.1196259842519685
 20
1.2118110236220472
 30
0
 11
1.1196259842519685
 21
1.1370078740157481
 31
0
  0
LINE
  5
2CD
330
1A
100
AcDbEntity
  8
BLACK
  6
CONTINUOUS
100
AcDbLine
 10
1.1196259842519685
 20
1.1370078740157481
 30
0
 11
1.1195510629921259
 21
1.1366312204724409
 31
0
  0
LINE
  5
2CE
330
1A
100
AcDbEntity
  8
BLACK
  6
CONTINUOUS
100
AcDbLine
 10
1.1195510629921259
 20
1.1366312204724409
 30
0
 11
1.1190183858267717
 21
1.1360985433070865
 31
0
  0
LINE
  5
2CF
330
1A
100
AcDbEntity
  8
BLACK
  6
CONTINUOUS
100
AcDbLine
 10
1.1190183858267717
 20
1.1360985433070865
 30
0
 11
1.1186417322834645
 21
1.1360236220472442
 31
0
  0
LINE
  5
2D0
330
1A
100
AcDbEntity
  8
BLACK
  6
CONTINUOUS
100
AcDbLine
 10
1.1186417322834645
 20
1.1360236220472442
 30
0
 11
0.9863582677165355
 21
1.1360236220472442
 31
0
  0
LINE
  5
2D1
330
1A
100
AcDbEntity
  8
BLACK
  6
CONTINUOUS
100
AcDbLine
 10
0.9863582677165355
 20
1.1360236220472442
 30
0
 11
0.9859816141732283
 21
1.1360985433070865
 31
0
  0
LINE
  5
2D2
330
1A
100
AcDbEntity
  8
BLACK
  6
CONTINUOUS
100
AcDbLine
 10
0.9859816141732283
 20
1.1360985433070865
 30
0
 11
0.9854489370078739
 21
1.1366312204724409
 31
0
  0
LINE
  5
2D3
330
1A
100
AcDbEntity
  8
BLACK
  6
CONTINUOUS
100
AcDbLine
 10
0.9854489370078739
 20
1.1366312204724409
 30
0
 11
0.9853740157480315
 21
1.1370078740157481
 31
0
  0
LINE
  5
2D4
330
1A
100
AcDbEntity
  8
BLACK
  6
CONTINUOUS
100
AcDbLine
 10
0.9853740157480315
 20
1.1370078740157481
 30
0
 11
0.9853740157480315
 21
1.2118110236220472
 31
0
  0
LINE
  5
2D5
330
1A
100
AcDbEntity
  8
BLACK
  6
CONTINUOUS
100
AcDbLine
 10
0.9853740157480315
 20
1.2118110236220472
 30
0
 11
0.9854489370078739
 21
1.2121876771653544
 31
0
  0
LINE
  5
2D6
330
1A
100
AcDbEntity
  8
BLACK
  6
CONTINUOUS
100
AcDbLine
 10
0.9854489370078739
 20
1.2121876771653544
 30
0
 11
0.9859816141732283
 21
1.2127203543307086
 31
0
  0
LINE
  5
2D7
330
1A
100
AcDbEntity
  8
BLACK
  6
CONTINUOUS
100
AcDbLine
 10
0.9859816141732283
 20
1.2127203543307086
 30
0
 11
0.9863582677165355
 21
1.2127952755905511
 31
0
  0
LINE
  5
2D8
330
1A
100
AcDbEntity
  8
BLACK
  6
CONTINUOUS
100
AcDbLine
 10
0.9863582677165355
 20
1.2127952755905511
 30
0
 11
1.1186417322834645
 21
1.2127952755905511
 31
0
  0
LINE
  5
2D9
330
1A
100
AcDbEntity
  8
BLACK
  6
CONTINUOUS
100
AcDbLine
 10
1.1186417322834645
 20
1.2127952755905511
 30
0
 11
1.1190183858267717
 21
1.2127203543307086
 31
0
  0
LINE
  5
2DA
330
1A
100
AcDbEntity
  8
BLACK
  6
CONTINUOUS
100
AcDbLine
 10
0.9873425196850394
 20
1.2108267716535432
 30
0
 11
0.9873425196850394
 21
1.137992125984252
 31
0
  0
LINE
  5
2DB
330
1A
100
AcDbEntity
  8
BLACK
  6
CONTINUOUS
100
AcDbLine
 10
0.9873425196850394
 20
1.137992125984252
 30
0
 11
1.1176574803149606
 21
1.137992125984252
 31
0
  0
LINE
  5
2DC
330
1A
100
AcDbEntity
  8
BLACK
  6
CONTINUOUS
100
AcDbLine
 10
1.1176574803149606
 20
1.137992125984252
 30
0
 11
1.1176574803149606
 21
1.2108267716535432
 31
0
  0
LINE
  5
2DD
330
1A
100
AcDbEntity
  8
BLACK
  6
CONTINUOUS
100
AcDbLine
 10
1.1176574803149606
 20
1.2108267716535432
 30
0
 11
0.9873425196850394
 21
1.2108267716535432
 31
0
  0
LINE
  5
2DE
330
1A
100
AcDbEntity
  8
BLACK
  6
CONTINUOUS
100
AcDbLine
 10
-1.1309816141732283
 20
1.243310905511811
 30
0
 11
-1.1304489370078741
 21
1.2427782283464566
 31
0
  0
LINE
  5
2DF
330
1A
100
AcDbEntity
  8
BLACK
  6
CONTINUOUS
100
AcDbLine
 10
-1.1304489370078741
 20
1.2427782283464566
 30
0
 11
-1.1303740157480315
 21
1.2424015748031496
 31
0
  0
LINE
  5
2E0
330
1A
100
AcDbEntity
  8
BLACK
  6
CONTINUOUS
100
AcDbLine
 10
-1.1303740157480315
 20
1.2424015748031496
 30
0
 11
-1.1303740157480315
 21
1.1675984251968503
 31
0
  0
LINE
  5
2E1
330
1A
100
AcDbEntity
  8
BLACK
  6
CONTINUOUS
100
AcDbLine
 10
-1.1303740157480315
 20
1.1675984251968503
 30
0
 11
-1.1304489370078741
 21
1.1672217716535433
 31
0
  0
LINE
  5
2E2
330
1A
100
AcDbEntity
  8
BLACK
  6
CONTINUOUS
100
AcDbLine
 10
-1.1304489370078741
 20
1.1672217716535433
 30
0
 11
-1.1309816141732283
 21
1.1666890944881889
 31
0
  0
LINE
  5
2E3
330
1A
100
AcDbEntity
  8
BLACK
  6
CONTINUOUS
100
AcDbLine
 10
-1.1309816141732283
 20
1.1666890944881889
 30
0
 11
-1.1313582677165355
 21
1.1666141732283464
 31
0
  0
LINE
  5
2E4
330
1A
100
AcDbEntity
  8
BLACK
  6
CONTINUOUS
100
AcDbLine
 10
-1.1313582677165355
 20
1.1666141732283464
 30
0
 11
-1.2636417322834645
 21
1.1666141732283464
 31
0
  0
LINE
  5
2E5
330
1A
100
AcDbEntity
  8
BLACK
  6
CONTINUOUS
100
AcDbLine
 10
-1.2636417322834645
 20
1.1666141732283464
 30
0
 11
-1.2640183858267717
 21
1.1666890944881889
 31
0
  0
LINE
  5
2E6
330
1A
100
AcDbEntity
  8
BLACK
  6
CONTINUOUS
100
AcDbLine
 10
-1.2640183858267717
 20
1.1666890944881889
 30
0
 11
-1.2645510629921259
 21
1.1672217716535433
 31
0
  0
LINE
  5
2E7
330
1A
100
AcDbEntity
  8
BLACK
  6
CONTINUOUS
100
AcDbLine
 10
-1.2645510629921259
 20
1.1672217716535433
 30
0
 11
-1.2646259842519685
 21
1.1675984251968503
 31
0
  0
LINE
  5
2E8
330
1A
100
AcDbEntity
  8
BLACK
  6
CONTINUOUS
100
AcDbLine
 10
-1.2646259842519685
 20
1.1675984251968503
 30
0
 11
-1.2646259842519685
 21
1.2424015748031496
 31
0
  0
LINE
  5
2E9
330
1A
100
AcDbEntity
  8
BLACK
  6
CONTINUOUS
100
AcDbLine
 10
-1.2646259842519685
 20
1.2424015748031496
 30
0
 11
-1.2645510629921259
 21
1.2427782283464566
 31
0
  0
LINE
  5
2EA
330
1A
100
AcDbEntity
  8
BLACK
  6
CONTINUOUS
100
AcDbLine
 10
-1.2645510629921259
 20
1.2427782283464566
 30
0
 11
-1.2640183858267717
 21
1.243310905511811
 31
0
  0
LINE
  5
2EB
330
1A
100
AcDbEntity
  8
BLACK
  6
CONTINUOUS
100
AcDbLine
 10
-1.2640183858267717
 20
1.243310905511811
 30
0
 11
-1.2636417322834645
 21
1.2433858267716535
 31
0
  0
LINE
  5
2EC
330
1A
100
AcDbEntity
  8
BLACK
  6
CONTINUOUS
100
AcDbLine
 10
-1.2636417322834645
 20
1.2433858267716535
 30
0
 11
-1.1313582677165355
 21
1.2433858267716535
 31
0
  0
LINE
  5
2ED
330
1A
100
AcDbEntity
  8
BLACK
  6
CONTINUOUS
100
AcDbLine
 10
-1.1313582677165355
 20
1.2433858267716535
 30
0
 11
-1.1309816141732283
 21
1.243310905511811
 31
0
  0
LINE
  5
2EE
330
1A
100
AcDbEntity
  8
BLACK
  6
CONTINUOUS
100
AcDbLine
 10
-1.2626574803149606
 20
1.2414173228346457
 30
0
 11
-1.2626574803149606
 21
1.1685826771653542
 31
0
  0
LINE
  5
2EF
330
1A
100
AcDbEntity
  8
BLACK
  6
CONTINUOUS
100
AcDbLine
 10
-1.2626574803149606
 20
1.1685826771653542
 30
0
 11
-1.1323425196850394
 21
1.1685826771653542
 31
0
  0
LINE
  5
2F0
330
1A
100
AcDbEntity
  8
BLACK
  6
CONTINUOUS
100
AcDbLine
 10
-1.1323425196850394
 20
1.1685826771653542
 30
0
 11
-1.1323425196850394
 21
1.2414173228346457
 31
0
  0
LINE
  5
2F1
330
1A
100
AcDbEntity
  8
BLACK
  6
CONTINUOUS
100
AcDbLine
 10
-1.1323425196850394
 20
1.2414173228346457
 30
0
 11
-1.2626574803149606
 21
1.2414173228346457
 31
0
  0
LINE
  5
2F2
330
1A
100
AcDbEntity
  8
BLACK
  6
CONTINUOUS
100
AcDbLine
 10
0.7773057874015747
 20
1.2744920078740156
 30
0
 11
0.7778384645669291
 21
1.2739593307086614
 31
0
  0
LINE
  5
2F3
330
1A
100
AcDbEntity
  8
BLACK
  6
CONTINUOUS
100
AcDbLine
 10
0.7778384645669291
 20
1.2739593307086614
 30
0
 11
0.7779133858267716
 21
1.2735826771653542
 31
0
  0
LINE
  5
2F4
330
1A
100
AcDbEntity
  8
BLACK
  6
CONTINUOUS
100
AcDbLine
 10
0.7779133858267716
 20
1.2735826771653542
 30
0
 11
0.7779133858267716
 21
1.1964173228346457
 31
0
  0
LINE
  5
2F5
330
1A
100
AcDbEntity
  8
BLACK
  6
CONTINUOUS
100
AcDbLine
 10
0.7779133858267716
 20
1.1964173228346457
 30
0
 11
0.7778384645669291
 21
1.1960406692913386
 31
0
  0
LINE
  5
2F6
330
1A
100
AcDbEntity
  8
BLACK
  6
CONTINUOUS
100
AcDbLine
 10
0.7778384645669291
 20
1.1960406692913386
 30
0
 11
0.7773057874015747
 21
1.1955079921259841
 31
0
  0
LINE
  5
2F7
330
1A
100
AcDbEntity
  8
BLACK
  6
CONTINUOUS
100
AcDbLine
 10
0.7773057874015747
 20
1.1955079921259841
 30
0
 11
0.7769291338582677
 21
1.1954330708661418
 31
0
  0
LINE
  5
2F8
330
1A
100
AcDbEntity
  8
BLACK
  6
CONTINUOUS
100
AcDbLine
 10
0.7769291338582677
 20
1.1954330708661418
 30
0
 11
0.6430708661417323
 21
1.1954330708661418
 31
0
  0
LINE
  5
2F9
330
1A
100
AcDbEntity
  8
BLACK
  6
CONTINUOUS
100
AcDbLine
 10
0.6430708661417323
 20
1.1954330708661418
 30
0
 11
0.6426942125984252
 21
1.1955079921259841
 31
0
  0
LINE
  5
2FA
330
1A
100
AcDbEntity
  8
BLACK
  6
CONTINUOUS
100
AcDbLine
 10
0.6426942125984252
 20
1.1955079921259841
 30
0
 11
0.6421615354330709
 21
1.1960406692913386
 31
0
  0
LINE
  5
2FB
330
1A
100
AcDbEntity
  8
BLACK
  6
CONTINUOUS
100
AcDbLine
 10
0.6421615354330709
 20
1.1960406692913386
 30
0
 11
0.6420866141732283
 21
1.1964173228346457
 31
0
  0
LINE
  5
2FC
330
1A
100
AcDbEntity
  8
BLACK
  6
CONTINUOUS
100
AcDbLine
 10
0.6420866141732283
 20
1.1964173228346457
 30
0
 11
0.6420866141732283
 21
1.2735826771653542
 31
0
  0
LINE
  5
2FD
330
1A
100
AcDbEntity
  8
BLACK
  6
CONTINUOUS
100
AcDbLine
 10
0.6420866141732283
 20
1.2735826771653542
 30
0
 11
0.6421615354330709
 21
1.2739593307086614
 31
0
  0
LINE
  5
2FE
330
1A
100
AcDbEntity
  8
BLACK
  6
CONTINUOUS
100
AcDbLine
 10
0.6421615354330709
 20
1.2739593307086614
 30
0
 11
0.6426942125984252
 21
1.2744920078740156
 31
0
  0
LINE
  5
2FF
330
1A
100
AcDbEntity
  8
BLACK
  6
CONTINUOUS
100
AcDbLine
 10
0.6426942125984252
 20
1.2744920078740156
 30
0
 11
0.6430708661417323
 21
1.2745669291338582
 31
0
  0
LINE
  5
300
330
1A
100
AcDbEntity
  8
BLACK
  6
CONTINUOUS
100
AcDbLine
 10
0.6430708661417323
 20
1.2745669291338582
 30
0
 11
0.7769291338582677
 21
1.2745669291338582
 31
0
  0
LINE
  5
301
330
1A
100
AcDbEntity
  8
BLACK
  6
CONTINUOUS
100
AcDbLine
 10
0.7769291338582677
 20
1.2745669291338582
 30
0
 11
0.7773057874015747
 21
1.2744920078740156
 31
0
  0
LINE
  5
302
330
1A
100
AcDbEntity
  8
BLACK
  6
CONTINUOUS
100
AcDbLine
 10
0.6440551181102362
 20
1.2725984251968503
 30
0
 11
0.6440551181102362
 21
1.1974015748031497
 31
0
  0
LINE
  5
303
330
1A
100
AcDbEntity
  8
BLACK
  6
CONTINUOUS
100
AcDbLine
 10
0.6440551181102362
 20
1.1974015748031497
 30
0
 11
0.7759448818897637
 21
1.1974015748031497
 31
0
  0
LINE
  5
304
330
1A
100
AcDbEntity
  8
BLACK
  6
CONTINUOUS
100
AcDbLine
 10
0.7759448818897637
 20
1.1974015748031497
 30
0
 11
0.7759448818897637
 21
1.2725984251968503
 31
0
  0
LINE
  5
305
330
1A
100
AcDbEntity
  8
BLACK
  6
CONTINUOUS
100
AcDbLine
 10
0.7759448818897637
 20
1.2725984251968503
 30
0
 11
0.6440551181102362
 21
1.2725984251968503
 31
0
  0
LINE
  5
306
330
1A
100
AcDbEntity
  8
BLACK
  6
CONTINUOUS
100
AcDbLine
 10
1.0574238976377952
 20
1.3487439763779527
 30
0
 11
1.0579565748031496
 21
1.3482112992125983
 31
0
  0
LINE
  5
307
330
1A
100
AcDbEntity
  8
BLACK
  6
CONTINUOUS
100
AcDbLine
 10
1.0579565748031496
 20
1.3482112992125983
 30
0
 11
1.0580314960629922
 21
1.3478346456692913
 31
0
  0
LINE
  5
308
330
1A
100
AcDbEntity
  8
BLACK
  6
CONTINUOUS
100
AcDbLine
 10
1.0580314960629922
 20
1.3478346456692913
 30
0
 11
1.0580314960629922
 21
1.2155511811023623
 31
0
  0
LINE
  5
309
330
1A
100
AcDbEntity
  8
BLACK
  6
CONTINUOUS
100
AcDbLine
 10
1.0580314960629922
 20
1.2155511811023623
 30
0
 11
1.0579565748031496
 21
1.2151745275590551
 31
0
  0
LINE
  5
30A
330
1A
100
AcDbEntity
  8
BLACK
  6
CONTINUOUS
100
AcDbLine
 10
1.0579565748031496
 20
1.2151745275590551
 30
0
 11
1.0574238976377952
 21
1.2146418503937007
 31
0
  0
LINE
  5
30B
330
1A
100
AcDbEntity
  8
BLACK
  6
CONTINUOUS
100
AcDbLine
 10
1.0574238976377952
 20
1.2146418503937007
 30
0
 11
1.0570472440944882
 21
1.2145669291338583
 31
0
  0
LINE
  5
30C
330
1A
100
AcDbEntity
  8
BLACK
  6
CONTINUOUS
100
AcDbLine
 10
1.0570472440944882
 20
1.2145669291338583
 30
0
 11
0.9822440944881889
 21
1.2145669291338583
 31
0
  0
LINE
  5
30D
330
1A
100
AcDbEntity
  8
BLACK
  6
CONTINUOUS
100
AcDbLine
 10
0.9822440944881889
 20
1.2145669291338583
 30
0
 11
0.9818674409448819
 21
1.2146418503937007
 31
0
  0
LINE
  5
30E
330
1A
100
AcDbEntity
  8
BLACK
  6
CONTINUOUS
100
AcDbLine
 10
0.9818674409448819
 20
1.2146418503937007
 30
0
 11
0.9813347637795276
 21
1.2151745275590551
 31
0
  0
LINE
  5
30F
330
1A
100
AcDbEntity
  8
BLACK
  6
CONTINUOUS
100
AcDbLine
 10
0.9813347637795276
 20
1.2151745275590551
 30
0
 11
0.981259842519685
 21
1.2155511811023623
 31
0
  0
LINE
  5
310
330
1A
100
AcDbEntity
  8
BLACK
  6
CONTINUOUS
100
AcDbLine
 10
0.981259842519685
 20
1.2155511811023623
 30
0
 11
0.981259842519685
 21
1.3478346456692913
 31
0
  0
LINE
  5
311
330
1A
100
AcDbEntity
  8
BLACK
  6
CONTINUOUS
100
AcDbLine
 10
0.981259842519685
 20
1.3478346456692913
 30
0
 11
0.9813347637795276
 21
1.3482112992125983
 31
0
  0
LINE
  5
312
330
1A
100
AcDbEntity
  8
BLACK
  6
CONTINUOUS
100
AcDbLine
 10
0.9813347637795276
 20
1.3482112992125983
 30
0
 11
0.9818674409448819
 21
1.3487439763779527
 31
0
  0
LINE
  5
313
330
1A
100
AcDbEntity
  8
BLACK
  6
CONTINUOUS
100
AcDbLine
 10
0.9818674409448819
 20
1.3487439763779527
 30
0
 11
0.9822440944881889
 21
1.3488188976377953
 31
0
  0
LINE
  5
314
330
1A
100
AcDbEntity
  8
BLACK
  6
CONTINUOUS
100
AcDbLine
 10
0.9822440944881889
 20
1.3488188976377953
 30
0
 11
1.0570472440944882
 21
1.3488188976377953
 31
0
  0
LINE
  5
315
330
1A
100
AcDbEntity
  8
BLACK
  6
CONTINUOUS
100
AcDbLine
 10
1.0570472440944882
 20
1.3488188976377953
 30
0
 11
1.0574238976377952
 21
1.3487439763779527
 31
0
  0
LINE
  5
316
330
1A
100
AcDbEntity
  8
BLACK
  6
CONTINUOUS
100
AcDbLine
 10
0.9832283464566929
 20
1.3468503937007874
 30
0
 11
0.9832283464566929
 21
1.2165354330708662
 31
0
  0
LINE
  5
317
330
1A
100
AcDbEntity
  8
BLACK
  6
CONTINUOUS
100
AcDbLine
 10
0.9832283464566929
 20
1.2165354330708662
 30
0
 11
1.0560629921259843
 21
1.2165354330708662
 31
0
  0
LINE
  5
318
330
1A
100
AcDbEntity
  8
BLACK
  6
CONTINUOUS
100
AcDbLine
 10
1.0560629921259843
 20
1.2165354330708662
 30
0
 11
1.0560629921259843
 21
1.3468503937007874
 31
0
  0
LINE
  5
319
330
1A
100
AcDbEntity
  8
BLACK
  6
CONTINUOUS
100
AcDbLine
 10
1.0560629921259843
 20
1.3468503937007874
 30
0
 11
0.9832283464566929
 21
1.3468503937007874
 31
0
  0
LINE
  5
31A
330
1A
100
AcDbEntity
  8
BLACK
  6
CONTINUOUS
100
AcDbLine
 10
1.1889593307086614
 20
1.3514998818897637
 30
0
 11
1.1894920078740157
 21
1.3509672047244095
 31
0
  0
LINE
  5
31B
330
1A
100
AcDbEntity
  8
BLACK
  6
CONTINUOUS
100
AcDbLine
 10
1.1894920078740157
 20
1.3509672047244095
 30
0
 11
1.1895669291338582
 21
1.3505905511811023
 31
0
  0
LINE
  5
31C
330
1A
100
AcDbEntity
  8
BLACK
  6
CONTINUOUS
100
AcDbLine
 10
1.1895669291338582
 20
1.3505905511811023
 30
0
 11
1.1895669291338582
 21
1.2167322834645669
 31
0
  0
LINE
  5
31D
330
1A
100
AcDbEntity
  8
BLACK
  6
CONTINUOUS
100
AcDbLine
 10
1.1895669291338582
 20
1.2167322834645669
 30
0
 11
1.1894920078740157
 21
1.2163556299212599
 31
0
  0
LINE
  5
31E
330
1A
100
AcDbEntity
  8
BLACK
  6
CONTINUOUS
100
AcDbLine
 10
1.1894920078740157
 20
1.2163556299212599
 30
0
 11
1.1889593307086614
 21
1.2158229527559055
 31
0
  0
LINE
  5
31F
330
1A
100
AcDbEntity
  8
BLACK
  6
CONTINUOUS
100
AcDbLine
 10
1.1889593307086614
 20
1.2158229527559055
 30
0
 11
1.1885826771653543
 21
1.2157480314960629
 31
0
  0
LINE
  5
320
330
1A
100
AcDbEntity
  8
BLACK
  6
CONTINUOUS
100
AcDbLine
 10
1.1885826771653543
 20
1.2157480314960629
 30
0
 11
1.1114173228346456
 21
1.2157480314960629
 31
0
  0
LINE
  5
321
330
1A
100
AcDbEntity
  8
BLACK
  6
CONTINUOUS
100
AcDbLine
 10
1.1114173228346456
 20
1.2157480314960629
 30
0
 11
1.1110406692913386
 21
1.2158229527559055
 31
0
  0
LINE
  5
322
330
1A
100
AcDbEntity
  8
BLACK
  6
CONTINUOUS
100
AcDbLine
 10
1.1110406692913386
 20
1.2158229527559055
 30
0
 11
1.1105079921259842
 21
1.2163556299212599
 31
0
  0
LINE
  5
323
330
1A
100
AcDbEntity
  8
BLACK
  6
CONTINUOUS
100
AcDbLine
 10
1.1105079921259842
 20
1.2163556299212599
 30
0
 11
1.1104330708661416
 21
1.2167322834645669
 31
0
  0
LINE
  5
324
330
1A
100
AcDbEntity
  8
BLACK
  6
CONTINUOUS
100
AcDbLine
 10
1.1104330708661416
 20
1.2167322834645669
 30
0
 11
1.1104330708661416
 21
1.3505905511811023
 31
0
  0
LINE
  5
325
330
1A
100
AcDbEntity
  8
BLACK
  6
CONTINUOUS
100
AcDbLine
 10
1.1104330708661416
 20
1.3505905511811023
 30
0
 11
1.1105079921259842
 21
1.3509672047244095
 31
0
  0
LINE
  5
326
330
1A
100
AcDbEntity
  8
BLACK
  6
CONTINUOUS
100
AcDbLine
 10
1.1105079921259842
 20
1.3509672047244095
 30
0
 11
1.1110406692913386
 21
1.3514998818897637
 31
0
  0
LINE
  5
327
330
1A
100
AcDbEntity
  8
BLACK
  6
CONTINUOUS
100
AcDbLine
 10
1.1110406692913386
 20
1.3514998818897637
 30
0
 11
1.1114173228346456
 21
1.3515748031496062
 31
0
  0
LINE
  5
328
330
1A
100
AcDbEntity
  8
BLACK
  6
CONTINUOUS
100
AcDbLine
 10
1.1114173228346456
 20
1.3515748031496062
 30
0
 11
1.1885826771653543
 21
1.3515748031496062
 31
0
  0
LINE
  5
329
330
1A
100
AcDbEntity
  8
BLACK
  6
CONTINUOUS
100
AcDbLine
 10
1.1885826771653543
 20
1.3515748031496062
 30
0
 11
1.1889593307086614
 21
1.3514998818897637
 31
0
  0
LINE
  5
32A
330
1A
100
AcDbEntity
  8
BLACK
  6
CONTINUOUS
100
AcDbLine
 10
1.1124015748031495
 20
1.3496062992125983
 30
0
 11
1.1124015748031495
 21
1.2177165354330708
 31
0
  0
LINE
  5
32B
330
1A
100
AcDbEntity
  8
BLACK
  6
CONTINUOUS
100
AcDbLine
 10
1.1124015748031495
 20
1.2177165354330708
 30
0
 11
1.1875984251968503
 21
1.2177165354330708
 31
0
  0
LINE
  5
32C
330
1A
100
AcDbEntity
  8
BLACK
  6
CONTINUOUS
100
AcDbLine
 10
1.1875984251968503
 20
1.2177165354330708
 30
0
 11
1.1875984251968503
 21
1.3496062992125983
 31
0
  0
LINE
  5
32D
330
1A
100
AcDbEntity
  8
BLACK
  6
CONTINUOUS
100
AcDbLine
 10
1.1875984251968503
 20
1.3496062992125983
 30
0
 11
1.1124015748031495
 21
1.3496062992125983
 31
0
  0
LINE
  5
32E
330
1A
100
AcDbEntity
  8
BLACK
  6
CONTINUOUS
100
AcDbLine
 10
-1.2110406692913385
 20
1.4253384645669291
 30
0
 11
-1.2105079921259843
 21
1.4248057874015747
 31
0
  0
LINE
  5
32F
330
1A
100
AcDbEntity
  8
BLACK
  6
CONTINUOUS
100
AcDbLine
 10
-1.2105079921259843
 20
1.4248057874015747
 30
0
 11
-1.2104330708661417
 21
1.4244291338582677
 31
0
  0
LINE
  5
330
330
1A
100
AcDbEntity
  8
BLACK
  6
CONTINUOUS
100
AcDbLine
 10
-1.2104330708661417
 20
1.4244291338582677
 30
0
 11
-1.2104330708661417
 21
1.2905708661417323
 31
0
  0
LINE
  5
331
330
1A
100
AcDbEntity
  8
BLACK
  6
CONTINUOUS
100
AcDbLine
 10
-1.2104330708661417
 20
1.2905708661417323
 30
0
 11
-1.2105079921259843
 21
1.2901942125984251
 31
0
  0
LINE
  5
332
330
1A
100
AcDbEntity
  8
BLACK
  6
CONTINUOUS
100
AcDbLine
 10
-1.2105079921259843
 20
1.2901942125984251
 30
0
 11
-1.2110406692913385
 21
1.2896615354330709
 31
0
  0
LINE
  5
333
330
1A
100
AcDbEntity
  8
BLACK
  6
CONTINUOUS
100
AcDbLine
 10
-1.2110406692913385
 20
1.2896615354330709
 30
0
 11
-1.2114173228346456
 21
1.2895866141732284
 31
0
  0
LINE
  5
334
330
1A
100
AcDbEntity
  8
BLACK
  6
CONTINUOUS
100
AcDbLine
 10
-1.2114173228346456
 20
1.2895866141732284
 30
0
 11
-1.2885826771653544
 21
1.2895866141732284
 31
0
  0
LINE
  5
335
330
1A
100
AcDbEntity
  8
BLACK
  6
CONTINUOUS
100
AcDbLine
 10
-1.2885826771653544
 20
1.2895866141732284
 30
0
 11
-1.2889593307086613
 21
1.2896615354330709
 31
0
  0
LINE
  5
336
330
1A
100
AcDbEntity
  8
BLACK
  6
CONTINUOUS
100
AcDbLine
 10
-1.2889593307086613
 20
1.2896615354330709
 30
0
 11
-1.2894920078740157
 21
1.2901942125984251
 31
0
  0
LINE
  5
337
330
1A
100
AcDbEntity
  8
BLACK
  6
CONTINUOUS
100
AcDbLine
 10
-1.2894920078740157
 20
1.2901942125984251
 30
0
 11
-1.2895669291338583
 21
1.2905708661417323
 31
0
  0
LINE
  5
338
330
1A
100
AcDbEntity
  8
BLACK
  6
CONTINUOUS
100
AcDbLine
 10
-1.2895669291338583
 20
1.2905708661417323
 30
0
 11
-1.2895669291338583
 21
1.4244291338582677
 31
0
  0
LINE
  5
339
330
1A
100
AcDbEntity
  8
BLACK
  6
CONTINUOUS
100
AcDbLine
 10
-1.2895669291338583
 20
1.4244291338582677
 30
0
 11
-1.2894920078740157
 21
1.4248057874015747
 31
0
  0
LINE
  5
33A
330
1A
100
AcDbEntity
  8
BLACK
  6
CONTINUOUS
100
AcDbLine
 10
-1.2894920078740157
 20
1.4248057874015747
 30
0
 11
-1.2889593307086613
 21
1.4253384645669291
 31
0
  0
LINE
  5
33B
330
1A
100
AcDbEntity
  8
BLACK
  6
CONTINUOUS
100
AcDbLine
 10
-1.2889593307086613
 20
1.4253384645669291
 30
0
 11
-1.2885826771653544
 21
1.4254133858267717
 31
0
  0
LINE
  5
33C
330
1A
100
AcDbEntity
  8
BLACK
  6
CONTINUOUS
100
AcDbLine
 10
-1.2885826771653544
 20
1.4254133858267717
 30
0
 11
-1.2114173228346456
 21
1.4254133858267717
 31
0
  0
LINE
  5
33D
330
1A
100
AcDbEntity
  8
BLACK
  6
CONTINUOUS
100
AcDbLine
 10
-1.2114173228346456
 20
1.4254133858267717
 30
0
 11
-1.2110406692913385
 21
1.4253384645669291
 31
0
  0
LINE
  5
33E
330
1A
100
AcDbEntity
  8
BLACK
  6
CONTINUOUS
100
AcDbLine
 10
-1.2875984251968504
 20
1.4234448818897638
 30
0
 11
-1.2875984251968504
 21
1.2915551181102363
 31
0
  0
LINE
  5
33F
330
1A
100
AcDbEntity
  8
BLACK
  6
CONTINUOUS
100
AcDbLine
 10
-1.2875984251968504
 20
1.2915551181102363
 30
0
 11
-1.2124015748031496
 21
1.2915551181102363
 31
0
  0
LINE
  5
340
330
1A
100
AcDbEntity
  8
BLACK
  6
CONTINUOUS
100
AcDbLine
 10
-1.2124015748031496
 20
1.2915551181102363
 30
0
 11
-1.2124015748031496
 21
1.4234448818897638
 31
0
  0
LINE
  5
341
330
1A
100
AcDbEntity
  8
BLACK
  6
CONTINUOUS
100
AcDbLine
 10
-1.2124015748031496
 20
1.4234448818897638
 30
0
 11
-1.2875984251968504
 21
1.4234448818897638
 31
0
  0
LINE
  5
342
330
1A
100
AcDbEntity
  8
BLACK
  6
CONTINUOUS
100
AcDbLine
 10
-1.1310406692913386
 20
1.4253384645669291
 30
0
 11
-1.1305079921259842
 21
1.4248057874015747
 31
0
  0
LINE
  5
343
330
1A
100
AcDbEntity
  8
BLACK
  6
CONTINUOUS
100
AcDbLine
 10
-1.1305079921259842
 20
1.4248057874015747
 30
0
 11
-1.1304330708661416
 21
1.4244291338582677
 31
0
  0
LINE
  5
344
330
1A
100
AcDbEntity
  8
BLACK
  6
CONTINUOUS
100
AcDbLine
 10
-1.1304330708661416
 20
1.4244291338582677
 30
0
 11
-1.1304330708661416
 21
1.2905708661417323
 31
0
  0
LINE
  5
345
330
1A
100
AcDbEntity
  8
BLACK
  6
CONTINUOUS
100
AcDbLine
 10
-1.1304330708661416
 20
1.2905708661417323
 30
0
 11
-1.1305079921259842
 21
1.2901942125984251
 31
0
  0
LINE
  5
346
330
1A
100
AcDbEntity
  8
BLACK
  6
CONTINUOUS
100
AcDbLine
 10
-1.1305079921259842
 20
1.2901942125984251
 30
0
 11
-1.1310406692913386
 21
1.2896615354330709
 31
0
  0
LINE
  5
347
330
1A
100
AcDbEntity
  8
BLACK
  6
CONTINUOUS
100
AcDbLine
 10
-1.1310406692913386
 20
1.2896615354330709
 30
0
 11
-1.1314173228346456
 21
1.2895866141732284
 31
0
  0
LINE
  5
348
330
1A
100
AcDbEntity
  8
BLACK
  6
CONTINUOUS
100
AcDbLine
 10
-1.1314173228346456
 20
1.2895866141732284
 30
0
 11
-1.2085826771653543
 21
1.2895866141732284
 31
0
  0
LINE
  5
349
330
1A
100
AcDbEntity
  8
BLACK
  6
CONTINUOUS
100
AcDbLine
 10
-1.2085826771653543
 20
1.2895866141732284
 30
0
 11
-1.2089593307086615
 21
1.2896615354330709
 31
0
  0
LINE
  5
34A
330
1A
100
AcDbEntity
  8
BLACK
  6
CONTINUOUS
100
AcDbLine
 10
-1.2089593307086615
 20
1.2896615354330709
 30
0
 11
-1.2094920078740157
 21
1.2901942125984251
 31
0
  0
LINE
  5
34B
330
1A
100
AcDbEntity
  8
BLACK
  6
CONTINUOUS
100
AcDbLine
 10
-1.2094920078740157
 20
1.2901942125984251
 30
0
 11
-1.2095669291338582
 21
1.2905708661417323
 31
0
  0
LINE
  5
34C
330
1A
100
AcDbEntity
  8
BLACK
  6
CONTINUOUS
100
AcDbLine
 10
-1.2095669291338582
 20
1.2905708661417323
 30
0
 11
-1.2095669291338582
 21
1.4244291338582677
 31
0
  0
LINE
  5
34D
330
1A
100
AcDbEntity
  8
BLACK
  6
CONTINUOUS
100
AcDbLine
 10
-1.2095669291338582
 20
1.4244291338582677
 30
0
 11
-1.2094920078740157
 21
1.4248057874015747
 31
0
  0
LINE
  5
34E
330
1A
100
AcDbEntity
  8
BLACK
  6
CONTINUOUS
100
AcDbLine
 10
-1.2094920078740157
 20
1.4248057874015747
 30
0
 11
-1.2089593307086615
 21
1.4253384645669291
 31
0
  0
LINE
  5
34F
330
1A
100
AcDbEntity
  8
BLACK
  6
CONTINUOUS
100
AcDbLine
 10
-1.2089593307086615
 20
1.4253384645669291
 30
0
 11
-1.2085826771653543
 21
1.4254133858267717
 31
0
  0
LINE
  5
350
330
1A
100
AcDbEntity
  8
BLACK
  6
CONTINUOUS
100
AcDbLine
 10
-1.2085826771653543
 20
1.4254133858267717
 30
0
 11
-1.1314173228346456
 21
1.4254133858267717
 31
0
  0
LINE
  5
351
330
1A
100
AcDbEntity
  8
BLACK
  6
CONTINUOUS
100
AcDbLine
 10
-1.1314173228346456
 20
1.4254133858267717
 30
0
 11
-1.1310406692913386
 21
1.4253384645669291
 31
0
  0
LINE
  5
352
330
1A
100
AcDbEntity
  8
BLACK
  6
CONTINUOUS
100
AcDbLine
 10
-1.2075984251968503
 20
1.4234448818897638
 30
0
 11
-1.2075984251968503
 21
1.2915551181102363
 31
0
  0
LINE
  5
353
330
1A
100
AcDbEntity
  8
BLACK
  6
CONTINUOUS
100
AcDbLine
 10
-1.2075984251968503
 20
1.2915551181102363
 30
0
 11
-1.1324015748031495
 21
1.2915551181102363
 31
0
  0
LINE
  5
354
330
1A
100
AcDbEntity
  8
BLACK
  6
CONTINUOUS
100
AcDbLine
 10
-1.1324015748031495
 20
1.2915551181102363
 30
0
 11
-1.1324015748031495
 21
1.4234448818897638
 31
0
  0
LINE
  5
355
330
1A
100
AcDbEntity
  8
BLACK
  6
CONTINUOUS
100
AcDbLine
 10
-1.1324015748031495
 20
1.4234448818897638
 30
0
 11
-1.2075984251968503
 21
1.4234448818897638
 31
0
  0
LINE
  5
356
330
1A
100
AcDbEntity
  8
BLACK
  6
CONTINUOUS
100
AcDbLine
 10
-0.6779698031496063
 20
1.440338464566929
 30
0
 11
-0.677437125984252
 21
1.4398057874015748
 31
0
  0
LINE
  5
357
330
1A
100
AcDbEntity
  8
BLACK
  6
CONTINUOUS
100
AcDbLine
 10
-0.677437125984252
 20
1.4398057874015748
 30
0
 11
-0.6773622047244094
 21
1.4394291338582677
 31
0
  0
LINE
  5
358
330
1A
100
AcDbEntity
  8
BLACK
  6
CONTINUOUS
100
AcDbLine
 10
-0.6773622047244094
 20
1.4394291338582677
 30
0
 11
-0.6773622047244094
 21
1.3055708661417322
 31
0
  0
LINE
  5
359
330
1A
100
AcDbEntity
  8
BLACK
  6
CONTINUOUS
100
AcDbLine
 10
-0.6773622047244094
 20
1.3055708661417322
 30
0
 11
-0.677437125984252
 21
1.3051942125984253
 31
0
  0
LINE
  5
35A
330
1A
100
AcDbEntity
  8
BLACK
  6
CONTINUOUS
100
AcDbLine
 10
-0.677437125984252
 20
1.3051942125984253
 30
0
 11
-0.6779698031496063
 21
1.3046615354330708
 31
0
  0
LINE
  5
35B
330
1A
100
AcDbEntity
  8
BLACK
  6
CONTINUOUS
100
AcDbLine
 10
-0.6779698031496063
 20
1.3046615354330708
 30
0
 11
-0.6783464566929134
 21
1.3045866141732283
 31
0
  0
LINE
  5
35C
330
1A
100
AcDbEntity
  8
BLACK
  6
CONTINUOUS
100
AcDbLine
 10
-0.6783464566929134
 20
1.3045866141732283
 30
0
 11
-0.7555118110236221
 21
1.3045866141732283
 31
0
  0
LINE
  5
35D
330
1A
100
AcDbEntity
  8
BLACK
  6
CONTINUOUS
100
AcDbLine
 10
-0.7555118110236221
 20
1.3045866141732283
 30
0
 11
-0.7558884645669292
 21
1.3046615354330708
 31
0
  0
LINE
  5
35E
330
1A
100
AcDbEntity
  8
BLACK
  6
CONTINUOUS
100
AcDbLine
 10
-0.7558884645669292
 20
1.3046615354330708
 30
0
 11
-0.7564211417322835
 21
1.3051942125984253
 31
0
  0
LINE
  5
35F
330
1A
100
AcDbEntity
  8
BLACK
  6
CONTINUOUS
100
AcDbLine
 10
-0.7564211417322835
 20
1.3051942125984253
 30
0
 11
-0.756496062992126
 21
1.3055708661417322
 31
0
  0
LINE
  5
360
330
1A
100
AcDbEntity
  8
BLACK
  6
CONTINUOUS
100
AcDbLine
 10
-0.756496062992126
 20
1.3055708661417322
 30
0
 11
-0.756496062992126
 21
1.4394291338582677
 31
0
  0
LINE
  5
361
330
1A
100
AcDbEntity
  8
BLACK
  6
CONTINUOUS
100
AcDbLine
 10
-0.756496062992126
 20
1.4394291338582677
 30
0
 11
-0.7564211417322835
 21
1.4398057874015748
 31
0
  0
LINE
  5
362
330
1A
100
AcDbEntity
  8
BLACK
  6
CONTINUOUS
100
AcDbLine
 10
-0.7564211417322835
 20
1.4398057874015748
 30
0
 11
-0.7558884645669292
 21
1.440338464566929
 31
0
  0
LINE
  5
363
330
1A
100
AcDbEntity
  8
BLACK
  6
CONTINUOUS
100
AcDbLine
 10
-0.7558884645669292
 20
1.440338464566929
 30
0
 11
-0.7555118110236221
 21
1.4404133858267716
 31
0
  0
LINE
  5
364
330
1A
100
AcDbEntity
  8
BLACK
  6
CONTINUOUS
100
AcDbLine
 10
-0.7555118110236221
 20
1.4404133858267716
 30
0
 11
-0.6783464566929134
 21
1.4404133858267716
 31
0
  0
LINE
  5
365
330
1A
100
AcDbEntity
  8
BLACK
  6
CONTINUOUS
100
AcDbLine
 10
-0.6783464566929134
 20
1.4404133858267716
 30
0
 11
-0.6779698031496063
 21
1.440338464566929
 31
0
  0
LINE
  5
366
330
1A
100
AcDbEntity
  8
BLACK
  6
CONTINUOUS
100
AcDbLine
 10
-0.7545275590551181
 20
1.4384448818897637
 30
0
 11
-0.7545275590551181
 21
1.3065551181102362
 31
0
  0
LINE
  5
367
330
1A
100
AcDbEntity
  8
BLACK
  6
CONTINUOUS
100
AcDbLine
 10
-0.7545275590551181
 20
1.3065551181102362
 30
0
 11
-0.6793307086614173
 21
1.3065551181102362
 31
0
  0
LINE
  5
368
330
1A
100
AcDbEntity
  8
BLACK
  6
CONTINUOUS
100
AcDbLine
 10
-0.6793307086614173
 20
1.3065551181102362
 30
0
 11
-0.6793307086614173
 21
1.4384448818897637
 31
0
  0
LINE
  5
369
330
1A
100
AcDbEntity
  8
BLACK
  6
CONTINUOUS
100
AcDbLine
 10
-0.6793307086614173
 20
1.4384448818897637
 30
0
 11
-0.7545275590551181
 21
1.4384448818897637
 31
0
  0
LINE
  5
36A
330
1A
100
AcDbEntity
  8
BLACK
  6
CONTINUOUS
100
AcDbLine
 10
1.6569120866141731
 20
1.4548069685039369
 30
0
 11
1.6574447637795275
 21
1.4542742913385827
 31
0
  0
LINE
  5
36B
330
1A
100
AcDbEntity
  8
BLACK
  6
CONTINUOUS
100
AcDbLine
 10
1.6574447637795275
 20
1.4542742913385827
 30
0
 11
1.6575196850393701
 21
1.4538976377952755
 31
0
  0
LINE
  5
36C
330
1A
100
AcDbEntity
  8
BLACK
  6
CONTINUOUS
100
AcDbLine
 10
1.6575196850393701
 20
1.4538976377952755
 30
0
 11
1.6575196850393701
 21
1.3161023622047243
 31
0
  0
LINE
  5
36D
330
1A
100
AcDbEntity
  8
BLACK
  6
CONTINUOUS
100
AcDbLine
 10
1.6575196850393701
 20
1.3161023622047243
 30
0
 11
1.6574447637795275
 21
1.3157257086614174
 31
0
  0
LINE
  5
36E
330
1A
100
AcDbEntity
  8
BLACK
  6
CONTINUOUS
100
AcDbLine
 10
1.6574447637795275
 20
1.3157257086614174
 30
0
 11
1.6569120866141731
 21
1.3151930314960629
 31
0
  0
LINE
  5
36F
330
1A
100
AcDbEntity
  8
BLACK
  6
CONTINUOUS
100
AcDbLine
 10
1.6569120866141731
 20
1.3151930314960629
 30
0
 11
1.6565354330708661
 21
1.3151181102362204
 31
0
  0
LINE
  5
370
330
1A
100
AcDbEntity
  8
BLACK
  6
CONTINUOUS
100
AcDbLine
 10
1.6565354330708661
 20
1.3151181102362204
 30
0
 11
1.3809448818897638
 21
1.3151181102362204
 31
0
  0
LINE
  5
371
330
1A
100
AcDbEntity
  8
BLACK
  6
CONTINUOUS
100
AcDbLine
 10
1.3809448818897638
 20
1.3151181102362204
 30
0
 11
1.3805682283464566
 21
1.3151930314960629
 31
0
  0
LINE
  5
372
330
1A
100
AcDbEntity
  8
BLACK
  6
CONTINUOUS
100
AcDbLine
 10
1.3805682283464566
 20
1.3151930314960629
 30
0
 11
1.3800355511811024
 21
1.3157257086614174
 31
0
  0
LINE
  5
373
330
1A
100
AcDbEntity
  8
BLACK
  6
CONTINUOUS
100
AcDbLine
 10
1.3800355511811024
 20
1.3157257086614174
 30
0
 11
1.3799606299212599
 21
1.3161023622047243
 31
0
  0
LINE
  5
374
330
1A
100
AcDbEntity
  8
BLACK
  6
CONTINUOUS
100
AcDbLine
 10
1.3799606299212599
 20
1.3161023622047243
 30
0
 11
1.3799606299212599
 21
1.4538976377952755
 31
0
  0
LINE
  5
375
330
1A
100
AcDbEntity
  8
BLACK
  6
CONTINUOUS
100
AcDbLine
 10
1.3799606299212599
 20
1.4538976377952755
 30
0
 11
1.3800355511811024
 21
1.4542742913385827
 31
0
  0
LINE
  5
376
330
1A
100
AcDbEntity
  8
BLACK
  6
CONTINUOUS
100
AcDbLine
 10
1.3800355511811024
 20
1.4542742913385827
 30
0
 11
1.3805682283464566
 21
1.4548069685039369
 31
0
  0
LINE
  5
377
330
1A
100
AcDbEntity
  8
BLACK
  6
CONTINUOUS
100
AcDbLine
 10
1.3805682283464566
 20
1.4548069685039369
 30
0
 11
1.3809448818897638
 21
1.4548818897637794
 31
0
  0
LINE
  5
378
330
1A
100
AcDbEntity
  8
BLACK
  6
CONTINUOUS
100
AcDbLine
 10
1.3809448818897638
 20
1.4548818897637794
 30
0
 11
1.6565354330708661
 21
1.4548818897637794
 31
0
  0
LINE
  5
379
330
1A
100
AcDbEntity
  8
BLACK
  6
CONTINUOUS
100
AcDbLine
 10
1.6565354330708661
 20
1.4548818897637794
 30
0
 11
1.6569120866141731
 21
1.4548069685039369
 31
0
  0
LINE
  5
37A
330
1A
100
AcDbEntity
  8
BLACK
  6
CONTINUOUS
100
AcDbLine
 10
1.3819291338582678
 20
1.4529133858267715
 30
0
 11
1.3819291338582678
 21
1.3170866141732283
 31
0
  0
LINE
  5
37B
330
1A
100
AcDbEntity
  8
BLACK
  6
CONTINUOUS
100
AcDbLine
 10
1.3819291338582678
 20
1.3170866141732283
 30
0
 11
1.6555511811023622
 21
1.3170866141732283
 31
0
  0
LINE
  5
37C
330
1A
100
AcDbEntity
  8
BLACK
  6
CONTINUOUS
100
AcDbLine
 10
1.6555511811023622
 20
1.3170866141732283
 30
0
 11
1.6555511811023622
 21
1.4529133858267715
 31
0
  0
LINE
  5
37D
330
1A
100
AcDbEntity
  8
BLACK
  6
CONTINUOUS
100
AcDbLine
 10
1.6555511811023622
 20
1.4529133858267715
 30
0
 11
1.3819291338582678
 21
1.4529133858267715
 31
0
  0
LINE
  5
37E
330
1A
100
AcDbEntity
  8
BLACK
  6
CONTINUOUS
100
AcDbLine
 10
-0.3934816141732284
 20
1.3933109055118109
 30
0
 11
-0.392948937007874
 21
1.3927782283464567
 31
0
  0
LINE
  5
37F
330
1A
100
AcDbEntity
  8
BLACK
  6
CONTINUOUS
100
AcDbLine
 10
-0.392948937007874
 20
1.3927782283464567
 30
0
 11
-0.3928740157480315
 21
1.3924015748031495
 31
0
  0
LINE
  5
380
330
1A
100
AcDbEntity
  8
BLACK
  6
CONTINUOUS
100
AcDbLine
 10
-0.3928740157480315
 20
1.3924015748031495
 30
0
 11
-0.3928740157480315
 21
1.3175984251968504
 31
0
  0
LINE
  5
381
330
1A
100
AcDbEntity
  8
BLACK
  6
CONTINUOUS
100
AcDbLine
 10
-0.3928740157480315
 20
1.3175984251968504
 30
0
 11
-0.392948937007874
 21
1.3172217716535433
 31
0
  0
LINE
  5
382
330
1A
100
AcDbEntity
  8
BLACK
  6
CONTINUOUS
100
AcDbLine
 10
-0.392948937007874
 20
1.3172217716535433
 30
0
 11
-0.3934816141732284
 21
1.316689094488189
 31
0
  0
LINE
  5
383
330
1A
100
AcDbEntity
  8
BLACK
  6
CONTINUOUS
100
AcDbLine
 10
-0.3934816141732284
 20
1.316689094488189
 30
0
 11
-0.3938582677165354
 21
1.3166141732283465
 31
0
  0
LINE
  5
384
330
1A
100
AcDbEntity
  8
BLACK
  6
CONTINUOUS
100
AcDbLine
 10
-0.3938582677165354
 20
1.3166141732283465
 30
0
 11
-0.5261417322834645
 21
1.3166141732283465
 31
0
  0
LINE
  5
385
330
1A
100
AcDbEntity
  8
BLACK
  6
CONTINUOUS
100
AcDbLine
 10
-0.5261417322834645
 20
1.3166141732283465
 30
0
 11
-0.5265183858267717
 21
1.316689094488189
 31
0
  0
LINE
  5
386
330
1A
100
AcDbEntity
  8
BLACK
  6
CONTINUOUS
100
AcDbLine
 10
-0.5265183858267717
 20
1.316689094488189
 30
0
 11
-0.527051062992126
 21
1.3172217716535433
 31
0
  0
LINE
  5
387
330
1A
100
AcDbEntity
  8
BLACK
  6
CONTINUOUS
100
AcDbLine
 10
-0.527051062992126
 20
1.3172217716535433
 30
0
 11
-0.5271259842519684
 21
1.3175984251968504
 31
0
  0
LINE
  5
388
330
1A
100
AcDbEntity
  8
BLACK
  6
CONTINUOUS
100
AcDbLine
 10
-0.5271259842519684
 20
1.3175984251968504
 30
0
 11
-0.5271259842519684
 21
1.3924015748031495
 31
0
  0
LINE
  5
389
330
1A
100
AcDbEntity
  8
BLACK
  6
CONTINUOUS
100
AcDbLine
 10
-0.5271259842519684
 20
1.3924015748031495
 30
0
 11
-0.527051062992126
 21
1.3927782283464567
 31
0
  0
LINE
  5
38A
330
1A
100
AcDbEntity
  8
BLACK
  6
CONTINUOUS
100
AcDbLine
 10
-0.527051062992126
 20
1.3927782283464567
 30
0
 11
-0.5265183858267717
 21
1.3933109055118109
 31
0
  0
LINE
  5
38B
330
1A
100
AcDbEntity
  8
BLACK
  6
CONTINUOUS
100
AcDbLine
 10
-0.5265183858267717
 20
1.3933109055118109
 30
0
 11
-0.5261417322834645
 21
1.3933858267716535
 31
0
  0
LINE
  5
38C
330
1A
100
AcDbEntity
  8
BLACK
  6
CONTINUOUS
100
AcDbLine
 10
-0.5261417322834645
 20
1.3933858267716535
 30
0
 11
-0.3938582677165354
 21
1.3933858267716535
 31
0
  0
LINE
  5
38D
330
1A
100
AcDbEntity
  8
BLACK
  6
CONTINUOUS
100
AcDbLine
 10
-0.3938582677165354
 20
1.3933858267716535
 30
0
 11
-0.3934816141732284
 21
1.3933109055118109
 31
0
  0
LINE
  5
38E
330
1A
100
AcDbEntity
  8
BLACK
  6
CONTINUOUS
100
AcDbLine
 10
-0.5251574803149606
 20
1.3914173228346456
 30
0
 11
-0.5251574803149606
 21
1.3185826771653544
 31
0
  0
LINE
  5
38F
330
1A
100
AcDbEntity
  8
BLACK
  6
CONTINUOUS
100
AcDbLine
 10
-0.5251574803149606
 20
1.3185826771653544
 30
0
 11
-0.3948425196850394
 21
1.3185826771653544
 31
0
  0
LINE
  5
390
330
1A
100
AcDbEntity
  8
BLACK
  6
CONTINUOUS
100
AcDbLine
 10
-0.3948425196850394
 20
1.3185826771653544
 30
0
 11
-0.3948425196850394
 21
1.3914173228346456
 31
0
  0
LINE
  5
391
330
1A
100
AcDbEntity
  8
BLACK
  6
CONTINUOUS
100
AcDbLine
 10
-0.3948425196850394
 20
1.3914173228346456
 30
0
 11
-0.5251574803149606
 21
1.3914173228346456
 31
0
  0
LINE
  5
392
330
1A
100
AcDbEntity
  8
BLACK
  6
CONTINUOUS
100
AcDbLine
 10
0.8790183858267716
 20
1.3933109055118109
 30
0
 11
0.8795510629921259
 21
1.3927782283464567
 31
0
  0
LINE
  5
393
330
1A
100
AcDbEntity
  8
BLACK
  6
CONTINUOUS
100
AcDbLine
 10
0.8795510629921259
 20
1.3927782283464567
 30
0
 11
0.8796259842519685
 21
1.3924015748031495
 31
0
  0
LINE
  5
394
330
1A
100
AcDbEntity
  8
BLACK
  6
CONTINUOUS
100
AcDbLine
 10
0.8796259842519685
 20
1.3924015748031495
 30
0
 11
0.8796259842519685
 21
1.3175984251968504
 31
0
  0
LINE
  5
395
330
1A
100
AcDbEntity
  8
BLACK
  6
CONTINUOUS
100
AcDbLine
 10
0.8796259842519685
 20
1.3175984251968504
 30
0
 11
0.8795510629921259
 21
1.3172217716535433
 31
0
  0
LINE
  5
396
330
1A
100
AcDbEntity
  8
BLACK
  6
CONTINUOUS
100
AcDbLine
 10
0.8795510629921259
 20
1.3172217716535433
 30
0
 11
0.8790183858267716
 21
1.316689094488189
 31
0
  0
LINE
  5
397
330
1A
100
AcDbEntity
  8
BLACK
  6
CONTINUOUS
100
AcDbLine
 10
0.8790183858267716
 20
1.316689094488189
 30
0
 11
0.8786417322834645
 21
1.3166141732283465
 31
0
  0
LINE
  5
398
330
1A
100
AcDbEntity
  8
BLACK
  6
CONTINUOUS
100
AcDbLine
 10
0.8786417322834645
 20
1.3166141732283465
 30
0
 11
0.7463582677165355
 21
1.3166141732283465
 31
0
  0
LINE
  5
399
330
1A
100
AcDbEntity
  8
BLACK
  6
CONTINUOUS
100
AcDbLine
 10
0.7463582677165355
 20
1.3166141732283465
 30
0
 11
0.7459816141732283
 21
1.316689094488189
 31
0
  0
LINE
  5
39A
330
1A
100
AcDbEntity
  8
BLACK
  6
CONTINUOUS
100
AcDbLine
 10
0.7459816141732283
 20
1.316689094488189
 30
0
 11
0.745448937007874
 21
1.3172217716535433
 31
0
  0
LINE
  5
39B
330
1A
100
AcDbEntity
  8
BLACK
  6
CONTINUOUS
100
AcDbLine
 10
0.745448937007874
 20
1.3172217716535433
 30
0
 11
0.7453740157480315
 21
1.3175984251968504
 31
0
  0
LINE
  5
39C
330
1A
100
AcDbEntity
  8
BLACK
  6
CONTINUOUS
100
AcDbLine
 10
0.7453740157480315
 20
1.3175984251968504
 30
0
 11
0.7453740157480315
 21
1.3924015748031495
 31
0
  0
LINE
  5
39D
330
1A
100
AcDbEntity
  8
BLACK
  6
CONTINUOUS
100
AcDbLine
 10
0.7453740157480315
 20
1.3924015748031495
 30
0
 11
0.745448937007874
 21
1.3927782283464567
 31
0
  0
LINE
  5
39E
330
1A
100
AcDbEntity
  8
BLACK
  6
CONTINUOUS
100
AcDbLine
 10
0.745448937007874
 20
1.3927782283464567
 30
0
 11
0.7459816141732283
 21
1.3933109055118109
 31
0
  0
LINE
  5
39F
330
1A
100
AcDbEntity
  8
BLACK
  6
CONTINUOUS
100
AcDbLine
 10
0.7459816141732283
 20
1.3933109055118109
 30
0
 11
0.7463582677165355
 21
1.3933858267716535
 31
0
  0
LINE
  5
3A0
330
1A
100
AcDbEntity
  8
BLACK
  6
CONTINUOUS
100
AcDbLine
 10
0.7463582677165355
 20
1.3933858267716535
 30
0
 11
0.8786417322834645
 21
1.3933858267716535
 31
0
  0
LINE
  5
3A1
330
1A
100
AcDbEntity
  8
BLACK
  6
CONTINUOUS
100
AcDbLine
 10
0.8786417322834645
 20
1.3933858267716535
 30
0
 11
0.8790183858267716
 21
1.3933109055118109
 31
0
  0
LINE
  5
3A2
330
1A
100
AcDbEntity
  8
BLACK
  6
CONTINUOUS
100
AcDbLine
 10
0.7473425196850394
 20
1.3914173228346456
 30
0
 11
0.7473425196850394
 21
1.3185826771653544
 31
0
  0
LINE
  5
3A3
330
1A
100
AcDbEntity
  8
BLACK
  6
CONTINUOUS
100
AcDbLine
 10
0.7473425196850394
 20
1.3185826771653544
 30
0
 11
0.8776574803149606
 21
1.3185826771653544
 31
0
  0
LINE
  5
3A4
330
1A
100
AcDbEntity
  8
BLACK
  6
CONTINUOUS
100
AcDbLine
 10
0.8776574803149606
 20
1.3185826771653544
 30
0
 11
0.8776574803149606
 21
1.3914173228346456
 31
0
  0
LINE
  5
3A5
330
1A
100
AcDbEntity
  8
BLACK
  6
CONTINUOUS
100
AcDbLine
 10
0.8776574803149606
 20
1.3914173228346456
 30
0
 11
0.7473425196850394
 21
1.3914173228346456
 31
0
  0
LINE
  5
3A6
330
1A
100
AcDbEntity
  8
BLACK
  6
CONTINUOUS
100
AcDbLine
 10
0.7077782283464567
 20
1.459551062992126
 30
0
 11
0.708310905511811
 21
1.4590183858267716
 31
0
  0
LINE
  5
3A7
330
1A
100
AcDbEntity
  8
BLACK
  6
CONTINUOUS
100
AcDbLine
 10
0.708310905511811
 20
1.4590183858267716
 30
0
 11
0.7083858267716535
 21
1.4586417322834646
 31
0
  0
LINE
  5
3A8
330
1A
100
AcDbEntity
  8
BLACK
  6
CONTINUOUS
100
AcDbLine
 10
0.7083858267716535
 20
1.4586417322834646
 30
0
 11
0.7083858267716535
 21
1.3263582677165353
 31
0
  0
LINE
  5
3A9
330
1A
100
AcDbEntity
  8
BLACK
  6
CONTINUOUS
100
AcDbLine
 10
0.7083858267716535
 20
1.3263582677165353
 30
0
 11
0.708310905511811
 21
1.3259816141732284
 31
0
  0
LINE
  5
3AA
330
1A
100
AcDbEntity
  8
BLACK
  6
CONTINUOUS
100
AcDbLine
 10
0.708310905511811
 20
1.3259816141732284
 30
0
 11
0.7077782283464567
 21
1.3254489370078739
 31
0
  0
LINE
  5
3AB
330
1A
100
AcDbEntity
  8
BLACK
  6
CONTINUOUS
100
AcDbLine
 10
0.7077782283464567
 20
1.3254489370078739
 30
0
 11
0.7074015748031496
 21
1.3253740157480314
 31
0
  0
LINE
  5
3AC
330
1A
100
AcDbEntity
  8
BLACK
  6
CONTINUOUS
100
AcDbLine
 10
0.7074015748031496
 20
1.3253740157480314
 30
0
 11
0.6325984251968504
 21
1.3253740157480314
 31
0
  0
LINE
  5
3AD
330
1A
100
AcDbEntity
  8
BLACK
  6
CONTINUOUS
100
AcDbLine
 10
0.6325984251968504
 20
1.3253740157480314
 30
0
 11
0.6322217716535433
 21
1.3254489370078739
 31
0
  0
LINE
  5
3AE
330
1A
100
AcDbEntity
  8
BLACK
  6
CONTINUOUS
100
AcDbLine
 10
0.6322217716535433
 20
1.3254489370078739
 30
0
 11
0.631689094488189
 21
1.3259816141732284
 31
0
  0
LINE
  5
3AF
330
1A
100
AcDbEntity
  8
BLACK
  6
CONTINUOUS
100
AcDbLine
 10
0.631689094488189
 20
1.3259816141732284
 30
0
 11
0.6316141732283465
 21
1.3263582677165353
 31
0
  0
LINE
  5
3B0
330
1A
100
AcDbEntity
  8
BLACK
  6
CONTINUOUS
100
AcDbLine
 10
0.6316141732283465
 20
1.3263582677165353
 30
0
 11
0.6316141732283465
 21
1.4586417322834646
 31
0
  0
LINE
  5
3B1
330
1A
100
AcDbEntity
  8
BLACK
  6
CONTINUOUS
100
AcDbLine
 10
0.6316141732283465
 20
1.4586417322834646
 30
0
 11
0.631689094488189
 21
1.4590183858267716
 31
0
  0
LINE
  5
3B2
330
1A
100
AcDbEntity
  8
BLACK
  6
CONTINUOUS
100
AcDbLine
 10
0.631689094488189
 20
1.4590183858267716
 30
0
 11
0.6322217716535433
 21
1.459551062992126
 31
0
  0
LINE
  5
3B3
330
1A
100
AcDbEntity
  8
BLACK
  6
CONTINUOUS
100
AcDbLine
 10
0.6322217716535433
 20
1.459551062992126
 30
0
 11
0.6325984251968504
 21
1.4596259842519685
 31
0
  0
LINE
  5
3B4
330
1A
100
AcDbEntity
  8
BLACK
  6
CONTINUOUS
100
AcDbLine
 10
0.6325984251968504
 20
1.4596259842519685
 30
0
 11
0.7074015748031496
 21
1.4596259842519685
 31
0
  0
LINE
  5
3B5
330
1A
100
AcDbEntity
  8
BLACK
  6
CONTINUOUS
100
AcDbLine
 10
0.7074015748031496
 20
1.4596259842519685
 30
0
 11
0.7077782283464567
 21
1.459551062992126
 31
0
  0
LINE
  5
3B6
330
1A
100
AcDbEntity
  8
BLACK
  6
CONTINUOUS
100
AcDbLine
 10
0.6335826771653543
 20
1.4576574803149607
 30
0
 11
0.6335826771653543
 21
1.3273425196850392
 31
0
  0
LINE
  5
3B7
330
1A
100
AcDbEntity
  8
BLACK
  6
CONTINUOUS
100
AcDbLine
 10
0.6335826771653543
 20
1.3273425196850392
 30
0
 11
0.7064173228346456
 21
1.3273425196850392
 31
0
  0
LINE
  5
3B8
330
1A
100
AcDbEntity
  8
BLACK
  6
CONTINUOUS
100
AcDbLine
 10
0.7064173228346456
 20
1.3273425196850392
 30
0
 11
0.7064173228346456
 21
1.4576574803149607
 31
0
  0
LINE
  5
3B9
330
1A
100
AcDbEntity
  8
BLACK
  6
CONTINUOUS
100
AcDbLine
 10
0.7064173228346456
 20
1.4576574803149607
 30
0
 11
0.6335826771653543
 21
1.4576574803149607
 31
0
  0
LINE
  5
3BA
330
1A
100
AcDbEntity
  8
BLACK
  6
CONTINUOUS
100
AcDbLine
 10
-1.3410997244094487
 20
1.462838464566929
 30
0
 11
-1.3405670472440945
 21
1.4623057874015748
 31
0
  0
LINE
  5
3BB
330
1A
100
AcDbEntity
  8
BLACK
  6
CONTINUOUS
100
AcDbLine
 10
-1.3405670472440945
 20
1.4623057874015748
 30
0
 11
-1.3404921259842519
 21
1.4619291338582676
 31
0
  0
LINE
  5
3BC
330
1A
100
AcDbEntity
  8
BLACK
  6
CONTINUOUS
100
AcDbLine
 10
-1.3404921259842519
 20
1.4619291338582676
 30
0
 11
-1.3404921259842519
 21
1.4176377952755905
 31
0
  0
LINE
  5
3BD
330
1A
100
AcDbEntity
  8
BLACK
  6
CONTINUOUS
100
AcDbLine
 10
-1.3404921259842519
 20
1.4176377952755905
 30
0
 11
-1.3009251968503937
 21
1.4176377952755905
 31
0
  0
LINE
  5
3BE
330
1A
100
AcDbEntity
  8
BLACK
  6
CONTINUOUS
100
AcDbLine
 10
-1.3009251968503937
 20
1.4176377952755905
 30
0
 11
-1.3005485433070867
 21
1.417562874015748
 31
0
  0
LINE
  5
3BF
330
1A
100
AcDbEntity
  8
BLACK
  6
CONTINUOUS
100
AcDbLine
 10
-1.3005485433070867
 20
1.417562874015748
 30
0
 11
-1.3000158661417323
 21
1.4170301968503938
 31
0
  0
LINE
  5
3C0
330
1A
100
AcDbEntity
  8
BLACK
  6
CONTINUOUS
100
AcDbLine
 10
-1.3000158661417323
 20
1.4170301968503938
 30
0
 11
-1.2999409448818897
 21
1.4166535433070866
 31
0
  0
LINE
  5
3C1
330
1A
100
AcDbEntity
  8
BLACK
  6
CONTINUOUS
100
AcDbLine
 10
-1.2999409448818897
 20
1.4166535433070866
 30
0
 11
-1.2999409448818897
 21
1.3733464566929134
 31
0
  0
LINE
  5
3C2
330
1A
100
AcDbEntity
  8
BLACK
  6
CONTINUOUS
100
AcDbLine
 10
-1.2999409448818897
 20
1.3733464566929134
 30
0
 11
-1.3000158661417323
 21
1.3729698031496063
 31
0
  0
LINE
  5
3C3
330
1A
100
AcDbEntity
  8
BLACK
  6
CONTINUOUS
100
AcDbLine
 10
-1.3000158661417323
 20
1.3729698031496063
 30
0
 11
-1.3005485433070867
 21
1.3724371259842518
 31
0
  0
LINE
  5
3C4
330
1A
100
AcDbEntity
  8
BLACK
  6
CONTINUOUS
100
AcDbLine
 10
-1.3005485433070867
 20
1.3724371259842518
 30
0
 11
-1.3009251968503937
 21
1.3723622047244095
 31
0
  0
LINE
  5
3C5
330
1A
100
AcDbEntity
  8
BLACK
  6
CONTINUOUS
100
AcDbLine
 10
-1.3009251968503937
 20
1.3723622047244095
 30
0
 11
-1.3404921259842519
 21
1.3723622047244095
 31
0
  0
LINE
  5
3C6
330
1A
100
AcDbEntity
  8
BLACK
  6
CONTINUOUS
100
AcDbLine
 10
-1.3404921259842519
 20
1.3723622047244095
 30
0
 11
-1.3404921259842519
 21
1.3280708661417322
 31
0
  0
LINE
  5
3C7
330
1A
100
AcDbEntity
  8
BLACK
  6
CONTINUOUS
100
AcDbLine
 10
-1.3404921259842519
 20
1.3280708661417322
 30
0
 11
-1.3405670472440945
 21
1.3276942125984252
 31
0
  0
LINE
  5
3C8
330
1A
100
AcDbEntity
  8
BLACK
  6
CONTINUOUS
100
AcDbLine
 10
-1.3405670472440945
 20
1.3276942125984252
 30
0
 11
-1.3410997244094487
 21
1.3271615354330708
 31
0
  0
LINE
  5
3C9
330
1A
100
AcDbEntity
  8
BLACK
  6
CONTINUOUS
100
AcDbLine
 10
-1.3410997244094487
 20
1.3271615354330708
 30
0
 11
-1.3414763779527559
 21
1.3270866141732283
 31
0
  0
LINE
  5
3CA
330
1A
100
AcDbEntity
  8
BLACK
  6
CONTINUOUS
100
AcDbLine
 10
-1.3414763779527559
 20
1.3270866141732283
 30
0
 11
-1.4123425196850394
 21
1.3270866141732283
 31
0
  0
LINE
  5
3CB
330
1A
100
AcDbEntity
  8
BLACK
  6
CONTINUOUS
100
AcDbLine
 10
-1.4123425196850394
 20
1.3270866141732283
 30
0
 11
-1.4127191732283464
 21
1.3271615354330708
 31
0
  0
LINE
  5
3CC
330
1A
100
AcDbEntity
  8
BLACK
  6
CONTINUOUS
100
AcDbLine
 10
-1.4127191732283464
 20
1.3271615354330708
 30
0
 11
-1.4132518503937008
 21
1.3276942125984252
 31
0
  0
LINE
  5
3CD
330
1A
100
AcDbEntity
  8
BLACK
  6
CONTINUOUS
100
AcDbLine
 10
-1.4132518503937008
 20
1.3276942125984252
 30
0
 11
-1.4133267716535434
 21
1.3280708661417322
 31
0
  0
LINE
  5
3CE
330
1A
100
AcDbEntity
  8
BLACK
  6
CONTINUOUS
100
AcDbLine
 10
-1.4133267716535434
 20
1.3280708661417322
 30
0
 11
-1.4133267716535434
 21
1.3349606299212597
 31
0
  0
LINE
  5
3CF
330
1A
100
AcDbEntity
  8
BLACK
  6
CONTINUOUS
100
AcDbLine
 10
-1.4133267716535434
 20
1.3349606299212597
 30
0
 11
-1.4528937007874014
 21
1.3349606299212597
 31
0
  0
LINE
  5
3D0
330
1A
100
AcDbEntity
  8
BLACK
  6
CONTINUOUS
100
AcDbLine
 10
-1.4528937007874014
 20
1.3349606299212597
 30
0
 11
-1.4532703543307086
 21
1.3350355511811023
 31
0
  0
LINE
  5
3D1
330
1A
100
AcDbEntity
  8
BLACK
  6
CONTINUOUS
100
AcDbLine
 10
-1.4532703543307086
 20
1.3350355511811023
 30
0
 11
-1.453803031496063
 21
1.3355682283464567
 31
0
  0
LINE
  5
3D2
330
1A
100
AcDbEntity
  8
BLACK
  6
CONTINUOUS
100
AcDbLine
 10
-1.453803031496063
 20
1.3355682283464567
 30
0
 11
-1.4538779527559056
 21
1.3359448818897637
 31
0
  0
LINE
  5
3D3
330
1A
100
AcDbEntity
  8
BLACK
  6
CONTINUOUS
100
AcDbLine
 10
-1.4538779527559056
 20
1.3359448818897637
 30
0
 11
-1.4538779527559056
 21
1.3796456692913386
 31
0
  0
LINE
  5
3D4
330
1A
100
AcDbEntity
  8
BLACK
  6
CONTINUOUS
100
AcDbLine
 10
-1.4538779527559056
 20
1.3796456692913386
 30
0
 11
-1.453803031496063
 21
1.3800223228346455
 31
0
  0
LINE
  5
3D5
330
1A
100
AcDbEntity
  8
BLACK
  6
CONTINUOUS
100
AcDbLine
 10
-1.453803031496063
 20
1.3800223228346455
 30
0
 11
-1.4532703543307086
 21
1.380555
 31
0
  0
LINE
  5
3D6
330
1A
100
AcDbEntity
  8
BLACK
  6
CONTINUOUS
100
AcDbLine
 10
-1.4532703543307086
 20
1.380555
 30
0
 11
-1.4528937007874014
 21
1.3806299212598425
 31
0
  0
LINE
  5
3D7
330
1A
100
AcDbEntity
  8
BLACK
  6
CONTINUOUS
100
AcDbLine
 10
-1.4528937007874014
 20
1.3806299212598425
 30
0
 11
-1.4133267716535434
 21
1.3806299212598425
 31
0
  0
LINE
  5
3D8
330
1A
100
AcDbEntity
  8
BLACK
  6
CONTINUOUS
100
AcDbLine
 10
-1.4133267716535434
 20
1.3806299212598425
 30
0
 11
-1.4133267716535434
 21
1.4093700787401575
 31
0
  0
LINE
  5
3D9
330
1A
100
AcDbEntity
  8
BLACK
  6
CONTINUOUS
100
AcDbLine
 10
-1.4133267716535434
 20
1.4093700787401575
 30
0
 11
-1.4528937007874014
 21
1.4093700787401575
 31
0
  0
LINE
  5
3DA
330
1A
100
AcDbEntity
  8
BLACK
  6
CONTINUOUS
100
AcDbLine
 10
-1.4528937007874014
 20
1.4093700787401575
 30
0
 11
-1.4532703543307086
 21
1.4094450000000001
 31
0
  0
LINE
  5
3DB
330
1A
100
AcDbEntity
  8
BLACK
  6
CONTINUOUS
100
AcDbLine
 10
-1.4532703543307086
 20
1.4094450000000001
 30
0
 11
-1.453803031496063
 21
1.4099776771653543
 31
0
  0
LINE
  5
3DC
330
1A
100
AcDbEntity
  8
BLACK
  6
CONTINUOUS
100
AcDbLine
 10
-1.453803031496063
 20
1.4099776771653543
 30
0
 11
-1.4538779527559056
 21
1.4103543307086615
 31
0
  0
LINE
  5
3DD
330
1A
100
AcDbEntity
  8
BLACK
  6
CONTINUOUS
100
AcDbLine
 10
-1.4538779527559056
 20
1.4103543307086615
 30
0
 11
-1.4538779527559056
 21
1.4540551181102361
 31
0
  0
LINE
  5
3DE
330
1A
100
AcDbEntity
  8
BLACK
  6
CONTINUOUS
100
AcDbLine
 10
-1.4538779527559056
 20
1.4540551181102361
 30
0
 11
-1.453803031496063
 21
1.4544317716535433
 31
0
  0
LINE
  5
3DF
330
1A
100
AcDbEntity
  8
BLACK
  6
CONTINUOUS
100
AcDbLine
 10
-1.453803031496063
 20
1.4544317716535433
 30
0
 11
-1.4532703543307086
 21
1.4549644488188975
 31
0
  0
LINE
  5
3E0
330
1A
100
AcDbEntity
  8
BLACK
  6
CONTINUOUS
100
AcDbLine
 10
-1.4532703543307086
 20
1.4549644488188975
 30
0
 11
-1.4528937007874014
 21
1.4550393700787401
 31
0
  0
LINE
  5
3E1
330
1A
100
AcDbEntity
  8
BLACK
  6
CONTINUOUS
100
AcDbLine
 10
-1.4528937007874014
 20
1.4550393700787401
 30
0
 11
-1.4133267716535434
 21
1.4550393700787401
 31
0
  0
LINE
  5
3E2
330
1A
100
AcDbEntity
  8
BLACK
  6
CONTINUOUS
100
AcDbLine
 10
-1.4133267716535434
 20
1.4550393700787401
 30
0
 11
-1.4133267716535434
 21
1.4619291338582676
 31
0
  0
LINE
  5
3E3
330
1A
100
AcDbEntity
  8
BLACK
  6
CONTINUOUS
100
AcDbLine
 10
-1.4133267716535434
 20
1.4619291338582676
 30
0
 11
-1.4132518503937008
 21
1.4623057874015748
 31
0
  0
LINE
  5
3E4
330
1A
100
AcDbEntity
  8
BLACK
  6
CONTINUOUS
100
AcDbLine
 10
-1.4132518503937008
 20
1.4623057874015748
 30
0
 11
-1.4127191732283464
 21
1.462838464566929
 31
0
  0
LINE
  5
3E5
330
1A
100
AcDbEntity
  8
BLACK
  6
CONTINUOUS
100
AcDbLine
 10
-1.4127191732283464
 20
1.462838464566929
 30
0
 11
-1.4123425196850394
 21
1.4629133858267716
 31
0
  0
LINE
  5
3E6
330
1A
100
AcDbEntity
  8
BLACK
  6
CONTINUOUS
100
AcDbLine
 10
-1.4123425196850394
 20
1.4629133858267716
 30
0
 11
-1.3414763779527559
 21
1.4629133858267716
 31
0
  0
LINE
  5
3E7
330
1A
100
AcDbEntity
  8
BLACK
  6
CONTINUOUS
100
AcDbLine
 10
-1.3414763779527559
 20
1.4629133858267716
 30
0
 11
-1.3410997244094487
 21
1.462838464566929
 31
0
  0
LINE
  5
3E8
330
1A
100
AcDbEntity
  8
BLACK
  6
CONTINUOUS
100
AcDbLine
 10
-1.4113582677165355
 20
1.4609448818897637
 30
0
 11
-1.4113582677165355
 21
1.4540551181102361
 31
0
  0
LINE
  5
3E9
330
1A
100
AcDbEntity
  8
BLACK
  6
CONTINUOUS
100
AcDbLine
 10
-1.4113582677165355
 20
1.4540551181102361
 30
0
 11
-1.4114331889763778
 21
1.4536784645669292
 31
0
  0
LINE
  5
3EA
330
1A
100
AcDbEntity
  8
BLACK
  6
CONTINUOUS
100
AcDbLine
 10
-1.4114331889763778
 20
1.4536784645669292
 30
0
 11
-1.4119658661417323
 21
1.4531457874015747
 31
0
  0
LINE
  5
3EB
330
1A
100
AcDbEntity
  8
BLACK
  6
CONTINUOUS
100
AcDbLine
 10
-1.4119658661417323
 20
1.4531457874015747
 30
0
 11
-1.4123425196850394
 21
1.4530708661417322
 31
0
  0
LINE
  5
3EC
330
1A
100
AcDbEntity
  8
BLACK
  6
CONTINUOUS
100
AcDbLine
 10
-1.4123425196850394
 20
1.4530708661417322
 30
0
 11
-1.4519094488188975
 21
1.4530708661417322
 31
0
  0
LINE
  5
3ED
330
1A
100
AcDbEntity
  8
BLACK
  6
CONTINUOUS
100
AcDbLine
 10
-1.4519094488188975
 20
1.4530708661417322
 30
0
 11
-1.4519094488188975
 21
1.4113385826771654
 31
0
  0
LINE
  5
3EE
330
1A
100
AcDbEntity
  8
BLACK
  6
CONTINUOUS
100
AcDbLine
 10
-1.4519094488188975
 20
1.4113385826771654
 30
0
 11
-1.4123425196850394
 21
1.4113385826771654
 31
0
  0
LINE
  5
3EF
330
1A
100
AcDbEntity
  8
BLACK
  6
CONTINUOUS
100
AcDbLine
 10
-1.4123425196850394
 20
1.4113385826771654
 30
0
 11
-1.4119658661417323
 21
1.4112636614173228
 31
0
  0
LINE
  5
3F0
330
1A
100
AcDbEntity
  8
BLACK
  6
CONTINUOUS
100
AcDbLine
 10
-1.4119658661417323
 20
1.4112636614173228
 30
0
 11
-1.4114331889763778
 21
1.4107309842519684
 31
0
  0
LINE
  5
3F1
330
1A
100
AcDbEntity
  8
BLACK
  6
CONTINUOUS
100
AcDbLine
 10
-1.4114331889763778
 20
1.4107309842519684
 30
0
 11
-1.4113582677165355
 21
1.4103543307086615
 31
0
  0
LINE
  5
3F2
330
1A
100
AcDbEntity
  8
BLACK
  6
CONTINUOUS
100
AcDbLine
 10
-1.4113582677165355
 20
1.4103543307086615
 30
0
 11
-1.4113582677165355
 21
1.3796456692913386
 31
0
  0
LINE
  5
3F3
330
1A
100
AcDbEntity
  8
BLACK
  6
CONTINUOUS
100
AcDbLine
 10
-1.4113582677165355
 20
1.3796456692913386
 30
0
 11
-1.4114331889763778
 21
1.3792690157480314
 31
0
  0
LINE
  5
3F4
330
1A
100
AcDbEntity
  8
BLACK
  6
CONTINUOUS
100
AcDbLine
 10
-1.4114331889763778
 20
1.3792690157480314
 30
0
 11
-1.4119658661417323
 21
1.3787363385826772
 31
0
  0
LINE
  5
3F5
330
1A
100
AcDbEntity
  8
BLACK
  6
CONTINUOUS
100
AcDbLine
 10
-1.4119658661417323
 20
1.3787363385826772
 30
0
 11
-1.4123425196850394
 21
1.3786614173228346
 31
0
  0
LINE
  5
3F6
330
1A
100
AcDbEntity
  8
BLACK
  6
CONTINUOUS
100
AcDbLine
 10
-1.4123425196850394
 20
1.3786614173228346
 30
0
 11
-1.4519094488188975
 21
1.3786614173228346
 31
0
  0
LINE
  5
3F7
330
1A
100
AcDbEntity
  8
BLACK
  6
CONTINUOUS
100
AcDbLine
 10
-1.4519094488188975
 20
1.3786614173228346
 30
0
 11
-1.4519094488188975
 21
1.3369291338582676
 31
0
  0
LINE
  5
3F8
330
1A
100
AcDbEntity
  8
BLACK
  6
CONTINUOUS
100
AcDbLine
 10
-1.4519094488188975
 20
1.3369291338582676
 30
0
 11
-1.4123425196850394
 21
1.3369291338582676
 31
0
  0
LINE
  5
3F9
330
1A
100
AcDbEntity
  8
BLACK
  6
CONTINUOUS
100
AcDbLine
 10
-1.4123425196850394
 20
1.3369291338582676
 30
0
 11
-1.4119658661417323
 21
1.3368542125984251
 31
0
  0
LINE
  5
3FA
330
1A
100
AcDbEntity
  8
BLACK
  6
CONTINUOUS
100
AcDbLine
 10
-1.4119658661417323
 20
1.3368542125984251
 30
0
 11
-1.4114331889763778
 21
1.3363215354330709
 31
0
  0
LINE
  5
3FB
330
1A
100
AcDbEntity
  8
BLACK
  6
CONTINUOUS
100
AcDbLine
 10
-1.4114331889763778
 20
1.3363215354330709
 30
0
 11
-1.4113582677165355
 21
1.3359448818897637
 31
0
  0
LINE
  5
3FC
330
1A
100
AcDbEntity
  8
BLACK
  6
CONTINUOUS
100
AcDbLine
 10
-1.4113582677165355
 20
1.3359448818897637
 30
0
 11
-1.4113582677165355
 21
1.3290551181102361
 31
0
  0
LINE
  5
3FD
330
1A
100
AcDbEntity
  8
BLACK
  6
CONTINUOUS
100
AcDbLine
 10
-1.4113582677165355
 20
1.3290551181102361
 30
0
 11
-1.3424606299212598
 21
1.3290551181102361
 31
0
  0
LINE
  5
3FE
330
1A
100
AcDbEntity
  8
BLACK
  6
CONTINUOUS
100
AcDbLine
 10
-1.3424606299212598
 20
1.3290551181102361
 30
0
 11
-1.3424606299212598
 21
1.3733464566929134
 31
0
  0
LINE
  5
3FF
330
1A
100
AcDbEntity
  8
BLACK
  6
CONTINUOUS
100
AcDbLine
 10
-1.3424606299212598
 20
1.3733464566929134
 30
0
 11
-1.3423857086614173
 21
1.3737231102362204
 31
0
  0
LINE
  5
400
330
1A
100
AcDbEntity
  8
BLACK
  6
CONTINUOUS
100
AcDbLine
 10
-1.3423857086614173
 20
1.3737231102362204
 30
0
 11
-1.3418530314960631
 21
1.3742557874015748
 31
0
  0
LINE
  5
401
330
1A
100
AcDbEntity
  8
BLACK
  6
CONTINUOUS
100
AcDbLine
 10
-1.3418530314960631
 20
1.3742557874015748
 30
0
 11
-1.3414763779527559
 21
1.3743307086614174
 31
0
  0
LINE
  5
402
330
1A
100
AcDbEntity
  8
BLACK
  6
CONTINUOUS
100
AcDbLine
 10
-1.3414763779527559
 20
1.3743307086614174
 30
0
 11
-1.3019094488188976
 21
1.3743307086614174
 31
0
  0
LINE
  5
403
330
1A
100
AcDbEntity
  8
BLACK
  6
CONTINUOUS
100
AcDbLine
 10
-1.3019094488188976
 20
1.3743307086614174
 30
0
 11
-1.3019094488188976
 21
1.4156692913385827
 31
0
  0
LINE
  5
404
330
1A
100
AcDbEntity
  8
BLACK
  6
CONTINUOUS
100
AcDbLine
 10
-1.3019094488188976
 20
1.4156692913385827
 30
0
 11
-1.3414763779527559
 21
1.4156692913385827
 31
0
  0
LINE
  5
405
330
1A
100
AcDbEntity
  8
BLACK
  6
CONTINUOUS
100
AcDbLine
 10
-1.3414763779527559
 20
1.4156692913385827
 30
0
 11
-1.3418530314960631
 21
1.4157442125984252
 31
0
  0
LINE
  5
406
330
1A
100
AcDbEntity
  8
BLACK
  6
CONTINUOUS
100
AcDbLine
 10
-1.3418530314960631
 20
1.4157442125984252
 30
0
 11
-1.3423857086614173
 21
1.4162768897637794
 31
0
  0
LINE
  5
407
330
1A
100
AcDbEntity
  8
BLACK
  6
CONTINUOUS
100
AcDbLine
 10
-1.3423857086614173
 20
1.4162768897637794
 30
0
 11
-1.3424606299212598
 21
1.4166535433070866
 31
0
  0
LINE
  5
408
330
1A
100
AcDbEntity
  8
BLACK
  6
CONTINUOUS
100
AcDbLine
 10
-1.3424606299212598
 20
1.4166535433070866
 30
0
 11
-1.3424606299212598
 21
1.4609448818897637
 31
0
  0
LINE
  5
409
330
1A
100
AcDbEntity
  8
BLACK
  6
CONTINUOUS
100
AcDbLine
 10
-1.3424606299212598
 20
1.4609448818897637
 30
0
 11
-1.4113582677165355
 21
1.4609448818897637
 31
0
  0
LINE
  5
40A
330
1A
100
AcDbEntity
  8
BLACK
  6
CONTINUOUS
100
AcDbLine
 10
-1.4622217716535433
 20
1.4620510629921259
 30
0
 11
-1.4616890944881888
 21
1.4615183858267715
 31
0
  0
LINE
  5
40B
330
1A
100
AcDbEntity
  8
BLACK
  6
CONTINUOUS
100
AcDbLine
 10
-1.4616890944881888
 20
1.4615183858267715
 30
0
 11
-1.4616141732283465
 21
1.4611417322834646
 31
0
  0
LINE
  5
40C
330
1A
100
AcDbEntity
  8
BLACK
  6
CONTINUOUS
100
AcDbLine
 10
-1.4616141732283465
 20
1.4611417322834646
 30
0
 11
-1.4616141732283465
 21
1.3288582677165355
 31
0
  0
LINE
  5
40D
330
1A
100
AcDbEntity
  8
BLACK
  6
CONTINUOUS
100
AcDbLine
 10
-1.4616141732283465
 20
1.3288582677165355
 30
0
 11
-1.4616890944881888
 21
1.3284816141732283
 31
0
  0
LINE
  5
40E
330
1A
100
AcDbEntity
  8
BLACK
  6
CONTINUOUS
100
AcDbLine
 10
-1.4616890944881888
 20
1.3284816141732283
 30
0
 11
-1.4622217716535433
 21
1.3279489370078741
 31
0
  0
LINE
  5
40F
330
1A
100
AcDbEntity
  8
BLACK
  6
CONTINUOUS
100
AcDbLine
 10
-1.4622217716535433
 20
1.3279489370078741
 30
0
 11
-1.4625984251968505
 21
1.3278740157480315
 31
0
  0
LINE
  5
410
330
1A
100
AcDbEntity
  8
BLACK
  6
CONTINUOUS
100
AcDbLine
 10
-1.4625984251968505
 20
1.3278740157480315
 30
0
 11
-1.5374015748031495
 21
1.3278740157480315
 31
0
  0
LINE
  5
411
330
1A
100
AcDbEntity
  8
BLACK
  6
CONTINUOUS
100
AcDbLine
 10
-1.5374015748031495
 20
1.3278740157480315
 30
0
 11
-1.5377782283464567
 21
1.3279489370078741
 31
0
  0
LINE
  5
412
330
1A
100
AcDbEntity
  8
BLACK
  6
CONTINUOUS
100
AcDbLine
 10
-1.5377782283464567
 20
1.3279489370078741
 30
0
 11
-1.5383109055118109
 21
1.3284816141732283
 31
0
  0
LINE
  5
413
330
1A
100
AcDbEntity
  8
BLACK
  6
CONTINUOUS
100
AcDbLine
 10
-1.5383109055118109
 20
1.3284816141732283
 30
0
 11
-1.5383858267716535
 21
1.3288582677165355
 31
0
  0
LINE
  5
414
330
1A
100
AcDbEntity
  8
BLACK
  6
CONTINUOUS
100
AcDbLine
 10
-1.5383858267716535
 20
1.3288582677165355
 30
0
 11
-1.5383858267716535
 21
1.4611417322834646
 31
0
  0
LINE
  5
415
330
1A
100
AcDbEntity
  8
BLACK
  6
CONTINUOUS
100
AcDbLine
 10
-1.5383858267716535
 20
1.4611417322834646
 30
0
 11
-1.5383109055118109
 21
1.4615183858267715
 31
0
  0
LINE
  5
416
330
1A
100
AcDbEntity
  8
BLACK
  6
CONTINUOUS
100
AcDbLine
 10
-1.5383109055118109
 20
1.4615183858267715
 30
0
 11
-1.5377782283464567
 21
1.4620510629921259
 31
0
  0
LINE
  5
417
330
1A
100
AcDbEntity
  8
BLACK
  6
CONTINUOUS
100
AcDbLine
 10
-1.5377782283464567
 20
1.4620510629921259
 30
0
 11
-1.5374015748031495
 21
1.4621259842519685
 31
0
  0
LINE
  5
418
330
1A
100
AcDbEntity
  8
BLACK
  6
CONTINUOUS
100
AcDbLine
 10
-1.5374015748031495
 20
1.4621259842519685
 30
0
 11
-1.4625984251968505
 21
1.4621259842519685
 31
0
  0
LINE
  5
419
330
1A
100
AcDbEntity
  8
BLACK
  6
CONTINUOUS
100
AcDbLine
 10
-1.4625984251968505
 20
1.4621259842519685
 30
0
 11
-1.4622217716535433
 21
1.4620510629921259
 31
0
  0
LINE
  5
41A
330
1A
100
AcDbEntity
  8
BLACK
  6
CONTINUOUS
100
AcDbLine
 10
-1.5364173228346456
 20
1.4601574803149606
 30
0
 11
-1.5364173228346456
 21
1.3298425196850394
 31
0
  0
LINE
  5
41B
330
1A
100
AcDbEntity
  8
BLACK
  6
CONTINUOUS
100
AcDbLine
 10
-1.5364173228346456
 20
1.3298425196850394
 30
0
 11
-1.4635826771653544
 21
1.3298425196850394
 31
0
  0
LINE
  5
41C
330
1A
100
AcDbEntity
  8
BLACK
  6
CONTINUOUS
100
AcDbLine
 10
-1.4635826771653544
 20
1.3298425196850394
 30
0
 11
-1.4635826771653544
 21
1.4601574803149606
 31
0
  0
LINE
  5
41D
330
1A
100
AcDbEntity
  8
BLACK
  6
CONTINUOUS
100
AcDbLine
 10
-1.4635826771653544
 20
1.4601574803149606
 30
0
 11
-1.5364173228346456
 21
1.4601574803149606
 31
0
  0
LINE
  5
41E
330
1A
100
AcDbEntity
  8
BLACK
  6
CONTINUOUS
100
AcDbLine
 10
0.3270892519685039
 20
1.404806968503937
 30
0
 11
0.3276219291338582
 21
1.4042742913385826
 31
0
  0
LINE
  5
41F
330
1A
100
AcDbEntity
  8
BLACK
  6
CONTINUOUS
100
AcDbLine
 10
0.3276219291338582
 20
1.4042742913385826
 30
0
 11
0.3276968503937008
 21
1.4038976377952757
 31
0
  0
LINE
  5
420
330
1A
100
AcDbEntity
  8
BLACK
  6
CONTINUOUS
100
AcDbLine
 10
0.3276968503937008
 20
1.4038976377952757
 30
0
 11
0.3276968503937008
 21
1.3290944881889764
 31
0
  0
LINE
  5
421
330
1A
100
AcDbEntity
  8
BLACK
  6
CONTINUOUS
100
AcDbLine
 10
0.3276968503937008
 20
1.3290944881889764
 30
0
 11
0.3276219291338582
 21
1.3287178346456692
 31
0
  0
LINE
  5
422
330
1A
100
AcDbEntity
  8
BLACK
  6
CONTINUOUS
100
AcDbLine
 10
0.3276219291338582
 20
1.3287178346456692
 30
0
 11
0.3270892519685039
 21
1.328185157480315
 31
0
  0
LINE
  5
423
330
1A
100
AcDbEntity
  8
BLACK
  6
CONTINUOUS
100
AcDbLine
 10
0.3270892519685039
 20
1.328185157480315
 30
0
 11
0.3267125984251968
 21
1.3281102362204724
 31
0
  0
LINE
  5
424
330
1A
100
AcDbEntity
  8
BLACK
  6
CONTINUOUS
100
AcDbLine
 10
0.3267125984251968
 20
1.3281102362204724
 30
0
 11
0.1944291338582677
 21
1.3281102362204724
 31
0
  0
LINE
  5
425
330
1A
100
AcDbEntity
  8
BLACK
  6
CONTINUOUS
100
AcDbLine
 10
0.1944291338582677
 20
1.3281102362204724
 30
0
 11
0.1940524803149606
 21
1.328185157480315
 31
0
  0
LINE
  5
426
330
1A
100
AcDbEntity
  8
BLACK
  6
CONTINUOUS
100
AcDbLine
 10
0.1940524803149606
 20
1.328185157480315
 30
0
 11
0.1935198031496063
 21
1.3287178346456692
 31
0
  0
LINE
  5
427
330
1A
100
AcDbEntity
  8
BLACK
  6
CONTINUOUS
100
AcDbLine
 10
0.1935198031496063
 20
1.3287178346456692
 30
0
 11
0.1934448818897638
 21
1.3290944881889764
 31
0
  0
LINE
  5
428
330
1A
100
AcDbEntity
  8
BLACK
  6
CONTINUOUS
100
AcDbLine
 10
0.1934448818897638
 20
1.3290944881889764
 30
0
 11
0.1934448818897638
 21
1.4038976377952757
 31
0
  0
LINE
  5
429
330
1A
100
AcDbEntity
  8
BLACK
  6
CONTINUOUS
100
AcDbLine
 10
0.1934448818897638
 20
1.4038976377952757
 30
0
 11
0.1935198031496063
 21
1.4042742913385826
 31
0
  0
LINE
  5
42A
330
1A
100
AcDbEntity
  8
BLACK
  6
CONTINUOUS
100
AcDbLine
 10
0.1935198031496063
 20
1.4042742913385826
 30
0
 11
0.1940524803149606
 21
1.404806968503937
 31
0
  0
LINE
  5
42B
330
1A
100
AcDbEntity
  8
BLACK
  6
CONTINUOUS
100
AcDbLine
 10
0.1940524803149606
 20
1.404806968503937
 30
0
 11
0.1944291338582677
 21
1.4048818897637796
 31
0
  0
LINE
  5
42C
330
1A
100
AcDbEntity
  8
BLACK
  6
CONTINUOUS
100
AcDbLine
 10
0.1944291338582677
 20
1.4048818897637796
 30
0
 11
0.3267125984251968
 21
1.4048818897637796
 31
0
  0
LINE
  5
42D
330
1A
100
AcDbEntity
  8
BLACK
  6
CONTINUOUS
100
AcDbLine
 10
0.3267125984251968
 20
1.4048818897637796
 30
0
 11
0.3270892519685039
 21
1.404806968503937
 31
0
  0
LINE
  5
42E
330
1A
100
AcDbEntity
  8
BLACK
  6
CONTINUOUS
100
AcDbLine
 10
0.1954133858267716
 20
1.4029133858267717
 30
0
 11
0.1954133858267716
 21
1.3300787401574803
 31
0
  0
LINE
  5
42F
330
1A
100
AcDbEntity
  8
BLACK
  6
CONTINUOUS
100
AcDbLine
 10
0.1954133858267716
 20
1.3300787401574803
 30
0
 11
0.3257283464566929
 21
1.3300787401574803
 31
0
  0
LINE
  5
430
330
1A
100
AcDbEntity
  8
BLACK
  6
CONTINUOUS
100
AcDbLine
 10
0.3257283464566929
 20
1.3300787401574803
 30
0
 11
0.3257283464566929
 21
1.4029133858267717
 31
0
  0
LINE
  5
431
330
1A
100
AcDbEntity
  8
BLACK
  6
CONTINUOUS
100
AcDbLine
 10
0.3257283464566929
 20
1.4029133858267717
 30
0
 11
0.1954133858267716
 21
1.4029133858267717
 31
0
  0
LINE
  5
432
330
1A
100
AcDbEntity
  8
BLACK
  6
CONTINUOUS
100
AcDbLine
 10
-0.2521233464566929
 20
1.4159880708661416
 30
0
 11
-0.2515906692913386
 21
1.4154553937007874
 31
0
  0
LINE
  5
433
330
1A
100
AcDbEntity
  8
BLACK
  6
CONTINUOUS
100
AcDbLine
 10
-0.2515906692913386
 20
1.4154553937007874
 30
0
 11
-0.2515157480314961
 21
1.4150787401574803
 31
0
  0
LINE
  5
434
330
1A
100
AcDbEntity
  8
BLACK
  6
CONTINUOUS
100
AcDbLine
 10
-0.2515157480314961
 20
1.4150787401574803
 30
0
 11
-0.2515157480314961
 21
1.3379133858267716
 31
0
  0
LINE
  5
435
330
1A
100
AcDbEntity
  8
BLACK
  6
CONTINUOUS
100
AcDbLine
 10
-0.2515157480314961
 20
1.3379133858267716
 30
0
 11
-0.2515906692913386
 21
1.3375367322834646
 31
0
  0
LINE
  5
436
330
1A
100
AcDbEntity
  8
BLACK
  6
CONTINUOUS
100
AcDbLine
 10
-0.2515906692913386
 20
1.3375367322834646
 30
0
 11
-0.2521233464566929
 21
1.3370040551181102
 31
0
  0
LINE
  5
437
330
1A
100
AcDbEntity
  8
BLACK
  6
CONTINUOUS
100
AcDbLine
 10
-0.2521233464566929
 20
1.3370040551181102
 30
0
 11
-0.2525
 21
1.3369291338582676
 31
0
  0
LINE
  5
438
330
1A
100
AcDbEntity
  8
BLACK
  6
CONTINUOUS
100
AcDbLine
 10
-0.2525
 20
1.3369291338582676
 30
0
 11
-0.3863582677165354
 21
1.3369291338582676
 31
0
  0
LINE
  5
439
330
1A
100
AcDbEntity
  8
BLACK
  6
CONTINUOUS
100
AcDbLine
 10
-0.3863582677165354
 20
1.3369291338582676
 30
0
 11
-0.3867349212598425
 21
1.3370040551181102
 31
0
  0
LINE
  5
43A
330
1A
100
AcDbEntity
  8
BLACK
  6
CONTINUOUS
100
AcDbLine
 10
-0.3867349212598425
 20
1.3370040551181102
 30
0
 11
-0.3872675984251969
 21
1.3375367322834646
 31
0
  0
LINE
  5
43B
330
1A
100
AcDbEntity
  8
BLACK
  6
CONTINUOUS
100
AcDbLine
 10
-0.3872675984251969
 20
1.3375367322834646
 30
0
 11
-0.3873425196850394
 21
1.3379133858267716
 31
0
  0
LINE
  5
43C
330
1A
100
AcDbEntity
  8
BLACK
  6
CONTINUOUS
100
AcDbLine
 10
-0.3873425196850394
 20
1.3379133858267716
 30
0
 11
-0.3873425196850394
 21
1.4150787401574803
 31
0
  0
LINE
  5
43D
330
1A
100
AcDbEntity
  8
BLACK
  6
CONTINUOUS
100
AcDbLine
 10
-0.3873425196850394
 20
1.4150787401574803
 30
0
 11
-0.3872675984251969
 21
1.4154553937007874
 31
0
  0
LINE
  5
43E
330
1A
100
AcDbEntity
  8
BLACK
  6
CONTINUOUS
100
AcDbLine
 10
-0.3872675984251969
 20
1.4154553937007874
 30
0
 11
-0.3867349212598425
 21
1.4159880708661416
 31
0
  0
LINE
  5
43F
330
1A
100
AcDbEntity
  8
BLACK
  6
CONTINUOUS
100
AcDbLine
 10
-0.3867349212598425
 20
1.4159880708661416
 30
0
 11
-0.3863582677165354
 21
1.4160629921259842
 31
0
  0
LINE
  5
440
330
1A
100
AcDbEntity
  8
BLACK
  6
CONTINUOUS
100
AcDbLine
 10
-0.3863582677165354
 20
1.4160629921259842
 30
0
 11
-0.2525
 21
1.4160629921259842
 31
0
  0
LINE
  5
441
330
1A
100
AcDbEntity
  8
BLACK
  6
CONTINUOUS
100
AcDbLine
 10
-0.2525
 20
1.4160629921259842
 30
0
 11
-0.2521233464566929
 21
1.4159880708661416
 31
0
  0
LINE
  5
442
330
1A
100
AcDbEntity
  8
BLACK
  6
CONTINUOUS
100
AcDbLine
 10
-0.3853740157480315
 20
1.4140944881889763
 30
0
 11
-0.3853740157480315
 21
1.3388976377952755
 31
0
  0
LINE
  5
443
330
1A
100
AcDbEntity
  8
BLACK
  6
CONTINUOUS
100
AcDbLine
 10
-0.3853740157480315
 20
1.3388976377952755
 30
0
 11
-0.2534842519685039
 21
1.3388976377952755
 31
0
  0
LINE
  5
444
330
1A
100
AcDbEntity
  8
BLACK
  6
CONTINUOUS
100
AcDbLine
 10
-0.2534842519685039
 20
1.3388976377952755
 30
0
 11
-0.2534842519685039
 21
1.4140944881889763
 31
0
  0
LINE
  5
445
330
1A
100
AcDbEntity
  8
BLACK
  6
CONTINUOUS
100
AcDbLine
 10
-0.2534842519685039
 20
1.4140944881889763
 30
0
 11
-0.3853740157480315
 21
1.4140944881889763
 31
0
  0
LINE
  5
446
330
1A
100
AcDbEntity
  8
BLACK
  6
CONTINUOUS
100
AcDbLine
 10
-0.9279698031496063
 20
1.5128384645669291
 30
0
 11
-0.927437125984252
 21
1.5123057874015748
 31
0
  0
LINE
  5
447
330
1A
100
AcDbEntity
  8
BLACK
  6
CONTINUOUS
100
AcDbLine
 10
-0.927437125984252
 20
1.5123057874015748
 30
0
 11
-0.9273622047244094
 21
1.5119291338582677
 31
0
  0
LINE
  5
448
330
1A
100
AcDbEntity
  8
BLACK
  6
CONTINUOUS
100
AcDbLine
 10
-0.9273622047244094
 20
1.5119291338582677
 30
0
 11
-0.9273622047244094
 21
1.3780708661417322
 31
0
  0
LINE
  5
449
330
1A
100
AcDbEntity
  8
BLACK
  6
CONTINUOUS
100
AcDbLine
 10
-0.9273622047244094
 20
1.3780708661417322
 30
0
 11
-0.927437125984252
 21
1.3776942125984251
 31
0
  0
LINE
  5
44A
330
1A
100
AcDbEntity
  8
BLACK
  6
CONTINUOUS
100
AcDbLine
 10
-0.927437125984252
 20
1.3776942125984251
 30
0
 11
-0.9279698031496063
 21
1.3771615354330708
 31
0
  0
LINE
  5
44B
330
1A
100
AcDbEntity
  8
BLACK
  6
CONTINUOUS
100
AcDbLine
 10
-0.9279698031496063
 20
1.3771615354330708
 30
0
 11
-0.9283464566929134
 21
1.3770866141732283
 31
0
  0
LINE
  5
44C
330
1A
100
AcDbEntity
  8
BLACK
  6
CONTINUOUS
100
AcDbLine
 10
-0.9283464566929134
 20
1.3770866141732283
 30
0
 11
-1.0055118110236221
 21
1.3770866141732283
 31
0
  0
LINE
  5
44D
330
1A
100
AcDbEntity
  8
BLACK
  6
CONTINUOUS
100
AcDbLine
 10
-1.0055118110236221
 20
1.3770866141732283
 30
0
 11
-1.005888464566929
 21
1.3771615354330708
 31
0
  0
LINE
  5
44E
330
1A
100
AcDbEntity
  8
BLACK
  6
CONTINUOUS
100
AcDbLine
 10
-1.005888464566929
 20
1.3771615354330708
 30
0
 11
-1.0064211417322835
 21
1.3776942125984251
 31
0
  0
LINE
  5
44F
330
1A
100
AcDbEntity
  8
BLACK
  6
CONTINUOUS
100
AcDbLine
 10
-1.0064211417322835
 20
1.3776942125984251
 30
0
 11
-1.006496062992126
 21
1.3780708661417322
 31
0
  0
LINE
  5
450
330
1A
100
AcDbEntity
  8
BLACK
  6
CONTINUOUS
100
AcDbLine
 10
-1.006496062992126
 20
1.3780708661417322
 30
0
 11
-1.006496062992126
 21
1.5119291338582677
 31
0
  0
LINE
  5
451
330
1A
100
AcDbEntity
  8
BLACK
  6
CONTINUOUS
100
AcDbLine
 10
-1.006496062992126
 20
1.5119291338582677
 30
0
 11
-1.0064211417322835
 21
1.5123057874015748
 31
0
  0
LINE
  5
452
330
1A
100
AcDbEntity
  8
BLACK
  6
CONTINUOUS
100
AcDbLine
 10
-1.0064211417322835
 20
1.5123057874015748
 30
0
 11
-1.005888464566929
 21
1.5128384645669291
 31
0
  0
LINE
  5
453
330
1A
100
AcDbEntity
  8
BLACK
  6
CONTINUOUS
100
AcDbLine
 10
-1.005888464566929
 20
1.5128384645669291
 30
0
 11
-1.0055118110236221
 21
1.5129133858267716
 31
0
  0
LINE
  5
454
330
1A
100
AcDbEntity
  8
BLACK
  6
CONTINUOUS
100
AcDbLine
 10
-1.0055118110236221
 20
1.5129133858267716
 30
0
 11
-0.9283464566929134
 21
1.5129133858267716
 31
0
  0
LINE
  5
455
330
1A
100
AcDbEntity
  8
BLACK
  6
CONTINUOUS
100
AcDbLine
 10
-0.9283464566929134
 20
1.5129133858267716
 30
0
 11
-0.9279698031496063
 21
1.5128384645669291
 31
0
  0
LINE
  5
456
330
1A
100
AcDbEntity
  8
BLACK
  6
CONTINUOUS
100
AcDbLine
 10
-1.0045275590551181
 20
1.5109448818897637
 30
0
 11
-1.0045275590551181
 21
1.3790551181102362
 31
0
  0
LINE
  5
457
330
1A
100
AcDbEntity
  8
BLACK
  6
CONTINUOUS
100
AcDbLine
 10
-1.0045275590551181
 20
1.3790551181102362
 30
0
 11
-0.9293307086614173
 21
1.3790551181102362
 31
0
  0
LINE
  5
458
330
1A
100
AcDbEntity
  8
BLACK
  6
CONTINUOUS
100
AcDbLine
 10
-0.9293307086614173
 20
1.3790551181102362
 30
0
 11
-0.9293307086614173
 21
1.5109448818897637
 31
0
  0
LINE
  5
459
330
1A
100
AcDbEntity
  8
BLACK
  6
CONTINUOUS
100
AcDbLine
 10
-0.9293307086614173
 20
1.5109448818897637
 30
0
 11
-1.0045275590551181
 21
1.5109448818897637
 31
0
  0
LINE
  5
45A
330
1A
100
AcDbEntity
  8
BLACK
  6
CONTINUOUS
100
AcDbLine
 10
1.3300616929133857
 20
1.610082559055118
 30
0
 11
1.3305943700787402
 21
1.6095498818897638
 31
0
  0
LINE
  5
45B
330
1A
100
AcDbEntity
  8
BLACK
  6
CONTINUOUS
100
AcDbLine
 10
1.3305943700787402
 20
1.6095498818897638
 30
0
 11
1.3306692913385827
 21
1.6091732283464566
 31
0
  0
LINE
  5
45C
330
1A
100
AcDbEntity
  8
BLACK
  6
CONTINUOUS
100
AcDbLine
 10
1.3306692913385827
 20
1.6091732283464566
 30
0
 11
1.3306692913385827
 21
1.3808267716535432
 31
0
  0
LINE
  5
45D
330
1A
100
AcDbEntity
  8
BLACK
  6
CONTINUOUS
100
AcDbLine
 10
1.3306692913385827
 20
1.3808267716535432
 30
0
 11
1.3305943700787402
 21
1.3804501181102362
 31
0
  0
LINE
  5
45E
330
1A
100
AcDbEntity
  8
BLACK
  6
CONTINUOUS
100
AcDbLine
 10
1.3305943700787402
 20
1.3804501181102362
 30
0
 11
1.3300616929133857
 21
1.3799174409448818
 31
0
  0
LINE
  5
45F
330
1A
100
AcDbEntity
  8
BLACK
  6
CONTINUOUS
100
AcDbLine
 10
1.3300616929133857
 20
1.3799174409448818
 30
0
 11
1.3296850393700788
 21
1.3798425196850392
 31
0
  0
LINE
  5
460
330
1A
100
AcDbEntity
  8
BLACK
  6
CONTINUOUS
100
AcDbLine
 10
1.3296850393700788
 20
1.3798425196850392
 30
0
 11
1.0619685039370079
 21
1.3798425196850392
 31
0
  0
LINE
  5
461
330
1A
100
AcDbEntity
  8
BLACK
  6
CONTINUOUS
100
AcDbLine
 10
1.0619685039370079
 20
1.3798425196850392
 30
0
 11
1.0615918503937007
 21
1.3799174409448818
 31
0
  0
LINE
  5
462
330
1A
100
AcDbEntity
  8
BLACK
  6
CONTINUOUS
100
AcDbLine
 10
1.0615918503937007
 20
1.3799174409448818
 30
0
 11
1.0610591732283465
 21
1.3804501181102362
 31
0
  0
LINE
  5
463
330
1A
100
AcDbEntity
  8
BLACK
  6
CONTINUOUS
100
AcDbLine
 10
1.0610591732283465
 20
1.3804501181102362
 30
0
 11
1.060984251968504
 21
1.3808267716535432
 31
0
  0
LINE
  5
464
330
1A
100
AcDbEntity
  8
BLACK
  6
CONTINUOUS
100
AcDbLine
 10
1.060984251968504
 20
1.3808267716535432
 30
0
 11
1.060984251968504
 21
1.6091732283464566
 31
0
  0
LINE
  5
465
330
1A
100
AcDbEntity
  8
BLACK
  6
CONTINUOUS
100
AcDbLine
 10
1.060984251968504
 20
1.6091732283464566
 30
0
 11
1.0610591732283465
 21
1.6095498818897638
 31
0
  0
LINE
  5
466
330
1A
100
AcDbEntity
  8
BLACK
  6
CONTINUOUS
100
AcDbLine
 10
1.0610591732283465
 20
1.6095498818897638
 30
0
 11
1.0615918503937007
 21
1.610082559055118
 31
0
  0
LINE
  5
467
330
1A
100
AcDbEntity
  8
BLACK
  6
CONTINUOUS
100
AcDbLine
 10
1.0615918503937007
 20
1.610082559055118
 30
0
 11
1.0619685039370079
 21
1.6101574803149605
 31
0
  0
LINE
  5
468
330
1A
100
AcDbEntity
  8
BLACK
  6
CONTINUOUS
100
AcDbLine
 10
1.0619685039370079
 20
1.6101574803149605
 30
0
 11
1.3296850393700788
 21
1.6101574803149605
 31
0
  0
LINE
  5
469
330
1A
100
AcDbEntity
  8
BLACK
  6
CONTINUOUS
100
AcDbLine
 10
1.3296850393700788
 20
1.6101574803149605
 30
0
 11
1.3300616929133857
 21
1.610082559055118
 31
0
  0
LINE
  5
46A
330
1A
100
AcDbEntity
  8
BLACK
  6
CONTINUOUS
100
AcDbLine
 10
1.0629527559055119
 20
1.6081889763779527
 30
0
 11
1.0629527559055119
 21
1.3818110236220471
 31
0
  0
LINE
  5
46B
330
1A
100
AcDbEntity
  8
BLACK
  6
CONTINUOUS
100
AcDbLine
 10
1.0629527559055119
 20
1.3818110236220471
 30
0
 11
1.3287007874015748
 21
1.3818110236220471
 31
0
  0
LINE
  5
46C
330
1A
100
AcDbEntity
  8
BLACK
  6
CONTINUOUS
100
AcDbLine
 10
1.3287007874015748
 20
1.3818110236220471
 30
0
 11
1.3287007874015748
 21
1.6081889763779527
 31
0
  0
LINE
  5
46D
330
1A
100
AcDbEntity
  8
BLACK
  6
CONTINUOUS
100
AcDbLine
 10
1.3287007874015748
 20
1.6081889763779527
 30
0
 11
1.0629527559055119
 21
1.6081889763779527
 31
0
  0
LINE
  5
46E
330
1A
100
AcDbEntity
  8
BLACK
  6
CONTINUOUS
100
AcDbLine
 10
0.140849094488189
 20
1.521047125984252
 30
0
 11
0.1413817716535433
 21
1.5205144488188975
 31
0
  0
LINE
  5
46F
330
1A
100
AcDbEntity
  8
BLACK
  6
CONTINUOUS
100
AcDbLine
 10
0.1413817716535433
 20
1.5205144488188975
 30
0
 11
0.1414566929133858
 21
1.5201377952755906
 31
0
  0
LINE
  5
470
330
1A
100
AcDbEntity
  8
BLACK
  6
CONTINUOUS
100
AcDbLine
 10
0.1414566929133858
 20
1.5201377952755906
 30
0
 11
0.1414566929133858
 21
1.3878543307086615
 31
0
  0
LINE
  5
471
330
1A
100
AcDbEntity
  8
BLACK
  6
CONTINUOUS
100
AcDbLine
 10
0.1414566929133858
 20
1.3878543307086615
 30
0
 11
0.1413817716535433
 21
1.3874776771653543
 31
0
  0
LINE
  5
472
330
1A
100
AcDbEntity
  8
BLACK
  6
CONTINUOUS
100
AcDbLine
 10
0.1413817716535433
 20
1.3874776771653543
 30
0
 11
0.140849094488189
 21
1.3869449999999999
 31
0
  0
LINE
  5
473
330
1A
100
AcDbEntity
  8
BLACK
  6
CONTINUOUS
100
AcDbLine
 10
0.140849094488189
 20
1.3869449999999999
 30
0
 11
0.1404724409448819
 21
1.3868700787401576
 31
0
  0
LINE
  5
474
330
1A
100
AcDbEntity
  8
BLACK
  6
CONTINUOUS
100
AcDbLine
 10
0.1404724409448819
 20
1.3868700787401576
 30
0
 11
0.0656692913385827
 21
1.3868700787401576
 31
0
  0
LINE
  5
475
330
1A
100
AcDbEntity
  8
BLACK
  6
CONTINUOUS
100
AcDbLine
 10
0.0656692913385827
 20
1.3868700787401576
 30
0
 11
0.0652926377952756
 21
1.3869449999999999
 31
0
  0
LINE
  5
476
330
1A
100
AcDbEntity
  8
BLACK
  6
CONTINUOUS
100
AcDbLine
 10
0.0652926377952756
 20
1.3869449999999999
 30
0
 11
0.0647599606299213
 21
1.3874776771653543
 31
0
  0
LINE
  5
477
330
1A
100
AcDbEntity
  8
BLACK
  6
CONTINUOUS
100
AcDbLine
 10
0.0647599606299213
 20
1.3874776771653543
 30
0
 11
0.0646850393700787
 21
1.3878543307086615
 31
0
  0
LINE
  5
478
330
1A
100
AcDbEntity
  8
BLACK
  6
CONTINUOUS
100
AcDbLine
 10
0.0646850393700787
 20
1.3878543307086615
 30
0
 11
0.0646850393700787
 21
1.5201377952755906
 31
0
  0
LINE
  5
479
330
1A
100
AcDbEntity
  8
BLACK
  6
CONTINUOUS
100
AcDbLine
 10
0.0646850393700787
 20
1.5201377952755906
 30
0
 11
0.0647599606299213
 21
1.5205144488188975
 31
0
  0
LINE
  5
47A
330
1A
100
AcDbEntity
  8
BLACK
  6
CONTINUOUS
100
AcDbLine
 10
0.0647599606299213
 20
1.5205144488188975
 30
0
 11
0.0652926377952756
 21
1.521047125984252
 31
0
  0
LINE
  5
47B
330
1A
100
AcDbEntity
  8
BLACK
  6
CONTINUOUS
100
AcDbLine
 10
0.0652926377952756
 20
1.521047125984252
 30
0
 11
0.0656692913385827
 21
1.5211220472440945
 31
0
  0
LINE
  5
47C
330
1A
100
AcDbEntity
  8
BLACK
  6
CONTINUOUS
100
AcDbLine
 10
0.0656692913385827
 20
1.5211220472440945
 30
0
 11
0.1404724409448819
 21
1.5211220472440945
 31
0
  0
LINE
  5
47D
330
1A
100
AcDbEntity
  8
BLACK
  6
CONTINUOUS
100
AcDbLine
 10
0.1404724409448819
 20
1.5211220472440945
 30
0
 11
0.140849094488189
 21
1.521047125984252
 31
0
  0
LINE
  5
47E
330
1A
100
AcDbEntity
  8
BLACK
  6
CONTINUOUS
100
AcDbLine
 10
0.0666535433070866
 20
1.5191535433070866
 30
0
 11
0.0666535433070866
 21
1.3888385826771654
 31
0
  0
LINE
  5
47F
330
1A
100
AcDbEntity
  8
BLACK
  6
CONTINUOUS
100
AcDbLine
 10
0.0666535433070866
 20
1.3888385826771654
 30
0
 11
0.1394881889763779
 21
1.3888385826771654
 31
0
  0
LINE
  5
480
330
1A
100
AcDbEntity
  8
BLACK
  6
CONTINUOUS
100
AcDbLine
 10
0.1394881889763779
 20
1.3888385826771654
 30
0
 11
0.1394881889763779
 21
1.5191535433070866
 31
0
  0
LINE
  5
481
330
1A
100
AcDbEntity
  8
BLACK
  6
CONTINUOUS
100
AcDbLine
 10
0.1394881889763779
 20
1.5191535433070866
 30
0
 11
0.0666535433070866
 21
1.5191535433070866
 31
0
  0
LINE
  5
482
330
1A
100
AcDbEntity
  8
BLACK
  6
CONTINUOUS
100
AcDbLine
 10
-0.7999973622047244
 20
1.5229368897637794
 30
0
 11
-0.7994646850393701
 21
1.5224042125984252
 31
0
  0
LINE
  5
483
330
1A
100
AcDbEntity
  8
BLACK
  6
CONTINUOUS
100
AcDbLine
 10
-0.7994646850393701
 20
1.5224042125984252
 30
0
 11
-0.7993897637795275
 21
1.522027559055118
 31
0
  0
LINE
  5
484
330
1A
100
AcDbEntity
  8
BLACK
  6
CONTINUOUS
100
AcDbLine
 10
-0.7993897637795275
 20
1.522027559055118
 30
0
 11
-0.7993897637795275
 21
1.5151377952755904
 31
0
  0
LINE
  5
485
330
1A
100
AcDbEntity
  8
BLACK
  6
CONTINUOUS
100
AcDbLine
 10
-0.7993897637795275
 20
1.5151377952755904
 30
0
 11
-0.7610039370078741
 21
1.5151377952755904
 31
0
  0
LINE
  5
486
330
1A
100
AcDbEntity
  8
BLACK
  6
CONTINUOUS
100
AcDbLine
 10
-0.7610039370078741
 20
1.5151377952755904
 30
0
 11
-0.7606272834645669
 21
1.5150628740157479
 31
0
  0
LINE
  5
487
330
1A
100
AcDbEntity
  8
BLACK
  6
CONTINUOUS
100
AcDbLine
 10
-0.7606272834645669
 20
1.5150628740157479
 30
0
 11
-0.7600946062992125
 21
1.5145301968503937
 31
0
  0
LINE
  5
488
330
1A
100
AcDbEntity
  8
BLACK
  6
CONTINUOUS
100
AcDbLine
 10
-0.7600946062992125
 20
1.5145301968503937
 30
0
 11
-0.76001968503937
 21
1.5141535433070865
 31
0
  0
LINE
  5
489
330
1A
100
AcDbEntity
  8
BLACK
  6
CONTINUOUS
100
AcDbLine
 10
-0.76001968503937
 20
1.5141535433070865
 30
0
 11
-0.76001968503937
 21
1.4704527559055118
 31
0
  0
LINE
  5
48A
330
1A
100
AcDbEntity
  8
BLACK
  6
CONTINUOUS
100
AcDbLine
 10
-0.76001968503937
 20
1.4704527559055118
 30
0
 11
-0.7600946062992125
 21
1.4700761023622047
 31
0
  0
LINE
  5
48B
330
1A
100
AcDbEntity
  8
BLACK
  6
CONTINUOUS
100
AcDbLine
 10
-0.7600946062992125
 20
1.4700761023622047
 30
0
 11
-0.7606272834645669
 21
1.4695434251968504
 31
0
  0
LINE
  5
48C
330
1A
100
AcDbEntity
  8
BLACK
  6
CONTINUOUS
100
AcDbLine
 10
-0.7606272834645669
 20
1.4695434251968504
 30
0
 11
-0.7610039370078741
 21
1.4694685039370079
 31
0
  0
LINE
  5
48D
330
1A
100
AcDbEntity
  8
BLACK
  6
CONTINUOUS
100
AcDbLine
 10
-0.7610039370078741
 20
1.4694685039370079
 30
0
 11
-0.7993897637795275
 21
1.4694685039370079
 31
0
  0
LINE
  5
48E
330
1A
100
AcDbEntity
  8
BLACK
  6
CONTINUOUS
100
AcDbLine
 10
-0.7993897637795275
 20
1.4694685039370079
 30
0
 11
-0.7993897637795275
 21
1.4407283464566929
 31
0
  0
LINE
  5
48F
330
1A
100
AcDbEntity
  8
BLACK
  6
CONTINUOUS
100
AcDbLine
 10
-0.7993897637795275
 20
1.4407283464566929
 30
0
 11
-0.7610039370078741
 21
1.4407283464566929
 31
0
  0
LINE
  5
490
330
1A
100
AcDbEntity
  8
BLACK
  6
CONTINUOUS
100
AcDbLine
 10
-0.7610039370078741
 20
1.4407283464566929
 30
0
 11
-0.7606272834645669
 21
1.4406534251968504
 31
0
  0
LINE
  5
491
330
1A
100
AcDbEntity
  8
BLACK
  6
CONTINUOUS
100
AcDbLine
 10
-0.7606272834645669
 20
1.4406534251968504
 30
0
 11
-0.7600946062992125
 21
1.4401207480314959
 31
0
  0
LINE
  5
492
330
1A
100
AcDbEntity
  8
BLACK
  6
CONTINUOUS
100
AcDbLine
 10
-0.7600946062992125
 20
1.4401207480314959
 30
0
 11
-0.76001968503937
 21
1.439744094488189
 31
0
  0
LINE
  5
493
330
1A
100
AcDbEntity
  8
BLACK
  6
CONTINUOUS
100
AcDbLine
 10
-0.76001968503937
 20
1.439744094488189
 30
0
 11
-0.76001968503937
 21
1.3960433070866141
 31
0
  0
LINE
  5
494
330
1A
100
AcDbEntity
  8
BLACK
  6
CONTINUOUS
100
AcDbLine
 10
-0.76001968503937
 20
1.3960433070866141
 30
0
 11
-0.7600946062992125
 21
1.3956666535433071
 31
0
  0
LINE
  5
495
330
1A
100
AcDbEntity
  8
BLACK
  6
CONTINUOUS
100
AcDbLine
 10
-0.7600946062992125
 20
1.3956666535433071
 30
0
 11
-0.7606272834645669
 21
1.3951339763779527
 31
0
  0
LINE
  5
496
330
1A
100
AcDbEntity
  8
BLACK
  6
CONTINUOUS
100
AcDbLine
 10
-0.7606272834645669
 20
1.3951339763779527
 30
0
 11
-0.7610039370078741
 21
1.3950590551181101
 31
0
  0
LINE
  5
497
330
1A
100
AcDbEntity
  8
BLACK
  6
CONTINUOUS
100
AcDbLine
 10
-0.7610039370078741
 20
1.3950590551181101
 30
0
 11
-0.7993897637795275
 21
1.3950590551181101
 31
0
  0
LINE
  5
498
330
1A
100
AcDbEntity
  8
BLACK
  6
CONTINUOUS
100
AcDbLine
 10
-0.7993897637795275
 20
1.3950590551181101
 30
0
 11
-0.7993897637795275
 21
1.3881692913385826
 31
0
  0
LINE
  5
499
330
1A
100
AcDbEntity
  8
BLACK
  6
CONTINUOUS
100
AcDbLine
 10
-0.7993897637795275
 20
1.3881692913385826
 30
0
 11
-0.7994646850393701
 21
1.3877926377952756
 31
0
  0
LINE
  5
49A
330
1A
100
AcDbEntity
  8
BLACK
  6
CONTINUOUS
100
AcDbLine
 10
-0.7994646850393701
 20
1.3877926377952756
 30
0
 11
-0.7999973622047244
 21
1.3872599606299212
 31
0
  0
LINE
  5
49B
330
1A
100
AcDbEntity
  8
BLACK
  6
CONTINUOUS
100
AcDbLine
 10
-0.7999973622047244
 20
1.3872599606299212
 30
0
 11
-0.8003740157480315
 21
1.3871850393700786
 31
0
  0
LINE
  5
49C
330
1A
100
AcDbEntity
  8
BLACK
  6
CONTINUOUS
100
AcDbLine
 10
-0.8003740157480315
 20
1.3871850393700786
 30
0
 11
-0.8830511811023621
 21
1.3871850393700786
 31
0
  0
LINE
  5
49D
330
1A
100
AcDbEntity
  8
BLACK
  6
CONTINUOUS
100
AcDbLine
 10
-0.8830511811023621
 20
1.3871850393700786
 30
0
 11
-0.8834278346456693
 21
1.3872599606299212
 31
0
  0
LINE
  5
49E
330
1A
100
AcDbEntity
  8
BLACK
  6
CONTINUOUS
100
AcDbLine
 10
-0.8834278346456693
 20
1.3872599606299212
 30
0
 11
-0.8839605118110236
 21
1.3877926377952756
 31
0
  0
LINE
  5
49F
330
1A
100
AcDbEntity
  8
BLACK
  6
CONTINUOUS
100
AcDbLine
 10
-0.8839605118110236
 20
1.3877926377952756
 30
0
 11
-0.8840354330708661
 21
1.3881692913385826
 31
0
  0
LINE
  5
4A0
330
1A
100
AcDbEntity
  8
BLACK
  6
CONTINUOUS
100
AcDbLine
 10
-0.8840354330708661
 20
1.3881692913385826
 30
0
 11
-0.8840354330708661
 21
1.3950590551181101
 31
0
  0
LINE
  5
4A1
330
1A
100
AcDbEntity
  8
BLACK
  6
CONTINUOUS
100
AcDbLine
 10
-0.8840354330708661
 20
1.3950590551181101
 30
0
 11
-0.9224212598425197
 21
1.3950590551181101
 31
0
  0
LINE
  5
4A2
330
1A
100
AcDbEntity
  8
BLACK
  6
CONTINUOUS
100
AcDbLine
 10
-0.9224212598425197
 20
1.3950590551181101
 30
0
 11
-0.9227979133858267
 21
1.3951339763779527
 31
0
  0
LINE
  5
4A3
330
1A
100
AcDbEntity
  8
BLACK
  6
CONTINUOUS
100
AcDbLine
 10
-0.9227979133858267
 20
1.3951339763779527
 30
0
 11
-0.9233305905511811
 21
1.3956666535433071
 31
0
  0
LINE
  5
4A4
330
1A
100
AcDbEntity
  8
BLACK
  6
CONTINUOUS
100
AcDbLine
 10
-0.9233305905511811
 20
1.3956666535433071
 30
0
 11
-0.9234055118110236
 21
1.3960433070866141
 31
0
  0
LINE
  5
4A5
330
1A
100
AcDbEntity
  8
BLACK
  6
CONTINUOUS
100
AcDbLine
 10
-0.9234055118110236
 20
1.3960433070866141
 30
0
 11
-0.9234055118110236
 21
1.5141535433070865
 31
0
  0
LINE
  5
4A6
330
1A
100
AcDbEntity
  8
BLACK
  6
CONTINUOUS
100
AcDbLine
 10
-0.9234055118110236
 20
1.5141535433070865
 30
0
 11
-0.9233305905511811
 21
1.5145301968503937
 31
0
  0
LINE
  5
4A7
330
1A
100
AcDbEntity
  8
BLACK
  6
CONTINUOUS
100
AcDbLine
 10
-0.9233305905511811
 20
1.5145301968503937
 30
0
 11
-0.9227979133858267
 21
1.5150628740157479
 31
0
  0
LINE
  5
4A8
330
1A
100
AcDbEntity
  8
BLACK
  6
CONTINUOUS
100
AcDbLine
 10
-0.9227979133858267
 20
1.5150628740157479
 30
0
 11
-0.9224212598425197
 21
1.5151377952755904
 31
0
  0
LINE
  5
4A9
330
1A
100
AcDbEntity
  8
BLACK
  6
CONTINUOUS
100
AcDbLine
 10
-0.9224212598425197
 20
1.5151377952755904
 30
0
 11
-0.8840354330708661
 21
1.5151377952755904
 31
0
  0
LINE
  5
4AA
330
1A
100
AcDbEntity
  8
BLACK
  6
CONTINUOUS
100
AcDbLine
 10
-0.8840354330708661
 20
1.5151377952755904
 30
0
 11
-0.8840354330708661
 21
1.522027559055118
 31
0
  0
LINE
  5
4AB
330
1A
100
AcDbEntity
  8
BLACK
  6
CONTINUOUS
100
AcDbLine
 10
-0.8840354330708661
 20
1.522027559055118
 30
0
 11
-0.8839605118110236
 21
1.5224042125984252
 31
0
  0
LINE
  5
4AC
330
1A
100
AcDbEntity
  8
BLACK
  6
CONTINUOUS
100
AcDbLine
 10
-0.8839605118110236
 20
1.5224042125984252
 30
0
 11
-0.8834278346456693
 21
1.5229368897637794
 31
0
  0
LINE
  5
4AD
330
1A
100
AcDbEntity
  8
BLACK
  6
CONTINUOUS
100
AcDbLine
 10
-0.8834278346456693
 20
1.5229368897637794
 30
0
 11
-0.8830511811023621
 21
1.5230118110236219
 31
0
  0
LINE
  5
4AE
330
1A
100
AcDbEntity
  8
BLACK
  6
CONTINUOUS
100
AcDbLine
 10
-0.8830511811023621
 20
1.5230118110236219
 30
0
 11
-0.8003740157480315
 21
1.5230118110236219
 31
0
  0
LINE
  5
4AF
330
1A
100
AcDbEntity
  8
BLACK
  6
CONTINUOUS
100
AcDbLine
 10
-0.8003740157480315
 20
1.5230118110236219
 30
0
 11
-0.7999973622047244
 21
1.5229368897637794
 31
0
  0
LINE
  5
4B0
330
1A
100
AcDbEntity
  8
BLACK
  6
CONTINUOUS
100
AcDbLine
 10
-0.8820669291338582
 20
1.5210433070866141
 30
0
 11
-0.8820669291338582
 21
1.5141535433070865
 31
0
  0
LINE
  5
4B1
330
1A
100
AcDbEntity
  8
BLACK
  6
CONTINUOUS
100
AcDbLine
 10
-0.8820669291338582
 20
1.5141535433070865
 30
0
 11
-0.8821418503937007
 21
1.5137768897637796
 31
0
  0
LINE
  5
4B2
330
1A
100
AcDbEntity
  8
BLACK
  6
CONTINUOUS
100
AcDbLine
 10
-0.8821418503937007
 20
1.5137768897637796
 30
0
 11
-0.8826745275590551
 21
1.5132442125984251
 31
0
  0
LINE
  5
4B3
330
1A
100
AcDbEntity
  8
BLACK
  6
CONTINUOUS
100
AcDbLine
 10
-0.8826745275590551
 20
1.5132442125984251
 30
0
 11
-0.8830511811023621
 21
1.5131692913385826
 31
0
  0
LINE
  5
4B4
330
1A
100
AcDbEntity
  8
BLACK
  6
CONTINUOUS
100
AcDbLine
 10
-0.8830511811023621
 20
1.5131692913385826
 30
0
 11
-0.9214370078740157
 21
1.5131692913385826
 31
0
  0
LINE
  5
4B5
330
1A
100
AcDbEntity
  8
BLACK
  6
CONTINUOUS
100
AcDbLine
 10
-0.9214370078740157
 20
1.5131692913385826
 30
0
 11
-0.9214370078740157
 21
1.397027559055118
 31
0
  0
LINE
  5
4B6
330
1A
100
AcDbEntity
  8
BLACK
  6
CONTINUOUS
100
AcDbLine
 10
-0.9214370078740157
 20
1.397027559055118
 30
0
 11
-0.8830511811023621
 21
1.397027559055118
 31
0
  0
LINE
  5
4B7
330
1A
100
AcDbEntity
  8
BLACK
  6
CONTINUOUS
100
AcDbLine
 10
-0.8830511811023621
 20
1.397027559055118
 30
0
 11
-0.8826745275590551
 21
1.3969526377952755
 31
0
  0
LINE
  5
4B8
330
1A
100
AcDbEntity
  8
BLACK
  6
CONTINUOUS
100
AcDbLine
 10
-0.8826745275590551
 20
1.3969526377952755
 30
0
 11
-0.8821418503937007
 21
1.3964199606299212
 31
0
  0
LINE
  5
4B9
330
1A
100
AcDbEntity
  8
BLACK
  6
CONTINUOUS
100
AcDbLine
 10
-0.8821418503937007
 20
1.3964199606299212
 30
0
 11
-0.8820669291338582
 21
1.3960433070866141
 31
0
  0
LINE
  5
4BA
330
1A
100
AcDbEntity
  8
BLACK
  6
CONTINUOUS
100
AcDbLine
 10
-0.8820669291338582
 20
1.3960433070866141
 30
0
 11
-0.8820669291338582
 21
1.3891535433070865
 31
0
  0
LINE
  5
4BB
330
1A
100
AcDbEntity
  8
BLACK
  6
CONTINUOUS
100
AcDbLine
 10
-0.8820669291338582
 20
1.3891535433070865
 30
0
 11
-0.8013582677165354
 21
1.3891535433070865
 31
0
  0
LINE
  5
4BC
330
1A
100
AcDbEntity
  8
BLACK
  6
CONTINUOUS
100
AcDbLine
 10
-0.8013582677165354
 20
1.3891535433070865
 30
0
 11
-0.8013582677165354
 21
1.3960433070866141
 31
0
  0
LINE
  5
4BD
330
1A
100
AcDbEntity
  8
BLACK
  6
CONTINUOUS
100
AcDbLine
 10
-0.8013582677165354
 20
1.3960433070866141
 30
0
 11
-0.8012833464566929
 21
1.3964199606299212
 31
0
  0
LINE
  5
4BE
330
1A
100
AcDbEntity
  8
BLACK
  6
CONTINUOUS
100
AcDbLine
 10
-0.8012833464566929
 20
1.3964199606299212
 30
0
 11
-0.8007506692913385
 21
1.3969526377952755
 31
0
  0
LINE
  5
4BF
330
1A
100
AcDbEntity
  8
BLACK
  6
CONTINUOUS
100
AcDbLine
 10
-0.8007506692913385
 20
1.3969526377952755
 30
0
 11
-0.8003740157480315
 21
1.397027559055118
 31
0
  0
LINE
  5
4C0
330
1A
100
AcDbEntity
  8
BLACK
  6
CONTINUOUS
100
AcDbLine
 10
-0.8003740157480315
 20
1.397027559055118
 30
0
 11
-0.761988188976378
 21
1.397027559055118
 31
0
  0
LINE
  5
4C1
330
1A
100
AcDbEntity
  8
BLACK
  6
CONTINUOUS
100
AcDbLine
 10
-0.761988188976378
 20
1.397027559055118
 30
0
 11
-0.761988188976378
 21
1.438759842519685
 31
0
  0
LINE
  5
4C2
330
1A
100
AcDbEntity
  8
BLACK
  6
CONTINUOUS
100
AcDbLine
 10
-0.761988188976378
 20
1.438759842519685
 30
0
 11
-0.8003740157480315
 21
1.438759842519685
 31
0
  0
LINE
  5
4C3
330
1A
100
AcDbEntity
  8
BLACK
  6
CONTINUOUS
100
AcDbLine
 10
-0.8003740157480315
 20
1.438759842519685
 30
0
 11
-0.8007506692913385
 21
1.4388347637795276
 31
0
  0
LINE
  5
4C4
330
1A
100
AcDbEntity
  8
BLACK
  6
CONTINUOUS
100
AcDbLine
 10
-0.8007506692913385
 20
1.4388347637795276
 30
0
 11
-0.8012833464566929
 21
1.4393674409448818
 31
0
  0
LINE
  5
4C5
330
1A
100
AcDbEntity
  8
BLACK
  6
CONTINUOUS
100
AcDbLine
 10
-0.8012833464566929
 20
1.4393674409448818
 30
0
 11
-0.8013582677165354
 21
1.439744094488189
 31
0
  0
LINE
  5
4C6
330
1A
100
AcDbEntity
  8
BLACK
  6
CONTINUOUS
100
AcDbLine
 10
-0.8013582677165354
 20
1.439744094488189
 30
0
 11
-0.8013582677165354
 21
1.4704527559055118
 31
0
  0
LINE
  5
4C7
330
1A
100
AcDbEntity
  8
BLACK
  6
CONTINUOUS
100
AcDbLine
 10
-0.8013582677165354
 20
1.4704527559055118
 30
0
 11
-0.8012833464566929
 21
1.4708294094488188
 31
0
  0
LINE
  5
4C8
330
1A
100
AcDbEntity
  8
BLACK
  6
CONTINUOUS
100
AcDbLine
 10
-0.8012833464566929
 20
1.4708294094488188
 30
0
 11
-0.8007506692913385
 21
1.4713620866141732
 31
0
  0
LINE
  5
4C9
330
1A
100
AcDbEntity
  8
BLACK
  6
CONTINUOUS
100
AcDbLine
 10
-0.8007506692913385
 20
1.4713620866141732
 30
0
 11
-0.8003740157480315
 21
1.4714370078740158
 31
0
  0
LINE
  5
4CA
330
1A
100
AcDbEntity
  8
BLACK
  6
CONTINUOUS
100
AcDbLine
 10
-0.8003740157480315
 20
1.4714370078740158
 30
0
 11
-0.761988188976378
 21
1.4714370078740158
 31
0
  0
LINE
  5
4CB
330
1A
100
AcDbEntity
  8
BLACK
  6
CONTINUOUS
100
AcDbLine
 10
-0.761988188976378
 20
1.4714370078740158
 30
0
 11
-0.761988188976378
 21
1.5131692913385826
 31
0
  0
LINE
  5
4CC
330
1A
100
AcDbEntity
  8
BLACK
  6
CONTINUOUS
100
AcDbLine
 10
-0.761988188976378
 20
1.5131692913385826
 30
0
 11
-0.8003740157480315
 21
1.5131692913385826
 31
0
  0
LINE
  5
4CD
330
1A
100
AcDbEntity
  8
BLACK
  6
CONTINUOUS
100
AcDbLine
 10
-0.8003740157480315
 20
1.5131692913385826
 30
0
 11
-0.8007506692913385
 21
1.5132442125984251
 31
0
  0
LINE
  5
4CE
330
1A
100
AcDbEntity
  8
BLACK
  6
CONTINUOUS
100
AcDbLine
 10
-0.8007506692913385
 20
1.5132442125984251
 30
0
 11
-0.8012833464566929
 21
1.5137768897637796
 31
0
  0
LINE
  5
4CF
330
1A
100
AcDbEntity
  8
BLACK
  6
CONTINUOUS
100
AcDbLine
 10
-0.8012833464566929
 20
1.5137768897637796
 30
0
 11
-0.8013582677165354
 21
1.5141535433070865
 31
0
  0
LINE
  5
4D0
330
1A
100
AcDbEntity
  8
BLACK
  6
CONTINUOUS
100
AcDbLine
 10
-0.8013582677165354
 20
1.5141535433070865
 30
0
 11
-0.8013582677165354
 21
1.5210433070866141
 31
0
  0
LINE
  5
4D1
330
1A
100
AcDbEntity
  8
BLACK
  6
CONTINUOUS
100
AcDbLine
 10
-0.8013582677165354
 20
1.5210433070866141
 30
0
 11
-0.8820669291338582
 21
1.5210433070866141
 31
0
  0
LINE
  5
4D2
330
1A
100
AcDbEntity
  8
BLACK
  6
CONTINUOUS
100
AcDbLine
 10
-0.3934816141732284
 20
1.473310905511811
 30
0
 11
-0.392948937007874
 21
1.4727782283464566
 31
0
  0
LINE
  5
4D3
330
1A
100
AcDbEntity
  8
BLACK
  6
CONTINUOUS
100
AcDbLine
 10
-0.392948937007874
 20
1.4727782283464566
 30
0
 11
-0.3928740157480315
 21
1.4724015748031496
 31
0
  0
LINE
  5
4D4
330
1A
100
AcDbEntity
  8
BLACK
  6
CONTINUOUS
100
AcDbLine
 10
-0.3928740157480315
 20
1.4724015748031496
 30
0
 11
-0.3928740157480315
 21
1.3975984251968503
 31
0
  0
LINE
  5
4D5
330
1A
100
AcDbEntity
  8
BLACK
  6
CONTINUOUS
100
AcDbLine
 10
-0.3928740157480315
 20
1.3975984251968503
 30
0
 11
-0.392948937007874
 21
1.3972217716535433
 31
0
  0
LINE
  5
4D6
330
1A
100
AcDbEntity
  8
BLACK
  6
CONTINUOUS
100
AcDbLine
 10
-0.392948937007874
 20
1.3972217716535433
 30
0
 11
-0.3934816141732284
 21
1.3966890944881889
 31
0
  0
LINE
  5
4D7
330
1A
100
AcDbEntity
  8
BLACK
  6
CONTINUOUS
100
AcDbLine
 10
-0.3934816141732284
 20
1.3966890944881889
 30
0
 11
-0.3938582677165354
 21
1.3966141732283464
 31
0
  0
LINE
  5
4D8
330
1A
100
AcDbEntity
  8
BLACK
  6
CONTINUOUS
100
AcDbLine
 10
-0.3938582677165354
 20
1.3966141732283464
 30
0
 11
-0.5261417322834645
 21
1.3966141732283464
 31
0
  0
LINE
  5
4D9
330
1A
100
AcDbEntity
  8
BLACK
  6
CONTINUOUS
100
AcDbLine
 10
-0.5261417322834645
 20
1.3966141732283464
 30
0
 11
-0.5265183858267717
 21
1.3966890944881889
 31
0
  0
LINE
  5
4DA
330
1A
100
AcDbEntity
  8
BLACK
  6
CONTINUOUS
100
AcDbLine
 10
-0.5265183858267717
 20
1.3966890944881889
 30
0
 11
-0.527051062992126
 21
1.3972217716535433
 31
0
  0
LINE
  5
4DB
330
1A
100
AcDbEntity
  8
BLACK
  6
CONTINUOUS
100
AcDbLine
 10
-0.527051062992126
 20
1.3972217716535433
 30
0
 11
-0.5271259842519684
 21
1.3975984251968503
 31
0
  0
LINE
  5
4DC
330
1A
100
AcDbEntity
  8
BLACK
  6
CONTINUOUS
100
AcDbLine
 10
-0.5271259842519684
 20
1.3975984251968503
 30
0
 11
-0.5271259842519684
 21
1.4724015748031496
 31
0
  0
LINE
  5
4DD
330
1A
100
AcDbEntity
  8
BLACK
  6
CONTINUOUS
100
AcDbLine
 10
-0.5271259842519684
 20
1.4724015748031496
 30
0
 11
-0.527051062992126
 21
1.4727782283464566
 31
0
  0
LINE
  5
4DE
330
1A
100
AcDbEntity
  8
BLACK
  6
CONTINUOUS
100
AcDbLine
 10
-0.527051062992126
 20
1.4727782283464566
 30
0
 11
-0.5265183858267717
 21
1.473310905511811
 31
0
  0
LINE
  5
4DF
330
1A
100
AcDbEntity
  8
BLACK
  6
CONTINUOUS
100
AcDbLine
 10
-0.5265183858267717
 20
1.473310905511811
 30
0
 11
-0.5261417322834645
 21
1.4733858267716535
 31
0
  0
LINE
  5
4E0
330
1A
100
AcDbEntity
  8
BLACK
  6
CONTINUOUS
100
AcDbLine
 10
-0.5261417322834645
 20
1.4733858267716535
 30
0
 11
-0.3938582677165354
 21
1.4733858267716535
 31
0
  0
LINE
  5
4E1
330
1A
100
AcDbEntity
  8
BLACK
  6
CONTINUOUS
100
AcDbLine
 10
-0.3938582677165354
 20
1.4733858267716535
 30
0
 11
-0.3934816141732284
 21
1.473310905511811
 31
0
  0
LINE
  5
4E2
330
1A
100
AcDbEntity
  8
BLACK
  6
CONTINUOUS
100
AcDbLine
 10
-0.5251574803149606
 20
1.4714173228346457
 30
0
 11
-0.5251574803149606
 21
1.3985826771653542
 31
0
  0
LINE
  5
4E3
330
1A
100
AcDbEntity
  8
BLACK
  6
CONTINUOUS
100
AcDbLine
 10
-0.5251574803149606
 20
1.3985826771653542
 30
0
 11
-0.3948425196850394
 21
1.3985826771653542
 31
0
  0
LINE
  5
4E4
330
1A
100
AcDbEntity
  8
BLACK
  6
CONTINUOUS
100
AcDbLine
 10
-0.3948425196850394
 20
1.3985826771653542
 30
0
 11
-0.3948425196850394
 21
1.4714173228346457
 31
0
  0
LINE
  5
4E5
330
1A
100
AcDbEntity
  8
BLACK
  6
CONTINUOUS
100
AcDbLine
 10
-0.3948425196850394
 20
1.4714173228346457
 30
0
 11
-0.5251574803149606
 21
1.4714173228346457
 31
0
  0
LINE
  5
4E6
330
1A
100
AcDbEntity
  8
BLACK
  6
CONTINUOUS
100
AcDbLine
 10
0.8440183858267717
 20
1.473310905511811
 30
0
 11
0.844551062992126
 21
1.4727782283464566
 31
0
  0
LINE
  5
4E7
330
1A
100
AcDbEntity
  8
BLACK
  6
CONTINUOUS
100
AcDbLine
 10
0.844551062992126
 20
1.4727782283464566
 30
0
 11
0.8446259842519684
 21
1.4724015748031496
 31
0
  0
LINE
  5
4E8
330
1A
100
AcDbEntity
  8
BLACK
  6
CONTINUOUS
100
AcDbLine
 10
0.8446259842519684
 20
1.4724015748031496
 30
0
 11
0.8446259842519684
 21
1.3975984251968503
 31
0
  0
LINE
  5
4E9
330
1A
100
AcDbEntity
  8
BLACK
  6
CONTINUOUS
100
AcDbLine
 10
0.8446259842519684
 20
1.3975984251968503
 30
0
 11
0.844551062992126
 21
1.3972217716535433
 31
0
  0
LINE
  5
4EA
330
1A
100
AcDbEntity
  8
BLACK
  6
CONTINUOUS
100
AcDbLine
 10
0.844551062992126
 20
1.3972217716535433
 30
0
 11
0.8440183858267717
 21
1.3966890944881889
 31
0
  0
LINE
  5
4EB
330
1A
100
AcDbEntity
  8
BLACK
  6
CONTINUOUS
100
AcDbLine
 10
0.8440183858267717
 20
1.3966890944881889
 30
0
 11
0.8436417322834645
 21
1.3966141732283464
 31
0
  0
LINE
  5
4EC
330
1A
100
AcDbEntity
  8
BLACK
  6
CONTINUOUS
100
AcDbLine
 10
0.8436417322834645
 20
1.3966141732283464
 30
0
 11
0.7113582677165354
 21
1.3966141732283464
 31
0
  0
LINE
  5
4ED
330
1A
100
AcDbEntity
  8
BLACK
  6
CONTINUOUS
100
AcDbLine
 10
0.7113582677165354
 20
1.3966141732283464
 30
0
 11
0.7109816141732284
 21
1.3966890944881889
 31
0
  0
LINE
  5
4EE
330
1A
100
AcDbEntity
  8
BLACK
  6
CONTINUOUS
100
AcDbLine
 10
0.7109816141732284
 20
1.3966890944881889
 30
0
 11
0.710448937007874
 21
1.3972217716535433
 31
0
  0
LINE
  5
4EF
330
1A
100
AcDbEntity
  8
BLACK
  6
CONTINUOUS
100
AcDbLine
 10
0.710448937007874
 20
1.3972217716535433
 30
0
 11
0.7103740157480315
 21
1.3975984251968503
 31
0
  0
LINE
  5
4F0
330
1A
100
AcDbEntity
  8
BLACK
  6
CONTINUOUS
100
AcDbLine
 10
0.7103740157480315
 20
1.3975984251968503
 30
0
 11
0.7103740157480315
 21
1.4724015748031496
 31
0
  0
LINE
  5
4F1
330
1A
100
AcDbEntity
  8
BLACK
  6
CONTINUOUS
100
AcDbLine
 10
0.7103740157480315
 20
1.4724015748031496
 30
0
 11
0.710448937007874
 21
1.4727782283464566
 31
0
  0
LINE
  5
4F2
330
1A
100
AcDbEntity
  8
BLACK
  6
CONTINUOUS
100
AcDbLine
 10
0.710448937007874
 20
1.4727782283464566
 30
0
 11
0.7109816141732284
 21
1.473310905511811
 31
0
  0
LINE
  5
4F3
330
1A
100
AcDbEntity
  8
BLACK
  6
CONTINUOUS
100
AcDbLine
 10
0.7109816141732284
 20
1.473310905511811
 30
0
 11
0.7113582677165354
 21
1.4733858267716535
 31
0
  0
LINE
  5
4F4
330
1A
100
AcDbEntity
  8
BLACK
  6
CONTINUOUS
100
AcDbLine
 10
0.7113582677165354
 20
1.4733858267716535
 30
0
 11
0.8436417322834645
 21
1.4733858267716535
 31
0
  0
LINE
  5
4F5
330
1A
100
AcDbEntity
  8
BLACK
  6
CONTINUOUS
100
AcDbLine
 10
0.8436417322834645
 20
1.4733858267716535
 30
0
 11
0.8440183858267717
 21
1.473310905511811
 31
0
  0
LINE
  5
4F6
330
1A
100
AcDbEntity
  8
BLACK
  6
CONTINUOUS
100
AcDbLine
 10
0.7123425196850394
 20
1.4714173228346457
 30
0
 11
0.7123425196850394
 21
1.3985826771653542
 31
0
  0
LINE
  5
4F7
330
1A
100
AcDbEntity
  8
BLACK
  6
CONTINUOUS
100
AcDbLine
 10
0.7123425196850394
 20
1.3985826771653542
 30
0
 11
0.8426574803149606
 21
1.3985826771653542
 31
0
  0
LINE
  5
4F8
330
1A
100
AcDbEntity
  8
BLACK
  6
CONTINUOUS
100
AcDbLine
 10
0.8426574803149606
 20
1.3985826771653542
 30
0
 11
0.8426574803149606
 21
1.4714173228346457
 31
0
  0
LINE
  5
4F9
330
1A
100
AcDbEntity
  8
BLACK
  6
CONTINUOUS
100
AcDbLine
 10
0.8426574803149606
 20
1.4714173228346457
 30
0
 11
0.7123425196850394
 21
1.4714173228346457
 31
0
  0
LINE
  5
4FA
330
1A
100
AcDbEntity
  8
BLACK
  6
CONTINUOUS
100
AcDbLine
 10
0.3295892519685039
 20
1.4848069685039369
 30
0
 11
0.3301219291338582
 21
1.4842742913385827
 31
0
  0
LINE
  5
4FB
330
1A
100
AcDbEntity
  8
BLACK
  6
CONTINUOUS
100
AcDbLine
 10
0.3301219291338582
 20
1.4842742913385827
 30
0
 11
0.3301968503937008
 21
1.4838976377952755
 31
0
  0
LINE
  5
4FC
330
1A
100
AcDbEntity
  8
BLACK
  6
CONTINUOUS
100
AcDbLine
 10
0.3301968503937008
 20
1.4838976377952755
 30
0
 11
0.3301968503937008
 21
1.4090944881889764
 31
0
  0
LINE
  5
4FD
330
1A
100
AcDbEntity
  8
BLACK
  6
CONTINUOUS
100
AcDbLine
 10
0.3301968503937008
 20
1.4090944881889764
 30
0
 11
0.3301219291338582
 21
1.4087178346456692
 31
0
  0
LINE
  5
4FE
330
1A
100
AcDbEntity
  8
BLACK
  6
CONTINUOUS
100
AcDbLine
 10
0.3301219291338582
 20
1.4087178346456692
 30
0
 11
0.3295892519685039
 21
1.408185157480315
 31
0
  0
LINE
  5
4FF
330
1A
100
AcDbEntity
  8
BLACK
  6
CONTINUOUS
100
AcDbLine
 10
0.3295892519685039
 20
1.408185157480315
 30
0
 11
0.3292125984251968
 21
1.4081102362204725
 31
0
  0
LINE
  5
500
330
1A
100
AcDbEntity
  8
BLACK
  6
CONTINUOUS
100
AcDbLine
 10
0.3292125984251968
 20
1.4081102362204725
 30
0
 11
0.1969291338582677
 21
1.4081102362204725
 31
0
  0
LINE
  5
501
330
1A
100
AcDbEntity
  8
BLACK
  6
CONTINUOUS
100
AcDbLine
 10
0.1969291338582677
 20
1.4081102362204725
 30
0
 11
0.1965524803149606
 21
1.408185157480315
 31
0
  0
LINE
  5
502
330
1A
100
AcDbEntity
  8
BLACK
  6
CONTINUOUS
100
AcDbLine
 10
0.1965524803149606
 20
1.408185157480315
 30
0
 11
0.1960198031496063
 21
1.4087178346456692
 31
0
  0
LINE
  5
503
330
1A
100
AcDbEntity
  8
BLACK
  6
CONTINUOUS
100
AcDbLine
 10
0.1960198031496063
 20
1.4087178346456692
 30
0
 11
0.1959448818897638
 21
1.4090944881889764
 31
0
  0
LINE
  5
504
330
1A
100
AcDbEntity
  8
BLACK
  6
CONTINUOUS
100
AcDbLine
 10
0.1959448818897638
 20
1.4090944881889764
 30
0
 11
0.1959448818897638
 21
1.4838976377952755
 31
0
  0
LINE
  5
505
330
1A
100
AcDbEntity
  8
BLACK
  6
CONTINUOUS
100
AcDbLine
 10
0.1959448818897638
 20
1.4838976377952755
 30
0
 11
0.1960198031496063
 21
1.4842742913385827
 31
0
  0
LINE
  5
506
330
1A
100
AcDbEntity
  8
BLACK
  6
CONTINUOUS
100
AcDbLine
 10
0.1960198031496063
 20
1.4842742913385827
 30
0
 11
0.1965524803149606
 21
1.4848069685039369
 31
0
  0
LINE
  5
507
330
1A
100
AcDbEntity
  8
BLACK
  6
CONTINUOUS
100
AcDbLine
 10
0.1965524803149606
 20
1.4848069685039369
 30
0
 11
0.1969291338582677
 21
1.4848818897637794
 31
0
  0
LINE
  5
508
330
1A
100
AcDbEntity
  8
BLACK
  6
CONTINUOUS
100
AcDbLine
 10
0.1969291338582677
 20
1.4848818897637794
 30
0
 11
0.3292125984251968
 21
1.4848818897637794
 31
0
  0
LINE
  5
509
330
1A
100
AcDbEntity
  8
BLACK
  6
CONTINUOUS
100
AcDbLine
 10
0.3292125984251968
 20
1.4848818897637794
 30
0
 11
0.3295892519685039
 21
1.4848069685039369
 31
0
  0
LINE
  5
50A
330
1A
100
AcDbEntity
  8
BLACK
  6
CONTINUOUS
100
AcDbLine
 10
0.1979133858267716
 20
1.4829133858267716
 30
0
 11
0.1979133858267716
 21
1.4100787401574804
 31
0
  0
LINE
  5
50B
330
1A
100
AcDbEntity
  8
BLACK
  6
CONTINUOUS
100
AcDbLine
 10
0.1979133858267716
 20
1.4100787401574804
 30
0
 11
0.3282283464566929
 21
1.4100787401574804
 31
0
  0
LINE
  5
50C
330
1A
100
AcDbEntity
  8
BLACK
  6
CONTINUOUS
100
AcDbLine
 10
0.3282283464566929
 20
1.4100787401574804
 30
0
 11
0.3282283464566929
 21
1.4829133858267716
 31
0
  0
LINE
  5
50D
330
1A
100
AcDbEntity
  8
BLACK
  6
CONTINUOUS
100
AcDbLine
 10
0.3282283464566929
 20
1.4829133858267716
 30
0
 11
0.1979133858267716
 21
1.4829133858267716
 31
0
  0
LINE
  5
50E
330
1A
100
AcDbEntity
  8
BLACK
  6
CONTINUOUS
100
AcDbLine
 10
0.9629357086614173
 20
1.5903778346456692
 30
0
 11
0.9634683858267716
 21
1.589845157480315
 31
0
  0
LINE
  5
50F
330
1A
100
AcDbEntity
  8
BLACK
  6
CONTINUOUS
100
AcDbLine
 10
0.9634683858267716
 20
1.589845157480315
 30
0
 11
0.9635433070866142
 21
1.5894685039370078
 31
0
  0
LINE
  5
510
330
1A
100
AcDbEntity
  8
BLACK
  6
CONTINUOUS
100
AcDbLine
 10
0.9635433070866142
 20
1.5894685039370078
 30
0
 11
0.9635433070866142
 21
1.4571850393700787
 31
0
  0
LINE
  5
511
330
1A
100
AcDbEntity
  8
BLACK
  6
CONTINUOUS
100
AcDbLine
 10
0.9635433070866142
 20
1.4571850393700787
 30
0
 11
0.9634683858267716
 21
1.4568083858267715
 31
0
  0
LINE
  5
512
330
1A
100
AcDbEntity
  8
BLACK
  6
CONTINUOUS
100
AcDbLine
 10
0.9634683858267716
 20
1.4568083858267715
 30
0
 11
0.9629357086614173
 21
1.4562757086614173
 31
0
  0
LINE
  5
513
330
1A
100
AcDbEntity
  8
BLACK
  6
CONTINUOUS
100
AcDbLine
 10
0.9629357086614173
 20
1.4562757086614173
 30
0
 11
0.9625590551181102
 21
1.4562007874015748
 31
0
  0
LINE
  5
514
330
1A
100
AcDbEntity
  8
BLACK
  6
CONTINUOUS
100
AcDbLine
 10
0.9625590551181102
 20
1.4562007874015748
 30
0
 11
0.887755905511811
 21
1.4562007874015748
 31
0
  0
LINE
  5
515
330
1A
100
AcDbEntity
  8
BLACK
  6
CONTINUOUS
100
AcDbLine
 10
0.887755905511811
 20
1.4562007874015748
 30
0
 11
0.8873792519685039
 21
1.4562757086614173
 31
0
  0
LINE
  5
516
330
1A
100
AcDbEntity
  8
BLACK
  6
CONTINUOUS
100
AcDbLine
 10
0.8873792519685039
 20
1.4562757086614173
 30
0
 11
0.8868465748031495
 21
1.4568083858267715
 31
0
  0
LINE
  5
517
330
1A
100
AcDbEntity
  8
BLACK
  6
CONTINUOUS
100
AcDbLine
 10
0.8868465748031495
 20
1.4568083858267715
 30
0
 11
0.8867716535433071
 21
1.4571850393700787
 31
0
  0
LINE
  5
518
330
1A
100
AcDbEntity
  8
BLACK
  6
CONTINUOUS
100
AcDbLine
 10
0.8867716535433071
 20
1.4571850393700787
 30
0
 11
0.8867716535433071
 21
1.5894685039370078
 31
0
  0
LINE
  5
519
330
1A
100
AcDbEntity
  8
BLACK
  6
CONTINUOUS
100
AcDbLine
 10
0.8867716535433071
 20
1.5894685039370078
 30
0
 11
0.8868465748031495
 21
1.589845157480315
 31
0
  0
LINE
  5
51A
330
1A
100
AcDbEntity
  8
BLACK
  6
CONTINUOUS
100
AcDbLine
 10
0.8868465748031495
 20
1.589845157480315
 30
0
 11
0.8873792519685039
 21
1.5903778346456692
 31
0
  0
LINE
  5
51B
330
1A
100
AcDbEntity
  8
BLACK
  6
CONTINUOUS
100
AcDbLine
 10
0.8873792519685039
 20
1.5903778346456692
 30
0
 11
0.887755905511811
 21
1.5904527559055117
 31
0
  0
LINE
  5
51C
330
1A
100
AcDbEntity
  8
BLACK
  6
CONTINUOUS
100
AcDbLine
 10
0.887755905511811
 20
1.5904527559055117
 30
0
 11
0.9625590551181102
 21
1.5904527559055117
 31
0
  0
LINE
  5
51D
330
1A
100
AcDbEntity
  8
BLACK
  6
CONTINUOUS
100
AcDbLine
 10
0.9625590551181102
 20
1.5904527559055117
 30
0
 11
0.9629357086614173
 21
1.5903778346456692
 31
0
  0
LINE
  5
51E
330
1A
100
AcDbEntity
  8
BLACK
  6
CONTINUOUS
100
AcDbLine
 10
0.888740157480315
 20
1.5884842519685038
 30
0
 11
0.888740157480315
 21
1.4581692913385826
 31
0
  0
LINE
  5
51F
330
1A
100
AcDbEntity
  8
BLACK
  6
CONTINUOUS
100
AcDbLine
 10
0.888740157480315
 20
1.4581692913385826
 30
0
 11
0.9615748031496063
 21
1.4581692913385826
 31
0
  0
LINE
  5
520
330
1A
100
AcDbEntity
  8
BLACK
  6
CONTINUOUS
100
AcDbLine
 10
0.9615748031496063
 20
1.4581692913385826
 30
0
 11
0.9615748031496063
 21
1.5884842519685038
 31
0
  0
LINE
  5
521
330
1A
100
AcDbEntity
  8
BLACK
  6
CONTINUOUS
100
AcDbLine
 10
0.9615748031496063
 20
1.5884842519685038
 30
0
 11
0.888740157480315
 21
1.5884842519685038
 31
0
  0
LINE
  5
522
330
1A
100
AcDbEntity
  8
BLACK
  6
CONTINUOUS
100
AcDbLine
 10
-1.1309816141732283
 20
1.533310905511811
 30
0
 11
-1.1304489370078741
 21
1.5327782283464566
 31
0
  0
LINE
  5
523
330
1A
100
AcDbEntity
  8
BLACK
  6
CONTINUOUS
100
AcDbLine
 10
-1.1304489370078741
 20
1.5327782283464566
 30
0
 11
-1.1303740157480315
 21
1.5324015748031496
 31
0
  0
LINE
  5
524
330
1A
100
AcDbEntity
  8
BLACK
  6
CONTINUOUS
100
AcDbLine
 10
-1.1303740157480315
 20
1.5324015748031496
 30
0
 11
-1.1303740157480315
 21
1.4575984251968503
 31
0
  0
LINE
  5
525
330
1A
100
AcDbEntity
  8
BLACK
  6
CONTINUOUS
100
AcDbLine
 10
-1.1303740157480315
 20
1.4575984251968503
 30
0
 11
-1.1304489370078741
 21
1.4572217716535432
 31
0
  0
LINE
  5
526
330
1A
100
AcDbEntity
  8
BLACK
  6
CONTINUOUS
100
AcDbLine
 10
-1.1304489370078741
 20
1.4572217716535432
 30
0
 11
-1.1309816141732283
 21
1.456689094488189
 31
0
  0
LINE
  5
527
330
1A
100
AcDbEntity
  8
BLACK
  6
CONTINUOUS
100
AcDbLine
 10
-1.1309816141732283
 20
1.456689094488189
 30
0
 11
-1.1313582677165355
 21
1.4566141732283464
 31
0
  0
LINE
  5
528
330
1A
100
AcDbEntity
  8
BLACK
  6
CONTINUOUS
100
AcDbLine
 10
-1.1313582677165355
 20
1.4566141732283464
 30
0
 11
-1.2636417322834645
 21
1.4566141732283464
 31
0
  0
LINE
  5
529
330
1A
100
AcDbEntity
  8
BLACK
  6
CONTINUOUS
100
AcDbLine
 10
-1.2636417322834645
 20
1.4566141732283464
 30
0
 11
-1.2640183858267717
 21
1.456689094488189
 31
0
  0
LINE
  5
52A
330
1A
100
AcDbEntity
  8
BLACK
  6
CONTINUOUS
100
AcDbLine
 10
-1.2640183858267717
 20
1.456689094488189
 30
0
 11
-1.2645510629921259
 21
1.4572217716535432
 31
0
  0
LINE
  5
52B
330
1A
100
AcDbEntity
  8
BLACK
  6
CONTINUOUS
100
AcDbLine
 10
-1.2645510629921259
 20
1.4572217716535432
 30
0
 11
-1.2646259842519685
 21
1.4575984251968503
 31
0
  0
LINE
  5
52C
330
1A
100
AcDbEntity
  8
BLACK
  6
CONTINUOUS
100
AcDbLine
 10
-1.2646259842519685
 20
1.4575984251968503
 30
0
 11
-1.2646259842519685
 21
1.5324015748031496
 31
0
  0
LINE
  5
52D
330
1A
100
AcDbEntity
  8
BLACK
  6
CONTINUOUS
100
AcDbLine
 10
-1.2646259842519685
 20
1.5324015748031496
 30
0
 11
-1.2645510629921259
 21
1.5327782283464566
 31
0
  0
LINE
  5
52E
330
1A
100
AcDbEntity
  8
BLACK
  6
CONTINUOUS
100
AcDbLine
 10
-1.2645510629921259
 20
1.5327782283464566
 30
0
 11
-1.2640183858267717
 21
1.533310905511811
 31
0
  0
LINE
  5
52F
330
1A
100
AcDbEntity
  8
BLACK
  6
CONTINUOUS
100
AcDbLine
 10
-1.2640183858267717
 20
1.533310905511811
 30
0
 11
-1.2636417322834645
 21
1.5333858267716536
 31
0
  0
LINE
  5
530
330
1A
100
AcDbEntity
  8
BLACK
  6
CONTINUOUS
100
AcDbLine
 10
-1.2636417322834645
 20
1.5333858267716536
 30
0
 11
-1.1313582677165355
 21
1.5333858267716536
 31
0
  0
LINE
  5
531
330
1A
100
AcDbEntity
  8
BLACK
  6
CONTINUOUS
100
AcDbLine
 10
-1.1313582677165355
 20
1.5333858267716536
 30
0
 11
-1.1309816141732283
 21
1.533310905511811
 31
0
  0
LINE
  5
532
330
1A
100
AcDbEntity
  8
BLACK
  6
CONTINUOUS
100
AcDbLine
 10
-1.2626574803149606
 20
1.5314173228346457
 30
0
 11
-1.2626574803149606
 21
1.4585826771653543
 31
0
  0
LINE
  5
533
330
1A
100
AcDbEntity
  8
BLACK
  6
CONTINUOUS
100
AcDbLine
 10
-1.2626574803149606
 20
1.4585826771653543
 30
0
 11
-1.1323425196850394
 21
1.4585826771653543
 31
0
  0
LINE
  5
534
330
1A
100
AcDbEntity
  8
BLACK
  6
CONTINUOUS
100
AcDbLine
 10
-1.1323425196850394
 20
1.4585826771653543
 30
0
 11
-1.1323425196850394
 21
1.5314173228346457
 31
0
  0
LINE
  5
535
330
1A
100
AcDbEntity
  8
BLACK
  6
CONTINUOUS
100
AcDbLine
 10
-1.1323425196850394
 20
1.5314173228346457
 30
0
 11
-1.2626574803149606
 21
1.5314173228346457
 31
0
  0
LINE
  5
536
330
1A
100
AcDbEntity
  8
BLACK
  6
CONTINUOUS
100
AcDbLine
 10
0.5777782283464566
 20
1.6095510629921259
 30
0
 11
0.578310905511811
 21
1.6090183858267717
 31
0
  0
LINE
  5
537
330
1A
100
AcDbEntity
  8
BLACK
  6
CONTINUOUS
100
AcDbLine
 10
0.578310905511811
 20
1.6090183858267717
 30
0
 11
0.5783858267716535
 21
1.6086417322834645
 31
0
  0
LINE
  5
538
330
1A
100
AcDbEntity
  8
BLACK
  6
CONTINUOUS
100
AcDbLine
 10
0.5783858267716535
 20
1.6086417322834645
 30
0
 11
0.5783858267716535
 21
1.4763582677165354
 31
0
  0
LINE
  5
539
330
1A
100
AcDbEntity
  8
BLACK
  6
CONTINUOUS
100
AcDbLine
 10
0.5783858267716535
 20
1.4763582677165354
 30
0
 11
0.578310905511811
 21
1.4759816141732283
 31
0
  0
LINE
  5
53A
330
1A
100
AcDbEntity
  8
BLACK
  6
CONTINUOUS
100
AcDbLine
 10
0.578310905511811
 20
1.4759816141732283
 30
0
 11
0.5777782283464566
 21
1.4754489370078741
 31
0
  0
LINE
  5
53B
330
1A
100
AcDbEntity
  8
BLACK
  6
CONTINUOUS
100
AcDbLine
 10
0.5777782283464566
 20
1.4754489370078741
 30
0
 11
0.5774015748031496
 21
1.4753740157480315
 31
0
  0
LINE
  5
53C
330
1A
100
AcDbEntity
  8
BLACK
  6
CONTINUOUS
100
AcDbLine
 10
0.5774015748031496
 20
1.4753740157480315
 30
0
 11
0.5025984251968504
 21
1.4753740157480315
 31
0
  0
LINE
  5
53D
330
1A
100
AcDbEntity
  8
BLACK
  6
CONTINUOUS
100
AcDbLine
 10
0.5025984251968504
 20
1.4753740157480315
 30
0
 11
0.5022217716535433
 21
1.4754489370078741
 31
0
  0
LINE
  5
53E
330
1A
100
AcDbEntity
  8
BLACK
  6
CONTINUOUS
100
AcDbLine
 10
0.5022217716535433
 20
1.4754489370078741
 30
0
 11
0.501689094488189
 21
1.4759816141732283
 31
0
  0
LINE
  5
53F
330
1A
100
AcDbEntity
  8
BLACK
  6
CONTINUOUS
100
AcDbLine
 10
0.501689094488189
 20
1.4759816141732283
 30
0
 11
0.5016141732283464
 21
1.4763582677165354
 31
0
  0
LINE
  5
540
330
1A
100
AcDbEntity
  8
BLACK
  6
CONTINUOUS
100
AcDbLine
 10
0.5016141732283464
 20
1.4763582677165354
 30
0
 11
0.5016141732283464
 21
1.6086417322834645
 31
0
  0
LINE
  5
541
330
1A
100
AcDbEntity
  8
BLACK
  6
CONTINUOUS
100
AcDbLine
 10
0.5016141732283464
 20
1.6086417322834645
 30
0
 11
0.501689094488189
 21
1.6090183858267717
 31
0
  0
LINE
  5
542
330
1A
100
AcDbEntity
  8
BLACK
  6
CONTINUOUS
100
AcDbLine
 10
0.501689094488189
 20
1.6090183858267717
 30
0
 11
0.5022217716535433
 21
1.6095510629921259
 31
0
  0
LINE
  5
543
330
1A
100
AcDbEntity
  8
BLACK
  6
CONTINUOUS
100
AcDbLine
 10
0.5022217716535433
 20
1.6095510629921259
 30
0
 11
0.5025984251968504
 21
1.6096259842519685
 31
0
  0
LINE
  5
544
330
1A
100
AcDbEntity
  8
BLACK
  6
CONTINUOUS
100
AcDbLine
 10
0.5025984251968504
 20
1.6096259842519685
 30
0
 11
0.5774015748031496
 21
1.6096259842519685
 31
0
  0
LINE
  5
545
330
1A
100
AcDbEntity
  8
BLACK
  6
CONTINUOUS
100
AcDbLine
 10
0.5774015748031496
 20
1.6096259842519685
 30
0
 11
0.5777782283464566
 21
1.6095510629921259
 31
0
  0
LINE
  5
546
330
1A
100
AcDbEntity
  8
BLACK
  6
CONTINUOUS
100
AcDbLine
 10
0.5035826771653543
 20
1.6076574803149606
 30
0
 11
0.5035826771653543
 21
1.4773425196850394
 31
0
  0
LINE
  5
547
330
1A
100
AcDbEntity
  8
BLACK
  6
CONTINUOUS
100
AcDbLine
 10
0.5035826771653543
 20
1.4773425196850394
 30
0
 11
0.5764173228346456
 21
1.4773425196850394
 31
0
  0
LINE
  5
548
330
1A
100
AcDbEntity
  8
BLACK
  6
CONTINUOUS
100
AcDbLine
 10
0.5764173228346456
 20
1.4773425196850394
 30
0
 11
0.5764173228346456
 21
1.6076574803149606
 31
0
  0
LINE
  5
549
330
1A
100
AcDbEntity
  8
BLACK
  6
CONTINUOUS
100
AcDbLine
 10
0.5764173228346456
 20
1.6076574803149606
 30
0
 11
0.5035826771653543
 21
1.6076574803149606
 31
0
  0
LINE
  5
54A
330
1A
100
AcDbEntity
  8
BLACK
  6
CONTINUOUS
100
AcDbLine
 10
0.6577782283464567
 20
1.6095510629921259
 30
0
 11
0.658310905511811
 21
1.6090183858267717
 31
0
  0
LINE
  5
54B
330
1A
100
AcDbEntity
  8
BLACK
  6
CONTINUOUS
100
AcDbLine
 10
0.658310905511811
 20
1.6090183858267717
 30
0
 11
0.6583858267716536
 21
1.6086417322834645
 31
0
  0
LINE
  5
54C
330
1A
100
AcDbEntity
  8
BLACK
  6
CONTINUOUS
100
AcDbLine
 10
0.6583858267716536
 20
1.6086417322834645
 30
0
 11
0.6583858267716536
 21
1.4763582677165354
 31
0
  0
LINE
  5
54D
330
1A
100
AcDbEntity
  8
BLACK
  6
CONTINUOUS
100
AcDbLine
 10
0.6583858267716536
 20
1.4763582677165354
 30
0
 11
0.658310905511811
 21
1.4759816141732283
 31
0
  0
LINE
  5
54E
330
1A
100
AcDbEntity
  8
BLACK
  6
CONTINUOUS
100
AcDbLine
 10
0.658310905511811
 20
1.4759816141732283
 30
0
 11
0.6577782283464567
 21
1.4754489370078741
 31
0
  0
LINE
  5
54F
330
1A
100
AcDbEntity
  8
BLACK
  6
CONTINUOUS
100
AcDbLine
 10
0.6577782283464567
 20
1.4754489370078741
 30
0
 11
0.6574015748031496
 21
1.4753740157480315
 31
0
  0
LINE
  5
550
330
1A
100
AcDbEntity
  8
BLACK
  6
CONTINUOUS
100
AcDbLine
 10
0.6574015748031496
 20
1.4753740157480315
 30
0
 11
0.5825984251968503
 21
1.4753740157480315
 31
0
  0
LINE
  5
551
330
1A
100
AcDbEntity
  8
BLACK
  6
CONTINUOUS
100
AcDbLine
 10
0.5825984251968503
 20
1.4753740157480315
 30
0
 11
0.5822217716535433
 21
1.4754489370078741
 31
0
  0
LINE
  5
552
330
1A
100
AcDbEntity
  8
BLACK
  6
CONTINUOUS
100
AcDbLine
 10
0.5822217716535433
 20
1.4754489370078741
 30
0
 11
0.581689094488189
 21
1.4759816141732283
 31
0
  0
LINE
  5
553
330
1A
100
AcDbEntity
  8
BLACK
  6
CONTINUOUS
100
AcDbLine
 10
0.581689094488189
 20
1.4759816141732283
 30
0
 11
0.5816141732283464
 21
1.4763582677165354
 31
0
  0
LINE
  5
554
330
1A
100
AcDbEntity
  8
BLACK
  6
CONTINUOUS
100
AcDbLine
 10
0.5816141732283464
 20
1.4763582677165354
 30
0
 11
0.5816141732283464
 21
1.6086417322834645
 31
0
  0
LINE
  5
555
330
1A
100
AcDbEntity
  8
BLACK
  6
CONTINUOUS
100
AcDbLine
 10
0.5816141732283464
 20
1.6086417322834645
 30
0
 11
0.581689094488189
 21
1.6090183858267717
 31
0
  0
LINE
  5
556
330
1A
100
AcDbEntity
  8
BLACK
  6
CONTINUOUS
100
AcDbLine
 10
0.581689094488189
 20
1.6090183858267717
 30
0
 11
0.5822217716535433
 21
1.6095510629921259
 31
0
  0
LINE
  5
557
330
1A
100
AcDbEntity
  8
BLACK
  6
CONTINUOUS
100
AcDbLine
 10
0.5822217716535433
 20
1.6095510629921259
 30
0
 11
0.5825984251968503
 21
1.6096259842519685
 31
0
  0
LINE
  5
558
330
1A
100
AcDbEntity
  8
BLACK
  6
CONTINUOUS
100
AcDbLine
 10
0.5825984251968503
 20
1.6096259842519685
 30
0
 11
0.6574015748031496
 21
1.6096259842519685
 31
0
  0
LINE
  5
559
330
1A
100
AcDbEntity
  8
BLACK
  6
CONTINUOUS
100
AcDbLine
 10
0.6574015748031496
 20
1.6096259842519685
 30
0
 11
0.6577782283464567
 21
1.6095510629921259
 31
0
  0
LINE
  5
55A
330
1A
100
AcDbEntity
  8
BLACK
  6
CONTINUOUS
100
AcDbLine
 10
0.5835826771653543
 20
1.6076574803149606
 30
0
 11
0.5835826771653543
 21
1.4773425196850394
 31
0
  0
LINE
  5
55B
330
1A
100
AcDbEntity
  8
BLACK
  6
CONTINUOUS
100
AcDbLine
 10
0.5835826771653543
 20
1.4773425196850394
 30
0
 11
0.6564173228346456
 21
1.4773425196850394
 31
0
  0
LINE
  5
55C
330
1A
100
AcDbEntity
  8
BLACK
  6
CONTINUOUS
100
AcDbLine
 10
0.6564173228346456
 20
1.4773425196850394
 30
0
 11
0.6564173228346456
 21
1.6076574803149606
 31
0
  0
LINE
  5
55D
330
1A
100
AcDbEntity
  8
BLACK
  6
CONTINUOUS
100
AcDbLine
 10
0.6564173228346456
 20
1.6076574803149606
 30
0
 11
0.5835826771653543
 21
1.6076574803149606
 31
0
  0
LINE
  5
55E
330
1A
100
AcDbEntity
  8
BLACK
  6
CONTINUOUS
100
AcDbLine
 10
-0.1156863385826772
 20
2.0037046062992125
 30
0
 11
-0.1151536614173228
 21
2.0031719291338583
 31
0
  0
LINE
  5
55F
330
1A
100
AcDbEntity
  8
BLACK
  6
CONTINUOUS
100
AcDbLine
 10
-0.1151536614173228
 20
2.0031719291338583
 30
0
 11
-0.1150787401574803
 21
2.0027952755905511
 31
0
  0
LINE
  5
560
330
1A
100
AcDbEntity
  8
BLACK
  6
CONTINUOUS
100
AcDbLine
 10
-0.1150787401574803
 20
2.0027952755905511
 30
0
 11
-0.1150787401574803
 21
1.9486614173228347
 31
0
  0
LINE
  5
561
330
1A
100
AcDbEntity
  8
BLACK
  6
CONTINUOUS
100
AcDbLine
 10
-0.1150787401574803
 20
1.9486614173228347
 30
0
 11
-0.0877165354330709
 21
1.9486614173228347
 31
0
  0
LINE
  5
562
330
1A
100
AcDbEntity
  8
BLACK
  6
CONTINUOUS
100
AcDbLine
 10
-0.0877165354330709
 20
1.9486614173228347
 30
0
 11
-0.0873398818897638
 21
1.9485864960629922
 31
0
  0
LINE
  5
563
330
1A
100
AcDbEntity
  8
BLACK
  6
CONTINUOUS
100
AcDbLine
 10
-0.0873398818897638
 20
1.9485864960629922
 30
0
 11
-0.0868072047244094
 21
1.9480538188976377
 31
0
  0
LINE
  5
564
330
1A
100
AcDbEntity
  8
BLACK
  6
CONTINUOUS
100
AcDbLine
 10
-0.0868072047244094
 20
1.9480538188976377
 30
0
 11
-0.0867322834645669
 21
1.9476771653543308
 31
0
  0
LINE
  5
565
330
1A
100
AcDbEntity
  8
BLACK
  6
CONTINUOUS
100
AcDbLine
 10
-0.0867322834645669
 20
1.9476771653543308
 30
0
 11
-0.0867322834645669
 21
1.9203149606299212
 31
0
  0
LINE
  5
566
330
1A
100
AcDbEntity
  8
BLACK
  6
CONTINUOUS
100
AcDbLine
 10
-0.0867322834645669
 20
1.9203149606299212
 30
0
 11
-0.0325984251968504
 21
1.9203149606299212
 31
0
  0
LINE
  5
567
330
1A
100
AcDbEntity
  8
BLACK
  6
CONTINUOUS
100
AcDbLine
 10
-0.0325984251968504
 20
1.9203149606299212
 30
0
 11
-0.0322217716535433
 21
1.9202400393700787
 31
0
  0
LINE
  5
568
330
1A
100
AcDbEntity
  8
BLACK
  6
CONTINUOUS
100
AcDbLine
 10
-0.0322217716535433
 20
1.9202400393700787
 30
0
 11
-0.031689094488189
 21
1.9197073622047243
 31
0
  0
LINE
  5
569
330
1A
100
AcDbEntity
  8
BLACK
  6
CONTINUOUS
100
AcDbLine
 10
-0.031689094488189
 20
1.9197073622047243
 30
0
 11
-0.0316141732283465
 21
1.9193307086614173
 31
0
  0
LINE
  5
56A
330
1A
100
AcDbEntity
  8
BLACK
  6
CONTINUOUS
100
AcDbLine
 10
-0.0316141732283465
 20
1.9193307086614173
 30
0
 11
-0.0316141732283465
 21
1.5626377952755905
 31
0
  0
LINE
  5
56B
330
1A
100
AcDbEntity
  8
BLACK
  6
CONTINUOUS
100
AcDbLine
 10
-0.0316141732283465
 20
1.5626377952755905
 30
0
 11
-0.031689094488189
 21
1.5622611417322834
 31
0
  0
LINE
  5
56C
330
1A
100
AcDbEntity
  8
BLACK
  6
CONTINUOUS
100
AcDbLine
 10
-0.031689094488189
 20
1.5622611417322834
 30
0
 11
-0.0322217716535433
 21
1.5617284645669292
 31
0
  0
LINE
  5
56D
330
1A
100
AcDbEntity
  8
BLACK
  6
CONTINUOUS
100
AcDbLine
 10
-0.0322217716535433
 20
1.5617284645669292
 30
0
 11
-0.0325984251968504
 21
1.5616535433070866
 31
0
  0
LINE
  5
56E
330
1A
100
AcDbEntity
  8
BLACK
  6
CONTINUOUS
100
AcDbLine
 10
-0.0325984251968504
 20
1.5616535433070866
 30
0
 11
-0.0867322834645669
 21
1.5616535433070866
 31
0
  0
LINE
  5
56F
330
1A
100
AcDbEntity
  8
BLACK
  6
CONTINUOUS
100
AcDbLine
 10
-0.0867322834645669
 20
1.5616535433070866
 30
0
 11
-0.0867322834645669
 21
1.5342913385826771
 31
0
  0
LINE
  5
570
330
1A
100
AcDbEntity
  8
BLACK
  6
CONTINUOUS
100
AcDbLine
 10
-0.0867322834645669
 20
1.5342913385826771
 30
0
 11
-0.0868072047244094
 21
1.5339146850393701
 31
0
  0
LINE
  5
571
330
1A
100
AcDbEntity
  8
BLACK
  6
CONTINUOUS
100
AcDbLine
 10
-0.0868072047244094
 20
1.5339146850393701
 30
0
 11
-0.0873398818897638
 21
1.5333820078740157
 31
0
  0
LINE
  5
572
330
1A
100
AcDbEntity
  8
BLACK
  6
CONTINUOUS
100
AcDbLine
 10
-0.0873398818897638
 20
1.5333820078740157
 30
0
 11
-0.0877165354330709
 21
1.5333070866141731
 31
0
  0
LINE
  5
573
330
1A
100
AcDbEntity
  8
BLACK
  6
CONTINUOUS
100
AcDbLine
 10
-0.0877165354330709
 20
1.5333070866141731
 30
0
 11
-0.1150787401574803
 21
1.5333070866141731
 31
0
  0
LINE
  5
574
330
1A
100
AcDbEntity
  8
BLACK
  6
CONTINUOUS
100
AcDbLine
 10
-0.1150787401574803
 20
1.5333070866141731
 30
0
 11
-0.1150787401574803
 21
1.4791732283464567
 31
0
  0
LINE
  5
575
330
1A
100
AcDbEntity
  8
BLACK
  6
CONTINUOUS
100
AcDbLine
 10
-0.1150787401574803
 20
1.4791732283464567
 30
0
 11
-0.1151536614173228
 21
1.4787965748031495
 31
0
  0
LINE
  5
576
330
1A
100
AcDbEntity
  8
BLACK
  6
CONTINUOUS
100
AcDbLine
 10
-0.1151536614173228
 20
1.4787965748031495
 30
0
 11
-0.1156863385826772
 21
1.4782638976377953
 31
0
  0
LINE
  5
577
330
1A
100
AcDbEntity
  8
BLACK
  6
CONTINUOUS
100
AcDbLine
 10
-0.1156863385826772
 20
1.4782638976377953
 30
0
 11
-0.1160629921259843
 21
1.4781889763779528
 31
0
  0
LINE
  5
578
330
1A
100
AcDbEntity
  8
BLACK
  6
CONTINUOUS
100
AcDbLine
 10
-0.1160629921259843
 20
1.4781889763779528
 30
0
 11
-0.472755905511811
 21
1.4781889763779528
 31
0
  0
LINE
  5
579
330
1A
100
AcDbEntity
  8
BLACK
  6
CONTINUOUS
100
AcDbLine
 10
-0.472755905511811
 20
1.4781889763779528
 30
0
 11
-0.4731325590551181
 21
1.4782638976377953
 31
0
  0
LINE
  5
57A
330
1A
100
AcDbEntity
  8
BLACK
  6
CONTINUOUS
100
AcDbLine
 10
-0.4731325590551181
 20
1.4782638976377953
 30
0
 11
-0.4736652362204724
 21
1.4787965748031495
 31
0
  0
LINE
  5
57B
330
1A
100
AcDbEntity
  8
BLACK
  6
CONTINUOUS
100
AcDbLine
 10
-0.4736652362204724
 20
1.4787965748031495
 30
0
 11
-0.4737401574803149
 21
1.4791732283464567
 31
0
  0
LINE
  5
57C
330
1A
100
AcDbEntity
  8
BLACK
  6
CONTINUOUS
100
AcDbLine
 10
-0.4737401574803149
 20
1.4791732283464567
 30
0
 11
-0.4737401574803149
 21
1.5333070866141731
 31
0
  0
LINE
  5
57D
330
1A
100
AcDbEntity
  8
BLACK
  6
CONTINUOUS
100
AcDbLine
 10
-0.4737401574803149
 20
1.5333070866141731
 30
0
 11
-0.5011023622047244
 21
1.5333070866141731
 31
0
  0
LINE
  5
57E
330
1A
100
AcDbEntity
  8
BLACK
  6
CONTINUOUS
100
AcDbLine
 10
-0.5011023622047244
 20
1.5333070866141731
 30
0
 11
-0.5014790157480314
 21
1.5333820078740157
 31
0
  0
LINE
  5
57F
330
1A
100
AcDbEntity
  8
BLACK
  6
CONTINUOUS
100
AcDbLine
 10
-0.5014790157480314
 20
1.5333820078740157
 30
0
 11
-0.5020116929133858
 21
1.5339146850393701
 31
0
  0
LINE
  5
580
330
1A
100
AcDbEntity
  8
BLACK
  6
CONTINUOUS
100
AcDbLine
 10
-0.5020116929133858
 20
1.5339146850393701
 30
0
 11
-0.5020866141732283
 21
1.5342913385826771
 31
0
  0
LINE
  5
581
330
1A
100
AcDbEntity
  8
BLACK
  6
CONTINUOUS
100
AcDbLine
 10
-0.5020866141732283
 20
1.5342913385826771
 30
0
 11
-0.5020866141732283
 21
1.5616535433070866
 31
0
  0
LINE
  5
582
330
1A
100
AcDbEntity
  8
BLACK
  6
CONTINUOUS
100
AcDbLine
 10
-0.5020866141732283
 20
1.5616535433070866
 30
0
 11
-0.5562204724409449
 21
1.5616535433070866
 31
0
  0
LINE
  5
583
330
1A
100
AcDbEntity
  8
BLACK
  6
CONTINUOUS
100
AcDbLine
 10
-0.5562204724409449
 20
1.5616535433070866
 30
0
 11
-0.5565971259842519
 21
1.5617284645669292
 31
0
  0
LINE
  5
584
330
1A
100
AcDbEntity
  8
BLACK
  6
CONTINUOUS
100
AcDbLine
 10
-0.5565971259842519
 20
1.5617284645669292
 30
0
 11
-0.5571298031496063
 21
1.5622611417322834
 31
0
  0
LINE
  5
585
330
1A
100
AcDbEntity
  8
BLACK
  6
CONTINUOUS
100
AcDbLine
 10
-0.5571298031496063
 20
1.5622611417322834
 30
0
 11
-0.5572047244094488
 21
1.5626377952755905
 31
0
  0
LINE
  5
586
330
1A
100
AcDbEntity
  8
BLACK
  6
CONTINUOUS
100
AcDbLine
 10
-0.5572047244094488
 20
1.5626377952755905
 30
0
 11
-0.5572047244094488
 21
1.9193307086614173
 31
0
  0
LINE
  5
587
330
1A
100
AcDbEntity
  8
BLACK
  6
CONTINUOUS
100
AcDbLine
 10
-0.5572047244094488
 20
1.9193307086614173
 30
0
 11
-0.5571298031496063
 21
1.9197073622047243
 31
0
  0
LINE
  5
588
330
1A
100
AcDbEntity
  8
BLACK
  6
CONTINUOUS
100
AcDbLine
 10
-0.5571298031496063
 20
1.9197073622047243
 30
0
 11
-0.5565971259842519
 21
1.9202400393700787
 31
0
  0
LINE
  5
589
330
1A
100
AcDbEntity
  8
BLACK
  6
CONTINUOUS
100
AcDbLine
 10
-0.5565971259842519
 20
1.9202400393700787
 30
0
 11
-0.5562204724409449
 21
1.9203149606299212
 31
0
  0
LINE
  5
58A
330
1A
100
AcDbEntity
  8
BLACK
  6
CONTINUOUS
100
AcDbLine
 10
-0.5562204724409449
 20
1.9203149606299212
 30
0
 11
-0.5020866141732283
 21
1.9203149606299212
 31
0
  0
LINE
  5
58B
330
1A
100
AcDbEntity
  8
BLACK
  6
CONTINUOUS
100
AcDbLine
 10
-0.5020866141732283
 20
1.9203149606299212
 30
0
 11
-0.5020866141732283
 21
1.9476771653543308
 31
0
  0
LINE
  5
58C
330
1A
100
AcDbEntity
  8
BLACK
  6
CONTINUOUS
100
AcDbLine
 10
-0.5020866141732283
 20
1.9476771653543308
 30
0
 11
-0.5020116929133858
 21
1.9480538188976377
 31
0
  0
LINE
  5
58D
330
1A
100
AcDbEntity
  8
BLACK
  6
CONTINUOUS
100
AcDbLine
 10
-0.5020116929133858
 20
1.9480538188976377
 30
0
 11
-0.5014790157480314
 21
1.9485864960629922
 31
0
  0
LINE
  5
58E
330
1A
100
AcDbEntity
  8
BLACK
  6
CONTINUOUS
100
AcDbLine
 10
-0.5014790157480314
 20
1.9485864960629922
 30
0
 11
-0.5011023622047244
 21
1.9486614173228347
 31
0
  0
LINE
  5
58F
330
1A
100
AcDbEntity
  8
BLACK
  6
CONTINUOUS
100
AcDbLine
 10
-0.5011023622047244
 20
1.9486614173228347
 30
0
 11
-0.4737401574803149
 21
1.9486614173228347
 31
0
  0
LINE
  5
590
330
1A
100
AcDbEntity
  8
BLACK
  6
CONTINUOUS
100
AcDbLine
 10
-0.4737401574803149
 20
1.9486614173228347
 30
0
 11
-0.4737401574803149
 21
2.0027952755905511
 31
0
  0
LINE
  5
591
330
1A
100
AcDbEntity
  8
BLACK
  6
CONTINUOUS
100
AcDbLine
 10
-0.4737401574803149
 20
2.0027952755905511
 30
0
 11
-0.4736652362204724
 21
2.0031719291338583
 31
0
  0
LINE
  5
592
330
1A
100
AcDbEntity
  8
BLACK
  6
CONTINUOUS
100
AcDbLine
 10
-0.4736652362204724
 20
2.0031719291338583
 30
0
 11
-0.4731325590551181
 21
2.0037046062992125
 31
0
  0
LINE
  5
593
330
1A
100
AcDbEntity
  8
BLACK
  6
CONTINUOUS
100
AcDbLine
 10
-0.4731325590551181
 20
2.0037046062992125
 30
0
 11
-0.472755905511811
 21
2.0037795275590549
 31
0
  0
LINE
  5
594
330
1A
100
AcDbEntity
  8
BLACK
  6
CONTINUOUS
100
AcDbLine
 10
-0.472755905511811
 20
2.0037795275590549
 30
0
 11
-0.1160629921259843
 21
2.0037795275590549
 31
0
  0
LINE
  5
595
330
1A
100
AcDbEntity
  8
BLACK
  6
CONTINUOUS
100
AcDbLine
 10
-0.1160629921259843
 20
2.0037795275590549
 30
0
 11
-0.1156863385826772
 21
2.0037046062992125
 31
0
  0
LINE
  5
596
330
1A
100
AcDbEntity
  8
BLACK
  6
CONTINUOUS
100
AcDbLine
 10
-0.4717716535433071
 20
2.001811023622047
 30
0
 11
-0.4717716535433071
 21
1.9476771653543308
 31
0
  0
LINE
  5
597
330
1A
100
AcDbEntity
  8
BLACK
  6
CONTINUOUS
100
AcDbLine
 10
-0.4717716535433071
 20
1.9476771653543308
 30
0
 11
-0.4718465748031496
 21
1.9473005118110236
 31
0
  0
LINE
  5
598
330
1A
100
AcDbEntity
  8
BLACK
  6
CONTINUOUS
100
AcDbLine
 10
-0.4718465748031496
 20
1.9473005118110236
 30
0
 11
-0.4723792519685039
 21
1.9467678346456692
 31
0
  0
LINE
  5
599
330
1A
100
AcDbEntity
  8
BLACK
  6
CONTINUOUS
100
AcDbLine
 10
-0.4723792519685039
 20
1.9467678346456692
 30
0
 11
-0.472755905511811
 21
1.9466929133858266
 31
0
  0
LINE
  5
59A
330
1A
100
AcDbEntity
  8
BLACK
  6
CONTINUOUS
100
AcDbLine
 10
-0.472755905511811
 20
1.9466929133858266
 30
0
 11
-0.5001181102362204
 21
1.9466929133858266
 31
0
  0
LINE
  5
59B
330
1A
100
AcDbEntity
  8
BLACK
  6
CONTINUOUS
100
AcDbLine
 10
-0.5001181102362204
 20
1.9466929133858266
 30
0
 11
-0.5001181102362204
 21
1.9193307086614173
 31
0
  0
LINE
  5
59C
330
1A
100
AcDbEntity
  8
BLACK
  6
CONTINUOUS
100
AcDbLine
 10
-0.5001181102362204
 20
1.9193307086614173
 30
0
 11
-0.500193031496063
 21
1.9189540551181101
 31
0
  0
LINE
  5
59D
330
1A
100
AcDbEntity
  8
BLACK
  6
CONTINUOUS
100
AcDbLine
 10
-0.500193031496063
 20
1.9189540551181101
 30
0
 11
-0.5007257086614173
 21
1.9184213779527559
 31
0
  0
LINE
  5
59E
330
1A
100
AcDbEntity
  8
BLACK
  6
CONTINUOUS
100
AcDbLine
 10
-0.5007257086614173
 20
1.9184213779527559
 30
0
 11
-0.5011023622047244
 21
1.9183464566929134
 31
0
  0
LINE
  5
59F
330
1A
100
AcDbEntity
  8
BLACK
  6
CONTINUOUS
100
AcDbLine
 10
-0.5011023622047244
 20
1.9183464566929134
 30
0
 11
-0.5552362204724409
 21
1.9183464566929134
 31
0
  0
LINE
  5
5A0
330
1A
100
AcDbEntity
  8
BLACK
  6
CONTINUOUS
100
AcDbLine
 10
-0.5552362204724409
 20
1.9183464566929134
 30
0
 11
-0.5552362204724409
 21
1.5636220472440945
 31
0
  0
LINE
  5
5A1
330
1A
100
AcDbEntity
  8
BLACK
  6
CONTINUOUS
100
AcDbLine
 10
-0.5552362204724409
 20
1.5636220472440945
 30
0
 11
-0.5011023622047244
 21
1.5636220472440945
 31
0
  0
LINE
  5
5A2
330
1A
100
AcDbEntity
  8
BLACK
  6
CONTINUOUS
100
AcDbLine
 10
-0.5011023622047244
 20
1.5636220472440945
 30
0
 11
-0.5007257086614173
 21
1.5635471259842519
 31
0
  0
LINE
  5
5A3
330
1A
100
AcDbEntity
  8
BLACK
  6
CONTINUOUS
100
AcDbLine
 10
-0.5007257086614173
 20
1.5635471259842519
 30
0
 11
-0.500193031496063
 21
1.5630144488188975
 31
0
  0
LINE
  5
5A4
330
1A
100
AcDbEntity
  8
BLACK
  6
CONTINUOUS
100
AcDbLine
 10
-0.500193031496063
 20
1.5630144488188975
 30
0
 11
-0.5001181102362204
 21
1.5626377952755905
 31
0
  0
LINE
  5
5A5
330
1A
100
AcDbEntity
  8
BLACK
  6
CONTINUOUS
100
AcDbLine
 10
-0.5001181102362204
 20
1.5626377952755905
 30
0
 11
-0.5001181102362204
 21
1.535275590551181
 31
0
  0
LINE
  5
5A6
330
1A
100
AcDbEntity
  8
BLACK
  6
CONTINUOUS
100
AcDbLine
 10
-0.5001181102362204
 20
1.535275590551181
 30
0
 11
-0.472755905511811
 21
1.535275590551181
 31
0
  0
LINE
  5
5A7
330
1A
100
AcDbEntity
  8
BLACK
  6
CONTINUOUS
100
AcDbLine
 10
-0.472755905511811
 20
1.535275590551181
 30
0
 11
-0.4723792519685039
 21
1.5352006692913385
 31
0
  0
LINE
  5
5A8
330
1A
100
AcDbEntity
  8
BLACK
  6
CONTINUOUS
100
AcDbLine
 10
-0.4723792519685039
 20
1.5352006692913385
 30
0
 11
-0.4718465748031496
 21
1.5346679921259843
 31
0
  0
LINE
  5
5A9
330
1A
100
AcDbEntity
  8
BLACK
  6
CONTINUOUS
100
AcDbLine
 10
-0.4718465748031496
 20
1.5346679921259843
 30
0
 11
-0.4717716535433071
 21
1.5342913385826771
 31
0
  0
LINE
  5
5AA
330
1A
100
AcDbEntity
  8
BLACK
  6
CONTINUOUS
100
AcDbLine
 10
-0.4717716535433071
 20
1.5342913385826771
 30
0
 11
-0.4717716535433071
 21
1.4801574803149606
 31
0
  0
LINE
  5
5AB
330
1A
100
AcDbEntity
  8
BLACK
  6
CONTINUOUS
100
AcDbLine
 10
-0.4717716535433071
 20
1.4801574803149606
 30
0
 11
-0.1170472440944882
 21
1.4801574803149606
 31
0
  0
LINE
  5
5AC
330
1A
100
AcDbEntity
  8
BLACK
  6
CONTINUOUS
100
AcDbLine
 10
-0.1170472440944882
 20
1.4801574803149606
 30
0
 11
-0.1170472440944882
 21
1.5342913385826771
 31
0
  0
LINE
  5
5AD
330
1A
100
AcDbEntity
  8
BLACK
  6
CONTINUOUS
100
AcDbLine
 10
-0.1170472440944882
 20
1.5342913385826771
 30
0
 11
-0.1169723228346457
 21
1.5346679921259843
 31
0
  0
LINE
  5
5AE
330
1A
100
AcDbEntity
  8
BLACK
  6
CONTINUOUS
100
AcDbLine
 10
-0.1169723228346457
 20
1.5346679921259843
 30
0
 11
-0.1164396456692913
 21
1.5352006692913385
 31
0
  0
LINE
  5
5AF
330
1A
100
AcDbEntity
  8
BLACK
  6
CONTINUOUS
100
AcDbLine
 10
-0.1164396456692913
 20
1.5352006692913385
 30
0
 11
-0.1160629921259843
 21
1.535275590551181
 31
0
  0
LINE
  5
5B0
330
1A
100
AcDbEntity
  8
BLACK
  6
CONTINUOUS
100
AcDbLine
 10
-0.1160629921259843
 20
1.535275590551181
 30
0
 11
-0.0887007874015748
 21
1.535275590551181
 31
0
  0
LINE
  5
5B1
330
1A
100
AcDbEntity
  8
BLACK
  6
CONTINUOUS
100
AcDbLine
 10
-0.0887007874015748
 20
1.535275590551181
 30
0
 11
-0.0887007874015748
 21
1.5626377952755905
 31
0
  0
LINE
  5
5B2
330
1A
100
AcDbEntity
  8
BLACK
  6
CONTINUOUS
100
AcDbLine
 10
-0.0887007874015748
 20
1.5626377952755905
 30
0
 11
-0.0886258661417323
 21
1.5630144488188975
 31
0
  0
LINE
  5
5B3
330
1A
100
AcDbEntity
  8
BLACK
  6
CONTINUOUS
100
AcDbLine
 10
-0.0886258661417323
 20
1.5630144488188975
 30
0
 11
-0.088093188976378
 21
1.5635471259842519
 31
0
  0
LINE
  5
5B4
330
1A
100
AcDbEntity
  8
BLACK
  6
CONTINUOUS
100
AcDbLine
 10
-0.088093188976378
 20
1.5635471259842519
 30
0
 11
-0.0877165354330709
 21
1.5636220472440945
 31
0
  0
LINE
  5
5B5
330
1A
100
AcDbEntity
  8
BLACK
  6
CONTINUOUS
100
AcDbLine
 10
-0.0877165354330709
 20
1.5636220472440945
 30
0
 11
-0.0335826771653543
 21
1.5636220472440945
 31
0
  0
LINE
  5
5B6
330
1A
100
AcDbEntity
  8
BLACK
  6
CONTINUOUS
100
AcDbLine
 10
-0.0335826771653543
 20
1.5636220472440945
 30
0
 11
-0.0335826771653543
 21
1.9183464566929134
 31
0
  0
LINE
  5
5B7
330
1A
100
AcDbEntity
  8
BLACK
  6
CONTINUOUS
100
AcDbLine
 10
-0.0335826771653543
 20
1.9183464566929134
 30
0
 11
-0.0877165354330709
 21
1.9183464566929134
 31
0
  0
LINE
  5
5B8
330
1A
100
AcDbEntity
  8
BLACK
  6
CONTINUOUS
100
AcDbLine
 10
-0.0877165354330709
 20
1.9183464566929134
 30
0
 11
-0.088093188976378
 21
1.9184213779527559
 31
0
  0
LINE
  5
5B9
330
1A
100
AcDbEntity
  8
BLACK
  6
CONTINUOUS
100
AcDbLine
 10
-0.088093188976378
 20
1.9184213779527559
 30
0
 11
-0.0886258661417323
 21
1.9189540551181101
 31
0
  0
LINE
  5
5BA
330
1A
100
AcDbEntity
  8
BLACK
  6
CONTINUOUS
100
AcDbLine
 10
-0.0886258661417323
 20
1.9189540551181101
 30
0
 11
-0.0887007874015748
 21
1.9193307086614173
 31
0
  0
LINE
  5
5BB
330
1A
100
AcDbEntity
  8
BLACK
  6
CONTINUOUS
100
AcDbLine
 10
-0.0887007874015748
 20
1.9193307086614173
 30
0
 11
-0.0887007874015748
 21
1.9466929133858266
 31
0
  0
LINE
  5
5BC
330
1A
100
AcDbEntity
  8
BLACK
  6
CONTINUOUS
100
AcDbLine
 10
-0.0887007874015748
 20
1.9466929133858266
 30
0
 11
-0.1160629921259843
 21
1.9466929133858266
 31
0
  0
LINE
  5
5BD
330
1A
100
AcDbEntity
  8
BLACK
  6
CONTINUOUS
100
AcDbLine
 10
-0.1160629921259843
 20
1.9466929133858266
 30
0
 11
-0.1164396456692913
 21
1.9467678346456692
 31
0
  0
LINE
  5
5BE
330
1A
100
AcDbEntity
  8
BLACK
  6
CONTINUOUS
100
AcDbLine
 10
-0.1164396456692913
 20
1.9467678346456692
 30
0
 11
-0.1169723228346457
 21
1.9473005118110236
 31
0
  0
LINE
  5
5BF
330
1A
100
AcDbEntity
  8
BLACK
  6
CONTINUOUS
100
AcDbLine
 10
-0.1169723228346457
 20
1.9473005118110236
 30
0
 11
-0.1170472440944882
 21
1.9476771653543308
 31
0
  0
LINE
  5
5C0
330
1A
100
AcDbEntity
  8
BLACK
  6
CONTINUOUS
100
AcDbLine
 10
-0.1170472440944882
 20
1.9476771653543308
 30
0
 11
-0.1170472440944882
 21
2.001811023622047
 31
0
  0
LINE
  5
5C1
330
1A
100
AcDbEntity
  8
BLACK
  6
CONTINUOUS
100
AcDbLine
 10
-0.1170472440944882
 20
2.001811023622047
 30
0
 11
-0.4717716535433071
 21
2.001811023622047
 31
0
  0
LINE
  5
5C2
330
1A
100
AcDbEntity
  8
BLACK
  6
CONTINUOUS
100
AcDbLine
 10
0.2028766535433071
 20
1.6059880708661416
 30
0
 11
0.2034093307086614
 21
1.6054553937007874
 31
0
  0
LINE
  5
5C3
330
1A
100
AcDbEntity
  8
BLACK
  6
CONTINUOUS
100
AcDbLine
 10
0.2034093307086614
 20
1.6054553937007874
 30
0
 11
0.2034842519685039
 21
1.6050787401574802
 31
0
  0
LINE
  5
5C4
330
1A
100
AcDbEntity
  8
BLACK
  6
CONTINUOUS
100
AcDbLine
 10
0.2034842519685039
 20
1.6050787401574802
 30
0
 11
0.2034842519685039
 21
1.5279133858267717
 31
0
  0
LINE
  5
5C5
330
1A
100
AcDbEntity
  8
BLACK
  6
CONTINUOUS
100
AcDbLine
 10
0.2034842519685039
 20
1.5279133858267717
 30
0
 11
0.2034093307086614
 21
1.5275367322834645
 31
0
  0
LINE
  5
5C6
330
1A
100
AcDbEntity
  8
BLACK
  6
CONTINUOUS
100
AcDbLine
 10
0.2034093307086614
 20
1.5275367322834645
 30
0
 11
0.2028766535433071
 21
1.5270040551181101
 31
0
  0
LINE
  5
5C7
330
1A
100
AcDbEntity
  8
BLACK
  6
CONTINUOUS
100
AcDbLine
 10
0.2028766535433071
 20
1.5270040551181101
 30
0
 11
0.2025
 21
1.5269291338582678
 31
0
  0
LINE
  5
5C8
330
1A
100
AcDbEntity
  8
BLACK
  6
CONTINUOUS
100
AcDbLine
 10
0.2025
 20
1.5269291338582678
 30
0
 11
0.0686417322834646
 21
1.5269291338582678
 31
0
  0
LINE
  5
5C9
330
1A
100
AcDbEntity
  8
BLACK
  6
CONTINUOUS
100
AcDbLine
 10
0.0686417322834646
 20
1.5269291338582678
 30
0
 11
0.0682650787401575
 21
1.5270040551181101
 31
0
  0
LINE
  5
5CA
330
1A
100
AcDbEntity
  8
BLACK
  6
CONTINUOUS
100
AcDbLine
 10
0.0682650787401575
 20
1.5270040551181101
 30
0
 11
0.0677324015748031
 21
1.5275367322834645
 31
0
  0
LINE
  5
5CB
330
1A
100
AcDbEntity
  8
BLACK
  6
CONTINUOUS
100
AcDbLine
 10
0.0677324015748031
 20
1.5275367322834645
 30
0
 11
0.0676574803149606
 21
1.5279133858267717
 31
0
  0
LINE
  5
5CC
330
1A
100
AcDbEntity
  8
BLACK
  6
CONTINUOUS
100
AcDbLine
 10
0.0676574803149606
 20
1.5279133858267717
 30
0
 11
0.0676574803149606
 21
1.6050787401574802
 31
0
  0
LINE
  5
5CD
330
1A
100
AcDbEntity
  8
BLACK
  6
CONTINUOUS
100
AcDbLine
 10
0.0676574803149606
 20
1.6050787401574802
 30
0
 11
0.0677324015748031
 21
1.6054553937007874
 31
0
  0
LINE
  5
5CE
330
1A
100
AcDbEntity
  8
BLACK
  6
CONTINUOUS
100
AcDbLine
 10
0.0677324015748031
 20
1.6054553937007874
 30
0
 11
0.0682650787401575
 21
1.6059880708661416
 31
0
  0
LINE
  5
5CF
330
1A
100
AcDbEntity
  8
BLACK
  6
CONTINUOUS
100
AcDbLine
 10
0.0682650787401575
 20
1.6059880708661416
 30
0
 11
0.0686417322834646
 21
1.6060629921259841
 31
0
  0
LINE
  5
5D0
330
1A
100
AcDbEntity
  8
BLACK
  6
CONTINUOUS
100
AcDbLine
 10
0.0686417322834646
 20
1.6060629921259841
 30
0
 11
0.2025
 21
1.6060629921259841
 31
0
  0
LINE
  5
5D1
330
1A
100
AcDbEntity
  8
BLACK
  6
CONTINUOUS
100
AcDbLine
 10
0.2025
 20
1.6060629921259841
 30
0
 11
0.2028766535433071
 21
1.6059880708661416
 31
0
  0
LINE
  5
5D2
330
1A
100
AcDbEntity
  8
BLACK
  6
CONTINUOUS
100
AcDbLine
 10
0.0696259842519685
 20
1.6040944881889763
 30
0
 11
0.0696259842519685
 21
1.5288976377952757
 31
0
  0
LINE
  5
5D3
330
1A
100
AcDbEntity
  8
BLACK
  6
CONTINUOUS
100
AcDbLine
 10
0.0696259842519685
 20
1.5288976377952757
 30
0
 11
0.2015157480314961
 21
1.5288976377952757
 31
0
  0
LINE
  5
5D4
330
1A
100
AcDbEntity
  8
BLACK
  6
CONTINUOUS
100
AcDbLine
 10
0.2015157480314961
 20
1.5288976377952757
 30
0
 11
0.2015157480314961
 21
1.6040944881889763
 31
0
  0
LINE
  5
5D5
330
1A
100
AcDbEntity
  8
BLACK
  6
CONTINUOUS
100
AcDbLine
 10
0.2015157480314961
 20
1.6040944881889763
 30
0
 11
0.0696259842519685
 21
1.6040944881889763
 31
0
  0
LINE
  5
5D6
330
1A
100
AcDbEntity
  8
BLACK
  6
CONTINUOUS
100
AcDbLine
 10
0.7992546062992126
 20
1.6182321653543306
 30
0
 11
0.799787283464567
 21
1.6176994881889764
 31
0
  0
LINE
  5
5D7
330
1A
100
AcDbEntity
  8
BLACK
  6
CONTINUOUS
100
AcDbLine
 10
0.799787283464567
 20
1.6176994881889764
 30
0
 11
0.7998622047244094
 21
1.6173228346456692
 31
0
  0
LINE
  5
5D8
330
1A
100
AcDbEntity
  8
BLACK
  6
CONTINUOUS
100
AcDbLine
 10
0.7998622047244094
 20
1.6173228346456692
 30
0
 11
0.7998622047244094
 21
1.5425196850393701
 31
0
  0
LINE
  5
5D9
330
1A
100
AcDbEntity
  8
BLACK
  6
CONTINUOUS
100
AcDbLine
 10
0.7998622047244094
 20
1.5425196850393701
 30
0
 11
0.799787283464567
 21
1.5421430314960629
 31
0
  0
LINE
  5
5DA
330
1A
100
AcDbEntity
  8
BLACK
  6
CONTINUOUS
100
AcDbLine
 10
0.799787283464567
 20
1.5421430314960629
 30
0
 11
0.7992546062992126
 21
1.5416103543307087
 31
0
  0
LINE
  5
5DB
330
1A
100
AcDbEntity
  8
BLACK
  6
CONTINUOUS
100
AcDbLine
 10
0.7992546062992126
 20
1.5416103543307087
 30
0
 11
0.7988779527559055
 21
1.5415354330708662
 31
0
  0
LINE
  5
5DC
330
1A
100
AcDbEntity
  8
BLACK
  6
CONTINUOUS
100
AcDbLine
 10
0.7988779527559055
 20
1.5415354330708662
 30
0
 11
0.6665944881889764
 21
1.5415354330708662
 31
0
  0
LINE
  5
5DD
330
1A
100
AcDbEntity
  8
BLACK
  6
CONTINUOUS
100
AcDbLine
 10
0.6665944881889764
 20
1.5415354330708662
 30
0
 11
0.6662178346456693
 21
1.5416103543307087
 31
0
  0
LINE
  5
5DE
330
1A
100
AcDbEntity
  8
BLACK
  6
CONTINUOUS
100
AcDbLine
 10
0.6662178346456693
 20
1.5416103543307087
 30
0
 11
0.665685157480315
 21
1.5421430314960629
 31
0
  0
LINE
  5
5DF
330
1A
100
AcDbEntity
  8
BLACK
  6
CONTINUOUS
100
AcDbLine
 10
0.665685157480315
 20
1.5421430314960629
 30
0
 11
0.6656102362204724
 21
1.5425196850393701
 31
0
  0
LINE
  5
5E0
330
1A
100
AcDbEntity
  8
BLACK
  6
CONTINUOUS
100
AcDbLine
 10
0.6656102362204724
 20
1.5425196850393701
 30
0
 11
0.6656102362204724
 21
1.6173228346456692
 31
0
  0
LINE
  5
5E1
330
1A
100
AcDbEntity
  8
BLACK
  6
CONTINUOUS
100
AcDbLine
 10
0.6656102362204724
 20
1.6173228346456692
 30
0
 11
0.665685157480315
 21
1.6176994881889764
 31
0
  0
LINE
  5
5E2
330
1A
100
AcDbEntity
  8
BLACK
  6
CONTINUOUS
100
AcDbLine
 10
0.665685157480315
 20
1.6176994881889764
 30
0
 11
0.6662178346456693
 21
1.6182321653543306
 31
0
  0
LINE
  5
5E3
330
1A
100
AcDbEntity
  8
BLACK
  6
CONTINUOUS
100
AcDbLine
 10
0.6662178346456693
 20
1.6182321653543306
 30
0
 11
0.6665944881889764
 21
1.6183070866141731
 31
0
  0
LINE
  5
5E4
330
1A
100
AcDbEntity
  8
BLACK
  6
CONTINUOUS
100
AcDbLine
 10
0.6665944881889764
 20
1.6183070866141731
 30
0
 11
0.7988779527559055
 21
1.6183070866141731
 31
0
  0
LINE
  5
5E5
330
1A
100
AcDbEntity
  8
BLACK
  6
CONTINUOUS
100
AcDbLine
 10
0.7988779527559055
 20
1.6183070866141731
 30
0
 11
0.7992546062992126
 21
1.6182321653543306
 31
0
  0
LINE
  5
5E6
330
1A
100
AcDbEntity
  8
BLACK
  6
CONTINUOUS
100
AcDbLine
 10
0.6675787401574803
 20
1.6163385826771652
 30
0
 11
0.6675787401574803
 21
1.543503937007874
 31
0
  0
LINE
  5
5E7
330
1A
100
AcDbEntity
  8
BLACK
  6
CONTINUOUS
100
AcDbLine
 10
0.6675787401574803
 20
1.543503937007874
 30
0
 11
0.7978937007874015
 21
1.543503937007874
 31
0
  0
LINE
  5
5E8
330
1A
100
AcDbEntity
  8
BLACK
  6
CONTINUOUS
100
AcDbLine
 10
0.7978937007874015
 20
1.543503937007874
 30
0
 11
0.7978937007874015
 21
1.6163385826771652
 31
0
  0
LINE
  5
5E9
330
1A
100
AcDbEntity
  8
BLACK
  6
CONTINUOUS
100
AcDbLine
 10
0.7978937007874015
 20
1.6163385826771652
 30
0
 11
0.6675787401574803
 21
1.6163385826771652
 31
0
  0
LINE
  5
5EA
330
1A
100
AcDbEntity
  8
BLACK
  6
CONTINUOUS
100
AcDbLine
 10
-1.0622217716535434
 20
1.7120510629921259
 30
0
 11
-1.0616890944881889
 21
1.7115183858267715
 31
0
  0
LINE
  5
5EB
330
1A
100
AcDbEntity
  8
BLACK
  6
CONTINUOUS
100
AcDbLine
 10
-1.0616890944881889
 20
1.7115183858267715
 30
0
 11
-1.0616141732283464
 21
1.7111417322834646
 31
0
  0
LINE
  5
5EC
330
1A
100
AcDbEntity
  8
BLACK
  6
CONTINUOUS
100
AcDbLine
 10
-1.0616141732283464
 20
1.7111417322834646
 30
0
 11
-1.0616141732283464
 21
1.5788582677165355
 31
0
  0
LINE
  5
5ED
330
1A
100
AcDbEntity
  8
BLACK
  6
CONTINUOUS
100
AcDbLine
 10
-1.0616141732283464
 20
1.5788582677165355
 30
0
 11
-1.0616890944881889
 21
1.5784816141732283
 31
0
  0
LINE
  5
5EE
330
1A
100
AcDbEntity
  8
BLACK
  6
CONTINUOUS
100
AcDbLine
 10
-1.0616890944881889
 20
1.5784816141732283
 30
0
 11
-1.0622217716535434
 21
1.5779489370078741
 31
0
  0
LINE
  5
5EF
330
1A
100
AcDbEntity
  8
BLACK
  6
CONTINUOUS
100
AcDbLine
 10
-1.0622217716535434
 20
1.5779489370078741
 30
0
 11
-1.0625984251968503
 21
1.5778740157480315
 31
0
  0
LINE
  5
5F0
330
1A
100
AcDbEntity
  8
BLACK
  6
CONTINUOUS
100
AcDbLine
 10
-1.0625984251968503
 20
1.5778740157480315
 30
0
 11
-1.1374015748031496
 21
1.5778740157480315
 31
0
  0
LINE
  5
5F1
330
1A
100
AcDbEntity
  8
BLACK
  6
CONTINUOUS
100
AcDbLine
 10
-1.1374015748031496
 20
1.5778740157480315
 30
0
 11
-1.1377782283464566
 21
1.5779489370078741
 31
0
  0
LINE
  5
5F2
330
1A
100
AcDbEntity
  8
BLACK
  6
CONTINUOUS
100
AcDbLine
 10
-1.1377782283464566
 20
1.5779489370078741
 30
0
 11
-1.138310905511811
 21
1.5784816141732283
 31
0
  0
LINE
  5
5F3
330
1A
100
AcDbEntity
  8
BLACK
  6
CONTINUOUS
100
AcDbLine
 10
-1.138310905511811
 20
1.5784816141732283
 30
0
 11
-1.1383858267716536
 21
1.5788582677165355
 31
0
  0
LINE
  5
5F4
330
1A
100
AcDbEntity
  8
BLACK
  6
CONTINUOUS
100
AcDbLine
 10
-1.1383858267716536
 20
1.5788582677165355
 30
0
 11
-1.1383858267716536
 21
1.7111417322834646
 31
0
  0
LINE
  5
5F5
330
1A
100
AcDbEntity
  8
BLACK
  6
CONTINUOUS
100
AcDbLine
 10
-1.1383858267716536
 20
1.7111417322834646
 30
0
 11
-1.138310905511811
 21
1.7115183858267715
 31
0
  0
LINE
  5
5F6
330
1A
100
AcDbEntity
  8
BLACK
  6
CONTINUOUS
100
AcDbLine
 10
-1.138310905511811
 20
1.7115183858267715
 30
0
 11
-1.1377782283464566
 21
1.7120510629921259
 31
0
  0
LINE
  5
5F7
330
1A
100
AcDbEntity
  8
BLACK
  6
CONTINUOUS
100
AcDbLine
 10
-1.1377782283464566
 20
1.7120510629921259
 30
0
 11
-1.1374015748031496
 21
1.7121259842519685
 31
0
  0
LINE
  5
5F8
330
1A
100
AcDbEntity
  8
BLACK
  6
CONTINUOUS
100
AcDbLine
 10
-1.1374015748031496
 20
1.7121259842519685
 30
0
 11
-1.0625984251968503
 21
1.7121259842519685
 31
0
  0
LINE
  5
5F9
330
1A
100
AcDbEntity
  8
BLACK
  6
CONTINUOUS
100
AcDbLine
 10
-1.0625984251968503
 20
1.7121259842519685
 30
0
 11
-1.0622217716535434
 21
1.7120510629921259
 31
0
  0
LINE
  5
5FA
330
1A
100
AcDbEntity
  8
BLACK
  6
CONTINUOUS
100
AcDbLine
 10
-1.1364173228346457
 20
1.7101574803149606
 30
0
 11
-1.1364173228346457
 21
1.5798425196850394
 31
0
  0
LINE
  5
5FB
330
1A
100
AcDbEntity
  8
BLACK
  6
CONTINUOUS
100
AcDbLine
 10
-1.1364173228346457
 20
1.5798425196850394
 30
0
 11
-1.0635826771653543
 21
1.5798425196850394
 31
0
  0
LINE
  5
5FC
330
1A
100
AcDbEntity
  8
BLACK
  6
CONTINUOUS
100
AcDbLine
 10
-1.0635826771653543
 20
1.5798425196850394
 30
0
 11
-1.0635826771653543
 21
1.7101574803149606
 31
0
  0
LINE
  5
5FD
330
1A
100
AcDbEntity
  8
BLACK
  6
CONTINUOUS
100
AcDbLine
 10
-1.0635826771653543
 20
1.7101574803149606
 30
0
 11
-1.1364173228346457
 21
1.7101574803149606
 31
0
  0
LINE
  5
5FE
330
1A
100
AcDbEntity
  8
BLACK
  6
CONTINUOUS
100
AcDbLine
 10
-0.9372808267716535
 20
1.7154368897637795
 30
0
 11
-0.9367481496062992
 21
1.7149042125984251
 31
0
  0
LINE
  5
5FF
330
1A
100
AcDbEntity
  8
BLACK
  6
CONTINUOUS
100
AcDbLine
 10
-0.9367481496062992
 20
1.7149042125984251
 30
0
 11
-0.9366732283464567
 21
1.7145275590551181
 31
0
  0
LINE
  5
600
330
1A
100
AcDbEntity
  8
BLACK
  6
CONTINUOUS
100
AcDbLine
 10
-0.9366732283464567
 20
1.7145275590551181
 30
0
 11
-0.9366732283464567
 21
1.6702362204724408
 31
0
  0
LINE
  5
601
330
1A
100
AcDbEntity
  8
BLACK
  6
CONTINUOUS
100
AcDbLine
 10
-0.9366732283464567
 20
1.6702362204724408
 30
0
 11
-0.8971062992125984
 21
1.6702362204724408
 31
0
  0
LINE
  5
602
330
1A
100
AcDbEntity
  8
BLACK
  6
CONTINUOUS
100
AcDbLine
 10
-0.8971062992125984
 20
1.6702362204724408
 30
0
 11
-0.8967296456692914
 21
1.6701612992125985
 31
0
  0
LINE
  5
603
330
1A
100
AcDbEntity
  8
BLACK
  6
CONTINUOUS
100
AcDbLine
 10
-0.8967296456692914
 20
1.6701612992125985
 30
0
 11
-0.896196968503937
 21
1.669628622047244
 31
0
  0
LINE
  5
604
330
1A
100
AcDbEntity
  8
BLACK
  6
CONTINUOUS
100
AcDbLine
 10
-0.896196968503937
 20
1.669628622047244
 30
0
 11
-0.8961220472440945
 21
1.6692519685039369
 31
0
  0
LINE
  5
605
330
1A
100
AcDbEntity
  8
BLACK
  6
CONTINUOUS
100
AcDbLine
 10
-0.8961220472440945
 20
1.6692519685039369
 30
0
 11
-0.8961220472440945
 21
1.6259448818897637
 31
0
  0
LINE
  5
606
330
1A
100
AcDbEntity
  8
BLACK
  6
CONTINUOUS
100
AcDbLine
 10
-0.8961220472440945
 20
1.6259448818897637
 30
0
 11
-0.896196968503937
 21
1.6255682283464568
 31
0
  0
LINE
  5
607
330
1A
100
AcDbEntity
  8
BLACK
  6
CONTINUOUS
100
AcDbLine
 10
-0.896196968503937
 20
1.6255682283464568
 30
0
 11
-0.8967296456692914
 21
1.6250355511811023
 31
0
  0
LINE
  5
608
330
1A
100
AcDbEntity
  8
BLACK
  6
CONTINUOUS
100
AcDbLine
 10
-0.8967296456692914
 20
1.6250355511811023
 30
0
 11
-0.8971062992125984
 21
1.6249606299212598
 31
0
  0
LINE
  5
609
330
1A
100
AcDbEntity
  8
BLACK
  6
CONTINUOUS
100
AcDbLine
 10
-0.8971062992125984
 20
1.6249606299212598
 30
0
 11
-0.9366732283464567
 21
1.6249606299212598
 31
0
  0
LINE
  5
60A
330
1A
100
AcDbEntity
  8
BLACK
  6
CONTINUOUS
100
AcDbLine
 10
-0.9366732283464567
 20
1.6249606299212598
 30
0
 11
-0.9366732283464567
 21
1.5806692913385827
 31
0
  0
LINE
  5
60B
330
1A
100
AcDbEntity
  8
BLACK
  6
CONTINUOUS
100
AcDbLine
 10
-0.9366732283464567
 20
1.5806692913385827
 30
0
 11
-0.9367481496062992
 21
1.5802926377952755
 31
0
  0
LINE
  5
60C
330
1A
100
AcDbEntity
  8
BLACK
  6
CONTINUOUS
100
AcDbLine
 10
-0.9367481496062992
 20
1.5802926377952755
 30
0
 11
-0.9372808267716535
 21
1.5797599606299213
 31
0
  0
LINE
  5
60D
330
1A
100
AcDbEntity
  8
BLACK
  6
CONTINUOUS
100
AcDbLine
 10
-0.9372808267716535
 20
1.5797599606299213
 30
0
 11
-0.9376574803149607
 21
1.5796850393700788
 31
0
  0
LINE
  5
60E
330
1A
100
AcDbEntity
  8
BLACK
  6
CONTINUOUS
100
AcDbLine
 10
-0.9376574803149607
 20
1.5796850393700788
 30
0
 11
-1.008523622047244
 21
1.5796850393700788
 31
0
  0
LINE
  5
60F
330
1A
100
AcDbEntity
  8
BLACK
  6
CONTINUOUS
100
AcDbLine
 10
-1.008523622047244
 20
1.5796850393700788
 30
0
 11
-1.0089002755905512
 21
1.5797599606299213
 31
0
  0
LINE
  5
610
330
1A
100
AcDbEntity
  8
BLACK
  6
CONTINUOUS
100
AcDbLine
 10
-1.0089002755905512
 20
1.5797599606299213
 30
0
 11
-1.0094329527559054
 21
1.5802926377952755
 31
0
  0
LINE
  5
611
330
1A
100
AcDbEntity
  8
BLACK
  6
CONTINUOUS
100
AcDbLine
 10
-1.0094329527559054
 20
1.5802926377952755
 30
0
 11
-1.0095078740157479
 21
1.5806692913385827
 31
0
  0
LINE
  5
612
330
1A
100
AcDbEntity
  8
BLACK
  6
CONTINUOUS
100
AcDbLine
 10
-1.0095078740157479
 20
1.5806692913385827
 30
0
 11
-1.0095078740157479
 21
1.5875590551181102
 31
0
  0
LINE
  5
613
330
1A
100
AcDbEntity
  8
BLACK
  6
CONTINUOUS
100
AcDbLine
 10
-1.0095078740157479
 20
1.5875590551181102
 30
0
 11
-1.0490748031496062
 21
1.5875590551181102
 31
0
  0
LINE
  5
614
330
1A
100
AcDbEntity
  8
BLACK
  6
CONTINUOUS
100
AcDbLine
 10
-1.0490748031496062
 20
1.5875590551181102
 30
0
 11
-1.0494514566929134
 21
1.5876339763779528
 31
0
  0
LINE
  5
615
330
1A
100
AcDbEntity
  8
BLACK
  6
CONTINUOUS
100
AcDbLine
 10
-1.0494514566929134
 20
1.5876339763779528
 30
0
 11
-1.0499841338582676
 21
1.588166653543307
 31
0
  0
LINE
  5
616
330
1A
100
AcDbEntity
  8
BLACK
  6
CONTINUOUS
100
AcDbLine
 10
-1.0499841338582676
 20
1.588166653543307
 30
0
 11
-1.0500590551181102
 21
1.5885433070866142
 31
0
  0
LINE
  5
617
330
1A
100
AcDbEntity
  8
BLACK
  6
CONTINUOUS
100
AcDbLine
 10
-1.0500590551181102
 20
1.5885433070866142
 30
0
 11
-1.0500590551181102
 21
1.6322440944881889
 31
0
  0
LINE
  5
618
330
1A
100
AcDbEntity
  8
BLACK
  6
CONTINUOUS
100
AcDbLine
 10
-1.0500590551181102
 20
1.6322440944881889
 30
0
 11
-1.0499841338582676
 21
1.632620748031496
 31
0
  0
LINE
  5
619
330
1A
100
AcDbEntity
  8
BLACK
  6
CONTINUOUS
100
AcDbLine
 10
-1.0499841338582676
 20
1.632620748031496
 30
0
 11
-1.0494514566929134
 21
1.6331534251968503
 31
0
  0
LINE
  5
61A
330
1A
100
AcDbEntity
  8
BLACK
  6
CONTINUOUS
100
AcDbLine
 10
-1.0494514566929134
 20
1.6331534251968503
 30
0
 11
-1.0490748031496062
 21
1.6332283464566928
 31
0
  0
LINE
  5
61B
330
1A
100
AcDbEntity
  8
BLACK
  6
CONTINUOUS
100
AcDbLine
 10
-1.0490748031496062
 20
1.6332283464566928
 30
0
 11
-1.0095078740157479
 21
1.6332283464566928
 31
0
  0
LINE
  5
61C
330
1A
100
AcDbEntity
  8
BLACK
  6
CONTINUOUS
100
AcDbLine
 10
-1.0095078740157479
 20
1.6332283464566928
 30
0
 11
-1.0095078740157479
 21
1.6619685039370078
 31
0
  0
LINE
  5
61D
330
1A
100
AcDbEntity
  8
BLACK
  6
CONTINUOUS
100
AcDbLine
 10
-1.0095078740157479
 20
1.6619685039370078
 30
0
 11
-1.0490748031496062
 21
1.6619685039370078
 31
0
  0
LINE
  5
61E
330
1A
100
AcDbEntity
  8
BLACK
  6
CONTINUOUS
100
AcDbLine
 10
-1.0490748031496062
 20
1.6619685039370078
 30
0
 11
-1.0494514566929134
 21
1.6620434251968503
 31
0
  0
LINE
  5
61F
330
1A
100
AcDbEntity
  8
BLACK
  6
CONTINUOUS
100
AcDbLine
 10
-1.0494514566929134
 20
1.6620434251968503
 30
0
 11
-1.0499841338582676
 21
1.6625761023622048
 31
0
  0
LINE
  5
620
330
1A
100
AcDbEntity
  8
BLACK
  6
CONTINUOUS
100
AcDbLine
 10
-1.0499841338582676
 20
1.6625761023622048
 30
0
 11
-1.0500590551181102
 21
1.6629527559055117
 31
0
  0
LINE
  5
621
330
1A
100
AcDbEntity
  8
BLACK
  6
CONTINUOUS
100
AcDbLine
 10
-1.0500590551181102
 20
1.6629527559055117
 30
0
 11
-1.0500590551181102
 21
1.7066535433070866
 31
0
  0
LINE
  5
622
330
1A
100
AcDbEntity
  8
BLACK
  6
CONTINUOUS
100
AcDbLine
 10
-1.0500590551181102
 20
1.7066535433070866
 30
0
 11
-1.0499841338582676
 21
1.7070301968503936
 31
0
  0
LINE
  5
623
330
1A
100
AcDbEntity
  8
BLACK
  6
CONTINUOUS
100
AcDbLine
 10
-1.0499841338582676
 20
1.7070301968503936
 30
0
 11
-1.0494514566929134
 21
1.707562874015748
 31
0
  0
LINE
  5
624
330
1A
100
AcDbEntity
  8
BLACK
  6
CONTINUOUS
100
AcDbLine
 10
-1.0494514566929134
 20
1.707562874015748
 30
0
 11
-1.0490748031496062
 21
1.7076377952755906
 31
0
  0
LINE
  5
625
330
1A
100
AcDbEntity
  8
BLACK
  6
CONTINUOUS
100
AcDbLine
 10
-1.0490748031496062
 20
1.7076377952755906
 30
0
 11
-1.0095078740157479
 21
1.7076377952755906
 31
0
  0
LINE
  5
626
330
1A
100
AcDbEntity
  8
BLACK
  6
CONTINUOUS
100
AcDbLine
 10
-1.0095078740157479
 20
1.7076377952755906
 30
0
 11
-1.0095078740157479
 21
1.7145275590551181
 31
0
  0
LINE
  5
627
330
1A
100
AcDbEntity
  8
BLACK
  6
CONTINUOUS
100
AcDbLine
 10
-1.0095078740157479
 20
1.7145275590551181
 30
0
 11
-1.0094329527559054
 21
1.7149042125984251
 31
0
  0
LINE
  5
628
330
1A
100
AcDbEntity
  8
BLACK
  6
CONTINUOUS
100
AcDbLine
 10
-1.0094329527559054
 20
1.7149042125984251
 30
0
 11
-1.0089002755905512
 21
1.7154368897637795
 31
0
  0
LINE
  5
629
330
1A
100
AcDbEntity
  8
BLACK
  6
CONTINUOUS
100
AcDbLine
 10
-1.0089002755905512
 20
1.7154368897637795
 30
0
 11
-1.008523622047244
 21
1.715511811023622
 31
0
  0
LINE
  5
62A
330
1A
100
AcDbEntity
  8
BLACK
  6
CONTINUOUS
100
AcDbLine
 10
-1.008523622047244
 20
1.715511811023622
 30
0
 11
-0.9376574803149607
 21
1.715511811023622
 31
0
  0
LINE
  5
62B
330
1A
100
AcDbEntity
  8
BLACK
  6
CONTINUOUS
100
AcDbLine
 10
-0.9376574803149607
 20
1.715511811023622
 30
0
 11
-0.9372808267716535
 21
1.7154368897637795
 31
0
  0
LINE
  5
62C
330
1A
100
AcDbEntity
  8
BLACK
  6
CONTINUOUS
100
AcDbLine
 10
-1.0075393700787401
 20
1.7135433070866142
 30
0
 11
-1.0075393700787401
 21
1.7066535433070866
 31
0
  0
LINE
  5
62D
330
1A
100
AcDbEntity
  8
BLACK
  6
CONTINUOUS
100
AcDbLine
 10
-1.0075393700787401
 20
1.7066535433070866
 30
0
 11
-1.0076142913385826
 21
1.7062768897637794
 31
0
  0
LINE
  5
62E
330
1A
100
AcDbEntity
  8
BLACK
  6
CONTINUOUS
100
AcDbLine
 10
-1.0076142913385826
 20
1.7062768897637794
 30
0
 11
-1.008146968503937
 21
1.7057442125984252
 31
0
  0
LINE
  5
62F
330
1A
100
AcDbEntity
  8
BLACK
  6
CONTINUOUS
100
AcDbLine
 10
-1.008146968503937
 20
1.7057442125984252
 30
0
 11
-1.008523622047244
 21
1.7056692913385827
 31
0
  0
LINE
  5
630
330
1A
100
AcDbEntity
  8
BLACK
  6
CONTINUOUS
100
AcDbLine
 10
-1.008523622047244
 20
1.7056692913385827
 30
0
 11
-1.0480905511811023
 21
1.7056692913385827
 31
0
  0
LINE
  5
631
330
1A
100
AcDbEntity
  8
BLACK
  6
CONTINUOUS
100
AcDbLine
 10
-1.0480905511811023
 20
1.7056692913385827
 30
0
 11
-1.0480905511811023
 21
1.6639370078740157
 31
0
  0
LINE
  5
632
330
1A
100
AcDbEntity
  8
BLACK
  6
CONTINUOUS
100
AcDbLine
 10
-1.0480905511811023
 20
1.6639370078740157
 30
0
 11
-1.008523622047244
 21
1.6639370078740157
 31
0
  0
LINE
  5
633
330
1A
100
AcDbEntity
  8
BLACK
  6
CONTINUOUS
100
AcDbLine
 10
-1.008523622047244
 20
1.6639370078740157
 30
0
 11
-1.008146968503937
 21
1.6638620866141731
 31
0
  0
LINE
  5
634
330
1A
100
AcDbEntity
  8
BLACK
  6
CONTINUOUS
100
AcDbLine
 10
-1.008146968503937
 20
1.6638620866141731
 30
0
 11
-1.0076142913385826
 21
1.6633294094488189
 31
0
  0
LINE
  5
635
330
1A
100
AcDbEntity
  8
BLACK
  6
CONTINUOUS
100
AcDbLine
 10
-1.0076142913385826
 20
1.6633294094488189
 30
0
 11
-1.0075393700787401
 21
1.6629527559055117
 31
0
  0
LINE
  5
636
330
1A
100
AcDbEntity
  8
BLACK
  6
CONTINUOUS
100
AcDbLine
 10
-1.0075393700787401
 20
1.6629527559055117
 30
0
 11
-1.0075393700787401
 21
1.6322440944881889
 31
0
  0
LINE
  5
637
330
1A
100
AcDbEntity
  8
BLACK
  6
CONTINUOUS
100
AcDbLine
 10
-1.0075393700787401
 20
1.6322440944881889
 30
0
 11
-1.0076142913385826
 21
1.6318674409448819
 31
0
  0
LINE
  5
638
330
1A
100
AcDbEntity
  8
BLACK
  6
CONTINUOUS
100
AcDbLine
 10
-1.0076142913385826
 20
1.6318674409448819
 30
0
 11
-1.008146968503937
 21
1.6313347637795275
 31
0
  0
LINE
  5
639
330
1A
100
AcDbEntity
  8
BLACK
  6
CONTINUOUS
100
AcDbLine
 10
-1.008146968503937
 20
1.6313347637795275
 30
0
 11
-1.008523622047244
 21
1.6312598425196849
 31
0
  0
LINE
  5
63A
330
1A
100
AcDbEntity
  8
BLACK
  6
CONTINUOUS
100
AcDbLine
 10
-1.008523622047244
 20
1.6312598425196849
 30
0
 11
-1.0480905511811023
 21
1.6312598425196849
 31
0
  0
LINE
  5
63B
330
1A
100
AcDbEntity
  8
BLACK
  6
CONTINUOUS
100
AcDbLine
 10
-1.0480905511811023
 20
1.6312598425196849
 30
0
 11
-1.0480905511811023
 21
1.5895275590551181
 31
0
  0
LINE
  5
63C
330
1A
100
AcDbEntity
  8
BLACK
  6
CONTINUOUS
100
AcDbLine
 10
-1.0480905511811023
 20
1.5895275590551181
 30
0
 11
-1.008523622047244
 21
1.5895275590551181
 31
0
  0
LINE
  5
63D
330
1A
100
AcDbEntity
  8
BLACK
  6
CONTINUOUS
100
AcDbLine
 10
-1.008523622047244
 20
1.5895275590551181
 30
0
 11
-1.008146968503937
 21
1.5894526377952756
 31
0
  0
LINE
  5
63E
330
1A
100
AcDbEntity
  8
BLACK
  6
CONTINUOUS
100
AcDbLine
 10
-1.008146968503937
 20
1.5894526377952756
 30
0
 11
-1.0076142913385826
 21
1.5889199606299211
 31
0
  0
LINE
  5
63F
330
1A
100
AcDbEntity
  8
BLACK
  6
CONTINUOUS
100
AcDbLine
 10
-1.0076142913385826
 20
1.5889199606299211
 30
0
 11
-1.0075393700787401
 21
1.5885433070866142
 31
0
  0
LINE
  5
640
330
1A
100
AcDbEntity
  8
BLACK
  6
CONTINUOUS
100
AcDbLine
 10
-1.0075393700787401
 20
1.5885433070866142
 30
0
 11
-1.0075393700787401
 21
1.5816535433070866
 31
0
  0
LINE
  5
641
330
1A
100
AcDbEntity
  8
BLACK
  6
CONTINUOUS
100
AcDbLine
 10
-1.0075393700787401
 20
1.5816535433070866
 30
0
 11
-0.9386417322834646
 21
1.5816535433070866
 31
0
  0
LINE
  5
642
330
1A
100
AcDbEntity
  8
BLACK
  6
CONTINUOUS
100
AcDbLine
 10
-0.9386417322834646
 20
1.5816535433070866
 30
0
 11
-0.9386417322834646
 21
1.6259448818897637
 31
0
  0
LINE
  5
643
330
1A
100
AcDbEntity
  8
BLACK
  6
CONTINUOUS
100
AcDbLine
 10
-0.9386417322834646
 20
1.6259448818897637
 30
0
 11
-0.938566811023622
 21
1.6263215354330709
 31
0
  0
LINE
  5
644
330
1A
100
AcDbEntity
  8
BLACK
  6
CONTINUOUS
100
AcDbLine
 10
-0.938566811023622
 20
1.6263215354330709
 30
0
 11
-0.9380341338582677
 21
1.6268542125984251
 31
0
  0
LINE
  5
645
330
1A
100
AcDbEntity
  8
BLACK
  6
CONTINUOUS
100
AcDbLine
 10
-0.9380341338582677
 20
1.6268542125984251
 30
0
 11
-0.9376574803149607
 21
1.6269291338582677
 31
0
  0
LINE
  5
646
330
1A
100
AcDbEntity
  8
BLACK
  6
CONTINUOUS
100
AcDbLine
 10
-0.9376574803149607
 20
1.6269291338582677
 30
0
 11
-0.8980905511811024
 21
1.6269291338582677
 31
0
  0
LINE
  5
647
330
1A
100
AcDbEntity
  8
BLACK
  6
CONTINUOUS
100
AcDbLine
 10
-0.8980905511811024
 20
1.6269291338582677
 30
0
 11
-0.8980905511811024
 21
1.6682677165354329
 31
0
  0
LINE
  5
648
330
1A
100
AcDbEntity
  8
BLACK
  6
CONTINUOUS
100
AcDbLine
 10
-0.8980905511811024
 20
1.6682677165354329
 30
0
 11
-0.9376574803149607
 21
1.6682677165354329
 31
0
  0
LINE
  5
649
330
1A
100
AcDbEntity
  8
BLACK
  6
CONTINUOUS
100
AcDbLine
 10
-0.9376574803149607
 20
1.6682677165354329
 30
0
 11
-0.9380341338582677
 21
1.6683426377952755
 31
0
  0
LINE
  5
64A
330
1A
100
AcDbEntity
  8
BLACK
  6
CONTINUOUS
100
AcDbLine
 10
-0.9380341338582677
 20
1.6683426377952755
 30
0
 11
-0.938566811023622
 21
1.6688753149606299
 31
0
  0
LINE
  5
64B
330
1A
100
AcDbEntity
  8
BLACK
  6
CONTINUOUS
100
AcDbLine
 10
-0.938566811023622
 20
1.6688753149606299
 30
0
 11
-0.9386417322834646
 21
1.6692519685039369
 31
0
  0
LINE
  5
64C
330
1A
100
AcDbEntity
  8
BLACK
  6
CONTINUOUS
100
AcDbLine
 10
-0.9386417322834646
 20
1.6692519685039369
 30
0
 11
-0.9386417322834646
 21
1.7135433070866142
 31
0
  0
LINE
  5
64D
330
1A
100
AcDbEntity
  8
BLACK
  6
CONTINUOUS
100
AcDbLine
 10
-0.9386417322834646
 20
1.7135433070866142
 30
0
 11
-1.0075393700787401
 21
1.7135433070866142
 31
0
  0
LINE
  5
64E
330
1A
100
AcDbEntity
  8
BLACK
  6
CONTINUOUS
100
AcDbLine
 10
-0.5679698031496063
 20
1.741834527559055
 30
0
 11
-0.567437125984252
 21
1.7413018503937008
 31
0
  0
LINE
  5
64F
330
1A
100
AcDbEntity
  8
BLACK
  6
CONTINUOUS
100
AcDbLine
 10
-0.567437125984252
 20
1.7413018503937008
 30
0
 11
-0.5673622047244095
 21
1.7409251968503936
 31
0
  0
LINE
  5
650
330
1A
100
AcDbEntity
  8
BLACK
  6
CONTINUOUS
100
AcDbLine
 10
-0.5673622047244095
 20
1.7409251968503936
 30
0
 11
-0.5673622047244095
 21
1.6070669291338582
 31
0
  0
LINE
  5
651
330
1A
100
AcDbEntity
  8
BLACK
  6
CONTINUOUS
100
AcDbLine
 10
-0.5673622047244095
 20
1.6070669291338582
 30
0
 11
-0.567437125984252
 21
1.6066902755905512
 31
0
  0
LINE
  5
652
330
1A
100
AcDbEntity
  8
BLACK
  6
CONTINUOUS
100
AcDbLine
 10
-0.567437125984252
 20
1.6066902755905512
 30
0
 11
-0.5679698031496063
 21
1.6061575984251968
 31
0
  0
LINE
  5
653
330
1A
100
AcDbEntity
  8
BLACK
  6
CONTINUOUS
100
AcDbLine
 10
-0.5679698031496063
 20
1.6061575984251968
 30
0
 11
-0.5683464566929134
 21
1.6060826771653542
 31
0
  0
LINE
  5
654
330
1A
100
AcDbEntity
  8
BLACK
  6
CONTINUOUS
100
AcDbLine
 10
-0.5683464566929134
 20
1.6060826771653542
 30
0
 11
-0.645511811023622
 21
1.6060826771653542
 31
0
  0
LINE
  5
655
330
1A
100
AcDbEntity
  8
BLACK
  6
CONTINUOUS
100
AcDbLine
 10
-0.645511811023622
 20
1.6060826771653542
 30
0
 11
-0.6458884645669292
 21
1.6061575984251968
 31
0
  0
LINE
  5
656
330
1A
100
AcDbEntity
  8
BLACK
  6
CONTINUOUS
100
AcDbLine
 10
-0.6458884645669292
 20
1.6061575984251968
 30
0
 11
-0.6464211417322835
 21
1.6066902755905512
 31
0
  0
LINE
  5
657
330
1A
100
AcDbEntity
  8
BLACK
  6
CONTINUOUS
100
AcDbLine
 10
-0.6464211417322835
 20
1.6066902755905512
 30
0
 11
-0.6464960629921259
 21
1.6070669291338582
 31
0
  0
LINE
  5
658
330
1A
100
AcDbEntity
  8
BLACK
  6
CONTINUOUS
100
AcDbLine
 10
-0.6464960629921259
 20
1.6070669291338582
 30
0
 11
-0.6464960629921259
 21
1.7409251968503936
 31
0
  0
LINE
  5
659
330
1A
100
AcDbEntity
  8
BLACK
  6
CONTINUOUS
100
AcDbLine
 10
-0.6464960629921259
 20
1.7409251968503936
 30
0
 11
-0.6464211417322835
 21
1.7413018503937008
 31
0
  0
LINE
  5
65A
330
1A
100
AcDbEntity
  8
BLACK
  6
CONTINUOUS
100
AcDbLine
 10
-0.6464211417322835
 20
1.7413018503937008
 30
0
 11
-0.6458884645669292
 21
1.741834527559055
 31
0
  0
LINE
  5
65B
330
1A
100
AcDbEntity
  8
BLACK
  6
CONTINUOUS
100
AcDbLine
 10
-0.6458884645669292
 20
1.741834527559055
 30
0
 11
-0.645511811023622
 21
1.7419094488188975
 31
0
  0
LINE
  5
65C
330
1A
100
AcDbEntity
  8
BLACK
  6
CONTINUOUS
100
AcDbLine
 10
-0.645511811023622
 20
1.7419094488188975
 30
0
 11
-0.5683464566929134
 21
1.7419094488188975
 31
0
  0
LINE
  5
65D
330
1A
100
AcDbEntity
  8
BLACK
  6
CONTINUOUS
100
AcDbLine
 10
-0.5683464566929134
 20
1.7419094488188975
 30
0
 11
-0.5679698031496063
 21
1.741834527559055
 31
0
  0
LINE
  5
65E
330
1A
100
AcDbEntity
  8
BLACK
  6
CONTINUOUS
100
AcDbLine
 10
-0.644527559055118
 20
1.7399409448818897
 30
0
 11
-0.644527559055118
 21
1.6080511811023621
 31
0
  0
LINE
  5
65F
330
1A
100
AcDbEntity
  8
BLACK
  6
CONTINUOUS
100
AcDbLine
 10
-0.644527559055118
 20
1.6080511811023621
 30
0
 11
-0.5693307086614173
 21
1.6080511811023621
 31
0
  0
LINE
  5
660
330
1A
100
AcDbEntity
  8
BLACK
  6
CONTINUOUS
100
AcDbLine
 10
-0.5693307086614173
 20
1.6080511811023621
 30
0
 11
-0.5693307086614173
 21
1.7399409448818897
 31
0
  0
LINE
  5
661
330
1A
100
AcDbEntity
  8
BLACK
  6
CONTINUOUS
100
AcDbLine
 10
-0.5693307086614173
 20
1.7399409448818897
 30
0
 11
-0.644527559055118
 21
1.7399409448818897
 31
0
  0
LINE
  5
662
330
1A
100
AcDbEntity
  8
BLACK
  6
CONTINUOUS
100
AcDbLine
 10
0.1829750787401575
 20
1.7789801968503938
 30
0
 11
0.1835077559055118
 21
1.7784475196850393
 31
0
  0
LINE
  5
663
330
1A
100
AcDbEntity
  8
BLACK
  6
CONTINUOUS
100
AcDbLine
 10
0.1835077559055118
 20
1.7784475196850393
 30
0
 11
0.1835826771653543
 21
1.7780708661417322
 31
0
  0
LINE
  5
664
330
1A
100
AcDbEntity
  8
BLACK
  6
CONTINUOUS
100
AcDbLine
 10
0.1835826771653543
 20
1.7780708661417322
 30
0
 11
0.1835826771653543
 21
1.6127165354330708
 31
0
  0
LINE
  5
665
330
1A
100
AcDbEntity
  8
BLACK
  6
CONTINUOUS
100
AcDbLine
 10
0.1835826771653543
 20
1.6127165354330708
 30
0
 11
0.1835077559055118
 21
1.6123398818897638
 31
0
  0
LINE
  5
666
330
1A
100
AcDbEntity
  8
BLACK
  6
CONTINUOUS
100
AcDbLine
 10
0.1835077559055118
 20
1.6123398818897638
 30
0
 11
0.1829750787401575
 21
1.6118072047244094
 31
0
  0
LINE
  5
667
330
1A
100
AcDbEntity
  8
BLACK
  6
CONTINUOUS
100
AcDbLine
 10
0.1829750787401575
 20
1.6118072047244094
 30
0
 11
0.1825984251968504
 21
1.6117322834645669
 31
0
  0
LINE
  5
668
330
1A
100
AcDbEntity
  8
BLACK
  6
CONTINUOUS
100
AcDbLine
 10
0.1825984251968504
 20
1.6117322834645669
 30
0
 11
0.048740157480315
 21
1.6117322834645669
 31
0
  0
LINE
  5
669
330
1A
100
AcDbEntity
  8
BLACK
  6
CONTINUOUS
100
AcDbLine
 10
0.048740157480315
 20
1.6117322834645669
 30
0
 11
0.0483635039370079
 21
1.6118072047244094
 31
0
  0
LINE
  5
66A
330
1A
100
AcDbEntity
  8
BLACK
  6
CONTINUOUS
100
AcDbLine
 10
0.0483635039370079
 20
1.6118072047244094
 30
0
 11
0.0478308267716535
 21
1.6123398818897638
 31
0
  0
LINE
  5
66B
330
1A
100
AcDbEntity
  8
BLACK
  6
CONTINUOUS
100
AcDbLine
 10
0.0478308267716535
 20
1.6123398818897638
 30
0
 11
0.047755905511811
 21
1.6127165354330708
 31
0
  0
LINE
  5
66C
330
1A
100
AcDbEntity
  8
BLACK
  6
CONTINUOUS
100
AcDbLine
 10
0.047755905511811
 20
1.6127165354330708
 30
0
 11
0.047755905511811
 21
1.7780708661417322
 31
0
  0
LINE
  5
66D
330
1A
100
AcDbEntity
  8
BLACK
  6
CONTINUOUS
100
AcDbLine
 10
0.047755905511811
 20
1.7780708661417322
 30
0
 11
0.0478308267716535
 21
1.7784475196850393
 31
0
  0
LINE
  5
66E
330
1A
100
AcDbEntity
  8
BLACK
  6
CONTINUOUS
100
AcDbLine
 10
0.0478308267716535
 20
1.7784475196850393
 30
0
 11
0.0483635039370079
 21
1.7789801968503938
 31
0
  0
LINE
  5
66F
330
1A
100
AcDbEntity
  8
BLACK
  6
CONTINUOUS
100
AcDbLine
 10
0.0483635039370079
 20
1.7789801968503938
 30
0
 11
0.048740157480315
 21
1.7790551181102361
 31
0
  0
LINE
  5
670
330
1A
100
AcDbEntity
  8
BLACK
  6
CONTINUOUS
100
AcDbLine
 10
0.048740157480315
 20
1.7790551181102361
 30
0
 11
0.1825984251968504
 21
1.7790551181102361
 31
0
  0
LINE
  5
671
330
1A
100
AcDbEntity
  8
BLACK
  6
CONTINUOUS
100
AcDbLine
 10
0.1825984251968504
 20
1.7790551181102361
 30
0
 11
0.1829750787401575
 21
1.7789801968503938
 31
0
  0
LINE
  5
672
330
1A
100
AcDbEntity
  8
BLACK
  6
CONTINUOUS
100
AcDbLine
 10
0.0497244094488189
 20
1.7770866141732282
 30
0
 11
0.0497244094488189
 21
1.6137007874015747
 31
0
  0
LINE
  5
673
330
1A
100
AcDbEntity
  8
BLACK
  6
CONTINUOUS
100
AcDbLine
 10
0.0497244094488189
 20
1.6137007874015747
 30
0
 11
0.1816141732283464
 21
1.6137007874015747
 31
0
  0
LINE
  5
674
330
1A
100
AcDbEntity
  8
BLACK
  6
CONTINUOUS
100
AcDbLine
 10
0.1816141732283464
 20
1.6137007874015747
 30
0
 11
0.1816141732283464
 21
1.7770866141732282
 31
0
  0
LINE
  5
675
330
1A
100
AcDbEntity
  8
BLACK
  6
CONTINUOUS
100
AcDbLine
 10
0.1816141732283464
 20
1.7770866141732282
 30
0
 11
0.0497244094488189
 21
1.7770866141732282
 31
0
  0
LINE
  5
676
330
1A
100
AcDbEntity
  8
BLACK
  6
CONTINUOUS
100
AcDbLine
 10
0.9777782283464567
 20
1.8820510629921259
 30
0
 11
0.978310905511811
 21
1.8815183858267717
 31
0
  0
LINE
  5
677
330
1A
100
AcDbEntity
  8
BLACK
  6
CONTINUOUS
100
AcDbLine
 10
0.978310905511811
 20
1.8815183858267717
 30
0
 11
0.9783858267716535
 21
1.8811417322834645
 31
0
  0
LINE
  5
678
330
1A
100
AcDbEntity
  8
BLACK
  6
CONTINUOUS
100
AcDbLine
 10
0.9783858267716535
 20
1.8811417322834645
 30
0
 11
0.9783858267716535
 21
1.7496259842519684
 31
0
  0
LINE
  5
679
330
1A
100
AcDbEntity
  8
BLACK
  6
CONTINUOUS
100
AcDbLine
 10
0.9783858267716535
 20
1.7496259842519684
 30
0
 11
1.0074015748031495
 21
1.7496259842519684
 31
0
  0
LINE
  5
67A
330
1A
100
AcDbEntity
  8
BLACK
  6
CONTINUOUS
100
AcDbLine
 10
1.0074015748031495
 20
1.7496259842519684
 30
0
 11
1.0077782283464567
 21
1.749551062992126
 31
0
  0
LINE
  5
67B
330
1A
100
AcDbEntity
  8
BLACK
  6
CONTINUOUS
100
AcDbLine
 10
1.0077782283464567
 20
1.749551062992126
 30
0
 11
1.0083109055118109
 21
1.7490183858267716
 31
0
  0
LINE
  5
67C
330
1A
100
AcDbEntity
  8
BLACK
  6
CONTINUOUS
100
AcDbLine
 10
1.0083109055118109
 20
1.7490183858267716
 30
0
 11
1.0083858267716534
 21
1.7486417322834644
 31
0
  0
LINE
  5
67D
330
1A
100
AcDbEntity
  8
BLACK
  6
CONTINUOUS
100
AcDbLine
 10
1.0083858267716534
 20
1.7486417322834644
 30
0
 11
1.0083858267716534
 21
1.6163582677165353
 31
0
  0
LINE
  5
67E
330
1A
100
AcDbEntity
  8
BLACK
  6
CONTINUOUS
100
AcDbLine
 10
1.0083858267716534
 20
1.6163582677165353
 30
0
 11
1.0083109055118109
 21
1.6159816141732284
 31
0
  0
LINE
  5
67F
330
1A
100
AcDbEntity
  8
BLACK
  6
CONTINUOUS
100
AcDbLine
 10
1.0083109055118109
 20
1.6159816141732284
 30
0
 11
1.0077782283464567
 21
1.615448937007874
 31
0
  0
LINE
  5
680
330
1A
100
AcDbEntity
  8
BLACK
  6
CONTINUOUS
100
AcDbLine
 10
1.0077782283464567
 20
1.615448937007874
 30
0
 11
1.0074015748031495
 21
1.6153740157480314
 31
0
  0
LINE
  5
681
330
1A
100
AcDbEntity
  8
BLACK
  6
CONTINUOUS
100
AcDbLine
 10
1.0074015748031495
 20
1.6153740157480314
 30
0
 11
0.9325984251968503
 21
1.6153740157480314
 31
0
  0
LINE
  5
682
330
1A
100
AcDbEntity
  8
BLACK
  6
CONTINUOUS
100
AcDbLine
 10
0.9325984251968503
 20
1.6153740157480314
 30
0
 11
0.9322217716535433
 21
1.615448937007874
 31
0
  0
LINE
  5
683
330
1A
100
AcDbEntity
  8
BLACK
  6
CONTINUOUS
100
AcDbLine
 10
0.9322217716535433
 20
1.615448937007874
 30
0
 11
0.9316890944881889
 21
1.6159816141732284
 31
0
  0
LINE
  5
684
330
1A
100
AcDbEntity
  8
BLACK
  6
CONTINUOUS
100
AcDbLine
 10
0.9316890944881889
 20
1.6159816141732284
 30
0
 11
0.9316141732283464
 21
1.6163582677165353
 31
0
  0
LINE
  5
685
330
1A
100
AcDbEntity
  8
BLACK
  6
CONTINUOUS
100
AcDbLine
 10
0.9316141732283464
 20
1.6163582677165353
 30
0
 11
0.9316141732283464
 21
1.7478740157480315
 31
0
  0
LINE
  5
686
330
1A
100
AcDbEntity
  8
BLACK
  6
CONTINUOUS
100
AcDbLine
 10
0.9316141732283464
 20
1.7478740157480315
 30
0
 11
0.9025984251968504
 21
1.7478740157480315
 31
0
  0
LINE
  5
687
330
1A
100
AcDbEntity
  8
BLACK
  6
CONTINUOUS
100
AcDbLine
 10
0.9025984251968504
 20
1.7478740157480315
 30
0
 11
0.9022217716535433
 21
1.747948937007874
 31
0
  0
LINE
  5
688
330
1A
100
AcDbEntity
  8
BLACK
  6
CONTINUOUS
100
AcDbLine
 10
0.9022217716535433
 20
1.747948937007874
 30
0
 11
0.9016890944881889
 21
1.7484816141732282
 31
0
  0
LINE
  5
689
330
1A
100
AcDbEntity
  8
BLACK
  6
CONTINUOUS
100
AcDbLine
 10
0.9016890944881889
 20
1.7484816141732282
 30
0
 11
0.9016141732283465
 21
1.7488582677165354
 31
0
  0
LINE
  5
68A
330
1A
100
AcDbEntity
  8
BLACK
  6
CONTINUOUS
100
AcDbLine
 10
0.9016141732283465
 20
1.7488582677165354
 30
0
 11
0.9016141732283465
 21
1.8811417322834645
 31
0
  0
LINE
  5
68B
330
1A
100
AcDbEntity
  8
BLACK
  6
CONTINUOUS
100
AcDbLine
 10
0.9016141732283465
 20
1.8811417322834645
 30
0
 11
0.9016890944881889
 21
1.8815183858267717
 31
0
  0
LINE
  5
68C
330
1A
100
AcDbEntity
  8
BLACK
  6
CONTINUOUS
100
AcDbLine
 10
0.9016890944881889
 20
1.8815183858267717
 30
0
 11
0.9022217716535433
 21
1.8820510629921259
 31
0
  0
LINE
  5
68D
330
1A
100
AcDbEntity
  8
BLACK
  6
CONTINUOUS
100
AcDbLine
 10
0.9022217716535433
 20
1.8820510629921259
 30
0
 11
0.9025984251968504
 21
1.8821259842519684
 31
0
  0
LINE
  5
68E
330
1A
100
AcDbEntity
  8
BLACK
  6
CONTINUOUS
100
AcDbLine
 10
0.9025984251968504
 20
1.8821259842519684
 30
0
 11
0.9774015748031496
 21
1.8821259842519684
 31
0
  0
LINE
  5
68F
330
1A
100
AcDbEntity
  8
BLACK
  6
CONTINUOUS
100
AcDbLine
 10
0.9774015748031496
 20
1.8821259842519684
 30
0
 11
0.9777782283464567
 21
1.8820510629921259
 31
0
  0
LINE
  5
690
330
1A
100
AcDbEntity
  8
BLACK
  6
CONTINUOUS
100
AcDbLine
 10
0.9335826771653543
 20
1.7476574803149605
 30
0
 11
0.9335826771653543
 21
1.6173425196850393
 31
0
  0
LINE
  5
691
330
1A
100
AcDbEntity
  8
BLACK
  6
CONTINUOUS
100
AcDbLine
 10
0.9335826771653543
 20
1.6173425196850393
 30
0
 11
1.0064173228346456
 21
1.6173425196850393
 31
0
  0
LINE
  5
692
330
1A
100
AcDbEntity
  8
BLACK
  6
CONTINUOUS
100
AcDbLine
 10
1.0064173228346456
 20
1.6173425196850393
 30
0
 11
1.0064173228346456
 21
1.7476574803149605
 31
0
  0
LINE
  5
693
330
1A
100
AcDbEntity
  8
BLACK
  6
CONTINUOUS
100
AcDbLine
 10
1.0064173228346456
 20
1.7476574803149605
 30
0
 11
0.9335826771653543
 21
1.7476574803149605
 31
0
  0
LINE
  5
694
330
1A
100
AcDbEntity
  8
BLACK
  6
CONTINUOUS
100
AcDbLine
 10
0.9035826771653543
 20
1.8801574803149605
 30
0
 11
0.9035826771653543
 21
1.7498425196850393
 31
0
  0
LINE
  5
695
330
1A
100
AcDbEntity
  8
BLACK
  6
CONTINUOUS
100
AcDbLine
 10
0.9035826771653543
 20
1.7498425196850393
 30
0
 11
0.9764173228346457
 21
1.7498425196850393
 31
0
  0
LINE
  5
696
330
1A
100
AcDbEntity
  8
BLACK
  6
CONTINUOUS
100
AcDbLine
 10
0.9764173228346457
 20
1.7498425196850393
 30
0
 11
0.9764173228346457
 21
1.8801574803149605
 31
0
  0
LINE
  5
697
330
1A
100
AcDbEntity
  8
BLACK
  6
CONTINUOUS
100
AcDbLine
 10
0.9764173228346457
 20
1.8801574803149605
 30
0
 11
0.9035826771653543
 21
1.8801574803149605
 31
0
  0
LINE
  5
698
330
1A
100
AcDbEntity
  8
BLACK
  6
CONTINUOUS
100
AcDbLine
 10
1.3292349212598424
 20
1.850082559055118
 30
0
 11
1.3297675984251969
 21
1.8495498818897638
 31
0
  0
LINE
  5
699
330
1A
100
AcDbEntity
  8
BLACK
  6
CONTINUOUS
100
AcDbLine
 10
1.3297675984251969
 20
1.8495498818897638
 30
0
 11
1.3298425196850394
 21
1.8491732283464566
 31
0
  0
LINE
  5
69A
330
1A
100
AcDbEntity
  8
BLACK
  6
CONTINUOUS
100
AcDbLine
 10
1.3298425196850394
 20
1.8491732283464566
 30
0
 11
1.3298425196850394
 21
1.6208267716535432
 31
0
  0
LINE
  5
69B
330
1A
100
AcDbEntity
  8
BLACK
  6
CONTINUOUS
100
AcDbLine
 10
1.3298425196850394
 20
1.6208267716535432
 30
0
 11
1.3297675984251969
 21
1.6204501181102362
 31
0
  0
LINE
  5
69C
330
1A
100
AcDbEntity
  8
BLACK
  6
CONTINUOUS
100
AcDbLine
 10
1.3297675984251969
 20
1.6204501181102362
 30
0
 11
1.3292349212598424
 21
1.6199174409448818
 31
0
  0
LINE
  5
69D
330
1A
100
AcDbEntity
  8
BLACK
  6
CONTINUOUS
100
AcDbLine
 10
1.3292349212598424
 20
1.6199174409448818
 30
0
 11
1.3288582677165355
 21
1.6198425196850392
 31
0
  0
LINE
  5
69E
330
1A
100
AcDbEntity
  8
BLACK
  6
CONTINUOUS
100
AcDbLine
 10
1.3288582677165355
 20
1.6198425196850392
 30
0
 11
1.0611417322834646
 21
1.6198425196850392
 31
0
  0
LINE
  5
69F
330
1A
100
AcDbEntity
  8
BLACK
  6
CONTINUOUS
100
AcDbLine
 10
1.0611417322834646
 20
1.6198425196850392
 30
0
 11
1.0607650787401575
 21
1.6199174409448818
 31
0
  0
LINE
  5
6A0
330
1A
100
AcDbEntity
  8
BLACK
  6
CONTINUOUS
100
AcDbLine
 10
1.0607650787401575
 20
1.6199174409448818
 30
0
 11
1.060232401574803
 21
1.6204501181102362
 31
0
  0
LINE
  5
6A1
330
1A
100
AcDbEntity
  8
BLACK
  6
CONTINUOUS
100
AcDbLine
 10
1.060232401574803
 20
1.6204501181102362
 30
0
 11
1.0601574803149607
 21
1.6208267716535432
 31
0
  0
LINE
  5
6A2
330
1A
100
AcDbEntity
  8
BLACK
  6
CONTINUOUS
100
AcDbLine
 10
1.0601574803149607
 20
1.6208267716535432
 30
0
 11
1.0601574803149607
 21
1.8491732283464566
 31
0
  0
LINE
  5
6A3
330
1A
100
AcDbEntity
  8
BLACK
  6
CONTINUOUS
100
AcDbLine
 10
1.0601574803149607
 20
1.8491732283464566
 30
0
 11
1.060232401574803
 21
1.8495498818897638
 31
0
  0
LINE
  5
6A4
330
1A
100
AcDbEntity
  8
BLACK
  6
CONTINUOUS
100
AcDbLine
 10
1.060232401574803
 20
1.8495498818897638
 30
0
 11
1.0607650787401575
 21
1.850082559055118
 31
0
  0
LINE
  5
6A5
330
1A
100
AcDbEntity
  8
BLACK
  6
CONTINUOUS
100
AcDbLine
 10
1.0607650787401575
 20
1.850082559055118
 30
0
 11
1.0611417322834646
 21
1.8501574803149605
 31
0
  0
LINE
  5
6A6
330
1A
100
AcDbEntity
  8
BLACK
  6
CONTINUOUS
100
AcDbLine
 10
1.0611417322834646
 20
1.8501574803149605
 30
0
 11
1.3288582677165355
 21
1.8501574803149605
 31
0
  0
LINE
  5
6A7
330
1A
100
AcDbEntity
  8
BLACK
  6
CONTINUOUS
100
AcDbLine
 10
1.3288582677165355
 20
1.8501574803149605
 30
0
 11
1.3292349212598424
 21
1.850082559055118
 31
0
  0
LINE
  5
6A8
330
1A
100
AcDbEntity
  8
BLACK
  6
CONTINUOUS
100
AcDbLine
 10
1.0621259842519686
 20
1.8481889763779527
 30
0
 11
1.0621259842519686
 21
1.6218110236220471
 31
0
  0
LINE
  5
6A9
330
1A
100
AcDbEntity
  8
BLACK
  6
CONTINUOUS
100
AcDbLine
 10
1.0621259842519686
 20
1.6218110236220471
 30
0
 11
1.3278740157480315
 21
1.6218110236220471
 31
0
  0
LINE
  5
6AA
330
1A
100
AcDbEntity
  8
BLACK
  6
CONTINUOUS
100
AcDbLine
 10
1.3278740157480315
 20
1.6218110236220471
 30
0
 11
1.3278740157480315
 21
1.8481889763779527
 31
0
  0
LINE
  5
6AB
330
1A
100
AcDbEntity
  8
BLACK
  6
CONTINUOUS
100
AcDbLine
 10
1.3278740157480315
 20
1.8481889763779527
 30
0
 11
1.0621259842519686
 21
1.8481889763779527
 31
0
  0
LINE
  5
6AC
330
1A
100
AcDbEntity
  8
BLACK
  6
CONTINUOUS
100
AcDbLine
 10
0.8442349212598425
 20
1.8776022440944882
 30
0
 11
0.8447675984251969
 21
1.8770695669291337
 31
0
  0
LINE
  5
6AD
330
1A
100
AcDbEntity
  8
BLACK
  6
CONTINUOUS
100
AcDbLine
 10
0.8447675984251969
 20
1.8770695669291337
 30
0
 11
0.8448425196850393
 21
1.8766929133858268
 31
0
  0
LINE
  5
6AE
330
1A
100
AcDbEntity
  8
BLACK
  6
CONTINUOUS
100
AcDbLine
 10
0.8448425196850393
 20
1.8766929133858268
 30
0
 11
0.8448425196850393
 21
1.8627165354330708
 31
0
  0
LINE
  5
6AF
330
1A
100
AcDbEntity
  8
BLACK
  6
CONTINUOUS
100
AcDbLine
 10
0.8448425196850393
 20
1.8627165354330708
 30
0
 11
0.8781102362204725
 21
1.8627165354330708
 31
0
  0
LINE
  5
6B0
330
1A
100
AcDbEntity
  8
BLACK
  6
CONTINUOUS
100
AcDbLine
 10
0.8781102362204725
 20
1.8627165354330708
 30
0
 11
0.8784868897637795
 21
1.8626416141732283
 31
0
  0
LINE
  5
6B1
330
1A
100
AcDbEntity
  8
BLACK
  6
CONTINUOUS
100
AcDbLine
 10
0.8784868897637795
 20
1.8626416141732283
 30
0
 11
0.8790195669291339
 21
1.8621089370078741
 31
0
  0
LINE
  5
6B2
330
1A
100
AcDbEntity
  8
BLACK
  6
CONTINUOUS
100
AcDbLine
 10
0.8790195669291339
 20
1.8621089370078741
 30
0
 11
0.8790944881889764
 21
1.8617322834645669
 31
0
  0
LINE
  5
6B3
330
1A
100
AcDbEntity
  8
BLACK
  6
CONTINUOUS
100
AcDbLine
 10
0.8790944881889764
 20
1.8617322834645669
 30
0
 11
0.8790944881889764
 21
1.8284645669291337
 31
0
  0
LINE
  5
6B4
330
1A
100
AcDbEntity
  8
BLACK
  6
CONTINUOUS
100
AcDbLine
 10
0.8790944881889764
 20
1.8284645669291337
 30
0
 11
0.8930708661417323
 21
1.8284645669291337
 31
0
  0
LINE
  5
6B5
330
1A
100
AcDbEntity
  8
BLACK
  6
CONTINUOUS
100
AcDbLine
 10
0.8930708661417323
 20
1.8284645669291337
 30
0
 11
0.8934475196850393
 21
1.8283896456692914
 31
0
  0
LINE
  5
6B6
330
1A
100
AcDbEntity
  8
BLACK
  6
CONTINUOUS
100
AcDbLine
 10
0.8934475196850393
 20
1.8283896456692914
 30
0
 11
0.8939801968503936
 21
1.827856968503937
 31
0
  0
LINE
  5
6B7
330
1A
100
AcDbEntity
  8
BLACK
  6
CONTINUOUS
100
AcDbLine
 10
0.8939801968503936
 20
1.827856968503937
 30
0
 11
0.8940551181102362
 21
1.8274803149606298
 31
0
  0
LINE
  5
6B8
330
1A
100
AcDbEntity
  8
BLACK
  6
CONTINUOUS
100
AcDbLine
 10
0.8940551181102362
 20
1.8274803149606298
 30
0
 11
0.8940551181102362
 21
1.6794488188976378
 31
0
  0
LINE
  5
6B9
330
1A
100
AcDbEntity
  8
BLACK
  6
CONTINUOUS
100
AcDbLine
 10
0.8940551181102362
 20
1.6794488188976378
 30
0
 11
0.8939801968503936
 21
1.6790721653543306
 31
0
  0
LINE
  5
6BA
330
1A
100
AcDbEntity
  8
BLACK
  6
CONTINUOUS
100
AcDbLine
 10
0.8939801968503936
 20
1.6790721653543306
 30
0
 11
0.8934475196850393
 21
1.6785394881889764
 31
0
  0
LINE
  5
6BB
330
1A
100
AcDbEntity
  8
BLACK
  6
CONTINUOUS
100
AcDbLine
 10
0.8934475196850393
 20
1.6785394881889764
 30
0
 11
0.8930708661417323
 21
1.6784645669291338
 31
0
  0
LINE
  5
6BC
330
1A
100
AcDbEntity
  8
BLACK
  6
CONTINUOUS
100
AcDbLine
 10
0.8930708661417323
 20
1.6784645669291338
 30
0
 11
0.8790944881889764
 21
1.6784645669291338
 31
0
  0
LINE
  5
6BD
330
1A
100
AcDbEntity
  8
BLACK
  6
CONTINUOUS
100
AcDbLine
 10
0.8790944881889764
 20
1.6784645669291338
 30
0
 11
0.8790944881889764
 21
1.6451968503937007
 31
0
  0
LINE
  5
6BE
330
1A
100
AcDbEntity
  8
BLACK
  6
CONTINUOUS
100
AcDbLine
 10
0.8790944881889764
 20
1.6451968503937007
 30
0
 11
0.8790195669291339
 21
1.6448201968503937
 31
0
  0
LINE
  5
6BF
330
1A
100
AcDbEntity
  8
BLACK
  6
CONTINUOUS
100
AcDbLine
 10
0.8790195669291339
 20
1.6448201968503937
 30
0
 11
0.8784868897637795
 21
1.6442875196850393
 31
0
  0
LINE
  5
6C0
330
1A
100
AcDbEntity
  8
BLACK
  6
CONTINUOUS
100
AcDbLine
 10
0.8784868897637795
 20
1.6442875196850393
 30
0
 11
0.8781102362204725
 21
1.6442125984251967
 31
0
  0
LINE
  5
6C1
330
1A
100
AcDbEntity
  8
BLACK
  6
CONTINUOUS
100
AcDbLine
 10
0.8781102362204725
 20
1.6442125984251967
 30
0
 11
0.8448425196850393
 21
1.6442125984251967
 31
0
  0
LINE
  5
6C2
330
1A
100
AcDbEntity
  8
BLACK
  6
CONTINUOUS
100
AcDbLine
 10
0.8448425196850393
 20
1.6442125984251967
 30
0
 11
0.8448425196850393
 21
1.630236220472441
 31
0
  0
LINE
  5
6C3
330
1A
100
AcDbEntity
  8
BLACK
  6
CONTINUOUS
100
AcDbLine
 10
0.8448425196850393
 20
1.630236220472441
 30
0
 11
0.8447675984251969
 21
1.6298595669291338
 31
0
  0
LINE
  5
6C4
330
1A
100
AcDbEntity
  8
BLACK
  6
CONTINUOUS
100
AcDbLine
 10
0.8447675984251969
 20
1.6298595669291338
 30
0
 11
0.8442349212598425
 21
1.6293268897637796
 31
0
  0
LINE
  5
6C5
330
1A
100
AcDbEntity
  8
BLACK
  6
CONTINUOUS
100
AcDbLine
 10
0.8442349212598425
 20
1.6293268897637796
 30
0
 11
0.8438582677165354
 21
1.6292519685039371
 31
0
  0
LINE
  5
6C6
330
1A
100
AcDbEntity
  8
BLACK
  6
CONTINUOUS
100
AcDbLine
 10
0.8438582677165354
 20
1.6292519685039371
 30
0
 11
0.7351968503937008
 21
1.6292519685039371
 31
0
  0
LINE
  5
6C7
330
1A
100
AcDbEntity
  8
BLACK
  6
CONTINUOUS
100
AcDbLine
 10
0.7351968503937008
 20
1.6292519685039371
 30
0
 11
0.7348201968503937
 21
1.6293268897637796
 31
0
  0
LINE
  5
6C8
330
1A
100
AcDbEntity
  8
BLACK
  6
CONTINUOUS
100
AcDbLine
 10
0.7348201968503937
 20
1.6293268897637796
 30
0
 11
0.7342875196850394
 21
1.6298595669291338
 31
0
  0
LINE
  5
6C9
330
1A
100
AcDbEntity
  8
BLACK
  6
CONTINUOUS
100
AcDbLine
 10
0.7342875196850394
 20
1.6298595669291338
 30
0
 11
0.7342125984251968
 21
1.630236220472441
 31
0
  0
LINE
  5
6CA
330
1A
100
AcDbEntity
  8
BLACK
  6
CONTINUOUS
100
AcDbLine
 10
0.7342125984251968
 20
1.630236220472441
 30
0
 11
0.7342125984251968
 21
1.6442125984251967
 31
0
  0
LINE
  5
6CB
330
1A
100
AcDbEntity
  8
BLACK
  6
CONTINUOUS
100
AcDbLine
 10
0.7342125984251968
 20
1.6442125984251967
 30
0
 11
0.7009448818897638
 21
1.6442125984251967
 31
0
  0
LINE
  5
6CC
330
1A
100
AcDbEntity
  8
BLACK
  6
CONTINUOUS
100
AcDbLine
 10
0.7009448818897638
 20
1.6442125984251967
 30
0
 11
0.7005682283464567
 21
1.6442875196850393
 31
0
  0
LINE
  5
6CD
330
1A
100
AcDbEntity
  8
BLACK
  6
CONTINUOUS
100
AcDbLine
 10
0.7005682283464567
 20
1.6442875196850393
 30
0
 11
0.7000355511811024
 21
1.6448201968503937
 31
0
  0
LINE
  5
6CE
330
1A
100
AcDbEntity
  8
BLACK
  6
CONTINUOUS
100
AcDbLine
 10
0.7000355511811024
 20
1.6448201968503937
 30
0
 11
0.6999606299212598
 21
1.6451968503937007
 31
0
  0
LINE
  5
6CF
330
1A
100
AcDbEntity
  8
BLACK
  6
CONTINUOUS
100
AcDbLine
 10
0.6999606299212598
 20
1.6451968503937007
 30
0
 11
0.6999606299212598
 21
1.6784645669291338
 31
0
  0
LINE
  5
6D0
330
1A
100
AcDbEntity
  8
BLACK
  6
CONTINUOUS
100
AcDbLine
 10
0.6999606299212598
 20
1.6784645669291338
 30
0
 11
0.6859842519685039
 21
1.6784645669291338
 31
0
  0
LINE
  5
6D1
330
1A
100
AcDbEntity
  8
BLACK
  6
CONTINUOUS
100
AcDbLine
 10
0.6859842519685039
 20
1.6784645669291338
 30
0
 11
0.6856075984251968
 21
1.6785394881889764
 31
0
  0
LINE
  5
6D2
330
1A
100
AcDbEntity
  8
BLACK
  6
CONTINUOUS
100
AcDbLine
 10
0.6856075984251968
 20
1.6785394881889764
 30
0
 11
0.6850749212598425
 21
1.6790721653543306
 31
0
  0
LINE
  5
6D3
330
1A
100
AcDbEntity
  8
BLACK
  6
CONTINUOUS
100
AcDbLine
 10
0.6850749212598425
 20
1.6790721653543306
 30
0
 11
0.6849999999999999
 21
1.6794488188976378
 31
0
  0
LINE
  5
6D4
330
1A
100
AcDbEntity
  8
BLACK
  6
CONTINUOUS
100
AcDbLine
 10
0.6849999999999999
 20
1.6794488188976378
 30
0
 11
0.6849999999999999
 21
1.8274803149606298
 31
0
  0
LINE
  5
6D5
330
1A
100
AcDbEntity
  8
BLACK
  6
CONTINUOUS
100
AcDbLine
 10
0.6849999999999999
 20
1.8274803149606298
 30
0
 11
0.6850749212598425
 21
1.827856968503937
 31
0
  0
LINE
  5
6D6
330
1A
100
AcDbEntity
  8
BLACK
  6
CONTINUOUS
100
AcDbLine
 10
0.6850749212598425
 20
1.827856968503937
 30
0
 11
0.6856075984251968
 21
1.8283896456692914
 31
0
  0
LINE
  5
6D7
330
1A
100
AcDbEntity
  8
BLACK
  6
CONTINUOUS
100
AcDbLine
 10
0.6856075984251968
 20
1.8283896456692914
 30
0
 11
0.6859842519685039
 21
1.8284645669291337
 31
0
  0
LINE
  5
6D8
330
1A
100
AcDbEntity
  8
BLACK
  6
CONTINUOUS
100
AcDbLine
 10
0.6859842519685039
 20
1.8284645669291337
 30
0
 11
0.6999606299212598
 21
1.8284645669291337
 31
0
  0
LINE
  5
6D9
330
1A
100
AcDbEntity
  8
BLACK
  6
CONTINUOUS
100
AcDbLine
 10
0.6999606299212598
 20
1.8284645669291337
 30
0
 11
0.6999606299212598
 21
1.8617322834645669
 31
0
  0
LINE
  5
6DA
330
1A
100
AcDbEntity
  8
BLACK
  6
CONTINUOUS
100
AcDbLine
 10
0.6999606299212598
 20
1.8617322834645669
 30
0
 11
0.7000355511811024
 21
1.8621089370078741
 31
0
  0
LINE
  5
6DB
330
1A
100
AcDbEntity
  8
BLACK
  6
CONTINUOUS
100
AcDbLine
 10
0.7000355511811024
 20
1.8621089370078741
 30
0
 11
0.7005682283464567
 21
1.8626416141732283
 31
0
  0
LINE
  5
6DC
330
1A
100
AcDbEntity
  8
BLACK
  6
CONTINUOUS
100
AcDbLine
 10
0.7005682283464567
 20
1.8626416141732283
 30
0
 11
0.7009448818897638
 21
1.8627165354330708
 31
0
  0
LINE
  5
6DD
330
1A
100
AcDbEntity
  8
BLACK
  6
CONTINUOUS
100
AcDbLine
 10
0.7009448818897638
 20
1.8627165354330708
 30
0
 11
0.7342125984251968
 21
1.8627165354330708
 31
0
  0
LINE
  5
6DE
330
1A
100
AcDbEntity
  8
BLACK
  6
CONTINUOUS
100
AcDbLine
 10
0.7342125984251968
 20
1.8627165354330708
 30
0
 11
0.7342125984251968
 21
1.8766929133858268
 31
0
  0
LINE
  5
6DF
330
1A
100
AcDbEntity
  8
BLACK
  6
CONTINUOUS
100
AcDbLine
 10
0.7342125984251968
 20
1.8766929133858268
 30
0
 11
0.7342875196850394
 21
1.8770695669291337
 31
0
  0
LINE
  5
6E0
330
1A
100
AcDbEntity
  8
BLACK
  6
CONTINUOUS
100
AcDbLine
 10
0.7342875196850394
 20
1.8770695669291337
 30
0
 11
0.7348201968503937
 21
1.8776022440944882
 31
0
  0
LINE
  5
6E1
330
1A
100
AcDbEntity
  8
BLACK
  6
CONTINUOUS
100
AcDbLine
 10
0.7348201968503937
 20
1.8776022440944882
 30
0
 11
0.7351968503937008
 21
1.8776771653543307
 31
0
  0
LINE
  5
6E2
330
1A
100
AcDbEntity
  8
BLACK
  6
CONTINUOUS
100
AcDbLine
 10
0.7351968503937008
 20
1.8776771653543307
 30
0
 11
0.8438582677165354
 21
1.8776771653543307
 31
0
  0
LINE
  5
6E3
330
1A
100
AcDbEntity
  8
BLACK
  6
CONTINUOUS
100
AcDbLine
 10
0.8438582677165354
 20
1.8776771653543307
 30
0
 11
0.8442349212598425
 21
1.8776022440944882
 31
0
  0
LINE
  5
6E4
330
1A
100
AcDbEntity
  8
BLACK
  6
CONTINUOUS
100
AcDbLine
 10
0.7361811023622047
 20
1.8757086614173228
 30
0
 11
0.7361811023622047
 21
1.8617322834645669
 31
0
  0
LINE
  5
6E5
330
1A
100
AcDbEntity
  8
BLACK
  6
CONTINUOUS
100
AcDbLine
 10
0.7361811023622047
 20
1.8617322834645669
 30
0
 11
0.7361061811023621
 21
1.8613556299212597
 31
0
  0
LINE
  5
6E6
330
1A
100
AcDbEntity
  8
BLACK
  6
CONTINUOUS
100
AcDbLine
 10
0.7361061811023621
 20
1.8613556299212597
 30
0
 11
0.7355735039370078
 21
1.8608229527559055
 31
0
  0
LINE
  5
6E7
330
1A
100
AcDbEntity
  8
BLACK
  6
CONTINUOUS
100
AcDbLine
 10
0.7355735039370078
 20
1.8608229527559055
 30
0
 11
0.7351968503937008
 21
1.8607480314960629
 31
0
  0
LINE
  5
6E8
330
1A
100
AcDbEntity
  8
BLACK
  6
CONTINUOUS
100
AcDbLine
 10
0.7351968503937008
 20
1.8607480314960629
 30
0
 11
0.7019291338582677
 21
1.8607480314960629
 31
0
  0
LINE
  5
6E9
330
1A
100
AcDbEntity
  8
BLACK
  6
CONTINUOUS
100
AcDbLine
 10
0.7019291338582677
 20
1.8607480314960629
 30
0
 11
0.7019291338582677
 21
1.8274803149606298
 31
0
  0
LINE
  5
6EA
330
1A
100
AcDbEntity
  8
BLACK
  6
CONTINUOUS
100
AcDbLine
 10
0.7019291338582677
 20
1.8274803149606298
 30
0
 11
0.7018542125984252
 21
1.8271036614173228
 31
0
  0
LINE
  5
6EB
330
1A
100
AcDbEntity
  8
BLACK
  6
CONTINUOUS
100
AcDbLine
 10
0.7018542125984252
 20
1.8271036614173228
 30
0
 11
0.7013215354330709
 21
1.8265709842519684
 31
0
  0
LINE
  5
6EC
330
1A
100
AcDbEntity
  8
BLACK
  6
CONTINUOUS
100
AcDbLine
 10
0.7013215354330709
 20
1.8265709842519684
 30
0
 11
0.7009448818897638
 21
1.8264960629921259
 31
0
  0
LINE
  5
6ED
330
1A
100
AcDbEntity
  8
BLACK
  6
CONTINUOUS
100
AcDbLine
 10
0.7009448818897638
 20
1.8264960629921259
 30
0
 11
0.6869685039370078
 21
1.8264960629921259
 31
0
  0
LINE
  5
6EE
330
1A
100
AcDbEntity
  8
BLACK
  6
CONTINUOUS
100
AcDbLine
 10
0.6869685039370078
 20
1.8264960629921259
 30
0
 11
0.6869685039370078
 21
1.6804330708661417
 31
0
  0
LINE
  5
6EF
330
1A
100
AcDbEntity
  8
BLACK
  6
CONTINUOUS
100
AcDbLine
 10
0.6869685039370078
 20
1.6804330708661417
 30
0
 11
0.7009448818897638
 21
1.6804330708661417
 31
0
  0
LINE
  5
6F0
330
1A
100
AcDbEntity
  8
BLACK
  6
CONTINUOUS
100
AcDbLine
 10
0.7009448818897638
 20
1.6804330708661417
 30
0
 11
0.7013215354330709
 21
1.6803581496062991
 31
0
  0
LINE
  5
6F1
330
1A
100
AcDbEntity
  8
BLACK
  6
CONTINUOUS
100
AcDbLine
 10
0.7013215354330709
 20
1.6803581496062991
 30
0
 11
0.7018542125984252
 21
1.6798254724409449
 31
0
  0
LINE
  5
6F2
330
1A
100
AcDbEntity
  8
BLACK
  6
CONTINUOUS
100
AcDbLine
 10
0.7018542125984252
 20
1.6798254724409449
 30
0
 11
0.7019291338582677
 21
1.6794488188976378
 31
0
  0
LINE
  5
6F3
330
1A
100
AcDbEntity
  8
BLACK
  6
CONTINUOUS
100
AcDbLine
 10
0.7019291338582677
 20
1.6794488188976378
 30
0
 11
0.7019291338582677
 21
1.6461811023622046
 31
0
  0
LINE
  5
6F4
330
1A
100
AcDbEntity
  8
BLACK
  6
CONTINUOUS
100
AcDbLine
 10
0.7019291338582677
 20
1.6461811023622046
 30
0
 11
0.7351968503937008
 21
1.6461811023622046
 31
0
  0
LINE
  5
6F5
330
1A
100
AcDbEntity
  8
BLACK
  6
CONTINUOUS
100
AcDbLine
 10
0.7351968503937008
 20
1.6461811023622046
 30
0
 11
0.7355735039370078
 21
1.6461061811023621
 31
0
  0
LINE
  5
6F6
330
1A
100
AcDbEntity
  8
BLACK
  6
CONTINUOUS
100
AcDbLine
 10
0.7355735039370078
 20
1.6461061811023621
 30
0
 11
0.7361061811023621
 21
1.6455735039370079
 31
0
  0
LINE
  5
6F7
330
1A
100
AcDbEntity
  8
BLACK
  6
CONTINUOUS
100
AcDbLine
 10
0.7361061811023621
 20
1.6455735039370079
 30
0
 11
0.7361811023622047
 21
1.6451968503937007
 31
0
  0
LINE
  5
6F8
330
1A
100
AcDbEntity
  8
BLACK
  6
CONTINUOUS
100
AcDbLine
 10
0.7361811023622047
 20
1.6451968503937007
 30
0
 11
0.7361811023622047
 21
1.6312204724409449
 31
0
  0
LINE
  5
6F9
330
1A
100
AcDbEntity
  8
BLACK
  6
CONTINUOUS
100
AcDbLine
 10
0.7361811023622047
 20
1.6312204724409449
 30
0
 11
0.8428740157480314
 21
1.6312204724409449
 31
0
  0
LINE
  5
6FA
330
1A
100
AcDbEntity
  8
BLACK
  6
CONTINUOUS
100
AcDbLine
 10
0.8428740157480314
 20
1.6312204724409449
 30
0
 11
0.8428740157480314
 21
1.6451968503937007
 31
0
  0
LINE
  5
6FB
330
1A
100
AcDbEntity
  8
BLACK
  6
CONTINUOUS
100
AcDbLine
 10
0.8428740157480314
 20
1.6451968503937007
 30
0
 11
0.842948937007874
 21
1.6455735039370079
 31
0
  0
LINE
  5
6FC
330
1A
100
AcDbEntity
  8
BLACK
  6
CONTINUOUS
100
AcDbLine
 10
0.842948937007874
 20
1.6455735039370079
 30
0
 11
0.8434816141732283
 21
1.6461061811023621
 31
0
  0
LINE
  5
6FD
330
1A
100
AcDbEntity
  8
BLACK
  6
CONTINUOUS
100
AcDbLine
 10
0.8434816141732283
 20
1.6461061811023621
 30
0
 11
0.8438582677165354
 21
1.6461811023622046
 31
0
  0
LINE
  5
6FE
330
1A
100
AcDbEntity
  8
BLACK
  6
CONTINUOUS
100
AcDbLine
 10
0.8438582677165354
 20
1.6461811023622046
 30
0
 11
0.8771259842519685
 21
1.6461811023622046
 31
0
  0
LINE
  5
6FF
330
1A
100
AcDbEntity
  8
BLACK
  6
CONTINUOUS
100
AcDbLine
 10
0.8771259842519685
 20
1.6461811023622046
 30
0
 11
0.8771259842519685
 21
1.6794488188976378
 31
0
  0
LINE
  5
700
330
1A
100
AcDbEntity
  8
BLACK
  6
CONTINUOUS
100
AcDbLine
 10
0.8771259842519685
 20
1.6794488188976378
 30
0
 11
0.877200905511811
 21
1.6798254724409449
 31
0
  0
LINE
  5
701
330
1A
100
AcDbEntity
  8
BLACK
  6
CONTINUOUS
100
AcDbLine
 10
0.877200905511811
 20
1.6798254724409449
 30
0
 11
0.8777335826771653
 21
1.6803581496062991
 31
0
  0
LINE
  5
702
330
1A
100
AcDbEntity
  8
BLACK
  6
CONTINUOUS
100
AcDbLine
 10
0.8777335826771653
 20
1.6803581496062991
 30
0
 11
0.8781102362204725
 21
1.6804330708661417
 31
0
  0
LINE
  5
703
330
1A
100
AcDbEntity
  8
BLACK
  6
CONTINUOUS
100
AcDbLine
 10
0.8781102362204725
 20
1.6804330708661417
 30
0
 11
0.8920866141732283
 21
1.6804330708661417
 31
0
  0
LINE
  5
704
330
1A
100
AcDbEntity
  8
BLACK
  6
CONTINUOUS
100
AcDbLine
 10
0.8920866141732283
 20
1.6804330708661417
 30
0
 11
0.8920866141732283
 21
1.8264960629921259
 31
0
  0
LINE
  5
705
330
1A
100
AcDbEntity
  8
BLACK
  6
CONTINUOUS
100
AcDbLine
 10
0.8920866141732283
 20
1.8264960629921259
 30
0
 11
0.8781102362204725
 21
1.8264960629921259
 31
0
  0
LINE
  5
706
330
1A
100
AcDbEntity
  8
BLACK
  6
CONTINUOUS
100
AcDbLine
 10
0.8781102362204725
 20
1.8264960629921259
 30
0
 11
0.8777335826771653
 21
1.8265709842519684
 31
0
  0
LINE
  5
707
330
1A
100
AcDbEntity
  8
BLACK
  6
CONTINUOUS
100
AcDbLine
 10
0.8777335826771653
 20
1.8265709842519684
 30
0
 11
0.877200905511811
 21
1.8271036614173228
 31
0
  0
LINE
  5
708
330
1A
100
AcDbEntity
  8
BLACK
  6
CONTINUOUS
100
AcDbLine
 10
0.877200905511811
 20
1.8271036614173228
 30
0
 11
0.8771259842519685
 21
1.8274803149606298
 31
0
  0
LINE
  5
709
330
1A
100
AcDbEntity
  8
BLACK
  6
CONTINUOUS
100
AcDbLine
 10
0.8771259842519685
 20
1.8274803149606298
 30
0
 11
0.8771259842519685
 21
1.8607480314960629
 31
0
  0
LINE
  5
70A
330
1A
100
AcDbEntity
  8
BLACK
  6
CONTINUOUS
100
AcDbLine
 10
0.8771259842519685
 20
1.8607480314960629
 30
0
 11
0.8438582677165354
 21
1.8607480314960629
 31
0
  0
LINE
  5
70B
330
1A
100
AcDbEntity
  8
BLACK
  6
CONTINUOUS
100
AcDbLine
 10
0.8438582677165354
 20
1.8607480314960629
 30
0
 11
0.8434816141732283
 21
1.8608229527559055
 31
0
  0
LINE
  5
70C
330
1A
100
AcDbEntity
  8
BLACK
  6
CONTINUOUS
100
AcDbLine
 10
0.8434816141732283
 20
1.8608229527559055
 30
0
 11
0.842948937007874
 21
1.8613556299212597
 31
0
  0
LINE
  5
70D
330
1A
100
AcDbEntity
  8
BLACK
  6
CONTINUOUS
100
AcDbLine
 10
0.842948937007874
 20
1.8613556299212597
 30
0
 11
0.8428740157480314
 21
1.8617322834645669
 31
0
  0
LINE
  5
70E
330
1A
100
AcDbEntity
  8
BLACK
  6
CONTINUOUS
100
AcDbLine
 10
0.8428740157480314
 20
1.8617322834645669
 30
0
 11
0.8428740157480314
 21
1.8757086614173228
 31
0
  0
LINE
  5
70F
330
1A
100
AcDbEntity
  8
BLACK
  6
CONTINUOUS
100
AcDbLine
 10
0.8428740157480314
 20
1.8757086614173228
 30
0
 11
0.7361811023622047
 21
1.8757086614173228
 31
0
  0
LINE
  5
710
330
1A
100
AcDbEntity
  8
BLACK
  6
CONTINUOUS
100
AcDbLine
 10
0.6391168110236221
 20
1.7744329527559055
 30
0
 11
0.6396494881889764
 21
1.7739002755905511
 31
0
  0
LINE
  5
711
330
1A
100
AcDbEntity
  8
BLACK
  6
CONTINUOUS
100
AcDbLine
 10
0.6396494881889764
 20
1.7739002755905511
 30
0
 11
0.6397244094488189
 21
1.7735236220472441
 31
0
  0
LINE
  5
712
330
1A
100
AcDbEntity
  8
BLACK
  6
CONTINUOUS
100
AcDbLine
 10
0.6397244094488189
 20
1.7735236220472441
 30
0
 11
0.6397244094488189
 21
1.6412401574803148
 31
0
  0
LINE
  5
713
330
1A
100
AcDbEntity
  8
BLACK
  6
CONTINUOUS
100
AcDbLine
 10
0.6397244094488189
 20
1.6412401574803148
 30
0
 11
0.6396494881889764
 21
1.6408635039370079
 31
0
  0
LINE
  5
714
330
1A
100
AcDbEntity
  8
BLACK
  6
CONTINUOUS
100
AcDbLine
 10
0.6396494881889764
 20
1.6408635039370079
 30
0
 11
0.6391168110236221
 21
1.6403308267716534
 31
0
  0
LINE
  5
715
330
1A
100
AcDbEntity
  8
BLACK
  6
CONTINUOUS
100
AcDbLine
 10
0.6391168110236221
 20
1.6403308267716534
 30
0
 11
0.638740157480315
 21
1.6402559055118109
 31
0
  0
LINE
  5
716
330
1A
100
AcDbEntity
  8
BLACK
  6
CONTINUOUS
100
AcDbLine
 10
0.638740157480315
 20
1.6402559055118109
 30
0
 11
0.5639370078740157
 21
1.6402559055118109
 31
0
  0
LINE
  5
717
330
1A
100
AcDbEntity
  8
BLACK
  6
CONTINUOUS
100
AcDbLine
 10
0.5639370078740157
 20
1.6402559055118109
 30
0
 11
0.5635603543307086
 21
1.6403308267716534
 31
0
  0
LINE
  5
718
330
1A
100
AcDbEntity
  8
BLACK
  6
CONTINUOUS
100
AcDbLine
 10
0.5635603543307086
 20
1.6403308267716534
 30
0
 11
0.5630276771653543
 21
1.6408635039370079
 31
0
  0
LINE
  5
719
330
1A
100
AcDbEntity
  8
BLACK
  6
CONTINUOUS
100
AcDbLine
 10
0.5630276771653543
 20
1.6408635039370079
 30
0
 11
0.5629527559055117
 21
1.6412401574803148
 31
0
  0
LINE
  5
71A
330
1A
100
AcDbEntity
  8
BLACK
  6
CONTINUOUS
100
AcDbLine
 10
0.5629527559055117
 20
1.6412401574803148
 30
0
 11
0.5629527559055117
 21
1.7735236220472441
 31
0
  0
LINE
  5
71B
330
1A
100
AcDbEntity
  8
BLACK
  6
CONTINUOUS
100
AcDbLine
 10
0.5629527559055117
 20
1.7735236220472441
 30
0
 11
0.5630276771653543
 21
1.7739002755905511
 31
0
  0
LINE
  5
71C
330
1A
100
AcDbEntity
  8
BLACK
  6
CONTINUOUS
100
AcDbLine
 10
0.5630276771653543
 20
1.7739002755905511
 30
0
 11
0.5635603543307086
 21
1.7744329527559055
 31
0
  0
LINE
  5
71D
330
1A
100
AcDbEntity
  8
BLACK
  6
CONTINUOUS
100
AcDbLine
 10
0.5635603543307086
 20
1.7744329527559055
 30
0
 11
0.5639370078740157
 21
1.7745078740157481
 31
0
  0
LINE
  5
71E
330
1A
100
AcDbEntity
  8
BLACK
  6
CONTINUOUS
100
AcDbLine
 10
0.5639370078740157
 20
1.7745078740157481
 30
0
 11
0.638740157480315
 21
1.7745078740157481
 31
0
  0
LINE
  5
71F
330
1A
100
AcDbEntity
  8
BLACK
  6
CONTINUOUS
100
AcDbLine
 10
0.638740157480315
 20
1.7745078740157481
 30
0
 11
0.6391168110236221
 21
1.7744329527559055
 31
0
  0
LINE
  5
720
330
1A
100
AcDbEntity
  8
BLACK
  6
CONTINUOUS
100
AcDbLine
 10
0.5649212598425196
 20
1.7725393700787402
 30
0
 11
0.5649212598425196
 21
1.6422244094488188
 31
0
  0
LINE
  5
721
330
1A
100
AcDbEntity
  8
BLACK
  6
CONTINUOUS
100
AcDbLine
 10
0.5649212598425196
 20
1.6422244094488188
 30
0
 11
0.637755905511811
 21
1.6422244094488188
 31
0
  0
LINE
  5
722
330
1A
100
AcDbEntity
  8
BLACK
  6
CONTINUOUS
100
AcDbLine
 10
0.637755905511811
 20
1.6422244094488188
 30
0
 11
0.637755905511811
 21
1.7725393700787402
 31
0
  0
LINE
  5
723
330
1A
100
AcDbEntity
  8
BLACK
  6
CONTINUOUS
100
AcDbLine
 10
0.637755905511811
 20
1.7725393700787402
 30
0
 11
0.5649212598425196
 21
1.7725393700787402
 31
0
  0
LINE
  5
724
330
1A
100
AcDbEntity
  8
BLACK
  6
CONTINUOUS
100
AcDbLine
 10
-1.2409816141732284
 20
1.733310905511811
 30
0
 11
-1.240448937007874
 21
1.7327782283464566
 31
0
  0
LINE
  5
725
330
1A
100
AcDbEntity
  8
BLACK
  6
CONTINUOUS
100
AcDbLine
 10
-1.240448937007874
 20
1.7327782283464566
 30
0
 11
-1.2403740157480314
 21
1.7324015748031496
 31
0
  0
LINE
  5
726
330
1A
100
AcDbEntity
  8
BLACK
  6
CONTINUOUS
100
AcDbLine
 10
-1.2403740157480314
 20
1.7324015748031496
 30
0
 11
-1.2403740157480314
 21
1.6575984251968503
 31
0
  0
LINE
  5
727
330
1A
100
AcDbEntity
  8
BLACK
  6
CONTINUOUS
100
AcDbLine
 10
-1.2403740157480314
 20
1.6575984251968503
 30
0
 11
-1.240448937007874
 21
1.6572217716535433
 31
0
  0
LINE
  5
728
330
1A
100
AcDbEntity
  8
BLACK
  6
CONTINUOUS
100
AcDbLine
 10
-1.240448937007874
 20
1.6572217716535433
 30
0
 11
-1.2409816141732284
 21
1.6566890944881889
 31
0
  0
LINE
  5
729
330
1A
100
AcDbEntity
  8
BLACK
  6
CONTINUOUS
100
AcDbLine
 10
-1.2409816141732284
 20
1.6566890944881889
 30
0
 11
-1.2413582677165353
 21
1.6566141732283464
 31
0
  0
LINE
  5
72A
330
1A
100
AcDbEntity
  8
BLACK
  6
CONTINUOUS
100
AcDbLine
 10
-1.2413582677165353
 20
1.6566141732283464
 30
0
 11
-1.3736417322834646
 21
1.6566141732283464
 31
0
  0
LINE
  5
72B
330
1A
100
AcDbEntity
  8
BLACK
  6
CONTINUOUS
100
AcDbLine
 10
-1.3736417322834646
 20
1.6566141732283464
 30
0
 11
-1.3740183858267716
 21
1.6566890944881889
 31
0
  0
LINE
  5
72C
330
1A
100
AcDbEntity
  8
BLACK
  6
CONTINUOUS
100
AcDbLine
 10
-1.3740183858267716
 20
1.6566890944881889
 30
0
 11
-1.374551062992126
 21
1.6572217716535433
 31
0
  0
LINE
  5
72D
330
1A
100
AcDbEntity
  8
BLACK
  6
CONTINUOUS
100
AcDbLine
 10
-1.374551062992126
 20
1.6572217716535433
 30
0
 11
-1.3746259842519686
 21
1.6575984251968503
 31
0
  0
LINE
  5
72E
330
1A
100
AcDbEntity
  8
BLACK
  6
CONTINUOUS
100
AcDbLine
 10
-1.3746259842519686
 20
1.6575984251968503
 30
0
 11
-1.3746259842519686
 21
1.7324015748031496
 31
0
  0
LINE
  5
72F
330
1A
100
AcDbEntity
  8
BLACK
  6
CONTINUOUS
100
AcDbLine
 10
-1.3746259842519686
 20
1.7324015748031496
 30
0
 11
-1.374551062992126
 21
1.7327782283464566
 31
0
  0
LINE
  5
730
330
1A
100
AcDbEntity
  8
BLACK
  6
CONTINUOUS
100
AcDbLine
 10
-1.374551062992126
 20
1.7327782283464566
 30
0
 11
-1.3740183858267716
 21
1.733310905511811
 31
0
  0
LINE
  5
731
330
1A
100
AcDbEntity
  8
BLACK
  6
CONTINUOUS
100
AcDbLine
 10
-1.3740183858267716
 20
1.733310905511811
 30
0
 11
-1.3736417322834646
 21
1.7333858267716535
 31
0
  0
LINE
  5
732
330
1A
100
AcDbEntity
  8
BLACK
  6
CONTINUOUS
100
AcDbLine
 10
-1.3736417322834646
 20
1.7333858267716535
 30
0
 11
-1.2413582677165353
 21
1.7333858267716535
 31
0
  0
LINE
  5
733
330
1A
100
AcDbEntity
  8
BLACK
  6
CONTINUOUS
100
AcDbLine
 10
-1.2413582677165353
 20
1.7333858267716535
 30
0
 11
-1.2409816141732284
 21
1.733310905511811
 31
0
  0
LINE
  5
734
330
1A
100
AcDbEntity
  8
BLACK
  6
CONTINUOUS
100
AcDbLine
 10
-1.3726574803149607
 20
1.7314173228346457
 30
0
 11
-1.3726574803149607
 21
1.6585826771653542
 31
0
  0
LINE
  5
735
330
1A
100
AcDbEntity
  8
BLACK
  6
CONTINUOUS
100
AcDbLine
 10
-1.3726574803149607
 20
1.6585826771653542
 30
0
 11
-1.2423425196850393
 21
1.6585826771653542
 31
0
  0
LINE
  5
736
330
1A
100
AcDbEntity
  8
BLACK
  6
CONTINUOUS
100
AcDbLine
 10
-1.2423425196850393
 20
1.6585826771653542
 30
0
 11
-1.2423425196850393
 21
1.7314173228346457
 31
0
  0
LINE
  5
737
330
1A
100
AcDbEntity
  8
BLACK
  6
CONTINUOUS
100
AcDbLine
 10
-1.2423425196850393
 20
1.7314173228346457
 30
0
 11
-1.3726574803149607
 21
1.7314173228346457
 31
0
  0
LINE
  5
738
330
1A
100
AcDbEntity
  8
BLACK
  6
CONTINUOUS
100
AcDbLine
 10
-0.6910406692913386
 20
1.801834527559055
 30
0
 11
-0.6905079921259842
 21
1.8013018503937008
 31
0
  0
LINE
  5
739
330
1A
100
AcDbEntity
  8
BLACK
  6
CONTINUOUS
100
AcDbLine
 10
-0.6905079921259842
 20
1.8013018503937008
 30
0
 11
-0.6904330708661417
 21
1.8009251968503937
 31
0
  0
LINE
  5
73A
330
1A
100
AcDbEntity
  8
BLACK
  6
CONTINUOUS
100
AcDbLine
 10
-0.6904330708661417
 20
1.8009251968503937
 30
0
 11
-0.6904330708661417
 21
1.6670669291338582
 31
0
  0
LINE
  5
73B
330
1A
100
AcDbEntity
  8
BLACK
  6
CONTINUOUS
100
AcDbLine
 10
-0.6904330708661417
 20
1.6670669291338582
 30
0
 11
-0.6905079921259842
 21
1.6666902755905511
 31
0
  0
LINE
  5
73C
330
1A
100
AcDbEntity
  8
BLACK
  6
CONTINUOUS
100
AcDbLine
 10
-0.6905079921259842
 20
1.6666902755905511
 30
0
 11
-0.6910406692913386
 21
1.6661575984251968
 31
0
  0
LINE
  5
73D
330
1A
100
AcDbEntity
  8
BLACK
  6
CONTINUOUS
100
AcDbLine
 10
-0.6910406692913386
 20
1.6661575984251968
 30
0
 11
-0.6914173228346456
 21
1.6660826771653543
 31
0
  0
LINE
  5
73E
330
1A
100
AcDbEntity
  8
BLACK
  6
CONTINUOUS
100
AcDbLine
 10
-0.6914173228346456
 20
1.6660826771653543
 30
0
 11
-0.7685826771653543
 21
1.6660826771653543
 31
0
  0
LINE
  5
73F
330
1A
100
AcDbEntity
  8
BLACK
  6
CONTINUOUS
100
AcDbLine
 10
-0.7685826771653543
 20
1.6660826771653543
 30
0
 11
-0.7689593307086614
 21
1.6661575984251968
 31
0
  0
LINE
  5
740
330
1A
100
AcDbEntity
  8
BLACK
  6
CONTINUOUS
100
AcDbLine
 10
-0.7689593307086614
 20
1.6661575984251968
 30
0
 11
-0.7694920078740157
 21
1.6666902755905511
 31
0
  0
LINE
  5
741
330
1A
100
AcDbEntity
  8
BLACK
  6
CONTINUOUS
100
AcDbLine
 10
-0.7694920078740157
 20
1.6666902755905511
 30
0
 11
-0.7695669291338583
 21
1.6670669291338582
 31
0
  0
LINE
  5
742
330
1A
100
AcDbEntity
  8
BLACK
  6
CONTINUOUS
100
AcDbLine
 10
-0.7695669291338583
 20
1.6670669291338582
 30
0
 11
-0.7695669291338583
 21
1.8009251968503937
 31
0
  0
LINE
  5
743
330
1A
100
AcDbEntity
  8
BLACK
  6
CONTINUOUS
100
AcDbLine
 10
-0.7695669291338583
 20
1.8009251968503937
 30
0
 11
-0.7694920078740157
 21
1.8013018503937008
 31
0
  0
LINE
  5
744
330
1A
100
AcDbEntity
  8
BLACK
  6
CONTINUOUS
100
AcDbLine
 10
-0.7694920078740157
 20
1.8013018503937008
 30
0
 11
-0.7689593307086614
 21
1.801834527559055
 31
0
  0
LINE
  5
745
330
1A
100
AcDbEntity
  8
BLACK
  6
CONTINUOUS
100
AcDbLine
 10
-0.7689593307086614
 20
1.801834527559055
 30
0
 11
-0.7685826771653543
 21
1.8019094488188976
 31
0
  0
LINE
  5
746
330
1A
100
AcDbEntity
  8
BLACK
  6
CONTINUOUS
100
AcDbLine
 10
-0.7685826771653543
 20
1.8019094488188976
 30
0
 11
-0.6914173228346456
 21
1.8019094488188976
 31
0
  0
LINE
  5
747
330
1A
100
AcDbEntity
  8
BLACK
  6
CONTINUOUS
100
AcDbLine
 10
-0.6914173228346456
 20
1.8019094488188976
 30
0
 11
-0.6910406692913386
 21
1.801834527559055
 31
0
  0
LINE
  5
748
330
1A
100
AcDbEntity
  8
BLACK
  6
CONTINUOUS
100
AcDbLine
 10
-0.7675984251968504
 20
1.7999409448818897
 30
0
 11
-0.7675984251968504
 21
1.6680511811023622
 31
0
  0
LINE
  5
749
330
1A
100
AcDbEntity
  8
BLACK
  6
CONTINUOUS
100
AcDbLine
 10
-0.7675984251968504
 20
1.6680511811023622
 30
0
 11
-0.6924015748031496
 21
1.6680511811023622
 31
0
  0
LINE
  5
74A
330
1A
100
AcDbEntity
  8
BLACK
  6
CONTINUOUS
100
AcDbLine
 10
-0.6924015748031496
 20
1.6680511811023622
 30
0
 11
-0.6924015748031496
 21
1.7999409448818897
 31
0
  0
LINE
  5
74B
330
1A
100
AcDbEntity
  8
BLACK
  6
CONTINUOUS
100
AcDbLine
 10
-0.6924015748031496
 20
1.7999409448818897
 30
0
 11
-0.7675984251968504
 21
1.7999409448818897
 31
0
  0
LINE
  5
74C
330
1A
100
AcDbEntity
  8
BLACK
  6
CONTINUOUS
100
AcDbLine
 10
0.3278766535433071
 20
1.7659880708661417
 30
0
 11
0.3284093307086614
 21
1.7654553937007873
 31
0
  0
LINE
  5
74D
330
1A
100
AcDbEntity
  8
BLACK
  6
CONTINUOUS
100
AcDbLine
 10
0.3284093307086614
 20
1.7654553937007873
 30
0
 11
0.3284842519685039
 21
1.7650787401574803
 31
0
  0
LINE
  5
74E
330
1A
100
AcDbEntity
  8
BLACK
  6
CONTINUOUS
100
AcDbLine
 10
0.3284842519685039
 20
1.7650787401574803
 30
0
 11
0.3284842519685039
 21
1.6879133858267716
 31
0
  0
LINE
  5
74F
330
1A
100
AcDbEntity
  8
BLACK
  6
CONTINUOUS
100
AcDbLine
 10
0.3284842519685039
 20
1.6879133858267716
 30
0
 11
0.3284093307086614
 21
1.6875367322834645
 31
0
  0
LINE
  5
750
330
1A
100
AcDbEntity
  8
BLACK
  6
CONTINUOUS
100
AcDbLine
 10
0.3284093307086614
 20
1.6875367322834645
 30
0
 11
0.3278766535433071
 21
1.6870040551181102
 31
0
  0
LINE
  5
751
330
1A
100
AcDbEntity
  8
BLACK
  6
CONTINUOUS
100
AcDbLine
 10
0.3278766535433071
 20
1.6870040551181102
 30
0
 11
0.3275
 21
1.6869291338582677
 31
0
  0
LINE
  5
752
330
1A
100
AcDbEntity
  8
BLACK
  6
CONTINUOUS
100
AcDbLine
 10
0.3275
 20
1.6869291338582677
 30
0
 11
0.1936417322834646
 21
1.6869291338582677
 31
0
  0
LINE
  5
753
330
1A
100
AcDbEntity
  8
BLACK
  6
CONTINUOUS
100
AcDbLine
 10
0.1936417322834646
 20
1.6869291338582677
 30
0
 11
0.1932650787401575
 21
1.6870040551181102
 31
0
  0
LINE
  5
754
330
1A
100
AcDbEntity
  8
BLACK
  6
CONTINUOUS
100
AcDbLine
 10
0.1932650787401575
 20
1.6870040551181102
 30
0
 11
0.1927324015748031
 21
1.6875367322834645
 31
0
  0
LINE
  5
755
330
1A
100
AcDbEntity
  8
BLACK
  6
CONTINUOUS
100
AcDbLine
 10
0.1927324015748031
 20
1.6875367322834645
 30
0
 11
0.1926574803149606
 21
1.6879133858267716
 31
0
  0
LINE
  5
756
330
1A
100
AcDbEntity
  8
BLACK
  6
CONTINUOUS
100
AcDbLine
 10
0.1926574803149606
 20
1.6879133858267716
 30
0
 11
0.1926574803149606
 21
1.7650787401574803
 31
0
  0
LINE
  5
757
330
1A
100
AcDbEntity
  8
BLACK
  6
CONTINUOUS
100
AcDbLine
 10
0.1926574803149606
 20
1.7650787401574803
 30
0
 11
0.1927324015748031
 21
1.7654553937007873
 31
0
  0
LINE
  5
758
330
1A
100
AcDbEntity
  8
BLACK
  6
CONTINUOUS
100
AcDbLine
 10
0.1927324015748031
 20
1.7654553937007873
 30
0
 11
0.1932650787401575
 21
1.7659880708661417
 31
0
  0
LINE
  5
759
330
1A
100
AcDbEntity
  8
BLACK
  6
CONTINUOUS
100
AcDbLine
 10
0.1932650787401575
 20
1.7659880708661417
 30
0
 11
0.1936417322834646
 21
1.7660629921259843
 31
0
  0
LINE
  5
75A
330
1A
100
AcDbEntity
  8
BLACK
  6
CONTINUOUS
100
AcDbLine
 10
0.1936417322834646
 20
1.7660629921259843
 30
0
 11
0.3275
 21
1.7660629921259843
 31
0
  0
LINE
  5
75B
330
1A
100
AcDbEntity
  8
BLACK
  6
CONTINUOUS
100
AcDbLine
 10
0.3275
 20
1.7660629921259843
 30
0
 11
0.3278766535433071
 21
1.7659880708661417
 31
0
  0
LINE
  5
75C
330
1A
100
AcDbEntity
  8
BLACK
  6
CONTINUOUS
100
AcDbLine
 10
0.1946259842519685
 20
1.7640944881889764
 30
0
 11
0.1946259842519685
 21
1.6888976377952756
 31
0
  0
LINE
  5
75D
330
1A
100
AcDbEntity
  8
BLACK
  6
CONTINUOUS
100
AcDbLine
 10
0.1946259842519685
 20
1.6888976377952756
 30
0
 11
0.3265157480314961
 21
1.6888976377952756
 31
0
  0
LINE
  5
75E
330
1A
100
AcDbEntity
  8
BLACK
  6
CONTINUOUS
100
AcDbLine
 10
0.3265157480314961
 20
1.6888976377952756
 30
0
 11
0.3265157480314961
 21
1.7640944881889764
 31
0
  0
LINE
  5
75F
330
1A
100
AcDbEntity
  8
BLACK
  6
CONTINUOUS
100
AcDbLine
 10
0.3265157480314961
 20
1.7640944881889764
 30
0
 11
0.1946259842519685
 21
1.7640944881889764
 31
0
  0
LINE
  5
760
330
1A
100
AcDbEntity
  8
BLACK
  6
CONTINUOUS
100
AcDbLine
 10
-0.6110406692913386
 20
1.8818345275590551
 30
0
 11
-0.6105079921259843
 21
1.8813018503937007
 31
0
  0
LINE
  5
761
330
1A
100
AcDbEntity
  8
BLACK
  6
CONTINUOUS
100
AcDbLine
 10
-0.6105079921259843
 20
1.8813018503937007
 30
0
 11
-0.6104330708661417
 21
1.8809251968503937
 31
0
  0
LINE
  5
762
330
1A
100
AcDbEntity
  8
BLACK
  6
CONTINUOUS
100
AcDbLine
 10
-0.6104330708661417
 20
1.8809251968503937
 30
0
 11
-0.6104330708661417
 21
1.7470669291338583
 31
0
  0
LINE
  5
763
330
1A
100
AcDbEntity
  8
BLACK
  6
CONTINUOUS
100
AcDbLine
 10
-0.6104330708661417
 20
1.7470669291338583
 30
0
 11
-0.6105079921259843
 21
1.7466902755905511
 31
0
  0
LINE
  5
764
330
1A
100
AcDbEntity
  8
BLACK
  6
CONTINUOUS
100
AcDbLine
 10
-0.6105079921259843
 20
1.7466902755905511
 30
0
 11
-0.6110406692913386
 21
1.7461575984251969
 31
0
  0
LINE
  5
765
330
1A
100
AcDbEntity
  8
BLACK
  6
CONTINUOUS
100
AcDbLine
 10
-0.6110406692913386
 20
1.7461575984251969
 30
0
 11
-0.6114173228346457
 21
1.7460826771653544
 31
0
  0
LINE
  5
766
330
1A
100
AcDbEntity
  8
BLACK
  6
CONTINUOUS
100
AcDbLine
 10
-0.6114173228346457
 20
1.7460826771653544
 30
0
 11
-0.6885826771653543
 21
1.7460826771653544
 31
0
  0
LINE
  5
767
330
1A
100
AcDbEntity
  8
BLACK
  6
CONTINUOUS
100
AcDbLine
 10
-0.6885826771653543
 20
1.7460826771653544
 30
0
 11
-0.6889593307086614
 21
1.7461575984251969
 31
0
  0
LINE
  5
768
330
1A
100
AcDbEntity
  8
BLACK
  6
CONTINUOUS
100
AcDbLine
 10
-0.6889593307086614
 20
1.7461575984251969
 30
0
 11
-0.6894920078740158
 21
1.7466902755905511
 31
0
  0
LINE
  5
769
330
1A
100
AcDbEntity
  8
BLACK
  6
CONTINUOUS
100
AcDbLine
 10
-0.6894920078740158
 20
1.7466902755905511
 30
0
 11
-0.6895669291338582
 21
1.7470669291338583
 31
0
  0
LINE
  5
76A
330
1A
100
AcDbEntity
  8
BLACK
  6
CONTINUOUS
100
AcDbLine
 10
-0.6895669291338582
 20
1.7470669291338583
 30
0
 11
-0.6895669291338582
 21
1.8809251968503937
 31
0
  0
LINE
  5
76B
330
1A
100
AcDbEntity
  8
BLACK
  6
CONTINUOUS
100
AcDbLine
 10
-0.6895669291338582
 20
1.8809251968503937
 30
0
 11
-0.6894920078740158
 21
1.8813018503937007
 31
0
  0
LINE
  5
76C
330
1A
100
AcDbEntity
  8
BLACK
  6
CONTINUOUS
100
AcDbLine
 10
-0.6894920078740158
 20
1.8813018503937007
 30
0
 11
-0.6889593307086614
 21
1.8818345275590551
 31
0
  0
LINE
  5
76D
330
1A
100
AcDbEntity
  8
BLACK
  6
CONTINUOUS
100
AcDbLine
 10
-0.6889593307086614
 20
1.8818345275590551
 30
0
 11
-0.6885826771653543
 21
1.8819094488188977
 31
0
  0
LINE
  5
76E
330
1A
100
AcDbEntity
  8
BLACK
  6
CONTINUOUS
100
AcDbLine
 10
-0.6885826771653543
 20
1.8819094488188977
 30
0
 11
-0.6114173228346457
 21
1.8819094488188977
 31
0
  0
LINE
  5
76F
330
1A
100
AcDbEntity
  8
BLACK
  6
CONTINUOUS
100
AcDbLine
 10
-0.6114173228346457
 20
1.8819094488188977
 30
0
 11
-0.6110406692913386
 21
1.8818345275590551
 31
0
  0
LINE
  5
770
330
1A
100
AcDbEntity
  8
BLACK
  6
CONTINUOUS
100
AcDbLine
 10
-0.6875984251968503
 20
1.8799409448818898
 30
0
 11
-0.6875984251968503
 21
1.7480511811023622
 31
0
  0
LINE
  5
771
330
1A
100
AcDbEntity
  8
BLACK
  6
CONTINUOUS
100
AcDbLine
 10
-0.6875984251968503
 20
1.7480511811023622
 30
0
 11
-0.6124015748031496
 21
1.7480511811023622
 31
0
  0
LINE
  5
772
330
1A
100
AcDbEntity
  8
BLACK
  6
CONTINUOUS
100
AcDbLine
 10
-0.6124015748031496
 20
1.7480511811023622
 30
0
 11
-0.6124015748031496
 21
1.8799409448818898
 31
0
  0
LINE
  5
773
330
1A
100
AcDbEntity
  8
BLACK
  6
CONTINUOUS
100
AcDbLine
 10
-0.6124015748031496
 20
1.8799409448818898
 30
0
 11
-0.6875984251968503
 21
1.8799409448818898
 31
0
  0
LINE
  5
774
330
1A
100
AcDbEntity
  8
BLACK
  6
CONTINUOUS
100
AcDbLine
 10
0.5798057874015747
 20
1.8544920078740157
 30
0
 11
0.5803384645669292
 21
1.8539593307086615
 31
0
  0
LINE
  5
775
330
1A
100
AcDbEntity
  8
BLACK
  6
CONTINUOUS
100
AcDbLine
 10
0.5803384645669292
 20
1.8539593307086615
 30
0
 11
0.5804133858267716
 21
1.8535826771653543
 31
0
  0
LINE
  5
776
330
1A
100
AcDbEntity
  8
BLACK
  6
CONTINUOUS
100
AcDbLine
 10
0.5804133858267716
 20
1.8535826771653543
 30
0
 11
0.5804133858267716
 21
1.7764173228346456
 31
0
  0
LINE
  5
777
330
1A
100
AcDbEntity
  8
BLACK
  6
CONTINUOUS
100
AcDbLine
 10
0.5804133858267716
 20
1.7764173228346456
 30
0
 11
0.5803384645669292
 21
1.7760406692913386
 31
0
  0
LINE
  5
778
330
1A
100
AcDbEntity
  8
BLACK
  6
CONTINUOUS
100
AcDbLine
 10
0.5803384645669292
 20
1.7760406692913386
 30
0
 11
0.5798057874015747
 21
1.7755079921259842
 31
0
  0
LINE
  5
779
330
1A
100
AcDbEntity
  8
BLACK
  6
CONTINUOUS
100
AcDbLine
 10
0.5798057874015747
 20
1.7755079921259842
 30
0
 11
0.5794291338582677
 21
1.7754330708661417
 31
0
  0
LINE
  5
77A
330
1A
100
AcDbEntity
  8
BLACK
  6
CONTINUOUS
100
AcDbLine
 10
0.5794291338582677
 20
1.7754330708661417
 30
0
 11
0.4455708661417322
 21
1.7754330708661417
 31
0
  0
LINE
  5
77B
330
1A
100
AcDbEntity
  8
BLACK
  6
CONTINUOUS
100
AcDbLine
 10
0.4455708661417322
 20
1.7754330708661417
 30
0
 11
0.4451942125984252
 21
1.7755079921259842
 31
0
  0
LINE
  5
77C
330
1A
100
AcDbEntity
  8
BLACK
  6
CONTINUOUS
100
AcDbLine
 10
0.4451942125984252
 20
1.7755079921259842
 30
0
 11
0.4446615354330709
 21
1.7760406692913386
 31
0
  0
LINE
  5
77D
330
1A
100
AcDbEntity
  8
BLACK
  6
CONTINUOUS
100
AcDbLine
 10
0.4446615354330709
 20
1.7760406692913386
 30
0
 11
0.4445866141732283
 21
1.7764173228346456
 31
0
  0
LINE
  5
77E
330
1A
100
AcDbEntity
  8
BLACK
  6
CONTINUOUS
100
AcDbLine
 10
0.4445866141732283
 20
1.7764173228346456
 30
0
 11
0.4445866141732283
 21
1.8535826771653543
 31
0
  0
LINE
  5
77F
330
1A
100
AcDbEntity
  8
BLACK
  6
CONTINUOUS
100
AcDbLine
 10
0.4445866141732283
 20
1.8535826771653543
 30
0
 11
0.4446615354330709
 21
1.8539593307086615
 31
0
  0
LINE
  5
780
330
1A
100
AcDbEntity
  8
BLACK
  6
CONTINUOUS
100
AcDbLine
 10
0.4446615354330709
 20
1.8539593307086615
 30
0
 11
0.4451942125984252
 21
1.8544920078740157
 31
0
  0
LINE
  5
781
330
1A
100
AcDbEntity
  8
BLACK
  6
CONTINUOUS
100
AcDbLine
 10
0.4451942125984252
 20
1.8544920078740157
 30
0
 11
0.4455708661417322
 21
1.8545669291338582
 31
0
  0
LINE
  5
782
330
1A
100
AcDbEntity
  8
BLACK
  6
CONTINUOUS
100
AcDbLine
 10
0.4455708661417322
 20
1.8545669291338582
 30
0
 11
0.5794291338582677
 21
1.8545669291338582
 31
0
  0
LINE
  5
783
330
1A
100
AcDbEntity
  8
BLACK
  6
CONTINUOUS
100
AcDbLine
 10
0.5794291338582677
 20
1.8545669291338582
 30
0
 11
0.5798057874015747
 21
1.8544920078740157
 31
0
  0
LINE
  5
784
330
1A
100
AcDbEntity
  8
BLACK
  6
CONTINUOUS
100
AcDbLine
 10
0.4465551181102362
 20
1.8525984251968504
 30
0
 11
0.4465551181102362
 21
1.7774015748031495
 31
0
  0
LINE
  5
785
330
1A
100
AcDbEntity
  8
BLACK
  6
CONTINUOUS
100
AcDbLine
 10
0.4465551181102362
 20
1.7774015748031495
 30
0
 11
0.5784448818897637
 21
1.7774015748031495
 31
0
  0
LINE
  5
786
330
1A
100
AcDbEntity
  8
BLACK
  6
CONTINUOUS
100
AcDbLine
 10
0.5784448818897637
 20
1.7774015748031495
 30
0
 11
0.5784448818897637
 21
1.8525984251968504
 31
0
  0
LINE
  5
787
330
1A
100
AcDbEntity
  8
BLACK
  6
CONTINUOUS
100
AcDbLine
 10
0.5784448818897637
 20
1.8525984251968504
 30
0
 11
0.4465551181102362
 21
1.8525984251968504
 31
0
  0
LINE
  5
788
330
1A
100
AcDbEntity
  8
BLACK
  6
CONTINUOUS
100
AcDbLine
 10
0.1220301968503937
 20
1.926834527559055
 30
0
 11
0.122562874015748
 21
1.9263018503937008
 31
0
  0
LINE
  5
789
330
1A
100
AcDbEntity
  8
BLACK
  6
CONTINUOUS
100
AcDbLine
 10
0.122562874015748
 20
1.9263018503937008
 30
0
 11
0.1226377952755905
 21
1.9259251968503937
 31
0
  0
LINE
  5
78A
330
1A
100
AcDbEntity
  8
BLACK
  6
CONTINUOUS
100
AcDbLine
 10
0.1226377952755905
 20
1.9259251968503937
 30
0
 11
0.1226377952755905
 21
1.7920669291338582
 31
0
  0
LINE
  5
78B
330
1A
100
AcDbEntity
  8
BLACK
  6
CONTINUOUS
100
AcDbLine
 10
0.1226377952755905
 20
1.7920669291338582
 30
0
 11
0.122562874015748
 21
1.7916902755905511
 31
0
  0
LINE
  5
78C
330
1A
100
AcDbEntity
  8
BLACK
  6
CONTINUOUS
100
AcDbLine
 10
0.122562874015748
 20
1.7916902755905511
 30
0
 11
0.1220301968503937
 21
1.7911575984251968
 31
0
  0
LINE
  5
78D
330
1A
100
AcDbEntity
  8
BLACK
  6
CONTINUOUS
100
AcDbLine
 10
0.1220301968503937
 20
1.7911575984251968
 30
0
 11
0.1216535433070866
 21
1.7910826771653543
 31
0
  0
LINE
  5
78E
330
1A
100
AcDbEntity
  8
BLACK
  6
CONTINUOUS
100
AcDbLine
 10
0.1216535433070866
 20
1.7910826771653543
 30
0
 11
0.0444881889763779
 21
1.7910826771653543
 31
0
  0
LINE
  5
78F
330
1A
100
AcDbEntity
  8
BLACK
  6
CONTINUOUS
100
AcDbLine
 10
0.0444881889763779
 20
1.7910826771653543
 30
0
 11
0.0441115354330709
 21
1.7911575984251968
 31
0
  0
LINE
  5
790
330
1A
100
AcDbEntity
  8
BLACK
  6
CONTINUOUS
100
AcDbLine
 10
0.0441115354330709
 20
1.7911575984251968
 30
0
 11
0.0435788582677165
 21
1.7916902755905511
 31
0
  0
LINE
  5
791
330
1A
100
AcDbEntity
  8
BLACK
  6
CONTINUOUS
100
AcDbLine
 10
0.0435788582677165
 20
1.7916902755905511
 30
0
 11
0.043503937007874
 21
1.7920669291338582
 31
0
  0
LINE
  5
792
330
1A
100
AcDbEntity
  8
BLACK
  6
CONTINUOUS
100
AcDbLine
 10
0.043503937007874
 20
1.7920669291338582
 30
0
 11
0.043503937007874
 21
1.9259251968503937
 31
0
  0
LINE
  5
793
330
1A
100
AcDbEntity
  8
BLACK
  6
CONTINUOUS
100
AcDbLine
 10
0.043503937007874
 20
1.9259251968503937
 30
0
 11
0.0435788582677165
 21
1.9263018503937008
 31
0
  0
LINE
  5
794
330
1A
100
AcDbEntity
  8
BLACK
  6
CONTINUOUS
100
AcDbLine
 10
0.0435788582677165
 20
1.9263018503937008
 30
0
 11
0.0441115354330709
 21
1.926834527559055
 31
0
  0
LINE
  5
795
330
1A
100
AcDbEntity
  8
BLACK
  6
CONTINUOUS
100
AcDbLine
 10
0.0441115354330709
 20
1.926834527559055
 30
0
 11
0.0444881889763779
 21
1.9269094488188976
 31
0
  0
LINE
  5
796
330
1A
100
AcDbEntity
  8
BLACK
  6
CONTINUOUS
100
AcDbLine
 10
0.0444881889763779
 20
1.9269094488188976
 30
0
 11
0.1216535433070866
 21
1.9269094488188976
 31
0
  0
LINE
  5
797
330
1A
100
AcDbEntity
  8
BLACK
  6
CONTINUOUS
100
AcDbLine
 10
0.1216535433070866
 20
1.9269094488188976
 30
0
 11
0.1220301968503937
 21
1.926834527559055
 31
0
  0
LINE
  5
798
330
1A
100
AcDbEntity
  8
BLACK
  6
CONTINUOUS
100
AcDbLine
 10
0.0454724409448819
 20
1.9249409448818897
 30
0
 11
0.0454724409448819
 21
1.7930511811023622
 31
0
  0
LINE
  5
799
330
1A
100
AcDbEntity
  8
BLACK
  6
CONTINUOUS
100
AcDbLine
 10
0.0454724409448819
 20
1.7930511811023622
 30
0
 11
0.1206692913385827
 21
1.7930511811023622
 31
0
  0
LINE
  5
79A
330
1A
100
AcDbEntity
  8
BLACK
  6
CONTINUOUS
100
AcDbLine
 10
0.1206692913385827
 20
1.7930511811023622
 30
0
 11
0.1206692913385827
 21
1.9249409448818897
 31
0
  0
LINE
  5
79B
330
1A
100
AcDbEntity
  8
BLACK
  6
CONTINUOUS
100
AcDbLine
 10
0.1206692913385827
 20
1.9249409448818897
 30
0
 11
0.0454724409448819
 21
1.9249409448818897
 31
0
  0
LINE
  5
79C
330
1A
100
AcDbEntity
  8
BLACK
  6
CONTINUOUS
100
AcDbLine
 10
0.2628766535433071
 20
1.8744920078740157
 30
0
 11
0.2634093307086614
 21
1.8739593307086613
 31
0
  0
LINE
  5
79D
330
1A
100
AcDbEntity
  8
BLACK
  6
CONTINUOUS
100
AcDbLine
 10
0.2634093307086614
 20
1.8739593307086613
 30
0
 11
0.2634842519685039
 21
1.8735826771653543
 31
0
  0
LINE
  5
79E
330
1A
100
AcDbEntity
  8
BLACK
  6
CONTINUOUS
100
AcDbLine
 10
0.2634842519685039
 20
1.8735826771653543
 30
0
 11
0.2634842519685039
 21
1.7964173228346456
 31
0
  0
LINE
  5
79F
330
1A
100
AcDbEntity
  8
BLACK
  6
CONTINUOUS
100
AcDbLine
 10
0.2634842519685039
 20
1.7964173228346456
 30
0
 11
0.2634093307086614
 21
1.7960406692913384
 31
0
  0
LINE
  5
7A0
330
1A
100
AcDbEntity
  8
BLACK
  6
CONTINUOUS
100
AcDbLine
 10
0.2634093307086614
 20
1.7960406692913384
 30
0
 11
0.2628766535433071
 21
1.7955079921259842
 31
0
  0
LINE
  5
7A1
330
1A
100
AcDbEntity
  8
BLACK
  6
CONTINUOUS
100
AcDbLine
 10
0.2628766535433071
 20
1.7955079921259842
 30
0
 11
0.2625
 21
1.7954330708661417
 31
0
  0
LINE
  5
7A2
330
1A
100
AcDbEntity
  8
BLACK
  6
CONTINUOUS
100
AcDbLine
 10
0.2625
 20
1.7954330708661417
 30
0
 11
0.1286417322834646
 21
1.7954330708661417
 31
0
  0
LINE
  5
7A3
330
1A
100
AcDbEntity
  8
BLACK
  6
CONTINUOUS
100
AcDbLine
 10
0.1286417322834646
 20
1.7954330708661417
 30
0
 11
0.1282650787401575
 21
1.7955079921259842
 31
0
  0
LINE
  5
7A4
330
1A
100
AcDbEntity
  8
BLACK
  6
CONTINUOUS
100
AcDbLine
 10
0.1282650787401575
 20
1.7955079921259842
 30
0
 11
0.1277324015748031
 21
1.7960406692913384
 31
0
  0
LINE
  5
7A5
330
1A
100
AcDbEntity
  8
BLACK
  6
CONTINUOUS
100
AcDbLine
 10
0.1277324015748031
 20
1.7960406692913384
 30
0
 11
0.1276574803149606
 21
1.7964173228346456
 31
0
  0
LINE
  5
7A6
330
1A
100
AcDbEntity
  8
BLACK
  6
CONTINUOUS
100
AcDbLine
 10
0.1276574803149606
 20
1.7964173228346456
 30
0
 11
0.1276574803149606
 21
1.8735826771653543
 31
0
  0
LINE
  5
7A7
330
1A
100
AcDbEntity
  8
BLACK
  6
CONTINUOUS
100
AcDbLine
 10
0.1276574803149606
 20
1.8735826771653543
 30
0
 11
0.1277324015748031
 21
1.8739593307086613
 31
0
  0
LINE
  5
7A8
330
1A
100
AcDbEntity
  8
BLACK
  6
CONTINUOUS
100
AcDbLine
 10
0.1277324015748031
 20
1.8739593307086613
 30
0
 11
0.1282650787401575
 21
1.8744920078740157
 31
0
  0
LINE
  5
7A9
330
1A
100
AcDbEntity
  8
BLACK
  6
CONTINUOUS
100
AcDbLine
 10
0.1282650787401575
 20
1.8744920078740157
 30
0
 11
0.1286417322834646
 21
1.8745669291338583
 31
0
  0
LINE
  5
7AA
330
1A
100
AcDbEntity
  8
BLACK
  6
CONTINUOUS
100
AcDbLine
 10
0.1286417322834646
 20
1.8745669291338583
 30
0
 11
0.2625
 21
1.8745669291338583
 31
0
  0
LINE
  5
7AB
330
1A
100
AcDbEntity
  8
BLACK
  6
CONTINUOUS
100
AcDbLine
 10
0.2625
 20
1.8745669291338583
 30
0
 11
0.2628766535433071
 21
1.8744920078740157
 31
0
  0
LINE
  5
7AC
330
1A
100
AcDbEntity
  8
BLACK
  6
CONTINUOUS
100
AcDbLine
 10
0.1296259842519685
 20
1.8725984251968504
 30
0
 11
0.1296259842519685
 21
1.7974015748031495
 31
0
  0
LINE
  5
7AD
330
1A
100
AcDbEntity
  8
BLACK
  6
CONTINUOUS
100
AcDbLine
 10
0.1296259842519685
 20
1.7974015748031495
 30
0
 11
0.2615157480314961
 21
1.7974015748031495
 31
0
  0
LINE
  5
7AE
330
1A
100
AcDbEntity
  8
BLACK
  6
CONTINUOUS
100
AcDbLine
 10
0.2615157480314961
 20
1.7974015748031495
 30
0
 11
0.2615157480314961
 21
1.8725984251968504
 31
0
  0
LINE
  5
7AF
330
1A
100
AcDbEntity
  8
BLACK
  6
CONTINUOUS
100
AcDbLine
 10
0.2615157480314961
 20
1.8725984251968504
 30
0
 11
0.1296259842519685
 21
1.8725984251968504
 31
0
  0
LINE
  5
7B0
330
1A
100
AcDbEntity
  8
BLACK
  6
CONTINUOUS
100
AcDbLine
 10
-0.9372808267716535
 20
1.9702400393700787
 30
0
 11
-0.9367481496062992
 21
1.9697073622047243
 31
0
  0
LINE
  5
7B1
330
1A
100
AcDbEntity
  8
BLACK
  6
CONTINUOUS
100
AcDbLine
 10
-0.9367481496062992
 20
1.9697073622047243
 30
0
 11
-0.9366732283464567
 21
1.9693307086614174
 31
0
  0
LINE
  5
7B2
330
1A
100
AcDbEntity
  8
BLACK
  6
CONTINUOUS
100
AcDbLine
 10
-0.9366732283464567
 20
1.9693307086614174
 30
0
 11
-0.9366732283464567
 21
1.92503937007874
 31
0
  0
LINE
  5
7B3
330
1A
100
AcDbEntity
  8
BLACK
  6
CONTINUOUS
100
AcDbLine
 10
-0.9366732283464567
 20
1.92503937007874
 30
0
 11
-0.8971062992125984
 21
1.92503937007874
 31
0
  0
LINE
  5
7B4
330
1A
100
AcDbEntity
  8
BLACK
  6
CONTINUOUS
100
AcDbLine
 10
-0.8971062992125984
 20
1.92503937007874
 30
0
 11
-0.8967296456692914
 21
1.9249644488188975
 31
0
  0
LINE
  5
7B5
330
1A
100
AcDbEntity
  8
BLACK
  6
CONTINUOUS
100
AcDbLine
 10
-0.8967296456692914
 20
1.9249644488188975
 30
0
 11
-0.896196968503937
 21
1.9244317716535433
 31
0
  0
LINE
  5
7B6
330
1A
100
AcDbEntity
  8
BLACK
  6
CONTINUOUS
100
AcDbLine
 10
-0.896196968503937
 20
1.9244317716535433
 30
0
 11
-0.8961220472440945
 21
1.9240551181102361
 31
0
  0
LINE
  5
7B7
330
1A
100
AcDbEntity
  8
BLACK
  6
CONTINUOUS
100
AcDbLine
 10
-0.8961220472440945
 20
1.9240551181102361
 30
0
 11
-0.8961220472440945
 21
1.880748031496063
 31
0
  0
LINE
  5
7B8
330
1A
100
AcDbEntity
  8
BLACK
  6
CONTINUOUS
100
AcDbLine
 10
-0.8961220472440945
 20
1.880748031496063
 30
0
 11
-0.896196968503937
 21
1.8803713779527558
 31
0
  0
LINE
  5
7B9
330
1A
100
AcDbEntity
  8
BLACK
  6
CONTINUOUS
100
AcDbLine
 10
-0.896196968503937
 20
1.8803713779527558
 30
0
 11
-0.8967296456692914
 21
1.8798387007874016
 31
0
  0
LINE
  5
7BA
330
1A
100
AcDbEntity
  8
BLACK
  6
CONTINUOUS
100
AcDbLine
 10
-0.8967296456692914
 20
1.8798387007874016
 30
0
 11
-0.8971062992125984
 21
1.879763779527559
 31
0
  0
LINE
  5
7BB
330
1A
100
AcDbEntity
  8
BLACK
  6
CONTINUOUS
100
AcDbLine
 10
-0.8971062992125984
 20
1.879763779527559
 30
0
 11
-0.9366732283464567
 21
1.879763779527559
 31
0
  0
LINE
  5
7BC
330
1A
100
AcDbEntity
  8
BLACK
  6
CONTINUOUS
100
AcDbLine
 10
-0.9366732283464567
 20
1.879763779527559
 30
0
 11
-0.9366732283464567
 21
1.8354724409448819
 31
0
  0
LINE
  5
7BD
330
1A
100
AcDbEntity
  8
BLACK
  6
CONTINUOUS
100
AcDbLine
 10
-0.9366732283464567
 20
1.8354724409448819
 30
0
 11
-0.9367481496062992
 21
1.8350957874015748
 31
0
  0
LINE
  5
7BE
330
1A
100
AcDbEntity
  8
BLACK
  6
CONTINUOUS
100
AcDbLine
 10
-0.9367481496062992
 20
1.8350957874015748
 30
0
 11
-0.9372808267716535
 21
1.8345631102362205
 31
0
  0
LINE
  5
7BF
330
1A
100
AcDbEntity
  8
BLACK
  6
CONTINUOUS
100
AcDbLine
 10
-0.9372808267716535
 20
1.8345631102362205
 30
0
 11
-0.9376574803149607
 21
1.834488188976378
 31
0
  0
LINE
  5
7C0
330
1A
100
AcDbEntity
  8
BLACK
  6
CONTINUOUS
100
AcDbLine
 10
-0.9376574803149607
 20
1.834488188976378
 30
0
 11
-1.008523622047244
 21
1.834488188976378
 31
0
  0
LINE
  5
7C1
330
1A
100
AcDbEntity
  8
BLACK
  6
CONTINUOUS
100
AcDbLine
 10
-1.008523622047244
 20
1.834488188976378
 30
0
 11
-1.0089002755905512
 21
1.8345631102362205
 31
0
  0
LINE
  5
7C2
330
1A
100
AcDbEntity
  8
BLACK
  6
CONTINUOUS
100
AcDbLine
 10
-1.0089002755905512
 20
1.8345631102362205
 30
0
 11
-1.0094329527559054
 21
1.8350957874015748
 31
0
  0
LINE
  5
7C3
330
1A
100
AcDbEntity
  8
BLACK
  6
CONTINUOUS
100
AcDbLine
 10
-1.0094329527559054
 20
1.8350957874015748
 30
0
 11
-1.0095078740157479
 21
1.8354724409448819
 31
0
  0
LINE
  5
7C4
330
1A
100
AcDbEntity
  8
BLACK
  6
CONTINUOUS
100
AcDbLine
 10
-1.0095078740157479
 20
1.8354724409448819
 30
0
 11
-1.0095078740157479
 21
1.8423622047244095
 31
0
  0
LINE
  5
7C5
330
1A
100
AcDbEntity
  8
BLACK
  6
CONTINUOUS
100
AcDbLine
 10
-1.0095078740157479
 20
1.8423622047244095
 30
0
 11
-1.0490748031496062
 21
1.8423622047244095
 31
0
  0
LINE
  5
7C6
330
1A
100
AcDbEntity
  8
BLACK
  6
CONTINUOUS
100
AcDbLine
 10
-1.0490748031496062
 20
1.8423622047244095
 30
0
 11
-1.0494514566929134
 21
1.842437125984252
 31
0
  0
LINE
  5
7C7
330
1A
100
AcDbEntity
  8
BLACK
  6
CONTINUOUS
100
AcDbLine
 10
-1.0494514566929134
 20
1.842437125984252
 30
0
 11
-1.0499841338582676
 21
1.8429698031496062
 31
0
  0
LINE
  5
7C8
330
1A
100
AcDbEntity
  8
BLACK
  6
CONTINUOUS
100
AcDbLine
 10
-1.0499841338582676
 20
1.8429698031496062
 30
0
 11
-1.0500590551181102
 21
1.8433464566929134
 31
0
  0
LINE
  5
7C9
330
1A
100
AcDbEntity
  8
BLACK
  6
CONTINUOUS
100
AcDbLine
 10
-1.0500590551181102
 20
1.8433464566929134
 30
0
 11
-1.0500590551181102
 21
1.8870472440944881
 31
0
  0
LINE
  5
7CA
330
1A
100
AcDbEntity
  8
BLACK
  6
CONTINUOUS
100
AcDbLine
 10
-1.0500590551181102
 20
1.8870472440944881
 30
0
 11
-1.0499841338582676
 21
1.8874238976377953
 31
0
  0
LINE
  5
7CB
330
1A
100
AcDbEntity
  8
BLACK
  6
CONTINUOUS
100
AcDbLine
 10
-1.0499841338582676
 20
1.8874238976377953
 30
0
 11
-1.0494514566929134
 21
1.8879565748031495
 31
0
  0
LINE
  5
7CC
330
1A
100
AcDbEntity
  8
BLACK
  6
CONTINUOUS
100
AcDbLine
 10
-1.0494514566929134
 20
1.8879565748031495
 30
0
 11
-1.0490748031496062
 21
1.888031496062992
 31
0
  0
LINE
  5
7CD
330
1A
100
AcDbEntity
  8
BLACK
  6
CONTINUOUS
100
AcDbLine
 10
-1.0490748031496062
 20
1.888031496062992
 30
0
 11
-1.0095078740157479
 21
1.888031496062992
 31
0
  0
LINE
  5
7CE
330
1A
100
AcDbEntity
  8
BLACK
  6
CONTINUOUS
100
AcDbLine
 10
-1.0095078740157479
 20
1.888031496062992
 30
0
 11
-1.0095078740157479
 21
1.916771653543307
 31
0
  0
LINE
  5
7CF
330
1A
100
AcDbEntity
  8
BLACK
  6
CONTINUOUS
100
AcDbLine
 10
-1.0095078740157479
 20
1.916771653543307
 30
0
 11
-1.0490748031496062
 21
1.916771653543307
 31
0
  0
LINE
  5
7D0
330
1A
100
AcDbEntity
  8
BLACK
  6
CONTINUOUS
100
AcDbLine
 10
-1.0490748031496062
 20
1.916771653543307
 30
0
 11
-1.0494514566929134
 21
1.9168465748031496
 31
0
  0
LINE
  5
7D1
330
1A
100
AcDbEntity
  8
BLACK
  6
CONTINUOUS
100
AcDbLine
 10
-1.0494514566929134
 20
1.9168465748031496
 30
0
 11
-1.0499841338582676
 21
1.9173792519685038
 31
0
  0
LINE
  5
7D2
330
1A
100
AcDbEntity
  8
BLACK
  6
CONTINUOUS
100
AcDbLine
 10
-1.0499841338582676
 20
1.9173792519685038
 30
0
 11
-1.0500590551181102
 21
1.917755905511811
 31
0
  0
LINE
  5
7D3
330
1A
100
AcDbEntity
  8
BLACK
  6
CONTINUOUS
100
AcDbLine
 10
-1.0500590551181102
 20
1.917755905511811
 30
0
 11
-1.0500590551181102
 21
1.9614566929133859
 31
0
  0
LINE
  5
7D4
330
1A
100
AcDbEntity
  8
BLACK
  6
CONTINUOUS
100
AcDbLine
 10
-1.0500590551181102
 20
1.9614566929133859
 30
0
 11
-1.0499841338582676
 21
1.9618333464566928
 31
0
  0
LINE
  5
7D5
330
1A
100
AcDbEntity
  8
BLACK
  6
CONTINUOUS
100
AcDbLine
 10
-1.0499841338582676
 20
1.9618333464566928
 30
0
 11
-1.0494514566929134
 21
1.9623660236220473
 31
0
  0
LINE
  5
7D6
330
1A
100
AcDbEntity
  8
BLACK
  6
CONTINUOUS
100
AcDbLine
 10
-1.0494514566929134
 20
1.9623660236220473
 30
0
 11
-1.0490748031496062
 21
1.9624409448818898
 31
0
  0
LINE
  5
7D7
330
1A
100
AcDbEntity
  8
BLACK
  6
CONTINUOUS
100
AcDbLine
 10
-1.0490748031496062
 20
1.9624409448818898
 30
0
 11
-1.0095078740157479
 21
1.9624409448818898
 31
0
  0
LINE
  5
7D8
330
1A
100
AcDbEntity
  8
BLACK
  6
CONTINUOUS
100
AcDbLine
 10
-1.0095078740157479
 20
1.9624409448818898
 30
0
 11
-1.0095078740157479
 21
1.9693307086614174
 31
0
  0
LINE
  5
7D9
330
1A
100
AcDbEntity
  8
BLACK
  6
CONTINUOUS
100
AcDbLine
 10
-1.0095078740157479
 20
1.9693307086614174
 30
0
 11
-1.0094329527559054
 21
1.9697073622047243
 31
0
  0
LINE
  5
7DA
330
1A
100
AcDbEntity
  8
BLACK
  6
CONTINUOUS
100
AcDbLine
 10
-1.0094329527559054
 20
1.9697073622047243
 30
0
 11
-1.0089002755905512
 21
1.9702400393700787
 31
0
  0
LINE
  5
7DB
330
1A
100
AcDbEntity
  8
BLACK
  6
CONTINUOUS
100
AcDbLine
 10
-1.0089002755905512
 20
1.9702400393700787
 30
0
 11
-1.008523622047244
 21
1.9703149606299213
 31
0
  0
LINE
  5
7DC
330
1A
100
AcDbEntity
  8
BLACK
  6
CONTINUOUS
100
AcDbLine
 10
-1.008523622047244
 20
1.9703149606299213
 30
0
 11
-0.9376574803149607
 21
1.9703149606299213
 31
0
  0
LINE
  5
7DD
330
1A
100
AcDbEntity
  8
BLACK
  6
CONTINUOUS
100
AcDbLine
 10
-0.9376574803149607
 20
1.9703149606299213
 30
0
 11
-0.9372808267716535
 21
1.9702400393700787
 31
0
  0
LINE
  5
7DE
330
1A
100
AcDbEntity
  8
BLACK
  6
CONTINUOUS
100
AcDbLine
 10
-1.0075393700787401
 20
1.9683464566929134
 30
0
 11
-1.0075393700787401
 21
1.9614566929133859
 31
0
  0
LINE
  5
7DF
330
1A
100
AcDbEntity
  8
BLACK
  6
CONTINUOUS
100
AcDbLine
 10
-1.0075393700787401
 20
1.9614566929133859
 30
0
 11
-1.0076142913385826
 21
1.9610800393700787
 31
0
  0
LINE
  5
7E0
330
1A
100
AcDbEntity
  8
BLACK
  6
CONTINUOUS
100
AcDbLine
 10
-1.0076142913385826
 20
1.9610800393700787
 30
0
 11
-1.008146968503937
 21
1.9605473622047245
 31
0
  0
LINE
  5
7E1
330
1A
100
AcDbEntity
  8
BLACK
  6
CONTINUOUS
100
AcDbLine
 10
-1.008146968503937
 20
1.9605473622047245
 30
0
 11
-1.008523622047244
 21
1.9604724409448819
 31
0
  0
LINE
  5
7E2
330
1A
100
AcDbEntity
  8
BLACK
  6
CONTINUOUS
100
AcDbLine
 10
-1.008523622047244
 20
1.9604724409448819
 30
0
 11
-1.0480905511811023
 21
1.9604724409448819
 31
0
  0
LINE
  5
7E3
330
1A
100
AcDbEntity
  8
BLACK
  6
CONTINUOUS
100
AcDbLine
 10
-1.0480905511811023
 20
1.9604724409448819
 30
0
 11
-1.0480905511811023
 21
1.9187401574803149
 31
0
  0
LINE
  5
7E4
330
1A
100
AcDbEntity
  8
BLACK
  6
CONTINUOUS
100
AcDbLine
 10
-1.0480905511811023
 20
1.9187401574803149
 30
0
 11
-1.008523622047244
 21
1.9187401574803149
 31
0
  0
LINE
  5
7E5
330
1A
100
AcDbEntity
  8
BLACK
  6
CONTINUOUS
100
AcDbLine
 10
-1.008523622047244
 20
1.9187401574803149
 30
0
 11
-1.008146968503937
 21
1.9186652362204724
 31
0
  0
LINE
  5
7E6
330
1A
100
AcDbEntity
  8
BLACK
  6
CONTINUOUS
100
AcDbLine
 10
-1.008146968503937
 20
1.9186652362204724
 30
0
 11
-1.0076142913385826
 21
1.9181325590551181
 31
0
  0
LINE
  5
7E7
330
1A
100
AcDbEntity
  8
BLACK
  6
CONTINUOUS
100
AcDbLine
 10
-1.0076142913385826
 20
1.9181325590551181
 30
0
 11
-1.0075393700787401
 21
1.917755905511811
 31
0
  0
LINE
  5
7E8
330
1A
100
AcDbEntity
  8
BLACK
  6
CONTINUOUS
100
AcDbLine
 10
-1.0075393700787401
 20
1.917755905511811
 30
0
 11
-1.0075393700787401
 21
1.8870472440944881
 31
0
  0
LINE
  5
7E9
330
1A
100
AcDbEntity
  8
BLACK
  6
CONTINUOUS
100
AcDbLine
 10
-1.0075393700787401
 20
1.8870472440944881
 30
0
 11
-1.0076142913385826
 21
1.8866705905511811
 31
0
  0
LINE
  5
7EA
330
1A
100
AcDbEntity
  8
BLACK
  6
CONTINUOUS
100
AcDbLine
 10
-1.0076142913385826
 20
1.8866705905511811
 30
0
 11
-1.008146968503937
 21
1.8861379133858267
 31
0
  0
LINE
  5
7EB
330
1A
100
AcDbEntity
  8
BLACK
  6
CONTINUOUS
100
AcDbLine
 10
-1.008146968503937
 20
1.8861379133858267
 30
0
 11
-1.008523622047244
 21
1.8860629921259842
 31
0
  0
LINE
  5
7EC
330
1A
100
AcDbEntity
  8
BLACK
  6
CONTINUOUS
100
AcDbLine
 10
-1.008523622047244
 20
1.8860629921259842
 30
0
 11
-1.0480905511811023
 21
1.8860629921259842
 31
0
  0
LINE
  5
7ED
330
1A
100
AcDbEntity
  8
BLACK
  6
CONTINUOUS
100
AcDbLine
 10
-1.0480905511811023
 20
1.8860629921259842
 30
0
 11
-1.0480905511811023
 21
1.8443307086614174
 31
0
  0
LINE
  5
7EE
330
1A
100
AcDbEntity
  8
BLACK
  6
CONTINUOUS
100
AcDbLine
 10
-1.0480905511811023
 20
1.8443307086614174
 30
0
 11
-1.008523622047244
 21
1.8443307086614174
 31
0
  0
LINE
  5
7EF
330
1A
100
AcDbEntity
  8
BLACK
  6
CONTINUOUS
100
AcDbLine
 10
-1.008523622047244
 20
1.8443307086614174
 30
0
 11
-1.008146968503937
 21
1.8442557874015748
 31
0
  0
LINE
  5
7F0
330
1A
100
AcDbEntity
  8
BLACK
  6
CONTINUOUS
100
AcDbLine
 10
-1.008146968503937
 20
1.8442557874015748
 30
0
 11
-1.0076142913385826
 21
1.8437231102362204
 31
0
  0
LINE
  5
7F1
330
1A
100
AcDbEntity
  8
BLACK
  6
CONTINUOUS
100
AcDbLine
 10
-1.0076142913385826
 20
1.8437231102362204
 30
0
 11
-1.0075393700787401
 21
1.8433464566929134
 31
0
  0
LINE
  5
7F2
330
1A
100
AcDbEntity
  8
BLACK
  6
CONTINUOUS
100
AcDbLine
 10
-1.0075393700787401
 20
1.8433464566929134
 30
0
 11
-1.0075393700787401
 21
1.8364566929133859
 31
0
  0
LINE
  5
7F3
330
1A
100
AcDbEntity
  8
BLACK
  6
CONTINUOUS
100
AcDbLine
 10
-1.0075393700787401
 20
1.8364566929133859
 30
0
 11
-0.9386417322834646
 21
1.8364566929133859
 31
0
  0
LINE
  5
7F4
330
1A
100
AcDbEntity
  8
BLACK
  6
CONTINUOUS
100
AcDbLine
 10
-0.9386417322834646
 20
1.8364566929133859
 30
0
 11
-0.9386417322834646
 21
1.880748031496063
 31
0
  0
LINE
  5
7F5
330
1A
100
AcDbEntity
  8
BLACK
  6
CONTINUOUS
100
AcDbLine
 10
-0.9386417322834646
 20
1.880748031496063
 30
0
 11
-0.938566811023622
 21
1.8811246850393701
 31
0
  0
LINE
  5
7F6
330
1A
100
AcDbEntity
  8
BLACK
  6
CONTINUOUS
100
AcDbLine
 10
-0.938566811023622
 20
1.8811246850393701
 30
0
 11
-0.9380341338582677
 21
1.8816573622047243
 31
0
  0
LINE
  5
7F7
330
1A
100
AcDbEntity
  8
BLACK
  6
CONTINUOUS
100
AcDbLine
 10
-0.9380341338582677
 20
1.8816573622047243
 30
0
 11
-0.9376574803149607
 21
1.8817322834645669
 31
0
  0
LINE
  5
7F8
330
1A
100
AcDbEntity
  8
BLACK
  6
CONTINUOUS
100
AcDbLine
 10
-0.9376574803149607
 20
1.8817322834645669
 30
0
 11
-0.8980905511811024
 21
1.8817322834645669
 31
0
  0
LINE
  5
7F9
330
1A
100
AcDbEntity
  8
BLACK
  6
CONTINUOUS
100
AcDbLine
 10
-0.8980905511811024
 20
1.8817322834645669
 30
0
 11
-0.8980905511811024
 21
1.9230708661417322
 31
0
  0
LINE
  5
7FA
330
1A
100
AcDbEntity
  8
BLACK
  6
CONTINUOUS
100
AcDbLine
 10
-0.8980905511811024
 20
1.9230708661417322
 30
0
 11
-0.9376574803149607
 21
1.9230708661417322
 31
0
  0
LINE
  5
7FB
330
1A
100
AcDbEntity
  8
BLACK
  6
CONTINUOUS
100
AcDbLine
 10
-0.9376574803149607
 20
1.9230708661417322
 30
0
 11
-0.9380341338582677
 21
1.9231457874015747
 31
0
  0
LINE
  5
7FC
330
1A
100
AcDbEntity
  8
BLACK
  6
CONTINUOUS
100
AcDbLine
 10
-0.9380341338582677
 20
1.9231457874015747
 30
0
 11
-0.938566811023622
 21
1.9236784645669291
 31
0
  0
LINE
  5
7FD
330
1A
100
AcDbEntity
  8
BLACK
  6
CONTINUOUS
100
AcDbLine
 10
-0.938566811023622
 20
1.9236784645669291
 30
0
 11
-0.9386417322834646
 21
1.9240551181102361
 31
0
  0
LINE
  5
7FE
330
1A
100
AcDbEntity
  8
BLACK
  6
CONTINUOUS
100
AcDbLine
 10
-0.9386417322834646
 20
1.9240551181102361
 30
0
 11
-0.9386417322834646
 21
1.9683464566929134
 31
0
  0
LINE
  5
7FF
330
1A
100
AcDbEntity
  8
BLACK
  6
CONTINUOUS
100
AcDbLine
 10
-0.9386417322834646
 20
1.9683464566929134
 30
0
 11
-1.0075393700787401
 21
1.9683464566929134
 31
0
  0
LINE
  5
800
330
1A
100
AcDbEntity
  8
BLACK
  6
CONTINUOUS
100
AcDbLine
 10
-1.0610406692913386
 20
1.9703384645669291
 30
0
 11
-1.0605079921259841
 21
1.9698057874015749
 31
0
  0
LINE
  5
801
330
1A
100
AcDbEntity
  8
BLACK
  6
CONTINUOUS
100
AcDbLine
 10
-1.0605079921259841
 20
1.9698057874015749
 30
0
 11
-1.0604330708661418
 21
1.9694291338582677
 31
0
  0
LINE
  5
802
330
1A
100
AcDbEntity
  8
BLACK
  6
CONTINUOUS
100
AcDbLine
 10
-1.0604330708661418
 20
1.9694291338582677
 30
0
 11
-1.0604330708661418
 21
1.8355708661417323
 31
0
  0
LINE
  5
803
330
1A
100
AcDbEntity
  8
BLACK
  6
CONTINUOUS
100
AcDbLine
 10
-1.0604330708661418
 20
1.8355708661417323
 30
0
 11
-1.0605079921259841
 21
1.8351942125984251
 31
0
  0
LINE
  5
804
330
1A
100
AcDbEntity
  8
BLACK
  6
CONTINUOUS
100
AcDbLine
 10
-1.0605079921259841
 20
1.8351942125984251
 30
0
 11
-1.0610406692913386
 21
1.8346615354330709
 31
0
  0
LINE
  5
805
330
1A
100
AcDbEntity
  8
BLACK
  6
CONTINUOUS
100
AcDbLine
 10
-1.0610406692913386
 20
1.8346615354330709
 30
0
 11
-1.0614173228346457
 21
1.8345866141732283
 31
0
  0
LINE
  5
806
330
1A
100
AcDbEntity
  8
BLACK
  6
CONTINUOUS
100
AcDbLine
 10
-1.0614173228346457
 20
1.8345866141732283
 30
0
 11
-1.1385826771653542
 21
1.8345866141732283
 31
0
  0
LINE
  5
807
330
1A
100
AcDbEntity
  8
BLACK
  6
CONTINUOUS
100
AcDbLine
 10
-1.1385826771653542
 20
1.8345866141732283
 30
0
 11
-1.1389593307086614
 21
1.8346615354330709
 31
0
  0
LINE
  5
808
330
1A
100
AcDbEntity
  8
BLACK
  6
CONTINUOUS
100
AcDbLine
 10
-1.1389593307086614
 20
1.8346615354330709
 30
0
 11
-1.1394920078740158
 21
1.8351942125984251
 31
0
  0
LINE
  5
809
330
1A
100
AcDbEntity
  8
BLACK
  6
CONTINUOUS
100
AcDbLine
 10
-1.1394920078740158
 20
1.8351942125984251
 30
0
 11
-1.1395669291338582
 21
1.8355708661417323
 31
0
  0
LINE
  5
80A
330
1A
100
AcDbEntity
  8
BLACK
  6
CONTINUOUS
100
AcDbLine
 10
-1.1395669291338582
 20
1.8355708661417323
 30
0
 11
-1.1395669291338582
 21
1.9694291338582677
 31
0
  0
LINE
  5
80B
330
1A
100
AcDbEntity
  8
BLACK
  6
CONTINUOUS
100
AcDbLine
 10
-1.1395669291338582
 20
1.9694291338582677
 30
0
 11
-1.1394920078740158
 21
1.9698057874015749
 31
0
  0
LINE
  5
80C
330
1A
100
AcDbEntity
  8
BLACK
  6
CONTINUOUS
100
AcDbLine
 10
-1.1394920078740158
 20
1.9698057874015749
 30
0
 11
-1.1389593307086614
 21
1.9703384645669291
 31
0
  0
LINE
  5
80D
330
1A
100
AcDbEntity
  8
BLACK
  6
CONTINUOUS
100
AcDbLine
 10
-1.1389593307086614
 20
1.9703384645669291
 30
0
 11
-1.1385826771653542
 21
1.9704133858267716
 31
0
  0
LINE
  5
80E
330
1A
100
AcDbEntity
  8
BLACK
  6
CONTINUOUS
100
AcDbLine
 10
-1.1385826771653542
 20
1.9704133858267716
 30
0
 11
-1.0614173228346457
 21
1.9704133858267716
 31
0
  0
LINE
  5
80F
330
1A
100
AcDbEntity
  8
BLACK
  6
CONTINUOUS
100
AcDbLine
 10
-1.0614173228346457
 20
1.9704133858267716
 30
0
 11
-1.0610406692913386
 21
1.9703384645669291
 31
0
  0
LINE
  5
810
330
1A
100
AcDbEntity
  8
BLACK
  6
CONTINUOUS
100
AcDbLine
 10
-1.1375984251968503
 20
1.9684448818897637
 30
0
 11
-1.1375984251968503
 21
1.8365551181102362
 31
0
  0
LINE
  5
811
330
1A
100
AcDbEntity
  8
BLACK
  6
CONTINUOUS
100
AcDbLine
 10
-1.1375984251968503
 20
1.8365551181102362
 30
0
 11
-1.0624015748031497
 21
1.8365551181102362
 31
0
  0
LINE
  5
812
330
1A
100
AcDbEntity
  8
BLACK
  6
CONTINUOUS
100
AcDbLine
 10
-1.0624015748031497
 20
1.8365551181102362
 30
0
 11
-1.0624015748031497
 21
1.9684448818897637
 31
0
  0
LINE
  5
813
330
1A
100
AcDbEntity
  8
BLACK
  6
CONTINUOUS
100
AcDbLine
 10
-1.0624015748031497
 20
1.9684448818897637
 30
0
 11
-1.1375984251968503
 21
1.9684448818897637
 31
0
  0
LINE
  5
814
330
1A
100
AcDbEntity
  8
BLACK
  6
CONTINUOUS
100
AcDbLine
 10
0.5790183858267717
 20
1.933310905511811
 30
0
 11
0.579551062992126
 21
1.9327782283464567
 31
0
  0
LINE
  5
815
330
1A
100
AcDbEntity
  8
BLACK
  6
CONTINUOUS
100
AcDbLine
 10
0.579551062992126
 20
1.9327782283464567
 30
0
 11
0.5796259842519685
 21
1.9324015748031496
 31
0
  0
LINE
  5
816
330
1A
100
AcDbEntity
  8
BLACK
  6
CONTINUOUS
100
AcDbLine
 10
0.5796259842519685
 20
1.9324015748031496
 30
0
 11
0.5796259842519685
 21
1.8575984251968503
 31
0
  0
LINE
  5
817
330
1A
100
AcDbEntity
  8
BLACK
  6
CONTINUOUS
100
AcDbLine
 10
0.5796259842519685
 20
1.8575984251968503
 30
0
 11
0.579551062992126
 21
1.8572217716535433
 31
0
  0
LINE
  5
818
330
1A
100
AcDbEntity
  8
BLACK
  6
CONTINUOUS
100
AcDbLine
 10
0.579551062992126
 20
1.8572217716535433
 30
0
 11
0.5790183858267717
 21
1.8566890944881889
 31
0
  0
LINE
  5
819
330
1A
100
AcDbEntity
  8
BLACK
  6
CONTINUOUS
100
AcDbLine
 10
0.5790183858267717
 20
1.8566890944881889
 30
0
 11
0.5786417322834646
 21
1.8566141732283463
 31
0
  0
LINE
  5
81A
330
1A
100
AcDbEntity
  8
BLACK
  6
CONTINUOUS
100
AcDbLine
 10
0.5786417322834646
 20
1.8566141732283463
 30
0
 11
0.4463582677165354
 21
1.8566141732283463
 31
0
  0
LINE
  5
81B
330
1A
100
AcDbEntity
  8
BLACK
  6
CONTINUOUS
100
AcDbLine
 10
0.4463582677165354
 20
1.8566141732283463
 30
0
 11
0.4459816141732283
 21
1.8566890944881889
 31
0
  0
LINE
  5
81C
330
1A
100
AcDbEntity
  8
BLACK
  6
CONTINUOUS
100
AcDbLine
 10
0.4459816141732283
 20
1.8566890944881889
 30
0
 11
0.445448937007874
 21
1.8572217716535433
 31
0
  0
LINE
  5
81D
330
1A
100
AcDbEntity
  8
BLACK
  6
CONTINUOUS
100
AcDbLine
 10
0.445448937007874
 20
1.8572217716535433
 30
0
 11
0.4453740157480315
 21
1.8575984251968503
 31
0
  0
LINE
  5
81E
330
1A
100
AcDbEntity
  8
BLACK
  6
CONTINUOUS
100
AcDbLine
 10
0.4453740157480315
 20
1.8575984251968503
 30
0
 11
0.4453740157480315
 21
1.9324015748031496
 31
0
  0
LINE
  5
81F
330
1A
100
AcDbEntity
  8
BLACK
  6
CONTINUOUS
100
AcDbLine
 10
0.4453740157480315
 20
1.9324015748031496
 30
0
 11
0.445448937007874
 21
1.9327782283464567
 31
0
  0
LINE
  5
820
330
1A
100
AcDbEntity
  8
BLACK
  6
CONTINUOUS
100
AcDbLine
 10
0.445448937007874
 20
1.9327782283464567
 30
0
 11
0.4459816141732283
 21
1.933310905511811
 31
0
  0
LINE
  5
821
330
1A
100
AcDbEntity
  8
BLACK
  6
CONTINUOUS
100
AcDbLine
 10
0.4459816141732283
 20
1.933310905511811
 30
0
 11
0.4463582677165354
 21
1.9333858267716535
 31
0
  0
LINE
  5
822
330
1A
100
AcDbEntity
  8
BLACK
  6
CONTINUOUS
100
AcDbLine
 10
0.4463582677165354
 20
1.9333858267716535
 30
0
 11
0.5786417322834646
 21
1.9333858267716535
 31
0
  0
LINE
  5
823
330
1A
100
AcDbEntity
  8
BLACK
  6
CONTINUOUS
100
AcDbLine
 10
0.5786417322834646
 20
1.9333858267716535
 30
0
 11
0.5790183858267717
 21
1.933310905511811
 31
0
  0
LINE
  5
824
330
1A
100
AcDbEntity
  8
BLACK
  6
CONTINUOUS
100
AcDbLine
 10
0.4473425196850394
 20
1.9314173228346456
 30
0
 11
0.4473425196850394
 21
1.8585826771653542
 31
0
  0
LINE
  5
825
330
1A
100
AcDbEntity
  8
BLACK
  6
CONTINUOUS
100
AcDbLine
 10
0.4473425196850394
 20
1.8585826771653542
 30
0
 11
0.5776574803149607
 21
1.8585826771653542
 31
0
  0
LINE
  5
826
330
1A
100
AcDbEntity
  8
BLACK
  6
CONTINUOUS
100
AcDbLine
 10
0.5776574803149607
 20
1.8585826771653542
 30
0
 11
0.5776574803149607
 21
1.9314173228346456
 31
0
  0
LINE
  5
827
330
1A
100
AcDbEntity
  8
BLACK
  6
CONTINUOUS
100
AcDbLine
 10
0.5776574803149607
 20
1.9314173228346456
 30
0
 11
0.4473425196850394
 21
1.9314173228346456
 31
0
  0
LINE
  5
828
330
1A
100
AcDbEntity
  8
BLACK
  6
CONTINUOUS
100
AcDbLine
 10
0.261853031496063
 20
1.956814842519685
 30
0
 11
0.2623857086614173
 21
1.9562821653543307
 31
0
  0
LINE
  5
829
330
1A
100
AcDbEntity
  8
BLACK
  6
CONTINUOUS
100
AcDbLine
 10
0.2623857086614173
 20
1.9562821653543307
 30
0
 11
0.2624606299212598
 21
1.9559055118110236
 31
0
  0
LINE
  5
82A
330
1A
100
AcDbEntity
  8
BLACK
  6
CONTINUOUS
100
AcDbLine
 10
0.2624606299212598
 20
1.9559055118110236
 30
0
 11
0.2624606299212598
 21
1.8811023622047243
 31
0
  0
LINE
  5
82B
330
1A
100
AcDbEntity
  8
BLACK
  6
CONTINUOUS
100
AcDbLine
 10
0.2624606299212598
 20
1.8811023622047243
 30
0
 11
0.2623857086614173
 21
1.8807257086614173
 31
0
  0
LINE
  5
82C
330
1A
100
AcDbEntity
  8
BLACK
  6
CONTINUOUS
100
AcDbLine
 10
0.2623857086614173
 20
1.8807257086614173
 30
0
 11
0.261853031496063
 21
1.8801930314960629
 31
0
  0
LINE
  5
82D
330
1A
100
AcDbEntity
  8
BLACK
  6
CONTINUOUS
100
AcDbLine
 10
0.261853031496063
 20
1.8801930314960629
 30
0
 11
0.2614763779527559
 21
1.8801181102362203
 31
0
  0
LINE
  5
82E
330
1A
100
AcDbEntity
  8
BLACK
  6
CONTINUOUS
100
AcDbLine
 10
0.2614763779527559
 20
1.8801181102362203
 30
0
 11
0.1291929133858268
 21
1.8801181102362203
 31
0
  0
LINE
  5
82F
330
1A
100
AcDbEntity
  8
BLACK
  6
CONTINUOUS
100
AcDbLine
 10
0.1291929133858268
 20
1.8801181102362203
 30
0
 11
0.1288162598425197
 21
1.8801930314960629
 31
0
  0
LINE
  5
830
330
1A
100
AcDbEntity
  8
BLACK
  6
CONTINUOUS
100
AcDbLine
 10
0.1288162598425197
 20
1.8801930314960629
 30
0
 11
0.1282835826771654
 21
1.8807257086614173
 31
0
  0
LINE
  5
831
330
1A
100
AcDbEntity
  8
BLACK
  6
CONTINUOUS
100
AcDbLine
 10
0.1282835826771654
 20
1.8807257086614173
 30
0
 11
0.1282086614173228
 21
1.8811023622047243
 31
0
  0
LINE
  5
832
330
1A
100
AcDbEntity
  8
BLACK
  6
CONTINUOUS
100
AcDbLine
 10
0.1282086614173228
 20
1.8811023622047243
 30
0
 11
0.1282086614173228
 21
1.9559055118110236
 31
0
  0
LINE
  5
833
330
1A
100
AcDbEntity
  8
BLACK
  6
CONTINUOUS
100
AcDbLine
 10
0.1282086614173228
 20
1.9559055118110236
 30
0
 11
0.1282835826771654
 21
1.9562821653543307
 31
0
  0
LINE
  5
834
330
1A
100
AcDbEntity
  8
BLACK
  6
CONTINUOUS
100
AcDbLine
 10
0.1282835826771654
 20
1.9562821653543307
 30
0
 11
0.1288162598425197
 21
1.956814842519685
 31
0
  0
LINE
  5
835
330
1A
100
AcDbEntity
  8
BLACK
  6
CONTINUOUS
100
AcDbLine
 10
0.1288162598425197
 20
1.956814842519685
 30
0
 11
0.1291929133858268
 21
1.9568897637795275
 31
0
  0
LINE
  5
836
330
1A
100
AcDbEntity
  8
BLACK
  6
CONTINUOUS
100
AcDbLine
 10
0.1291929133858268
 20
1.9568897637795275
 30
0
 11
0.2614763779527559
 21
1.9568897637795275
 31
0
  0
LINE
  5
837
330
1A
100
AcDbEntity
  8
BLACK
  6
CONTINUOUS
100
AcDbLine
 10
0.2614763779527559
 20
1.9568897637795275
 30
0
 11
0.261853031496063
 21
1.956814842519685
 31
0
  0
LINE
  5
838
330
1A
100
AcDbEntity
  8
BLACK
  6
CONTINUOUS
100
AcDbLine
 10
0.1301771653543307
 20
1.9549212598425196
 30
0
 11
0.1301771653543307
 21
1.8820866141732282
 31
0
  0
LINE
  5
839
330
1A
100
AcDbEntity
  8
BLACK
  6
CONTINUOUS
100
AcDbLine
 10
0.1301771653543307
 20
1.8820866141732282
 30
0
 11
0.260492125984252
 21
1.8820866141732282
 31
0
  0
LINE
  5
83A
330
1A
100
AcDbEntity
  8
BLACK
  6
CONTINUOUS
100
AcDbLine
 10
0.260492125984252
 20
1.8820866141732282
 30
0
 11
0.260492125984252
 21
1.9549212598425196
 31
0
  0
LINE
  5
83B
330
1A
100
AcDbEntity
  8
BLACK
  6
CONTINUOUS
100
AcDbLine
 10
0.260492125984252
 20
1.9549212598425196
 30
0
 11
0.1301771653543307
 21
1.9549212598425196
 31
0
  0
LINE
  5
83C
330
1A
100
AcDbEntity
  8
BLACK
  6
CONTINUOUS
100
AcDbLine
 10
0.9686273228346457
 20
2.2253225984251968
 30
0
 11
0.9696926771653543
 21
2.2242572440944883
 31
0
  0
LINE
  5
83D
330
1A
100
AcDbEntity
  8
BLACK
  6
CONTINUOUS
100
AcDbLine
 10
0.9696926771653543
 20
2.2242572440944883
 30
0
 11
0.9698425196850393
 21
2.223503937007874
 31
0
  0
LINE
  5
83E
330
1A
100
AcDbEntity
  8
BLACK
  6
CONTINUOUS
100
AcDbLine
 10
0.9698425196850393
 20
2.223503937007874
 30
0
 11
0.9698425196850393
 21
1.8864960629921259
 31
0
  0
LINE
  5
83F
330
1A
100
AcDbEntity
  8
BLACK
  6
CONTINUOUS
100
AcDbLine
 10
0.9698425196850393
 20
1.8864960629921259
 30
0
 11
0.9696926771653543
 21
1.8857427559055118
 31
0
  0
LINE
  5
840
330
1A
100
AcDbEntity
  8
BLACK
  6
CONTINUOUS
100
AcDbLine
 10
0.9696926771653543
 20
1.8857427559055118
 30
0
 11
0.9686273228346457
 21
1.8846774015748031
 31
0
  0
LINE
  5
841
330
1A
100
AcDbEntity
  8
BLACK
  6
CONTINUOUS
100
AcDbLine
 10
0.9686273228346457
 20
1.8846774015748031
 30
0
 11
0.9678740157480314
 21
1.884527559055118
 31
0
  0
LINE
  5
842
330
1A
100
AcDbEntity
  8
BLACK
  6
CONTINUOUS
100
AcDbLine
 10
0.9678740157480314
 20
1.884527559055118
 30
0
 11
0.638740157480315
 21
1.884527559055118
 31
0
  0
LINE
  5
843
330
1A
100
AcDbEntity
  8
BLACK
  6
CONTINUOUS
100
AcDbLine
 10
0.638740157480315
 20
1.884527559055118
 30
0
 11
0.6379868503937007
 21
1.8846774015748031
 31
0
  0
LINE
  5
844
330
1A
100
AcDbEntity
  8
BLACK
  6
CONTINUOUS
100
AcDbLine
 10
0.6379868503937007
 20
1.8846774015748031
 30
0
 11
0.6369214960629921
 21
1.8857427559055118
 31
0
  0
LINE
  5
845
330
1A
100
AcDbEntity
  8
BLACK
  6
CONTINUOUS
100
AcDbLine
 10
0.6369214960629921
 20
1.8857427559055118
 30
0
 11
0.6367716535433071
 21
1.8864960629921259
 31
0
  0
LINE
  5
846
330
1A
100
AcDbEntity
  8
BLACK
  6
CONTINUOUS
100
AcDbLine
 10
0.6367716535433071
 20
1.8864960629921259
 30
0
 11
0.6367716535433071
 21
2.223503937007874
 31
0
  0
LINE
  5
847
330
1A
100
AcDbEntity
  8
BLACK
  6
CONTINUOUS
100
AcDbLine
 10
0.6367716535433071
 20
2.223503937007874
 30
0
 11
0.6369214960629921
 21
2.2242572440944883
 31
0
  0
LINE
  5
848
330
1A
100
AcDbEntity
  8
BLACK
  6
CONTINUOUS
100
AcDbLine
 10
0.6369214960629921
 20
2.2242572440944883
 30
0
 11
0.6379868503937007
 21
2.2253225984251968
 31
0
  0
LINE
  5
849
330
1A
100
AcDbEntity
  8
BLACK
  6
CONTINUOUS
100
AcDbLine
 10
0.6379868503937007
 20
2.2253225984251968
 30
0
 11
0.638740157480315
 21
2.2254724409448818
 31
0
  0
LINE
  5
84A
330
1A
100
AcDbEntity
  8
BLACK
  6
CONTINUOUS
100
AcDbLine
 10
0.638740157480315
 20
2.2254724409448818
 30
0
 11
0.9678740157480314
 21
2.2254724409448818
 31
0
  0
LINE
  5
84B
330
1A
100
AcDbEntity
  8
BLACK
  6
CONTINUOUS
100
AcDbLine
 10
0.9678740157480314
 20
2.2254724409448818
 30
0
 11
0.9686273228346457
 21
2.2253225984251968
 31
0
  0
LINE
  5
84C
330
1A
100
AcDbEntity
  8
BLACK
  6
CONTINUOUS
100
AcDbLine
 10
0.6407086614173229
 20
2.2215354330708661
 30
0
 11
0.6407086614173229
 21
1.8884645669291338
 31
0
  0
LINE
  5
84D
330
1A
100
AcDbEntity
  8
BLACK
  6
CONTINUOUS
100
AcDbLine
 10
0.6407086614173229
 20
1.8884645669291338
 30
0
 11
0.9659055118110236
 21
1.8884645669291338
 31
0
  0
LINE
  5
84E
330
1A
100
AcDbEntity
  8
BLACK
  6
CONTINUOUS
100
AcDbLine
 10
0.9659055118110236
 20
1.8884645669291338
 30
0
 11
0.9659055118110236
 21
2.2215354330708661
 31
0
  0
LINE
  5
84F
330
1A
100
AcDbEntity
  8
BLACK
  6
CONTINUOUS
100
AcDbLine
 10
0.9659055118110236
 20
2.2215354330708661
 30
0
 11
0.6407086614173229
 21
2.2215354330708661
 31
0
  0
LINE
  5
850
330
1A
100
AcDbEntity
  8
BLACK
  6
CONTINUOUS
100
AcDbLine
 10
1.1773057874015749
 20
1.9694920078740157
 30
0
 11
1.1778384645669291
 21
1.9689593307086615
 31
0
  0
LINE
  5
851
330
1A
100
AcDbEntity
  8
BLACK
  6
CONTINUOUS
100
AcDbLine
 10
1.1778384645669291
 20
1.9689593307086615
 30
0
 11
1.1779133858267716
 21
1.9685826771653543
 31
0
  0
LINE
  5
852
330
1A
100
AcDbEntity
  8
BLACK
  6
CONTINUOUS
100
AcDbLine
 10
1.1779133858267716
 20
1.9685826771653543
 30
0
 11
1.1779133858267716
 21
1.8914173228346456
 31
0
  0
LINE
  5
853
330
1A
100
AcDbEntity
  8
BLACK
  6
CONTINUOUS
100
AcDbLine
 10
1.1779133858267716
 20
1.8914173228346456
 30
0
 11
1.1778384645669291
 21
1.8910406692913386
 31
0
  0
LINE
  5
854
330
1A
100
AcDbEntity
  8
BLACK
  6
CONTINUOUS
100
AcDbLine
 10
1.1778384645669291
 20
1.8910406692913386
 30
0
 11
1.1773057874015749
 21
1.8905079921259842
 31
0
  0
LINE
  5
855
330
1A
100
AcDbEntity
  8
BLACK
  6
CONTINUOUS
100
AcDbLine
 10
1.1773057874015749
 20
1.8905079921259842
 30
0
 11
1.1769291338582677
 21
1.8904330708661417
 31
0
  0
LINE
  5
856
330
1A
100
AcDbEntity
  8
BLACK
  6
CONTINUOUS
100
AcDbLine
 10
1.1769291338582677
 20
1.8904330708661417
 30
0
 11
1.0430708661417323
 21
1.8904330708661417
 31
0
  0
LINE
  5
857
330
1A
100
AcDbEntity
  8
BLACK
  6
CONTINUOUS
100
AcDbLine
 10
1.0430708661417323
 20
1.8904330708661417
 30
0
 11
1.0426942125984251
 21
1.8905079921259842
 31
0
  0
LINE
  5
858
330
1A
100
AcDbEntity
  8
BLACK
  6
CONTINUOUS
100
AcDbLine
 10
1.0426942125984251
 20
1.8905079921259842
 30
0
 11
1.0421615354330709
 21
1.8910406692913386
 31
0
  0
LINE
  5
859
330
1A
100
AcDbEntity
  8
BLACK
  6
CONTINUOUS
100
AcDbLine
 10
1.0421615354330709
 20
1.8910406692913386
 30
0
 11
1.0420866141732283
 21
1.8914173228346456
 31
0
  0
LINE
  5
85A
330
1A
100
AcDbEntity
  8
BLACK
  6
CONTINUOUS
100
AcDbLine
 10
1.0420866141732283
 20
1.8914173228346456
 30
0
 11
1.0420866141732283
 21
1.9685826771653543
 31
0
  0
LINE
  5
85B
330
1A
100
AcDbEntity
  8
BLACK
  6
CONTINUOUS
100
AcDbLine
 10
1.0420866141732283
 20
1.9685826771653543
 30
0
 11
1.0421615354330709
 21
1.9689593307086615
 31
0
  0
LINE
  5
85C
330
1A
100
AcDbEntity
  8
BLACK
  6
CONTINUOUS
100
AcDbLine
 10
1.0421615354330709
 20
1.9689593307086615
 30
0
 11
1.0426942125984251
 21
1.9694920078740157
 31
0
  0
LINE
  5
85D
330
1A
100
AcDbEntity
  8
BLACK
  6
CONTINUOUS
100
AcDbLine
 10
1.0426942125984251
 20
1.9694920078740157
 30
0
 11
1.0430708661417323
 21
1.9695669291338582
 31
0
  0
LINE
  5
85E
330
1A
100
AcDbEntity
  8
BLACK
  6
CONTINUOUS
100
AcDbLine
 10
1.0430708661417323
 20
1.9695669291338582
 30
0
 11
1.1769291338582677
 21
1.9695669291338582
 31
0
  0
LINE
  5
85F
330
1A
100
AcDbEntity
  8
BLACK
  6
CONTINUOUS
100
AcDbLine
 10
1.1769291338582677
 20
1.9695669291338582
 30
0
 11
1.1773057874015749
 21
1.9694920078740157
 31
0
  0
LINE
  5
860
330
1A
100
AcDbEntity
  8
BLACK
  6
CONTINUOUS
100
AcDbLine
 10
1.0440551181102362
 20
1.9675984251968504
 30
0
 11
1.0440551181102362
 21
1.8924015748031495
 31
0
  0
LINE
  5
861
330
1A
100
AcDbEntity
  8
BLACK
  6
CONTINUOUS
100
AcDbLine
 10
1.0440551181102362
 20
1.8924015748031495
 30
0
 11
1.1759448818897638
 21
1.8924015748031495
 31
0
  0
LINE
  5
862
330
1A
100
AcDbEntity
  8
BLACK
  6
CONTINUOUS
100
AcDbLine
 10
1.1759448818897638
 20
1.8924015748031495
 30
0
 11
1.1759448818897638
 21
1.9675984251968504
 31
0
  0
LINE
  5
863
330
1A
100
AcDbEntity
  8
BLACK
  6
CONTINUOUS
100
AcDbLine
 10
1.1759448818897638
 20
1.9675984251968504
 30
0
 11
1.0440551181102362
 21
1.9675984251968504
 31
0
  0
LINE
  5
864
330
1A
100
AcDbEntity
  8
BLACK
  6
CONTINUOUS
100
AcDbLine
 10
0.6315183858267717
 20
2.013310905511811
 30
0
 11
0.632051062992126
 21
2.0127782283464568
 31
0
  0
LINE
  5
865
330
1A
100
AcDbEntity
  8
BLACK
  6
CONTINUOUS
100
AcDbLine
 10
0.632051062992126
 20
2.0127782283464568
 30
0
 11
0.6321259842519685
 21
2.0124015748031496
 31
0
  0
LINE
  5
866
330
1A
100
AcDbEntity
  8
BLACK
  6
CONTINUOUS
100
AcDbLine
 10
0.6321259842519685
 20
2.0124015748031496
 30
0
 11
0.6321259842519685
 21
1.9375984251968503
 31
0
  0
LINE
  5
867
330
1A
100
AcDbEntity
  8
BLACK
  6
CONTINUOUS
100
AcDbLine
 10
0.6321259842519685
 20
1.9375984251968503
 30
0
 11
0.632051062992126
 21
1.9372217716535434
 31
0
  0
LINE
  5
868
330
1A
100
AcDbEntity
  8
BLACK
  6
CONTINUOUS
100
AcDbLine
 10
0.632051062992126
 20
1.9372217716535434
 30
0
 11
0.6315183858267717
 21
1.9366890944881889
 31
0
  0
LINE
  5
869
330
1A
100
AcDbEntity
  8
BLACK
  6
CONTINUOUS
100
AcDbLine
 10
0.6315183858267717
 20
1.9366890944881889
 30
0
 11
0.6311417322834646
 21
1.9366141732283464
 31
0
  0
LINE
  5
86A
330
1A
100
AcDbEntity
  8
BLACK
  6
CONTINUOUS
100
AcDbLine
 10
0.6311417322834646
 20
1.9366141732283464
 30
0
 11
0.4988582677165354
 21
1.9366141732283464
 31
0
  0
LINE
  5
86B
330
1A
100
AcDbEntity
  8
BLACK
  6
CONTINUOUS
100
AcDbLine
 10
0.4988582677165354
 20
1.9366141732283464
 30
0
 11
0.4984816141732283
 21
1.9366890944881889
 31
0
  0
LINE
  5
86C
330
1A
100
AcDbEntity
  8
BLACK
  6
CONTINUOUS
100
AcDbLine
 10
0.4984816141732283
 20
1.9366890944881889
 30
0
 11
0.497948937007874
 21
1.9372217716535434
 31
0
  0
LINE
  5
86D
330
1A
100
AcDbEntity
  8
BLACK
  6
CONTINUOUS
100
AcDbLine
 10
0.497948937007874
 20
1.9372217716535434
 30
0
 11
0.4978740157480315
 21
1.9375984251968503
 31
0
  0
LINE
  5
86E
330
1A
100
AcDbEntity
  8
BLACK
  6
CONTINUOUS
100
AcDbLine
 10
0.4978740157480315
 20
1.9375984251968503
 30
0
 11
0.4978740157480315
 21
2.0124015748031496
 31
0
  0
LINE
  5
86F
330
1A
100
AcDbEntity
  8
BLACK
  6
CONTINUOUS
100
AcDbLine
 10
0.4978740157480315
 20
2.0124015748031496
 30
0
 11
0.497948937007874
 21
2.0127782283464568
 31
0
  0
LINE
  5
870
330
1A
100
AcDbEntity
  8
BLACK
  6
CONTINUOUS
100
AcDbLine
 10
0.497948937007874
 20
2.0127782283464568
 30
0
 11
0.4984816141732283
 21
2.013310905511811
 31
0
  0
LINE
  5
871
330
1A
100
AcDbEntity
  8
BLACK
  6
CONTINUOUS
100
AcDbLine
 10
0.4984816141732283
 20
2.013310905511811
 30
0
 11
0.4988582677165354
 21
2.0133858267716533
 31
0
  0
LINE
  5
872
330
1A
100
AcDbEntity
  8
BLACK
  6
CONTINUOUS
100
AcDbLine
 10
0.4988582677165354
 20
2.0133858267716533
 30
0
 11
0.6311417322834646
 21
2.0133858267716533
 31
0
  0
LINE
  5
873
330
1A
100
AcDbEntity
  8
BLACK
  6
CONTINUOUS
100
AcDbLine
 10
0.6311417322834646
 20
2.0133858267716533
 30
0
 11
0.6315183858267717
 21
2.013310905511811
 31
0
  0
LINE
  5
874
330
1A
100
AcDbEntity
  8
BLACK
  6
CONTINUOUS
100
AcDbLine
 10
0.4998425196850393
 20
2.0114173228346455
 30
0
 11
0.4998425196850393
 21
1.9385826771653543
 31
0
  0
LINE
  5
875
330
1A
100
AcDbEntity
  8
BLACK
  6
CONTINUOUS
100
AcDbLine
 10
0.4998425196850393
 20
1.9385826771653543
 30
0
 11
0.6301574803149607
 21
1.9385826771653543
 31
0
  0
LINE
  5
876
330
1A
100
AcDbEntity
  8
BLACK
  6
CONTINUOUS
100
AcDbLine
 10
0.6301574803149607
 20
1.9385826771653543
 30
0
 11
0.6301574803149607
 21
2.0114173228346455
 31
0
  0
LINE
  5
877
330
1A
100
AcDbEntity
  8
BLACK
  6
CONTINUOUS
100
AcDbLine
 10
0.6301574803149607
 20
2.0114173228346455
 30
0
 11
0.4998425196850393
 21
2.0114173228346455
 31
0
  0
LINE
  5
878
330
1A
100
AcDbEntity
  8
BLACK
  6
CONTINUOUS
100
AcDbLine
 10
-0.8334816141732283
 20
2.0533109055118111
 30
0
 11
-0.832948937007874
 21
2.0527782283464568
 31
0
  0
LINE
  5
879
330
1A
100
AcDbEntity
  8
BLACK
  6
CONTINUOUS
100
AcDbLine
 10
-0.832948937007874
 20
2.0527782283464568
 30
0
 11
-0.8328740157480314
 21
2.0524015748031497
 31
0
  0
LINE
  5
87A
330
1A
100
AcDbEntity
  8
BLACK
  6
CONTINUOUS
100
AcDbLine
 10
-0.8328740157480314
 20
2.0524015748031497
 30
0
 11
-0.8328740157480314
 21
1.9775984251968504
 31
0
  0
LINE
  5
87B
330
1A
100
AcDbEntity
  8
BLACK
  6
CONTINUOUS
100
AcDbLine
 10
-0.8328740157480314
 20
1.9775984251968504
 30
0
 11
-0.832948937007874
 21
1.9772217716535432
 31
0
  0
LINE
  5
87C
330
1A
100
AcDbEntity
  8
BLACK
  6
CONTINUOUS
100
AcDbLine
 10
-0.832948937007874
 20
1.9772217716535432
 30
0
 11
-0.8334816141732283
 21
1.976689094488189
 31
0
  0
LINE
  5
87D
330
1A
100
AcDbEntity
  8
BLACK
  6
CONTINUOUS
100
AcDbLine
 10
-0.8334816141732283
 20
1.976689094488189
 30
0
 11
-0.8338582677165354
 21
1.9766141732283464
 31
0
  0
LINE
  5
87E
330
1A
100
AcDbEntity
  8
BLACK
  6
CONTINUOUS
100
AcDbLine
 10
-0.8338582677165354
 20
1.9766141732283464
 30
0
 11
-0.9661417322834646
 21
1.9766141732283464
 31
0
  0
LINE
  5
87F
330
1A
100
AcDbEntity
  8
BLACK
  6
CONTINUOUS
100
AcDbLine
 10
-0.9661417322834646
 20
1.9766141732283464
 30
0
 11
-0.9665183858267716
 21
1.976689094488189
 31
0
  0
LINE
  5
880
330
1A
100
AcDbEntity
  8
BLACK
  6
CONTINUOUS
100
AcDbLine
 10
-0.9665183858267716
 20
1.976689094488189
 30
0
 11
-0.967051062992126
 21
1.9772217716535432
 31
0
  0
LINE
  5
881
330
1A
100
AcDbEntity
  8
BLACK
  6
CONTINUOUS
100
AcDbLine
 10
-0.967051062992126
 20
1.9772217716535432
 30
0
 11
-0.9671259842519685
 21
1.9775984251968504
 31
0
  0
LINE
  5
882
330
1A
100
AcDbEntity
  8
BLACK
  6
CONTINUOUS
100
AcDbLine
 10
-0.9671259842519685
 20
1.9775984251968504
 30
0
 11
-0.9671259842519685
 21
2.0524015748031497
 31
0
  0
LINE
  5
883
330
1A
100
AcDbEntity
  8
BLACK
  6
CONTINUOUS
100
AcDbLine
 10
-0.9671259842519685
 20
2.0524015748031497
 30
0
 11
-0.967051062992126
 21
2.0527782283464568
 31
0
  0
LINE
  5
884
330
1A
100
AcDbEntity
  8
BLACK
  6
CONTINUOUS
100
AcDbLine
 10
-0.967051062992126
 20
2.0527782283464568
 30
0
 11
-0.9665183858267716
 21
2.0533109055118111
 31
0
  0
LINE
  5
885
330
1A
100
AcDbEntity
  8
BLACK
  6
CONTINUOUS
100
AcDbLine
 10
-0.9665183858267716
 20
2.0533109055118111
 30
0
 11
-0.9661417322834646
 21
2.0533858267716534
 31
0
  0
LINE
  5
886
330
1A
100
AcDbEntity
  8
BLACK
  6
CONTINUOUS
100
AcDbLine
 10
-0.9661417322834646
 20
2.0533858267716534
 30
0
 11
-0.8338582677165354
 21
2.0533858267716534
 31
0
  0
LINE
  5
887
330
1A
100
AcDbEntity
  8
BLACK
  6
CONTINUOUS
100
AcDbLine
 10
-0.8338582677165354
 20
2.0533858267716534
 30
0
 11
-0.8334816141732283
 21
2.0533109055118111
 31
0
  0
LINE
  5
888
330
1A
100
AcDbEntity
  8
BLACK
  6
CONTINUOUS
100
AcDbLine
 10
-0.9651574803149606
 20
2.0514173228346455
 30
0
 11
-0.9651574803149606
 21
1.9785826771653543
 31
0
  0
LINE
  5
889
330
1A
100
AcDbEntity
  8
BLACK
  6
CONTINUOUS
100
AcDbLine
 10
-0.9651574803149606
 20
1.9785826771653543
 30
0
 11
-0.8348425196850393
 21
1.9785826771653543
 31
0
  0
LINE
  5
88A
330
1A
100
AcDbEntity
  8
BLACK
  6
CONTINUOUS
100
AcDbLine
 10
-0.8348425196850393
 20
1.9785826771653543
 30
0
 11
-0.8348425196850393
 21
2.0514173228346455
 31
0
  0
LINE
  5
88B
330
1A
100
AcDbEntity
  8
BLACK
  6
CONTINUOUS
100
AcDbLine
 10
-0.8348425196850393
 20
2.0514173228346455
 30
0
 11
-0.9651574803149606
 21
2.0514173228346455
 31
0
  0
LINE
  5
88C
330
1A
100
AcDbEntity
  8
BLACK
  6
CONTINUOUS
100
AcDbLine
 10
-1.50143437007874
 20
2.0562242913385824
 30
0
 11
-1.5009016929133858
 21
2.0556916141732282
 31
0
  0
LINE
  5
88D
330
1A
100
AcDbEntity
  8
BLACK
  6
CONTINUOUS
100
AcDbLine
 10
-1.5009016929133858
 20
2.0556916141732282
 30
0
 11
-1.5008267716535433
 21
2.055314960629921
 31
0
  0
LINE
  5
88E
330
1A
100
AcDbEntity
  8
BLACK
  6
CONTINUOUS
100
AcDbLine
 10
-1.5008267716535433
 20
2.055314960629921
 30
0
 11
-1.5008267716535433
 21
1.9805118110236219
 31
0
  0
LINE
  5
88F
330
1A
100
AcDbEntity
  8
BLACK
  6
CONTINUOUS
100
AcDbLine
 10
-1.5008267716535433
 20
1.9805118110236219
 30
0
 11
-1.5009016929133858
 21
1.980135157480315
 31
0
  0
LINE
  5
890
330
1A
100
AcDbEntity
  8
BLACK
  6
CONTINUOUS
100
AcDbLine
 10
-1.5009016929133858
 20
1.980135157480315
 30
0
 11
-1.50143437007874
 21
1.9796024803149606
 31
0
  0
LINE
  5
891
330
1A
100
AcDbEntity
  8
BLACK
  6
CONTINUOUS
100
AcDbLine
 10
-1.50143437007874
 20
1.9796024803149606
 30
0
 11
-1.5018110236220472
 21
1.979527559055118
 31
0
  0
LINE
  5
892
330
1A
100
AcDbEntity
  8
BLACK
  6
CONTINUOUS
100
AcDbLine
 10
-1.5018110236220472
 20
1.979527559055118
 30
0
 11
-1.6340944881889763
 21
1.979527559055118
 31
0
  0
LINE
  5
893
330
1A
100
AcDbEntity
  8
BLACK
  6
CONTINUOUS
100
AcDbLine
 10
-1.6340944881889763
 20
1.979527559055118
 30
0
 11
-1.6344711417322835
 21
1.9796024803149606
 31
0
  0
LINE
  5
894
330
1A
100
AcDbEntity
  8
BLACK
  6
CONTINUOUS
100
AcDbLine
 10
-1.6344711417322835
 20
1.9796024803149606
 30
0
 11
-1.6350038188976377
 21
1.980135157480315
 31
0
  0
LINE
  5
895
330
1A
100
AcDbEntity
  8
BLACK
  6
CONTINUOUS
100
AcDbLine
 10
-1.6350038188976377
 20
1.980135157480315
 30
0
 11
-1.6350787401574802
 21
1.9805118110236219
 31
0
  0
LINE
  5
896
330
1A
100
AcDbEntity
  8
BLACK
  6
CONTINUOUS
100
AcDbLine
 10
-1.6350787401574802
 20
1.9805118110236219
 30
0
 11
-1.6350787401574802
 21
2.055314960629921
 31
0
  0
LINE
  5
897
330
1A
100
AcDbEntity
  8
BLACK
  6
CONTINUOUS
100
AcDbLine
 10
-1.6350787401574802
 20
2.055314960629921
 30
0
 11
-1.6350038188976377
 21
2.0556916141732282
 31
0
  0
LINE
  5
898
330
1A
100
AcDbEntity
  8
BLACK
  6
CONTINUOUS
100
AcDbLine
 10
-1.6350038188976377
 20
2.0556916141732282
 30
0
 11
-1.6344711417322835
 21
2.0562242913385824
 31
0
  0
LINE
  5
899
330
1A
100
AcDbEntity
  8
BLACK
  6
CONTINUOUS
100
AcDbLine
 10
-1.6344711417322835
 20
2.0562242913385824
 30
0
 11
-1.6340944881889763
 21
2.0562992125984252
 31
0
  0
LINE
  5
89A
330
1A
100
AcDbEntity
  8
BLACK
  6
CONTINUOUS
100
AcDbLine
 10
-1.6340944881889763
 20
2.0562992125984252
 30
0
 11
-1.5018110236220472
 21
2.0562992125984252
 31
0
  0
LINE
  5
89B
330
1A
100
AcDbEntity
  8
BLACK
  6
CONTINUOUS
100
AcDbLine
 10
-1.5018110236220472
 20
2.0562992125984252
 30
0
 11
-1.50143437007874
 21
2.0562242913385824
 31
0
  0
LINE
  5
89C
330
1A
100
AcDbEntity
  8
BLACK
  6
CONTINUOUS
100
AcDbLine
 10
-1.6331102362204724
 20
2.0543307086614173
 30
0
 11
-1.6331102362204724
 21
1.9814960629921259
 31
0
  0
LINE
  5
89D
330
1A
100
AcDbEntity
  8
BLACK
  6
CONTINUOUS
100
AcDbLine
 10
-1.6331102362204724
 20
1.9814960629921259
 30
0
 11
-1.5027952755905511
 21
1.9814960629921259
 31
0
  0
LINE
  5
89E
330
1A
100
AcDbEntity
  8
BLACK
  6
CONTINUOUS
100
AcDbLine
 10
-1.5027952755905511
 20
1.9814960629921259
 30
0
 11
-1.5027952755905511
 21
2.0543307086614173
 31
0
  0
LINE
  5
89F
330
1A
100
AcDbEntity
  8
BLACK
  6
CONTINUOUS
100
AcDbLine
 10
-1.5027952755905511
 20
2.0543307086614173
 30
0
 11
-1.6331102362204724
 21
2.0543307086614173
 31
0
  0
LINE
  5
8A0
330
1A
100
AcDbEntity
  8
BLACK
  6
CONTINUOUS
100
AcDbLine
 10
1.1773057874015749
 20
2.0594920078740158
 30
0
 11
1.1778384645669291
 21
2.0589593307086616
 31
0
  0
LINE
  5
8A1
330
1A
100
AcDbEntity
  8
BLACK
  6
CONTINUOUS
100
AcDbLine
 10
1.1778384645669291
 20
2.0589593307086616
 30
0
 11
1.1779133858267716
 21
2.0585826771653544
 31
0
  0
LINE
  5
8A2
330
1A
100
AcDbEntity
  8
BLACK
  6
CONTINUOUS
100
AcDbLine
 10
1.1779133858267716
 20
2.0585826771653544
 30
0
 11
1.1779133858267716
 21
1.9814173228346457
 31
0
  0
LINE
  5
8A3
330
1A
100
AcDbEntity
  8
BLACK
  6
CONTINUOUS
100
AcDbLine
 10
1.1779133858267716
 20
1.9814173228346457
 30
0
 11
1.1778384645669291
 21
1.9810406692913385
 31
0
  0
LINE
  5
8A4
330
1A
100
AcDbEntity
  8
BLACK
  6
CONTINUOUS
100
AcDbLine
 10
1.1778384645669291
 20
1.9810406692913385
 30
0
 11
1.1773057874015749
 21
1.9805079921259843
 31
0
  0
LINE
  5
8A5
330
1A
100
AcDbEntity
  8
BLACK
  6
CONTINUOUS
100
AcDbLine
 10
1.1773057874015749
 20
1.9805079921259843
 30
0
 11
1.1769291338582677
 21
1.9804330708661417
 31
0
  0
LINE
  5
8A6
330
1A
100
AcDbEntity
  8
BLACK
  6
CONTINUOUS
100
AcDbLine
 10
1.1769291338582677
 20
1.9804330708661417
 30
0
 11
1.0430708661417323
 21
1.9804330708661417
 31
0
  0
LINE
  5
8A7
330
1A
100
AcDbEntity
  8
BLACK
  6
CONTINUOUS
100
AcDbLine
 10
1.0430708661417323
 20
1.9804330708661417
 30
0
 11
1.0426942125984251
 21
1.9805079921259843
 31
0
  0
LINE
  5
8A8
330
1A
100
AcDbEntity
  8
BLACK
  6
CONTINUOUS
100
AcDbLine
 10
1.0426942125984251
 20
1.9805079921259843
 30
0
 11
1.0421615354330709
 21
1.9810406692913385
 31
0
  0
LINE
  5
8A9
330
1A
100
AcDbEntity
  8
BLACK
  6
CONTINUOUS
100
AcDbLine
 10
1.0421615354330709
 20
1.9810406692913385
 30
0
 11
1.0420866141732283
 21
1.9814173228346457
 31
0
  0
LINE
  5
8AA
330
1A
100
AcDbEntity
  8
BLACK
  6
CONTINUOUS
100
AcDbLine
 10
1.0420866141732283
 20
1.9814173228346457
 30
0
 11
1.0420866141732283
 21
2.0585826771653544
 31
0
  0
LINE
  5
8AB
330
1A
100
AcDbEntity
  8
BLACK
  6
CONTINUOUS
100
AcDbLine
 10
1.0420866141732283
 20
2.0585826771653544
 30
0
 11
1.0421615354330709
 21
2.0589593307086616
 31
0
  0
LINE
  5
8AC
330
1A
100
AcDbEntity
  8
BLACK
  6
CONTINUOUS
100
AcDbLine
 10
1.0421615354330709
 20
2.0589593307086616
 30
0
 11
1.0426942125984251
 21
2.0594920078740158
 31
0
  0
LINE
  5
8AD
330
1A
100
AcDbEntity
  8
BLACK
  6
CONTINUOUS
100
AcDbLine
 10
1.0426942125984251
 20
2.0594920078740158
 30
0
 11
1.0430708661417323
 21
2.0595669291338581
 31
0
  0
LINE
  5
8AE
330
1A
100
AcDbEntity
  8
BLACK
  6
CONTINUOUS
100
AcDbLine
 10
1.0430708661417323
 20
2.0595669291338581
 30
0
 11
1.1769291338582677
 21
2.0595669291338581
 31
0
  0
LINE
  5
8AF
330
1A
100
AcDbEntity
  8
BLACK
  6
CONTINUOUS
100
AcDbLine
 10
1.1769291338582677
 20
2.0595669291338581
 30
0
 11
1.1773057874015749
 21
2.0594920078740158
 31
0
  0
LINE
  5
8B0
330
1A
100
AcDbEntity
  8
BLACK
  6
CONTINUOUS
100
AcDbLine
 10
1.0440551181102362
 20
2.0575984251968502
 30
0
 11
1.0440551181102362
 21
1.9824015748031496
 31
0
  0
LINE
  5
8B1
330
1A
100
AcDbEntity
  8
BLACK
  6
CONTINUOUS
100
AcDbLine
 10
1.0440551181102362
 20
1.9824015748031496
 30
0
 11
1.1759448818897638
 21
1.9824015748031496
 31
0
  0
LINE
  5
8B2
330
1A
100
AcDbEntity
  8
BLACK
  6
CONTINUOUS
100
AcDbLine
 10
1.1759448818897638
 20
1.9824015748031496
 30
0
 11
1.1759448818897638
 21
2.0575984251968502
 31
0
  0
LINE
  5
8B3
330
1A
100
AcDbEntity
  8
BLACK
  6
CONTINUOUS
100
AcDbLine
 10
1.1759448818897638
 20
2.0575984251968502
 30
0
 11
1.0440551181102362
 21
2.0575984251968502
 31
0
  0
LINE
  5
8B4
330
1A
100
AcDbEntity
  8
BLACK
  6
CONTINUOUS
100
AcDbLine
 10
-0.4859816141732283
 20
2.0933109055118111
 30
0
 11
-0.485448937007874
 21
2.0927782283464564
 31
0
  0
LINE
  5
8B5
330
1A
100
AcDbEntity
  8
BLACK
  6
CONTINUOUS
100
AcDbLine
 10
-0.485448937007874
 20
2.0927782283464564
 30
0
 11
-0.4853740157480315
 21
2.0924015748031497
 31
0
  0
LINE
  5
8B6
330
1A
100
AcDbEntity
  8
BLACK
  6
CONTINUOUS
100
AcDbLine
 10
-0.4853740157480315
 20
2.0924015748031497
 30
0
 11
-0.4853740157480315
 21
2.0175984251968502
 31
0
  0
LINE
  5
8B7
330
1A
100
AcDbEntity
  8
BLACK
  6
CONTINUOUS
100
AcDbLine
 10
-0.4853740157480315
 20
2.0175984251968502
 30
0
 11
-0.485448937007874
 21
2.0172217716535434
 31
0
  0
LINE
  5
8B8
330
1A
100
AcDbEntity
  8
BLACK
  6
CONTINUOUS
100
AcDbLine
 10
-0.485448937007874
 20
2.0172217716535434
 30
0
 11
-0.4859816141732283
 21
2.0166890944881888
 31
0
  0
LINE
  5
8B9
330
1A
100
AcDbEntity
  8
BLACK
  6
CONTINUOUS
100
AcDbLine
 10
-0.4859816141732283
 20
2.0166890944881888
 30
0
 11
-0.4863582677165354
 21
2.0166141732283465
 31
0
  0
LINE
  5
8BA
330
1A
100
AcDbEntity
  8
BLACK
  6
CONTINUOUS
100
AcDbLine
 10
-0.4863582677165354
 20
2.0166141732283465
 30
0
 11
-0.6186417322834645
 21
2.0166141732283465
 31
0
  0
LINE
  5
8BB
330
1A
100
AcDbEntity
  8
BLACK
  6
CONTINUOUS
100
AcDbLine
 10
-0.6186417322834645
 20
2.0166141732283465
 30
0
 11
-0.6190183858267716
 21
2.0166890944881888
 31
0
  0
LINE
  5
8BC
330
1A
100
AcDbEntity
  8
BLACK
  6
CONTINUOUS
100
AcDbLine
 10
-0.6190183858267716
 20
2.0166890944881888
 30
0
 11
-0.6195510629921259
 21
2.0172217716535434
 31
0
  0
LINE
  5
8BD
330
1A
100
AcDbEntity
  8
BLACK
  6
CONTINUOUS
100
AcDbLine
 10
-0.6195510629921259
 20
2.0172217716535434
 30
0
 11
-0.6196259842519685
 21
2.0175984251968502
 31
0
  0
LINE
  5
8BE
330
1A
100
AcDbEntity
  8
BLACK
  6
CONTINUOUS
100
AcDbLine
 10
-0.6196259842519685
 20
2.0175984251968502
 30
0
 11
-0.6196259842519685
 21
2.0924015748031497
 31
0
  0
LINE
  5
8BF
330
1A
100
AcDbEntity
  8
BLACK
  6
CONTINUOUS
100
AcDbLine
 10
-0.6196259842519685
 20
2.0924015748031497
 30
0
 11
-0.6195510629921259
 21
2.0927782283464564
 31
0
  0
LINE
  5
8C0
330
1A
100
AcDbEntity
  8
BLACK
  6
CONTINUOUS
100
AcDbLine
 10
-0.6195510629921259
 20
2.0927782283464564
 30
0
 11
-0.6190183858267716
 21
2.0933109055118111
 31
0
  0
LINE
  5
8C1
330
1A
100
AcDbEntity
  8
BLACK
  6
CONTINUOUS
100
AcDbLine
 10
-0.6190183858267716
 20
2.0933109055118111
 30
0
 11
-0.6186417322834645
 21
2.0933858267716534
 31
0
  0
LINE
  5
8C2
330
1A
100
AcDbEntity
  8
BLACK
  6
CONTINUOUS
100
AcDbLine
 10
-0.6186417322834645
 20
2.0933858267716534
 30
0
 11
-0.4863582677165354
 21
2.0933858267716534
 31
0
  0
LINE
  5
8C3
330
1A
100
AcDbEntity
  8
BLACK
  6
CONTINUOUS
100
AcDbLine
 10
-0.4863582677165354
 20
2.0933858267716534
 30
0
 11
-0.4859816141732283
 21
2.0933109055118111
 31
0
  0
LINE
  5
8C4
330
1A
100
AcDbEntity
  8
BLACK
  6
CONTINUOUS
100
AcDbLine
 10
-0.6176574803149606
 20
2.0914173228346455
 30
0
 11
-0.6176574803149606
 21
2.0185826771653543
 31
0
  0
LINE
  5
8C5
330
1A
100
AcDbEntity
  8
BLACK
  6
CONTINUOUS
100
AcDbLine
 10
-0.6176574803149606
 20
2.0185826771653543
 30
0
 11
-0.4873425196850393
 21
2.0185826771653543
 31
0
  0
LINE
  5
8C6
330
1A
100
AcDbEntity
  8
BLACK
  6
CONTINUOUS
100
AcDbLine
 10
-0.4873425196850393
 20
2.0185826771653543
 30
0
 11
-0.4873425196850393
 21
2.0914173228346455
 31
0
  0
LINE
  5
8C7
330
1A
100
AcDbEntity
  8
BLACK
  6
CONTINUOUS
100
AcDbLine
 10
-0.4873425196850393
 20
2.0914173228346455
 30
0
 11
-0.6176574803149606
 21
2.0914173228346455
 31
0
  0
LINE
  5
8C8
330
1A
100
AcDbEntity
  8
BLACK
  6
CONTINUOUS
100
AcDbLine
 10
0.6315183858267717
 20
2.0933109055118111
 30
0
 11
0.632051062992126
 21
2.0927782283464564
 31
0
  0
LINE
  5
8C9
330
1A
100
AcDbEntity
  8
BLACK
  6
CONTINUOUS
100
AcDbLine
 10
0.632051062992126
 20
2.0927782283464564
 30
0
 11
0.6321259842519685
 21
2.0924015748031497
 31
0
  0
LINE
  5
8CA
330
1A
100
AcDbEntity
  8
BLACK
  6
CONTINUOUS
100
AcDbLine
 10
0.6321259842519685
 20
2.0924015748031497
 30
0
 11
0.6321259842519685
 21
2.0175984251968502
 31
0
  0
LINE
  5
8CB
330
1A
100
AcDbEntity
  8
BLACK
  6
CONTINUOUS
100
AcDbLine
 10
0.6321259842519685
 20
2.0175984251968502
 30
0
 11
0.632051062992126
 21
2.0172217716535434
 31
0
  0
LINE
  5
8CC
330
1A
100
AcDbEntity
  8
BLACK
  6
CONTINUOUS
100
AcDbLine
 10
0.632051062992126
 20
2.0172217716535434
 30
0
 11
0.6315183858267717
 21
2.0166890944881888
 31
0
  0
LINE
  5
8CD
330
1A
100
AcDbEntity
  8
BLACK
  6
CONTINUOUS
100
AcDbLine
 10
0.6315183858267717
 20
2.0166890944881888
 30
0
 11
0.6311417322834646
 21
2.0166141732283465
 31
0
  0
LINE
  5
8CE
330
1A
100
AcDbEntity
  8
BLACK
  6
CONTINUOUS
100
AcDbLine
 10
0.6311417322834646
 20
2.0166141732283465
 30
0
 11
0.4988582677165354
 21
2.0166141732283465
 31
0
  0
LINE
  5
8CF
330
1A
100
AcDbEntity
  8
BLACK
  6
CONTINUOUS
100
AcDbLine
 10
0.4988582677165354
 20
2.0166141732283465
 30
0
 11
0.4984816141732283
 21
2.0166890944881888
 31
0
  0
LINE
  5
8D0
330
1A
100
AcDbEntity
  8
BLACK
  6
CONTINUOUS
100
AcDbLine
 10
0.4984816141732283
 20
2.0166890944881888
 30
0
 11
0.497948937007874
 21
2.0172217716535434
 31
0
  0
LINE
  5
8D1
330
1A
100
AcDbEntity
  8
BLACK
  6
CONTINUOUS
100
AcDbLine
 10
0.497948937007874
 20
2.0172217716535434
 30
0
 11
0.4978740157480315
 21
2.0175984251968502
 31
0
  0
LINE
  5
8D2
330
1A
100
AcDbEntity
  8
BLACK
  6
CONTINUOUS
100
AcDbLine
 10
0.4978740157480315
 20
2.0175984251968502
 30
0
 11
0.4978740157480315
 21
2.0924015748031497
 31
0
  0
LINE
  5
8D3
330
1A
100
AcDbEntity
  8
BLACK
  6
CONTINUOUS
100
AcDbLine
 10
0.4978740157480315
 20
2.0924015748031497
 30
0
 11
0.497948937007874
 21
2.0927782283464564
 31
0
  0
LINE
  5
8D4
330
1A
100
AcDbEntity
  8
BLACK
  6
CONTINUOUS
100
AcDbLine
 10
0.497948937007874
 20
2.0927782283464564
 30
0
 11
0.4984816141732283
 21
2.0933109055118111
 31
0
  0
LINE
  5
8D5
330
1A
100
AcDbEntity
  8
BLACK
  6
CONTINUOUS
100
AcDbLine
 10
0.4984816141732283
 20
2.0933109055118111
 30
0
 11
0.4988582677165354
 21
2.0933858267716534
 31
0
  0
LINE
  5
8D6
330
1A
100
AcDbEntity
  8
BLACK
  6
CONTINUOUS
100
AcDbLine
 10
0.4988582677165354
 20
2.0933858267716534
 30
0
 11
0.6311417322834646
 21
2.0933858267716534
 31
0
  0
LINE
  5
8D7
330
1A
100
AcDbEntity
  8
BLACK
  6
CONTINUOUS
100
AcDbLine
 10
0.6311417322834646
 20
2.0933858267716534
 30
0
 11
0.6315183858267717
 21
2.0933109055118111
 31
0
  0
LINE
  5
8D8
330
1A
100
AcDbEntity
  8
BLACK
  6
CONTINUOUS
100
AcDbLine
 10
0.4998425196850393
 20
2.0914173228346455
 30
0
 11
0.4998425196850393
 21
2.0185826771653543
 31
0
  0
LINE
  5
8D9
330
1A
100
AcDbEntity
  8
BLACK
  6
CONTINUOUS
100
AcDbLine
 10
0.4998425196850393
 20
2.0185826771653543
 30
0
 11
0.6301574803149607
 21
2.0185826771653543
 31
0
  0
LINE
  5
8DA
330
1A
100
AcDbEntity
  8
BLACK
  6
CONTINUOUS
100
AcDbLine
 10
0.6301574803149607
 20
2.0185826771653543
 30
0
 11
0.6301574803149607
 21
2.0914173228346455
 31
0
  0
LINE
  5
8DB
330
1A
100
AcDbEntity
  8
BLACK
  6
CONTINUOUS
100
AcDbLine
 10
0.6301574803149607
 20
2.0914173228346455
 30
0
 11
0.4998425196850393
 21
2.0914173228346455
 31
0
  0
LINE
  5
8DC
330
1A
100
AcDbEntity
  8
BLACK
  6
CONTINUOUS
100
AcDbLine
 10
-0.2201942125984252
 20
2.1259880708661418
 30
0
 11
-0.2196615354330708
 21
2.1254553937007872
 31
0
  0
LINE
  5
8DD
330
1A
100
AcDbEntity
  8
BLACK
  6
CONTINUOUS
100
AcDbLine
 10
-0.2196615354330708
 20
2.1254553937007872
 30
0
 11
-0.2195866141732283
 21
2.1250787401574804
 31
0
  0
LINE
  5
8DE
330
1A
100
AcDbEntity
  8
BLACK
  6
CONTINUOUS
100
AcDbLine
 10
-0.2195866141732283
 20
2.1250787401574804
 30
0
 11
-0.2195866141732283
 21
2.0479133858267717
 31
0
  0
LINE
  5
8DF
330
1A
100
AcDbEntity
  8
BLACK
  6
CONTINUOUS
100
AcDbLine
 10
-0.2195866141732283
 20
2.0479133858267717
 30
0
 11
-0.2196615354330708
 21
2.0475367322834646
 31
0
  0
LINE
  5
8E0
330
1A
100
AcDbEntity
  8
BLACK
  6
CONTINUOUS
100
AcDbLine
 10
-0.2196615354330708
 20
2.0475367322834646
 30
0
 11
-0.2201942125984252
 21
2.0470040551181103
 31
0
  0
LINE
  5
8E1
330
1A
100
AcDbEntity
  8
BLACK
  6
CONTINUOUS
100
AcDbLine
 10
-0.2201942125984252
 20
2.0470040551181103
 30
0
 11
-0.2205708661417323
 21
2.0469291338582676
 31
0
  0
LINE
  5
8E2
330
1A
100
AcDbEntity
  8
BLACK
  6
CONTINUOUS
100
AcDbLine
 10
-0.2205708661417323
 20
2.0469291338582676
 30
0
 11
-0.3544291338582677
 21
2.0469291338582676
 31
0
  0
LINE
  5
8E3
330
1A
100
AcDbEntity
  8
BLACK
  6
CONTINUOUS
100
AcDbLine
 10
-0.3544291338582677
 20
2.0469291338582676
 30
0
 11
-0.3548057874015748
 21
2.0470040551181103
 31
0
  0
LINE
  5
8E4
330
1A
100
AcDbEntity
  8
BLACK
  6
CONTINUOUS
100
AcDbLine
 10
-0.3548057874015748
 20
2.0470040551181103
 30
0
 11
-0.3553384645669291
 21
2.0475367322834646
 31
0
  0
LINE
  5
8E5
330
1A
100
AcDbEntity
  8
BLACK
  6
CONTINUOUS
100
AcDbLine
 10
-0.3553384645669291
 20
2.0475367322834646
 30
0
 11
-0.3554133858267716
 21
2.0479133858267717
 31
0
  0
LINE
  5
8E6
330
1A
100
AcDbEntity
  8
BLACK
  6
CONTINUOUS
100
AcDbLine
 10
-0.3554133858267716
 20
2.0479133858267717
 30
0
 11
-0.3554133858267716
 21
2.1250787401574804
 31
0
  0
LINE
  5
8E7
330
1A
100
AcDbEntity
  8
BLACK
  6
CONTINUOUS
100
AcDbLine
 10
-0.3554133858267716
 20
2.1250787401574804
 30
0
 11
-0.3553384645669291
 21
2.1254553937007872
 31
0
  0
LINE
  5
8E8
330
1A
100
AcDbEntity
  8
BLACK
  6
CONTINUOUS
100
AcDbLine
 10
-0.3553384645669291
 20
2.1254553937007872
 30
0
 11
-0.3548057874015748
 21
2.1259880708661418
 31
0
  0
LINE
  5
8E9
330
1A
100
AcDbEntity
  8
BLACK
  6
CONTINUOUS
100
AcDbLine
 10
-0.3548057874015748
 20
2.1259880708661418
 30
0
 11
-0.3544291338582677
 21
2.1260629921259842
 31
0
  0
LINE
  5
8EA
330
1A
100
AcDbEntity
  8
BLACK
  6
CONTINUOUS
100
AcDbLine
 10
-0.3544291338582677
 20
2.1260629921259842
 30
0
 11
-0.2205708661417323
 21
2.1260629921259842
 31
0
  0
LINE
  5
8EB
330
1A
100
AcDbEntity
  8
BLACK
  6
CONTINUOUS
100
AcDbLine
 10
-0.2205708661417323
 20
2.1260629921259842
 30
0
 11
-0.2201942125984252
 21
2.1259880708661418
 31
0
  0
LINE
  5
8EC
330
1A
100
AcDbEntity
  8
BLACK
  6
CONTINUOUS
100
AcDbLine
 10
-0.3534448818897638
 20
2.1240944881889763
 30
0
 11
-0.3534448818897638
 21
2.0488976377952755
 31
0
  0
LINE
  5
8ED
330
1A
100
AcDbEntity
  8
BLACK
  6
CONTINUOUS
100
AcDbLine
 10
-0.3534448818897638
 20
2.0488976377952755
 30
0
 11
-0.2215551181102362
 21
2.0488976377952755
 31
0
  0
LINE
  5
8EE
330
1A
100
AcDbEntity
  8
BLACK
  6
CONTINUOUS
100
AcDbLine
 10
-0.2215551181102362
 20
2.0488976377952755
 30
0
 11
-0.2215551181102362
 21
2.1240944881889763
 31
0
  0
LINE
  5
8EF
330
1A
100
AcDbEntity
  8
BLACK
  6
CONTINUOUS
100
AcDbLine
 10
-0.2215551181102362
 20
2.1240944881889763
 30
0
 11
-0.3534448818897638
 21
2.1240944881889763
 31
0
  0
LINE
  5
8F0
330
1A
100
AcDbEntity
  8
BLACK
  6
CONTINUOUS
100
AcDbLine
 10
-0.7561587795275591
 20
2.3298069685039371
 30
0
 11
-0.7556261023622047
 21
2.3292742913385824
 31
0
  0
LINE
  5
8F1
330
1A
100
AcDbEntity
  8
BLACK
  6
CONTINUOUS
100
AcDbLine
 10
-0.7556261023622047
 20
2.3292742913385824
 30
0
 11
-0.7555511811023622
 21
2.3288976377952757
 31
0
  0
LINE
  5
8F2
330
1A
100
AcDbEntity
  8
BLACK
  6
CONTINUOUS
100
AcDbLine
 10
-0.7555511811023622
 20
2.3288976377952757
 30
0
 11
-0.7555511811023622
 21
2.1911023622047243
 31
0
  0
LINE
  5
8F3
330
1A
100
AcDbEntity
  8
BLACK
  6
CONTINUOUS
100
AcDbLine
 10
-0.7555511811023622
 20
2.1911023622047243
 30
0
 11
-0.7556261023622047
 21
2.1907257086614171
 31
0
  0
LINE
  5
8F4
330
1A
100
AcDbEntity
  8
BLACK
  6
CONTINUOUS
100
AcDbLine
 10
-0.7556261023622047
 20
2.1907257086614171
 30
0
 11
-0.7559384251968504
 21
2.1904133858267718
 31
0
  0
LINE
  5
8F5
330
1A
100
AcDbEntity
  8
BLACK
  6
CONTINUOUS
100
AcDbLine
 10
-0.7559384251968504
 20
2.1904133858267718
 30
0
 11
-0.7414173228346457
 21
2.1904133858267718
 31
0
  0
LINE
  5
8F6
330
1A
100
AcDbEntity
  8
BLACK
  6
CONTINUOUS
100
AcDbLine
 10
-0.7414173228346457
 20
2.1904133858267718
 30
0
 11
-0.7410406692913386
 21
2.190338464566929
 31
0
  0
LINE
  5
8F7
330
1A
100
AcDbEntity
  8
BLACK
  6
CONTINUOUS
100
AcDbLine
 10
-0.7410406692913386
 20
2.190338464566929
 30
0
 11
-0.7405079921259843
 21
2.1898057874015748
 31
0
  0
LINE
  5
8F8
330
1A
100
AcDbEntity
  8
BLACK
  6
CONTINUOUS
100
AcDbLine
 10
-0.7405079921259843
 20
2.1898057874015748
 30
0
 11
-0.7404330708661417
 21
2.1894291338582677
 31
0
  0
LINE
  5
8F9
330
1A
100
AcDbEntity
  8
BLACK
  6
CONTINUOUS
100
AcDbLine
 10
-0.7404330708661417
 20
2.1894291338582677
 30
0
 11
-0.7404330708661417
 21
2.0555708661417325
 31
0
  0
LINE
  5
8FA
330
1A
100
AcDbEntity
  8
BLACK
  6
CONTINUOUS
100
AcDbLine
 10
-0.7404330708661417
 20
2.0555708661417325
 30
0
 11
-0.7405079921259843
 21
2.0551942125984253
 31
0
  0
LINE
  5
8FB
330
1A
100
AcDbEntity
  8
BLACK
  6
CONTINUOUS
100
AcDbLine
 10
-0.7405079921259843
 20
2.0551942125984253
 30
0
 11
-0.7410406692913386
 21
2.0546615354330706
 31
0
  0
LINE
  5
8FC
330
1A
100
AcDbEntity
  8
BLACK
  6
CONTINUOUS
100
AcDbLine
 10
-0.7410406692913386
 20
2.0546615354330706
 30
0
 11
-0.7414173228346457
 21
2.0545866141732283
 31
0
  0
LINE
  5
8FD
330
1A
100
AcDbEntity
  8
BLACK
  6
CONTINUOUS
100
AcDbLine
 10
-0.7414173228346457
 20
2.0545866141732283
 30
0
 11
-0.8185826771653543
 21
2.0545866141732283
 31
0
  0
LINE
  5
8FE
330
1A
100
AcDbEntity
  8
BLACK
  6
CONTINUOUS
100
AcDbLine
 10
-0.8185826771653543
 20
2.0545866141732283
 30
0
 11
-0.8189593307086614
 21
2.0546615354330706
 31
0
  0
LINE
  5
8FF
330
1A
100
AcDbEntity
  8
BLACK
  6
CONTINUOUS
100
AcDbLine
 10
-0.8189593307086614
 20
2.0546615354330706
 30
0
 11
-0.8194920078740158
 21
2.0551942125984253
 31
0
  0
LINE
  5
900
330
1A
100
AcDbEntity
  8
BLACK
  6
CONTINUOUS
100
AcDbLine
 10
-0.8194920078740158
 20
2.0551942125984253
 30
0
 11
-0.8195669291338582
 21
2.0555708661417325
 31
0
  0
LINE
  5
901
330
1A
100
AcDbEntity
  8
BLACK
  6
CONTINUOUS
100
AcDbLine
 10
-0.8195669291338582
 20
2.0555708661417325
 30
0
 11
-0.8195669291338582
 21
2.1894291338582677
 31
0
  0
LINE
  5
902
330
1A
100
AcDbEntity
  8
BLACK
  6
CONTINUOUS
100
AcDbLine
 10
-0.8195669291338582
 20
2.1894291338582677
 30
0
 11
-0.8194920078740158
 21
2.1898057874015748
 31
0
  0
LINE
  5
903
330
1A
100
AcDbEntity
  8
BLACK
  6
CONTINUOUS
100
AcDbLine
 10
-0.8194920078740158
 20
2.1898057874015748
 30
0
 11
-0.8191796850393701
 21
2.1901181102362206
 31
0
  0
LINE
  5
904
330
1A
100
AcDbEntity
  8
BLACK
  6
CONTINUOUS
100
AcDbLine
 10
-0.8191796850393701
 20
2.1901181102362206
 30
0
 11
-0.8234645669291338
 21
2.1901181102362206
 31
0
  0
LINE
  5
905
330
1A
100
AcDbEntity
  8
BLACK
  6
CONTINUOUS
100
AcDbLine
 10
-0.8234645669291338
 20
2.1901181102362206
 30
0
 11
-0.8238412204724409
 21
2.1901930314960629
 31
0
  0
LINE
  5
906
330
1A
100
AcDbEntity
  8
BLACK
  6
CONTINUOUS
100
AcDbLine
 10
-0.8238412204724409
 20
2.1901930314960629
 30
0
 11
-0.8243738976377952
 21
2.1907257086614171
 31
0
  0
LINE
  5
907
330
1A
100
AcDbEntity
  8
BLACK
  6
CONTINUOUS
100
AcDbLine
 10
-0.8243738976377952
 20
2.1907257086614171
 30
0
 11
-0.8244488188976378
 21
2.1911023622047243
 31
0
  0
LINE
  5
908
330
1A
100
AcDbEntity
  8
BLACK
  6
CONTINUOUS
100
AcDbLine
 10
-0.8244488188976378
 20
2.1911023622047243
 30
0
 11
-0.8244488188976378
 21
2.3288976377952757
 31
0
  0
LINE
  5
909
330
1A
100
AcDbEntity
  8
BLACK
  6
CONTINUOUS
100
AcDbLine
 10
-0.8244488188976378
 20
2.3288976377952757
 30
0
 11
-0.8243738976377952
 21
2.3292742913385824
 31
0
  0
LINE
  5
90A
330
1A
100
AcDbEntity
  8
BLACK
  6
CONTINUOUS
100
AcDbLine
 10
-0.8243738976377952
 20
2.3292742913385824
 30
0
 11
-0.8238412204724409
 21
2.3298069685039371
 31
0
  0
LINE
  5
90B
330
1A
100
AcDbEntity
  8
BLACK
  6
CONTINUOUS
100
AcDbLine
 10
-0.8238412204724409
 20
2.3298069685039371
 30
0
 11
-0.8234645669291338
 21
2.3298818897637794
 31
0
  0
LINE
  5
90C
330
1A
100
AcDbEntity
  8
BLACK
  6
CONTINUOUS
100
AcDbLine
 10
-0.8234645669291338
 20
2.3298818897637794
 30
0
 11
-0.7565354330708661
 21
2.3298818897637794
 31
0
  0
LINE
  5
90D
330
1A
100
AcDbEntity
  8
BLACK
  6
CONTINUOUS
100
AcDbLine
 10
-0.7565354330708661
 20
2.3298818897637794
 30
0
 11
-0.7561587795275591
 21
2.3298069685039371
 31
0
  0
LINE
  5
90E
330
1A
100
AcDbEntity
  8
BLACK
  6
CONTINUOUS
100
AcDbLine
 10
-0.8175984251968503
 20
2.1884448818897639
 30
0
 11
-0.8175984251968503
 21
2.0565551181102362
 31
0
  0
LINE
  5
90F
330
1A
100
AcDbEntity
  8
BLACK
  6
CONTINUOUS
100
AcDbLine
 10
-0.8175984251968503
 20
2.0565551181102362
 30
0
 11
-0.7424015748031496
 21
2.0565551181102362
 31
0
  0
LINE
  5
910
330
1A
100
AcDbEntity
  8
BLACK
  6
CONTINUOUS
100
AcDbLine
 10
-0.7424015748031496
 20
2.0565551181102362
 30
0
 11
-0.7424015748031496
 21
2.1884448818897639
 31
0
  0
LINE
  5
911
330
1A
100
AcDbEntity
  8
BLACK
  6
CONTINUOUS
100
AcDbLine
 10
-0.7424015748031496
 20
2.1884448818897639
 30
0
 11
-0.8175984251968503
 21
2.1884448818897639
 31
0
  0
LINE
  5
912
330
1A
100
AcDbEntity
  8
BLACK
  6
CONTINUOUS
100
AcDbLine
 10
-0.8224803149606299
 20
2.3279133858267715
 30
0
 11
-0.8224803149606299
 21
2.1920866141732285
 31
0
  0
LINE
  5
913
330
1A
100
AcDbEntity
  8
BLACK
  6
CONTINUOUS
100
AcDbLine
 10
-0.8224803149606299
 20
2.1920866141732285
 30
0
 11
-0.7575196850393701
 21
2.1920866141732285
 31
0
  0
LINE
  5
914
330
1A
100
AcDbEntity
  8
BLACK
  6
CONTINUOUS
100
AcDbLine
 10
-0.7575196850393701
 20
2.1920866141732285
 30
0
 11
-0.7575196850393701
 21
2.3279133858267715
 31
0
  0
LINE
  5
915
330
1A
100
AcDbEntity
  8
BLACK
  6
CONTINUOUS
100
AcDbLine
 10
-0.7575196850393701
 20
2.3279133858267715
 30
0
 11
-0.8224803149606299
 21
2.3279133858267715
 31
0
  0
LINE
  5
916
330
1A
100
AcDbEntity
  8
BLACK
  6
CONTINUOUS
100
AcDbLine
 10
-1.500646968503937
 20
2.1374053937007873
 30
0
 11
-1.5001142913385825
 21
2.1368727165354331
 31
0
  0
LINE
  5
917
330
1A
100
AcDbEntity
  8
BLACK
  6
CONTINUOUS
100
AcDbLine
 10
-1.5001142913385825
 20
2.1368727165354331
 30
0
 11
-1.5000393700787402
 21
2.1364960629921259
 31
0
  0
LINE
  5
918
330
1A
100
AcDbEntity
  8
BLACK
  6
CONTINUOUS
100
AcDbLine
 10
-1.5000393700787402
 20
2.1364960629921259
 30
0
 11
-1.5000393700787402
 21
2.0593307086614172
 31
0
  0
LINE
  5
919
330
1A
100
AcDbEntity
  8
BLACK
  6
CONTINUOUS
100
AcDbLine
 10
-1.5000393700787402
 20
2.0593307086614172
 30
0
 11
-1.5001142913385825
 21
2.05895405511811
 31
0
  0
LINE
  5
91A
330
1A
100
AcDbEntity
  8
BLACK
  6
CONTINUOUS
100
AcDbLine
 10
-1.5001142913385825
 20
2.05895405511811
 30
0
 11
-1.500646968503937
 21
2.0584213779527558
 31
0
  0
LINE
  5
91B
330
1A
100
AcDbEntity
  8
BLACK
  6
CONTINUOUS
100
AcDbLine
 10
-1.500646968503937
 20
2.0584213779527558
 30
0
 11
-1.5010236220472442
 21
2.0583464566929135
 31
0
  0
LINE
  5
91C
330
1A
100
AcDbEntity
  8
BLACK
  6
CONTINUOUS
100
AcDbLine
 10
-1.5010236220472442
 20
2.0583464566929135
 30
0
 11
-1.6348818897637796
 21
2.0583464566929135
 31
0
  0
LINE
  5
91D
330
1A
100
AcDbEntity
  8
BLACK
  6
CONTINUOUS
100
AcDbLine
 10
-1.6348818897637796
 20
2.0583464566929135
 30
0
 11
-1.6352585433070865
 21
2.0584213779527558
 31
0
  0
LINE
  5
91E
330
1A
100
AcDbEntity
  8
BLACK
  6
CONTINUOUS
100
AcDbLine
 10
-1.6352585433070865
 20
2.0584213779527558
 30
0
 11
-1.635791220472441
 21
2.05895405511811
 31
0
  0
LINE
  5
91F
330
1A
100
AcDbEntity
  8
BLACK
  6
CONTINUOUS
100
AcDbLine
 10
-1.635791220472441
 20
2.05895405511811
 30
0
 11
-1.6358661417322835
 21
2.0593307086614172
 31
0
  0
LINE
  5
920
330
1A
100
AcDbEntity
  8
BLACK
  6
CONTINUOUS
100
AcDbLine
 10
-1.6358661417322835
 20
2.0593307086614172
 30
0
 11
-1.6358661417322835
 21
2.1364960629921259
 31
0
  0
LINE
  5
921
330
1A
100
AcDbEntity
  8
BLACK
  6
CONTINUOUS
100
AcDbLine
 10
-1.6358661417322835
 20
2.1364960629921259
 30
0
 11
-1.635791220472441
 21
2.1368727165354331
 31
0
  0
LINE
  5
922
330
1A
100
AcDbEntity
  8
BLACK
  6
CONTINUOUS
100
AcDbLine
 10
-1.635791220472441
 20
2.1368727165354331
 30
0
 11
-1.6352585433070865
 21
2.1374053937007873
 31
0
  0
LINE
  5
923
330
1A
100
AcDbEntity
  8
BLACK
  6
CONTINUOUS
100
AcDbLine
 10
-1.6352585433070865
 20
2.1374053937007873
 30
0
 11
-1.6348818897637796
 21
2.1374803149606301
 31
0
  0
LINE
  5
924
330
1A
100
AcDbEntity
  8
BLACK
  6
CONTINUOUS
100
AcDbLine
 10
-1.6348818897637796
 20
2.1374803149606301
 30
0
 11
-1.5010236220472442
 21
2.1374803149606301
 31
0
  0
LINE
  5
925
330
1A
100
AcDbEntity
  8
BLACK
  6
CONTINUOUS
100
AcDbLine
 10
-1.5010236220472442
 20
2.1374803149606301
 30
0
 11
-1.500646968503937
 21
2.1374053937007873
 31
0
  0
LINE
  5
926
330
1A
100
AcDbEntity
  8
BLACK
  6
CONTINUOUS
100
AcDbLine
 10
-1.6338976377952756
 20
2.1355118110236222
 30
0
 11
-1.6338976377952756
 21
2.0603149606299214
 31
0
  0
LINE
  5
927
330
1A
100
AcDbEntity
  8
BLACK
  6
CONTINUOUS
100
AcDbLine
 10
-1.6338976377952756
 20
2.0603149606299214
 30
0
 11
-1.5020078740157481
 21
2.0603149606299214
 31
0
  0
LINE
  5
928
330
1A
100
AcDbEntity
  8
BLACK
  6
CONTINUOUS
100
AcDbLine
 10
-1.5020078740157481
 20
2.0603149606299214
 30
0
 11
-1.5020078740157481
 21
2.1355118110236222
 31
0
  0
LINE
  5
929
330
1A
100
AcDbEntity
  8
BLACK
  6
CONTINUOUS
100
AcDbLine
 10
-1.5020078740157481
 20
2.1355118110236222
 30
0
 11
-1.6338976377952756
 21
2.1355118110236222
 31
0
  0
LINE
  5
92A
330
1A
100
AcDbEntity
  8
BLACK
  6
CONTINUOUS
100
AcDbLine
 10
1.1773057874015749
 20
2.1444920078740157
 30
0
 11
1.1778384645669291
 21
2.1439593307086615
 31
0
  0
LINE
  5
92B
330
1A
100
AcDbEntity
  8
BLACK
  6
CONTINUOUS
100
AcDbLine
 10
1.1778384645669291
 20
2.1439593307086615
 30
0
 11
1.1779133858267716
 21
2.1435826771653543
 31
0
  0
LINE
  5
92C
330
1A
100
AcDbEntity
  8
BLACK
  6
CONTINUOUS
100
AcDbLine
 10
1.1779133858267716
 20
2.1435826771653543
 30
0
 11
1.1779133858267716
 21
2.0664173228346456
 31
0
  0
LINE
  5
92D
330
1A
100
AcDbEntity
  8
BLACK
  6
CONTINUOUS
100
AcDbLine
 10
1.1779133858267716
 20
2.0664173228346456
 30
0
 11
1.1778384645669291
 21
2.0660406692913384
 31
0
  0
LINE
  5
92E
330
1A
100
AcDbEntity
  8
BLACK
  6
CONTINUOUS
100
AcDbLine
 10
1.1778384645669291
 20
2.0660406692913384
 30
0
 11
1.1773057874015749
 21
2.0655079921259842
 31
0
  0
LINE
  5
92F
330
1A
100
AcDbEntity
  8
BLACK
  6
CONTINUOUS
100
AcDbLine
 10
1.1773057874015749
 20
2.0655079921259842
 30
0
 11
1.1769291338582677
 21
2.0654330708661415
 31
0
  0
LINE
  5
930
330
1A
100
AcDbEntity
  8
BLACK
  6
CONTINUOUS
100
AcDbLine
 10
1.1769291338582677
 20
2.0654330708661415
 30
0
 11
1.0430708661417323
 21
2.0654330708661415
 31
0
  0
LINE
  5
931
330
1A
100
AcDbEntity
  8
BLACK
  6
CONTINUOUS
100
AcDbLine
 10
1.0430708661417323
 20
2.0654330708661415
 30
0
 11
1.0426942125984251
 21
2.0655079921259842
 31
0
  0
LINE
  5
932
330
1A
100
AcDbEntity
  8
BLACK
  6
CONTINUOUS
100
AcDbLine
 10
1.0426942125984251
 20
2.0655079921259842
 30
0
 11
1.0421615354330709
 21
2.0660406692913384
 31
0
  0
LINE
  5
933
330
1A
100
AcDbEntity
  8
BLACK
  6
CONTINUOUS
100
AcDbLine
 10
1.0421615354330709
 20
2.0660406692913384
 30
0
 11
1.0420866141732283
 21
2.0664173228346456
 31
0
  0
LINE
  5
934
330
1A
100
AcDbEntity
  8
BLACK
  6
CONTINUOUS
100
AcDbLine
 10
1.0420866141732283
 20
2.0664173228346456
 30
0
 11
1.0420866141732283
 21
2.1435826771653543
 31
0
  0
LINE
  5
935
330
1A
100
AcDbEntity
  8
BLACK
  6
CONTINUOUS
100
AcDbLine
 10
1.0420866141732283
 20
2.1435826771653543
 30
0
 11
1.0421615354330709
 21
2.1439593307086615
 31
0
  0
LINE
  5
936
330
1A
100
AcDbEntity
  8
BLACK
  6
CONTINUOUS
100
AcDbLine
 10
1.0421615354330709
 20
2.1439593307086615
 30
0
 11
1.0426942125984251
 21
2.1444920078740157
 31
0
  0
LINE
  5
937
330
1A
100
AcDbEntity
  8
BLACK
  6
CONTINUOUS
100
AcDbLine
 10
1.0426942125984251
 20
2.1444920078740157
 30
0
 11
1.0430708661417323
 21
2.144566929133858
 31
0
  0
LINE
  5
938
330
1A
100
AcDbEntity
  8
BLACK
  6
CONTINUOUS
100
AcDbLine
 10
1.0430708661417323
 20
2.144566929133858
 30
0
 11
1.1769291338582677
 21
2.144566929133858
 31
0
  0
LINE
  5
939
330
1A
100
AcDbEntity
  8
BLACK
  6
CONTINUOUS
100
AcDbLine
 10
1.1769291338582677
 20
2.144566929133858
 30
0
 11
1.1773057874015749
 21
2.1444920078740157
 31
0
  0
LINE
  5
93A
330
1A
100
AcDbEntity
  8
BLACK
  6
CONTINUOUS
100
AcDbLine
 10
1.0440551181102362
 20
2.1425984251968502
 30
0
 11
1.0440551181102362
 21
2.0674015748031493
 31
0
  0
LINE
  5
93B
330
1A
100
AcDbEntity
  8
BLACK
  6
CONTINUOUS
100
AcDbLine
 10
1.0440551181102362
 20
2.0674015748031493
 30
0
 11
1.1759448818897638
 21
2.0674015748031493
 31
0
  0
LINE
  5
93C
330
1A
100
AcDbEntity
  8
BLACK
  6
CONTINUOUS
100
AcDbLine
 10
1.1759448818897638
 20
2.0674015748031493
 30
0
 11
1.1759448818897638
 21
2.1425984251968502
 31
0
  0
LINE
  5
93D
330
1A
100
AcDbEntity
  8
BLACK
  6
CONTINUOUS
100
AcDbLine
 10
1.1759448818897638
 20
2.1425984251968502
 30
0
 11
1.0440551181102362
 21
2.1425984251968502
 31
0
  0
LINE
  5
93E
330
1A
100
AcDbEntity
  8
BLACK
  6
CONTINUOUS
100
AcDbLine
 10
-1.1667887007874016
 20
2.1381140551181104
 30
0
 11
-1.1662560236220472
 21
2.1375813779527557
 31
0
  0
LINE
  5
93F
330
1A
100
AcDbEntity
  8
BLACK
  6
CONTINUOUS
100
AcDbLine
 10
-1.1662560236220472
 20
2.1375813779527557
 30
0
 11
-1.1661811023622046
 21
2.137204724409449
 31
0
  0
LINE
  5
940
330
1A
100
AcDbEntity
  8
BLACK
  6
CONTINUOUS
100
AcDbLine
 10
-1.1661811023622046
 20
2.137204724409449
 30
0
 11
-1.1661811023622046
 21
2.079724409448819
 31
0
  0
LINE
  5
941
330
1A
100
AcDbEntity
  8
BLACK
  6
CONTINUOUS
100
AcDbLine
 10
-1.1661811023622046
 20
2.079724409448819
 30
0
 11
-1.1662560236220472
 21
2.0793477559055118
 31
0
  0
LINE
  5
942
330
1A
100
AcDbEntity
  8
BLACK
  6
CONTINUOUS
100
AcDbLine
 10
-1.1662560236220472
 20
2.0793477559055118
 30
0
 11
-1.1667887007874016
 21
2.0788150787401576
 31
0
  0
LINE
  5
943
330
1A
100
AcDbEntity
  8
BLACK
  6
CONTINUOUS
100
AcDbLine
 10
-1.1667887007874016
 20
2.0788150787401576
 30
0
 11
-1.1671653543307086
 21
2.0787401574803148
 31
0
  0
LINE
  5
944
330
1A
100
AcDbEntity
  8
BLACK
  6
CONTINUOUS
100
AcDbLine
 10
-1.1671653543307086
 20
2.0787401574803148
 30
0
 11
-1.2837007874015747
 21
2.0787401574803148
 31
0
  0
LINE
  5
945
330
1A
100
AcDbEntity
  8
BLACK
  6
CONTINUOUS
100
AcDbLine
 10
-1.2837007874015747
 20
2.0787401574803148
 30
0
 11
-1.2840774409448819
 21
2.0788150787401576
 31
0
  0
LINE
  5
946
330
1A
100
AcDbEntity
  8
BLACK
  6
CONTINUOUS
100
AcDbLine
 10
-1.2840774409448819
 20
2.0788150787401576
 30
0
 11
-1.2846101181102363
 21
2.0793477559055118
 31
0
  0
LINE
  5
947
330
1A
100
AcDbEntity
  8
BLACK
  6
CONTINUOUS
100
AcDbLine
 10
-1.2846101181102363
 20
2.0793477559055118
 30
0
 11
-1.2846850393700786
 21
2.079724409448819
 31
0
  0
LINE
  5
948
330
1A
100
AcDbEntity
  8
BLACK
  6
CONTINUOUS
100
AcDbLine
 10
-1.2846850393700786
 20
2.079724409448819
 30
0
 11
-1.2846850393700786
 21
2.137204724409449
 31
0
  0
LINE
  5
949
330
1A
100
AcDbEntity
  8
BLACK
  6
CONTINUOUS
100
AcDbLine
 10
-1.2846850393700786
 20
2.137204724409449
 30
0
 11
-1.2846101181102363
 21
2.1375813779527557
 31
0
  0
LINE
  5
94A
330
1A
100
AcDbEntity
  8
BLACK
  6
CONTINUOUS
100
AcDbLine
 10
-1.2846101181102363
 20
2.1375813779527557
 30
0
 11
-1.2840774409448819
 21
2.1381140551181104
 31
0
  0
LINE
  5
94B
330
1A
100
AcDbEntity
  8
BLACK
  6
CONTINUOUS
100
AcDbLine
 10
-1.2840774409448819
 20
2.1381140551181104
 30
0
 11
-1.2837007874015747
 21
2.1381889763779527
 31
0
  0
LINE
  5
94C
330
1A
100
AcDbEntity
  8
BLACK
  6
CONTINUOUS
100
AcDbLine
 10
-1.2837007874015747
 20
2.1381889763779527
 30
0
 11
-1.1671653543307086
 21
2.1381889763779527
 31
0
  0
LINE
  5
94D
330
1A
100
AcDbEntity
  8
BLACK
  6
CONTINUOUS
100
AcDbLine
 10
-1.1671653543307086
 20
2.1381889763779527
 30
0
 11
-1.1667887007874016
 21
2.1381140551181104
 31
0
  0
LINE
  5
94E
330
1A
100
AcDbEntity
  8
BLACK
  6
CONTINUOUS
100
AcDbLine
 10
-1.2827165354330707
 20
2.1362204724409448
 30
0
 11
-1.2827165354330707
 21
2.0807086614173227
 31
0
  0
LINE
  5
94F
330
1A
100
AcDbEntity
  8
BLACK
  6
CONTINUOUS
100
AcDbLine
 10
-1.2827165354330707
 20
2.0807086614173227
 30
0
 11
-1.1681496062992125
 21
2.0807086614173227
 31
0
  0
LINE
  5
950
330
1A
100
AcDbEntity
  8
BLACK
  6
CONTINUOUS
100
AcDbLine
 10
-1.1681496062992125
 20
2.0807086614173227
 30
0
 11
-1.1681496062992125
 21
2.1362204724409448
 31
0
  0
LINE
  5
951
330
1A
100
AcDbEntity
  8
BLACK
  6
CONTINUOUS
100
AcDbLine
 10
-1.1681496062992125
 20
2.1362204724409448
 30
0
 11
-1.2827165354330707
 21
2.1362204724409448
 31
0
  0
LINE
  5
952
330
1A
100
AcDbEntity
  8
BLACK
  6
CONTINUOUS
100
AcDbLine
 10
-1.2868831889763779
 20
2.2001770472440945
 30
0
 11
-1.2863505118110237
 21
2.1996443700787403
 31
0
  0
LINE
  5
953
330
1A
100
AcDbEntity
  8
BLACK
  6
CONTINUOUS
100
AcDbLine
 10
-1.2863505118110237
 20
2.1996443700787403
 30
0
 11
-1.2862755905511811
 21
2.1992677165354331
 31
0
  0
LINE
  5
954
330
1A
100
AcDbEntity
  8
BLACK
  6
CONTINUOUS
100
AcDbLine
 10
-1.2862755905511811
 20
2.1992677165354331
 30
0
 11
-1.2862755905511811
 21
2.082732283464567
 31
0
  0
LINE
  5
955
330
1A
100
AcDbEntity
  8
BLACK
  6
CONTINUOUS
100
AcDbLine
 10
-1.2862755905511811
 20
2.082732283464567
 30
0
 11
-1.2863505118110237
 21
2.0823556299212598
 31
0
  0
LINE
  5
956
330
1A
100
AcDbEntity
  8
BLACK
  6
CONTINUOUS
100
AcDbLine
 10
-1.2863505118110237
 20
2.0823556299212598
 30
0
 11
-1.2868831889763779
 21
2.0818229527559056
 31
0
  0
LINE
  5
957
330
1A
100
AcDbEntity
  8
BLACK
  6
CONTINUOUS
100
AcDbLine
 10
-1.2868831889763779
 20
2.0818229527559056
 30
0
 11
-1.2872598425196851
 21
2.0817480314960628
 31
0
  0
LINE
  5
958
330
1A
100
AcDbEntity
  8
BLACK
  6
CONTINUOUS
100
AcDbLine
 10
-1.2872598425196851
 20
2.0817480314960628
 30
0
 11
-1.3447401574803148
 21
2.0817480314960628
 31
0
  0
LINE
  5
959
330
1A
100
AcDbEntity
  8
BLACK
  6
CONTINUOUS
100
AcDbLine
 10
-1.3447401574803148
 20
2.0817480314960628
 30
0
 11
-1.345116811023622
 21
2.0818229527559056
 31
0
  0
LINE
  5
95A
330
1A
100
AcDbEntity
  8
BLACK
  6
CONTINUOUS
100
AcDbLine
 10
-1.345116811023622
 20
2.0818229527559056
 30
0
 11
-1.3456494881889765
 21
2.0823556299212598
 31
0
  0
LINE
  5
95B
330
1A
100
AcDbEntity
  8
BLACK
  6
CONTINUOUS
100
AcDbLine
 10
-1.3456494881889765
 20
2.0823556299212598
 30
0
 11
-1.3457244094488188
 21
2.082732283464567
 31
0
  0
LINE
  5
95C
330
1A
100
AcDbEntity
  8
BLACK
  6
CONTINUOUS
100
AcDbLine
 10
-1.3457244094488188
 20
2.082732283464567
 30
0
 11
-1.3457244094488188
 21
2.1992677165354331
 31
0
  0
LINE
  5
95D
330
1A
100
AcDbEntity
  8
BLACK
  6
CONTINUOUS
100
AcDbLine
 10
-1.3457244094488188
 20
2.1992677165354331
 30
0
 11
-1.3456494881889765
 21
2.1996443700787403
 31
0
  0
LINE
  5
95E
330
1A
100
AcDbEntity
  8
BLACK
  6
CONTINUOUS
100
AcDbLine
 10
-1.3456494881889765
 20
2.1996443700787403
 30
0
 11
-1.345116811023622
 21
2.2001770472440945
 31
0
  0
LINE
  5
95F
330
1A
100
AcDbEntity
  8
BLACK
  6
CONTINUOUS
100
AcDbLine
 10
-1.345116811023622
 20
2.2001770472440945
 30
0
 11
-1.3447401574803148
 21
2.2002519685039368
 31
0
  0
LINE
  5
960
330
1A
100
AcDbEntity
  8
BLACK
  6
CONTINUOUS
100
AcDbLine
 10
-1.3447401574803148
 20
2.2002519685039368
 30
0
 11
-1.2872598425196851
 21
2.2002519685039368
 31
0
  0
LINE
  5
961
330
1A
100
AcDbEntity
  8
BLACK
  6
CONTINUOUS
100
AcDbLine
 10
-1.2872598425196851
 20
2.2002519685039368
 30
0
 11
-1.2868831889763779
 21
2.2001770472440945
 31
0
  0
LINE
  5
962
330
1A
100
AcDbEntity
  8
BLACK
  6
CONTINUOUS
100
AcDbLine
 10
-1.3437559055118109
 20
2.1982834645669289
 30
0
 11
-1.3437559055118109
 21
2.0837165354330707
 31
0
  0
LINE
  5
963
330
1A
100
AcDbEntity
  8
BLACK
  6
CONTINUOUS
100
AcDbLine
 10
-1.3437559055118109
 20
2.0837165354330707
 30
0
 11
-1.288244094488189
 21
2.0837165354330707
 31
0
  0
LINE
  5
964
330
1A
100
AcDbEntity
  8
BLACK
  6
CONTINUOUS
100
AcDbLine
 10
-1.288244094488189
 20
2.0837165354330707
 30
0
 11
-1.288244094488189
 21
2.1982834645669289
 31
0
  0
LINE
  5
965
330
1A
100
AcDbEntity
  8
BLACK
  6
CONTINUOUS
100
AcDbLine
 10
-1.288244094488189
 20
2.1982834645669289
 30
0
 11
-1.3437559055118109
 21
2.1982834645669289
 31
0
  0
LINE
  5
966
330
1A
100
AcDbEntity
  8
BLACK
  6
CONTINUOUS
100
AcDbLine
 10
-1.0978910629921259
 20
2.2030746850393701
 30
0
 11
-1.0973583858267717
 21
2.2025420078740159
 31
0
  0
LINE
  5
967
330
1A
100
AcDbEntity
  8
BLACK
  6
CONTINUOUS
100
AcDbLine
 10
-1.0973583858267717
 20
2.2025420078740159
 30
0
 11
-1.0972834645669292
 21
2.2021653543307087
 31
0
  0
LINE
  5
968
330
1A
100
AcDbEntity
  8
BLACK
  6
CONTINUOUS
100
AcDbLine
 10
-1.0972834645669292
 20
2.2021653543307087
 30
0
 11
-1.0972834645669292
 21
2.0856299212598426
 31
0
  0
LINE
  5
969
330
1A
100
AcDbEntity
  8
BLACK
  6
CONTINUOUS
100
AcDbLine
 10
-1.0972834645669292
 20
2.0856299212598426
 30
0
 11
-1.0973583858267717
 21
2.0852532677165354
 31
0
  0
LINE
  5
96A
330
1A
100
AcDbEntity
  8
BLACK
  6
CONTINUOUS
100
AcDbLine
 10
-1.0973583858267717
 20
2.0852532677165354
 30
0
 11
-1.0978910629921259
 21
2.0847205905511812
 31
0
  0
LINE
  5
96B
330
1A
100
AcDbEntity
  8
BLACK
  6
CONTINUOUS
100
AcDbLine
 10
-1.0978910629921259
 20
2.0847205905511812
 30
0
 11
-1.0982677165354331
 21
2.0846456692913384
 31
0
  0
LINE
  5
96C
330
1A
100
AcDbEntity
  8
BLACK
  6
CONTINUOUS
100
AcDbLine
 10
-1.0982677165354331
 20
2.0846456692913384
 30
0
 11
-1.1557480314960629
 21
2.0846456692913384
 31
0
  0
LINE
  5
96D
330
1A
100
AcDbEntity
  8
BLACK
  6
CONTINUOUS
100
AcDbLine
 10
-1.1557480314960629
 20
2.0846456692913384
 30
0
 11
-1.15612468503937
 21
2.0847205905511812
 31
0
  0
LINE
  5
96E
330
1A
100
AcDbEntity
  8
BLACK
  6
CONTINUOUS
100
AcDbLine
 10
-1.15612468503937
 20
2.0847205905511812
 30
0
 11
-1.1566573622047245
 21
2.0852532677165354
 31
0
  0
LINE
  5
96F
330
1A
100
AcDbEntity
  8
BLACK
  6
CONTINUOUS
100
AcDbLine
 10
-1.1566573622047245
 20
2.0852532677165354
 30
0
 11
-1.1567322834645668
 21
2.0856299212598426
 31
0
  0
LINE
  5
970
330
1A
100
AcDbEntity
  8
BLACK
  6
CONTINUOUS
100
AcDbLine
 10
-1.1567322834645668
 20
2.0856299212598426
 30
0
 11
-1.1567322834645668
 21
2.2021653543307087
 31
0
  0
LINE
  5
971
330
1A
100
AcDbEntity
  8
BLACK
  6
CONTINUOUS
100
AcDbLine
 10
-1.1567322834645668
 20
2.2021653543307087
 30
0
 11
-1.1566573622047245
 21
2.2025420078740159
 31
0
  0
LINE
  5
972
330
1A
100
AcDbEntity
  8
BLACK
  6
CONTINUOUS
100
AcDbLine
 10
-1.1566573622047245
 20
2.2025420078740159
 30
0
 11
-1.15612468503937
 21
2.2030746850393701
 31
0
  0
LINE
  5
973
330
1A
100
AcDbEntity
  8
BLACK
  6
CONTINUOUS
100
AcDbLine
 10
-1.15612468503937
 20
2.2030746850393701
 30
0
 11
-1.1557480314960629
 21
2.2031496062992124
 31
0
  0
LINE
  5
974
330
1A
100
AcDbEntity
  8
BLACK
  6
CONTINUOUS
100
AcDbLine
 10
-1.1557480314960629
 20
2.2031496062992124
 30
0
 11
-1.0982677165354331
 21
2.2031496062992124
 31
0
  0
LINE
  5
975
330
1A
100
AcDbEntity
  8
BLACK
  6
CONTINUOUS
100
AcDbLine
 10
-1.0982677165354331
 20
2.2031496062992124
 30
0
 11
-1.0978910629921259
 21
2.2030746850393701
 31
0
  0
LINE
  5
976
330
1A
100
AcDbEntity
  8
BLACK
  6
CONTINUOUS
100
AcDbLine
 10
-1.1547637795275589
 20
2.2011811023622045
 30
0
 11
-1.1547637795275589
 21
2.0866141732283463
 31
0
  0
LINE
  5
977
330
1A
100
AcDbEntity
  8
BLACK
  6
CONTINUOUS
100
AcDbLine
 10
-1.1547637795275589
 20
2.0866141732283463
 30
0
 11
-1.099251968503937
 21
2.0866141732283463
 31
0
  0
LINE
  5
978
330
1A
100
AcDbEntity
  8
BLACK
  6
CONTINUOUS
100
AcDbLine
 10
-1.099251968503937
 20
2.0866141732283463
 30
0
 11
-1.099251968503937
 21
2.2011811023622045
 31
0
  0
LINE
  5
979
330
1A
100
AcDbEntity
  8
BLACK
  6
CONTINUOUS
100
AcDbLine
 10
-1.099251968503937
 20
2.2011811023622045
 30
0
 11
-1.1547637795275589
 21
2.2011811023622045
 31
0
  0
LINE
  5
97A
330
1A
100
AcDbEntity
  8
BLACK
  6
CONTINUOUS
100
AcDbLine
 10
-0.8962375196850394
 20
2.3045510629921258
 30
0
 11
-0.8957048425196851
 21
2.3040183858267715
 31
0
  0
LINE
  5
97B
330
1A
100
AcDbEntity
  8
BLACK
  6
CONTINUOUS
100
AcDbLine
 10
-0.8957048425196851
 20
2.3040183858267715
 30
0
 11
-0.8956299212598425
 21
2.3036417322834644
 31
0
  0
LINE
  5
97C
330
1A
100
AcDbEntity
  8
BLACK
  6
CONTINUOUS
100
AcDbLine
 10
-0.8956299212598425
 20
2.3036417322834644
 30
0
 11
-0.8956299212598425
 21
2.2908464566929134
 31
0
  0
LINE
  5
97D
330
1A
100
AcDbEntity
  8
BLACK
  6
CONTINUOUS
100
AcDbLine
 10
-0.8956299212598425
 20
2.2908464566929134
 30
0
 11
-0.8722047244094489
 21
2.2908464566929134
 31
0
  0
LINE
  5
97E
330
1A
100
AcDbEntity
  8
BLACK
  6
CONTINUOUS
100
AcDbLine
 10
-0.8722047244094489
 20
2.2908464566929134
 30
0
 11
-0.8718280708661417
 21
2.2907715354330707
 31
0
  0
LINE
  5
97F
330
1A
100
AcDbEntity
  8
BLACK
  6
CONTINUOUS
100
AcDbLine
 10
-0.8718280708661417
 20
2.2907715354330707
 30
0
 11
-0.8712953937007873
 21
2.2902388582677164
 31
0
  0
LINE
  5
980
330
1A
100
AcDbEntity
  8
BLACK
  6
CONTINUOUS
100
AcDbLine
 10
-0.8712953937007873
 20
2.2902388582677164
 30
0
 11
-0.8712204724409449
 21
2.2898622047244093
 31
0
  0
LINE
  5
981
330
1A
100
AcDbEntity
  8
BLACK
  6
CONTINUOUS
100
AcDbLine
 10
-0.8712204724409449
 20
2.2898622047244093
 30
0
 11
-0.8712204724409449
 21
2.2664370078740155
 31
0
  0
LINE
  5
982
330
1A
100
AcDbEntity
  8
BLACK
  6
CONTINUOUS
100
AcDbLine
 10
-0.8712204724409449
 20
2.2664370078740155
 30
0
 11
-0.8584251968503936
 21
2.2664370078740155
 31
0
  0
LINE
  5
983
330
1A
100
AcDbEntity
  8
BLACK
  6
CONTINUOUS
100
AcDbLine
 10
-0.8584251968503936
 20
2.2664370078740155
 30
0
 11
-0.8580485433070866
 21
2.2663620866141732
 31
0
  0
LINE
  5
984
330
1A
100
AcDbEntity
  8
BLACK
  6
CONTINUOUS
100
AcDbLine
 10
-0.8580485433070866
 20
2.2663620866141732
 30
0
 11
-0.8575158661417323
 21
2.2658294094488189
 31
0
  0
LINE
  5
985
330
1A
100
AcDbEntity
  8
BLACK
  6
CONTINUOUS
100
AcDbLine
 10
-0.8575158661417323
 20
2.2658294094488189
 30
0
 11
-0.8574409448818897
 21
2.2654527559055118
 31
0
  0
LINE
  5
986
330
1A
100
AcDbEntity
  8
BLACK
  6
CONTINUOUS
100
AcDbLine
 10
-0.8574409448818897
 20
2.2654527559055118
 30
0
 11
-0.8574409448818897
 21
2.1371062992125984
 31
0
  0
LINE
  5
987
330
1A
100
AcDbEntity
  8
BLACK
  6
CONTINUOUS
100
AcDbLine
 10
-0.8574409448818897
 20
2.1371062992125984
 30
0
 11
-0.8575158661417323
 21
2.1367296456692912
 31
0
  0
LINE
  5
988
330
1A
100
AcDbEntity
  8
BLACK
  6
CONTINUOUS
100
AcDbLine
 10
-0.8575158661417323
 20
2.1367296456692912
 30
0
 11
-0.8580485433070866
 21
2.136196968503937
 31
0
  0
LINE
  5
989
330
1A
100
AcDbEntity
  8
BLACK
  6
CONTINUOUS
100
AcDbLine
 10
-0.8580485433070866
 20
2.136196968503937
 30
0
 11
-0.8584251968503936
 21
2.1361220472440943
 31
0
  0
LINE
  5
98A
330
1A
100
AcDbEntity
  8
BLACK
  6
CONTINUOUS
100
AcDbLine
 10
-0.8584251968503936
 20
2.1361220472440943
 30
0
 11
-0.8712204724409449
 21
2.1361220472440943
 31
0
  0
LINE
  5
98B
330
1A
100
AcDbEntity
  8
BLACK
  6
CONTINUOUS
100
AcDbLine
 10
-0.8712204724409449
 20
2.1361220472440943
 30
0
 11
-0.8712204724409449
 21
2.1126968503937009
 31
0
  0
LINE
  5
98C
330
1A
100
AcDbEntity
  8
BLACK
  6
CONTINUOUS
100
AcDbLine
 10
-0.8712204724409449
 20
2.1126968503937009
 30
0
 11
-0.8712953937007873
 21
2.1123201968503937
 31
0
  0
LINE
  5
98D
330
1A
100
AcDbEntity
  8
BLACK
  6
CONTINUOUS
100
AcDbLine
 10
-0.8712953937007873
 20
2.1123201968503937
 30
0
 11
-0.8718280708661417
 21
2.1117875196850395
 31
0
  0
LINE
  5
98E
330
1A
100
AcDbEntity
  8
BLACK
  6
CONTINUOUS
100
AcDbLine
 10
-0.8718280708661417
 20
2.1117875196850395
 30
0
 11
-0.8722047244094489
 21
2.1117125984251968
 31
0
  0
LINE
  5
98F
330
1A
100
AcDbEntity
  8
BLACK
  6
CONTINUOUS
100
AcDbLine
 10
-0.8722047244094489
 20
2.1117125984251968
 30
0
 11
-0.8956299212598425
 21
2.1117125984251968
 31
0
  0
LINE
  5
990
330
1A
100
AcDbEntity
  8
BLACK
  6
CONTINUOUS
100
AcDbLine
 10
-0.8956299212598425
 20
2.1117125984251968
 30
0
 11
-0.8956299212598425
 21
2.0989173228346458
 31
0
  0
LINE
  5
991
330
1A
100
AcDbEntity
  8
BLACK
  6
CONTINUOUS
100
AcDbLine
 10
-0.8956299212598425
 20
2.0989173228346458
 30
0
 11
-0.8957048425196851
 21
2.0985406692913386
 31
0
  0
LINE
  5
992
330
1A
100
AcDbEntity
  8
BLACK
  6
CONTINUOUS
100
AcDbLine
 10
-0.8957048425196851
 20
2.0985406692913386
 30
0
 11
-0.8962375196850394
 21
2.098007992125984
 31
0
  0
LINE
  5
993
330
1A
100
AcDbEntity
  8
BLACK
  6
CONTINUOUS
100
AcDbLine
 10
-0.8962375196850394
 20
2.098007992125984
 30
0
 11
-0.8966141732283465
 21
2.0979330708661417
 31
0
  0
LINE
  5
994
330
1A
100
AcDbEntity
  8
BLACK
  6
CONTINUOUS
100
AcDbLine
 10
-0.8966141732283465
 20
2.0979330708661417
 30
0
 11
-1.0249606299212599
 21
2.0979330708661417
 31
0
  0
LINE
  5
995
330
1A
100
AcDbEntity
  8
BLACK
  6
CONTINUOUS
100
AcDbLine
 10
-1.0249606299212599
 20
2.0979330708661417
 30
0
 11
-1.0253372834645669
 21
2.098007992125984
 31
0
  0
LINE
  5
996
330
1A
100
AcDbEntity
  8
BLACK
  6
CONTINUOUS
100
AcDbLine
 10
-1.0253372834645669
 20
2.098007992125984
 30
0
 11
-1.0258699606299213
 21
2.0985406692913386
 31
0
  0
LINE
  5
997
330
1A
100
AcDbEntity
  8
BLACK
  6
CONTINUOUS
100
AcDbLine
 10
-1.0258699606299213
 20
2.0985406692913386
 30
0
 11
-1.0259448818897638
 21
2.0989173228346458
 31
0
  0
LINE
  5
998
330
1A
100
AcDbEntity
  8
BLACK
  6
CONTINUOUS
100
AcDbLine
 10
-1.0259448818897638
 20
2.0989173228346458
 30
0
 11
-1.0259448818897638
 21
2.1117125984251968
 31
0
  0
LINE
  5
999
330
1A
100
AcDbEntity
  8
BLACK
  6
CONTINUOUS
100
AcDbLine
 10
-1.0259448818897638
 20
2.1117125984251968
 30
0
 11
-1.0493700787401574
 21
2.1117125984251968
 31
0
  0
LINE
  5
99A
330
1A
100
AcDbEntity
  8
BLACK
  6
CONTINUOUS
100
AcDbLine
 10
-1.0493700787401574
 20
2.1117125984251968
 30
0
 11
-1.0497467322834646
 21
2.1117875196850395
 31
0
  0
LINE
  5
99B
330
1A
100
AcDbEntity
  8
BLACK
  6
CONTINUOUS
100
AcDbLine
 10
-1.0497467322834646
 20
2.1117875196850395
 30
0
 11
-1.0502794094488188
 21
2.1123201968503937
 31
0
  0
LINE
  5
99C
330
1A
100
AcDbEntity
  8
BLACK
  6
CONTINUOUS
100
AcDbLine
 10
-1.0502794094488188
 20
2.1123201968503937
 30
0
 11
-1.0503543307086614
 21
2.1126968503937009
 31
0
  0
LINE
  5
99D
330
1A
100
AcDbEntity
  8
BLACK
  6
CONTINUOUS
100
AcDbLine
 10
-1.0503543307086614
 20
2.1126968503937009
 30
0
 11
-1.0503543307086614
 21
2.1361220472440943
 31
0
  0
LINE
  5
99E
330
1A
100
AcDbEntity
  8
BLACK
  6
CONTINUOUS
100
AcDbLine
 10
-1.0503543307086614
 20
2.1361220472440943
 30
0
 11
-1.0631496062992125
 21
2.1361220472440943
 31
0
  0
LINE
  5
99F
330
1A
100
AcDbEntity
  8
BLACK
  6
CONTINUOUS
100
AcDbLine
 10
-1.0631496062992125
 20
2.1361220472440943
 30
0
 11
-1.0635262598425197
 21
2.136196968503937
 31
0
  0
LINE
  5
9A0
330
1A
100
AcDbEntity
  8
BLACK
  6
CONTINUOUS
100
AcDbLine
 10
-1.0635262598425197
 20
2.136196968503937
 30
0
 11
-1.0640589370078739
 21
2.1367296456692912
 31
0
  0
LINE
  5
9A1
330
1A
100
AcDbEntity
  8
BLACK
  6
CONTINUOUS
100
AcDbLine
 10
-1.0640589370078739
 20
2.1367296456692912
 30
0
 11
-1.0641338582677164
 21
2.1371062992125984
 31
0
  0
LINE
  5
9A2
330
1A
100
AcDbEntity
  8
BLACK
  6
CONTINUOUS
100
AcDbLine
 10
-1.0641338582677164
 20
2.1371062992125984
 30
0
 11
-1.0641338582677164
 21
2.2654527559055118
 31
0
  0
LINE
  5
9A3
330
1A
100
AcDbEntity
  8
BLACK
  6
CONTINUOUS
100
AcDbLine
 10
-1.0641338582677164
 20
2.2654527559055118
 30
0
 11
-1.0640589370078739
 21
2.2658294094488189
 31
0
  0
LINE
  5
9A4
330
1A
100
AcDbEntity
  8
BLACK
  6
CONTINUOUS
100
AcDbLine
 10
-1.0640589370078739
 20
2.2658294094488189
 30
0
 11
-1.0635262598425197
 21
2.2663620866141732
 31
0
  0
LINE
  5
9A5
330
1A
100
AcDbEntity
  8
BLACK
  6
CONTINUOUS
100
AcDbLine
 10
-1.0635262598425197
 20
2.2663620866141732
 30
0
 11
-1.0631496062992125
 21
2.2664370078740155
 31
0
  0
LINE
  5
9A6
330
1A
100
AcDbEntity
  8
BLACK
  6
CONTINUOUS
100
AcDbLine
 10
-1.0631496062992125
 20
2.2664370078740155
 30
0
 11
-1.0503543307086614
 21
2.2664370078740155
 31
0
  0
LINE
  5
9A7
330
1A
100
AcDbEntity
  8
BLACK
  6
CONTINUOUS
100
AcDbLine
 10
-1.0503543307086614
 20
2.2664370078740155
 30
0
 11
-1.0503543307086614
 21
2.2898622047244093
 31
0
  0
LINE
  5
9A8
330
1A
100
AcDbEntity
  8
BLACK
  6
CONTINUOUS
100
AcDbLine
 10
-1.0503543307086614
 20
2.2898622047244093
 30
0
 11
-1.0502794094488188
 21
2.2902388582677164
 31
0
  0
LINE
  5
9A9
330
1A
100
AcDbEntity
  8
BLACK
  6
CONTINUOUS
100
AcDbLine
 10
-1.0502794094488188
 20
2.2902388582677164
 30
0
 11
-1.0497467322834646
 21
2.2907715354330707
 31
0
  0
LINE
  5
9AA
330
1A
100
AcDbEntity
  8
BLACK
  6
CONTINUOUS
100
AcDbLine
 10
-1.0497467322834646
 20
2.2907715354330707
 30
0
 11
-1.0493700787401574
 21
2.2908464566929134
 31
0
  0
LINE
  5
9AB
330
1A
100
AcDbEntity
  8
BLACK
  6
CONTINUOUS
100
AcDbLine
 10
-1.0493700787401574
 20
2.2908464566929134
 30
0
 11
-1.0259448818897638
 21
2.2908464566929134
 31
0
  0
LINE
  5
9AC
330
1A
100
AcDbEntity
  8
BLACK
  6
CONTINUOUS
100
AcDbLine
 10
-1.0259448818897638
 20
2.2908464566929134
 30
0
 11
-1.0259448818897638
 21
2.3036417322834644
 31
0
  0
LINE
  5
9AD
330
1A
100
AcDbEntity
  8
BLACK
  6
CONTINUOUS
100
AcDbLine
 10
-1.0259448818897638
 20
2.3036417322834644
 30
0
 11
-1.0258699606299213
 21
2.3040183858267715
 31
0
  0
LINE
  5
9AE
330
1A
100
AcDbEntity
  8
BLACK
  6
CONTINUOUS
100
AcDbLine
 10
-1.0258699606299213
 20
2.3040183858267715
 30
0
 11
-1.0253372834645669
 21
2.3045510629921258
 31
0
  0
LINE
  5
9AF
330
1A
100
AcDbEntity
  8
BLACK
  6
CONTINUOUS
100
AcDbLine
 10
-1.0253372834645669
 20
2.3045510629921258
 30
0
 11
-1.0249606299212599
 21
2.3046259842519685
 31
0
  0
LINE
  5
9B0
330
1A
100
AcDbEntity
  8
BLACK
  6
CONTINUOUS
100
AcDbLine
 10
-1.0249606299212599
 20
2.3046259842519685
 30
0
 11
-0.8966141732283465
 21
2.3046259842519685
 31
0
  0
LINE
  5
9B1
330
1A
100
AcDbEntity
  8
BLACK
  6
CONTINUOUS
100
AcDbLine
 10
-0.8966141732283465
 20
2.3046259842519685
 30
0
 11
-0.8962375196850394
 21
2.3045510629921258
 31
0
  0
LINE
  5
9B2
330
1A
100
AcDbEntity
  8
BLACK
  6
CONTINUOUS
100
AcDbLine
 10
-1.023976377952756
 20
2.3026574803149606
 30
0
 11
-1.023976377952756
 21
2.2898622047244093
 31
0
  0
LINE
  5
9B3
330
1A
100
AcDbEntity
  8
BLACK
  6
CONTINUOUS
100
AcDbLine
 10
-1.023976377952756
 20
2.2898622047244093
 30
0
 11
-1.0240512992125983
 21
2.2894855511811025
 31
0
  0
LINE
  5
9B4
330
1A
100
AcDbEntity
  8
BLACK
  6
CONTINUOUS
100
AcDbLine
 10
-1.0240512992125983
 20
2.2894855511811025
 30
0
 11
-1.0245839763779527
 21
2.2889528740157479
 31
0
  0
LINE
  5
9B5
330
1A
100
AcDbEntity
  8
BLACK
  6
CONTINUOUS
100
AcDbLine
 10
-1.0245839763779527
 20
2.2889528740157479
 30
0
 11
-1.0249606299212599
 21
2.2888779527559056
 31
0
  0
LINE
  5
9B6
330
1A
100
AcDbEntity
  8
BLACK
  6
CONTINUOUS
100
AcDbLine
 10
-1.0249606299212599
 20
2.2888779527559056
 30
0
 11
-1.0483858267716535
 21
2.2888779527559056
 31
0
  0
LINE
  5
9B7
330
1A
100
AcDbEntity
  8
BLACK
  6
CONTINUOUS
100
AcDbLine
 10
-1.0483858267716535
 20
2.2888779527559056
 30
0
 11
-1.0483858267716535
 21
2.2654527559055118
 31
0
  0
LINE
  5
9B8
330
1A
100
AcDbEntity
  8
BLACK
  6
CONTINUOUS
100
AcDbLine
 10
-1.0483858267716535
 20
2.2654527559055118
 30
0
 11
-1.048460748031496
 21
2.2650761023622046
 31
0
  0
LINE
  5
9B9
330
1A
100
AcDbEntity
  8
BLACK
  6
CONTINUOUS
100
AcDbLine
 10
-1.048460748031496
 20
2.2650761023622046
 30
0
 11
-1.0489934251968505
 21
2.2645434251968504
 31
0
  0
LINE
  5
9BA
330
1A
100
AcDbEntity
  8
BLACK
  6
CONTINUOUS
100
AcDbLine
 10
-1.0489934251968505
 20
2.2645434251968504
 30
0
 11
-1.0493700787401574
 21
2.2644685039370076
 31
0
  0
LINE
  5
9BB
330
1A
100
AcDbEntity
  8
BLACK
  6
CONTINUOUS
100
AcDbLine
 10
-1.0493700787401574
 20
2.2644685039370076
 30
0
 11
-1.0621653543307086
 21
2.2644685039370076
 31
0
  0
LINE
  5
9BC
330
1A
100
AcDbEntity
  8
BLACK
  6
CONTINUOUS
100
AcDbLine
 10
-1.0621653543307086
 20
2.2644685039370076
 30
0
 11
-1.0621653543307086
 21
2.1380905511811021
 31
0
  0
LINE
  5
9BD
330
1A
100
AcDbEntity
  8
BLACK
  6
CONTINUOUS
100
AcDbLine
 10
-1.0621653543307086
 20
2.1380905511811021
 30
0
 11
-1.0493700787401574
 21
2.1380905511811021
 31
0
  0
LINE
  5
9BE
330
1A
100
AcDbEntity
  8
BLACK
  6
CONTINUOUS
100
AcDbLine
 10
-1.0493700787401574
 20
2.1380905511811021
 30
0
 11
-1.0489934251968505
 21
2.1380156299212598
 31
0
  0
LINE
  5
9BF
330
1A
100
AcDbEntity
  8
BLACK
  6
CONTINUOUS
100
AcDbLine
 10
-1.0489934251968505
 20
2.1380156299212598
 30
0
 11
-1.048460748031496
 21
2.1374829527559056
 31
0
  0
LINE
  5
9C0
330
1A
100
AcDbEntity
  8
BLACK
  6
CONTINUOUS
100
AcDbLine
 10
-1.048460748031496
 20
2.1374829527559056
 30
0
 11
-1.0483858267716535
 21
2.1371062992125984
 31
0
  0
LINE
  5
9C1
330
1A
100
AcDbEntity
  8
BLACK
  6
CONTINUOUS
100
AcDbLine
 10
-1.0483858267716535
 20
2.1371062992125984
 30
0
 11
-1.0483858267716535
 21
2.1136811023622046
 31
0
  0
LINE
  5
9C2
330
1A
100
AcDbEntity
  8
BLACK
  6
CONTINUOUS
100
AcDbLine
 10
-1.0483858267716535
 20
2.1136811023622046
 30
0
 11
-1.0249606299212599
 21
2.1136811023622046
 31
0
  0
LINE
  5
9C3
330
1A
100
AcDbEntity
  8
BLACK
  6
CONTINUOUS
100
AcDbLine
 10
-1.0249606299212599
 20
2.1136811023622046
 30
0
 11
-1.0245839763779527
 21
2.1136061811023623
 31
0
  0
LINE
  5
9C4
330
1A
100
AcDbEntity
  8
BLACK
  6
CONTINUOUS
100
AcDbLine
 10
-1.0245839763779527
 20
2.1136061811023623
 30
0
 11
-1.0240512992125983
 21
2.1130735039370077
 31
0
  0
LINE
  5
9C5
330
1A
100
AcDbEntity
  8
BLACK
  6
CONTINUOUS
100
AcDbLine
 10
-1.0240512992125983
 20
2.1130735039370077
 30
0
 11
-1.023976377952756
 21
2.1126968503937009
 31
0
  0
LINE
  5
9C6
330
1A
100
AcDbEntity
  8
BLACK
  6
CONTINUOUS
100
AcDbLine
 10
-1.023976377952756
 20
2.1126968503937009
 30
0
 11
-1.023976377952756
 21
2.0999015748031495
 31
0
  0
LINE
  5
9C7
330
1A
100
AcDbEntity
  8
BLACK
  6
CONTINUOUS
100
AcDbLine
 10
-1.023976377952756
 20
2.0999015748031495
 30
0
 11
-0.8975984251968504
 21
2.0999015748031495
 31
0
  0
LINE
  5
9C8
330
1A
100
AcDbEntity
  8
BLACK
  6
CONTINUOUS
100
AcDbLine
 10
-0.8975984251968504
 20
2.0999015748031495
 30
0
 11
-0.8975984251968504
 21
2.1126968503937009
 31
0
  0
LINE
  5
9C9
330
1A
100
AcDbEntity
  8
BLACK
  6
CONTINUOUS
100
AcDbLine
 10
-0.8975984251968504
 20
2.1126968503937009
 30
0
 11
-0.8975235039370079
 21
2.1130735039370077
 31
0
  0
LINE
  5
9CA
330
1A
100
AcDbEntity
  8
BLACK
  6
CONTINUOUS
100
AcDbLine
 10
-0.8975235039370079
 20
2.1130735039370077
 30
0
 11
-0.8969908267716535
 21
2.1136061811023623
 31
0
  0
LINE
  5
9CB
330
1A
100
AcDbEntity
  8
BLACK
  6
CONTINUOUS
100
AcDbLine
 10
-0.8969908267716535
 20
2.1136061811023623
 30
0
 11
-0.8966141732283465
 21
2.1136811023622046
 31
0
  0
LINE
  5
9CC
330
1A
100
AcDbEntity
  8
BLACK
  6
CONTINUOUS
100
AcDbLine
 10
-0.8966141732283465
 20
2.1136811023622046
 30
0
 11
-0.8731889763779528
 21
2.1136811023622046
 31
0
  0
LINE
  5
9CD
330
1A
100
AcDbEntity
  8
BLACK
  6
CONTINUOUS
100
AcDbLine
 10
-0.8731889763779528
 20
2.1136811023622046
 30
0
 11
-0.8731889763779528
 21
2.1371062992125984
 31
0
  0
LINE
  5
9CE
330
1A
100
AcDbEntity
  8
BLACK
  6
CONTINUOUS
100
AcDbLine
 10
-0.8731889763779528
 20
2.1371062992125984
 30
0
 11
-0.8731140551181102
 21
2.1374829527559056
 31
0
  0
LINE
  5
9CF
330
1A
100
AcDbEntity
  8
BLACK
  6
CONTINUOUS
100
AcDbLine
 10
-0.8731140551181102
 20
2.1374829527559056
 30
0
 11
-0.8725813779527559
 21
2.1380156299212598
 31
0
  0
LINE
  5
9D0
330
1A
100
AcDbEntity
  8
BLACK
  6
CONTINUOUS
100
AcDbLine
 10
-0.8725813779527559
 20
2.1380156299212598
 30
0
 11
-0.8722047244094489
 21
2.1380905511811021
 31
0
  0
LINE
  5
9D1
330
1A
100
AcDbEntity
  8
BLACK
  6
CONTINUOUS
100
AcDbLine
 10
-0.8722047244094489
 20
2.1380905511811021
 30
0
 11
-0.8594094488188976
 21
2.1380905511811021
 31
0
  0
LINE
  5
9D2
330
1A
100
AcDbEntity
  8
BLACK
  6
CONTINUOUS
100
AcDbLine
 10
-0.8594094488188976
 20
2.1380905511811021
 30
0
 11
-0.8594094488188976
 21
2.2644685039370076
 31
0
  0
LINE
  5
9D3
330
1A
100
AcDbEntity
  8
BLACK
  6
CONTINUOUS
100
AcDbLine
 10
-0.8594094488188976
 20
2.2644685039370076
 30
0
 11
-0.8722047244094489
 21
2.2644685039370076
 31
0
  0
LINE
  5
9D4
330
1A
100
AcDbEntity
  8
BLACK
  6
CONTINUOUS
100
AcDbLine
 10
-0.8722047244094489
 20
2.2644685039370076
 30
0
 11
-0.8725813779527559
 21
2.2645434251968504
 31
0
  0
LINE
  5
9D5
330
1A
100
AcDbEntity
  8
BLACK
  6
CONTINUOUS
100
AcDbLine
 10
-0.8725813779527559
 20
2.2645434251968504
 30
0
 11
-0.8731140551181102
 21
2.2650761023622046
 31
0
  0
LINE
  5
9D6
330
1A
100
AcDbEntity
  8
BLACK
  6
CONTINUOUS
100
AcDbLine
 10
-0.8731140551181102
 20
2.2650761023622046
 30
0
 11
-0.8731889763779528
 21
2.2654527559055118
 31
0
  0
LINE
  5
9D7
330
1A
100
AcDbEntity
  8
BLACK
  6
CONTINUOUS
100
AcDbLine
 10
-0.8731889763779528
 20
2.2654527559055118
 30
0
 11
-0.8731889763779528
 21
2.2888779527559056
 31
0
  0
LINE
  5
9D8
330
1A
100
AcDbEntity
  8
BLACK
  6
CONTINUOUS
100
AcDbLine
 10
-0.8731889763779528
 20
2.2888779527559056
 30
0
 11
-0.8966141732283465
 21
2.2888779527559056
 31
0
  0
LINE
  5
9D9
330
1A
100
AcDbEntity
  8
BLACK
  6
CONTINUOUS
100
AcDbLine
 10
-0.8966141732283465
 20
2.2888779527559056
 30
0
 11
-0.8969908267716535
 21
2.2889528740157479
 31
0
  0
LINE
  5
9DA
330
1A
100
AcDbEntity
  8
BLACK
  6
CONTINUOUS
100
AcDbLine
 10
-0.8969908267716535
 20
2.2889528740157479
 30
0
 11
-0.8975235039370079
 21
2.2894855511811025
 31
0
  0
LINE
  5
9DB
330
1A
100
AcDbEntity
  8
BLACK
  6
CONTINUOUS
100
AcDbLine
 10
-0.8975235039370079
 20
2.2894855511811025
 30
0
 11
-0.8975984251968504
 21
2.2898622047244093
 31
0
  0
LINE
  5
9DC
330
1A
100
AcDbEntity
  8
BLACK
  6
CONTINUOUS
100
AcDbLine
 10
-0.8975984251968504
 20
2.2898622047244093
 30
0
 11
-0.8975984251968504
 21
2.3026574803149606
 31
0
  0
LINE
  5
9DD
330
1A
100
AcDbEntity
  8
BLACK
  6
CONTINUOUS
100
AcDbLine
 10
-0.8975984251968504
 20
2.3026574803149606
 30
0
 11
-1.023976377952756
 21
2.3026574803149606
 31
0
  0
LINE
  5
9DE
330
1A
100
AcDbEntity
  8
BLACK
  6
CONTINUOUS
100
AcDbLine
 10
0.6017152362204724
 20
2.3291770472440945
 30
0
 11
0.6022479133858267
 21
2.3286443700787403
 31
0
  0
LINE
  5
9DF
330
1A
100
AcDbEntity
  8
BLACK
  6
CONTINUOUS
100
AcDbLine
 10
0.6022479133858267
 20
2.3286443700787403
 30
0
 11
0.6023228346456693
 21
2.3282677165354331
 31
0
  0
LINE
  5
9E0
330
1A
100
AcDbEntity
  8
BLACK
  6
CONTINUOUS
100
AcDbLine
 10
0.6023228346456693
 20
2.3282677165354331
 30
0
 11
0.6023228346456693
 21
2.1117322834645669
 31
0
  0
LINE
  5
9E1
330
1A
100
AcDbEntity
  8
BLACK
  6
CONTINUOUS
100
AcDbLine
 10
0.6023228346456693
 20
2.1117322834645669
 30
0
 11
0.6022479133858267
 21
2.1113556299212597
 31
0
  0
LINE
  5
9E2
330
1A
100
AcDbEntity
  8
BLACK
  6
CONTINUOUS
100
AcDbLine
 10
0.6022479133858267
 20
2.1113556299212597
 30
0
 11
0.6017152362204724
 21
2.1108229527559055
 31
0
  0
LINE
  5
9E3
330
1A
100
AcDbEntity
  8
BLACK
  6
CONTINUOUS
100
AcDbLine
 10
0.6017152362204724
 20
2.1108229527559055
 30
0
 11
0.6013385826771653
 21
2.1107480314960632
 31
0
  0
LINE
  5
9E4
330
1A
100
AcDbEntity
  8
BLACK
  6
CONTINUOUS
100
AcDbLine
 10
0.6013385826771653
 20
2.1107480314960632
 30
0
 11
0.3060629921259843
 21
2.1107480314960632
 31
0
  0
LINE
  5
9E5
330
1A
100
AcDbEntity
  8
BLACK
  6
CONTINUOUS
100
AcDbLine
 10
0.3060629921259843
 20
2.1107480314960632
 30
0
 11
0.3056863385826771
 21
2.1108229527559055
 31
0
  0
LINE
  5
9E6
330
1A
100
AcDbEntity
  8
BLACK
  6
CONTINUOUS
100
AcDbLine
 10
0.3056863385826771
 20
2.1108229527559055
 30
0
 11
0.3051536614173228
 21
2.1113556299212597
 31
0
  0
LINE
  5
9E7
330
1A
100
AcDbEntity
  8
BLACK
  6
CONTINUOUS
100
AcDbLine
 10
0.3051536614173228
 20
2.1113556299212597
 30
0
 11
0.3050787401574803
 21
2.1117322834645669
 31
0
  0
LINE
  5
9E8
330
1A
100
AcDbEntity
  8
BLACK
  6
CONTINUOUS
100
AcDbLine
 10
0.3050787401574803
 20
2.1117322834645669
 30
0
 11
0.3050787401574803
 21
2.3282677165354331
 31
0
  0
LINE
  5
9E9
330
1A
100
AcDbEntity
  8
BLACK
  6
CONTINUOUS
100
AcDbLine
 10
0.3050787401574803
 20
2.3282677165354331
 30
0
 11
0.3051536614173228
 21
2.3286443700787403
 31
0
  0
LINE
  5
9EA
330
1A
100
AcDbEntity
  8
BLACK
  6
CONTINUOUS
100
AcDbLine
 10
0.3051536614173228
 20
2.3286443700787403
 30
0
 11
0.3056863385826771
 21
2.3291770472440945
 31
0
  0
LINE
  5
9EB
330
1A
100
AcDbEntity
  8
BLACK
  6
CONTINUOUS
100
AcDbLine
 10
0.3056863385826771
 20
2.3291770472440945
 30
0
 11
0.3060629921259843
 21
2.3292519685039368
 31
0
  0
LINE
  5
9EC
330
1A
100
AcDbEntity
  8
BLACK
  6
CONTINUOUS
100
AcDbLine
 10
0.3060629921259843
 20
2.3292519685039368
 30
0
 11
0.6013385826771653
 21
2.3292519685039368
 31
0
  0
LINE
  5
9ED
330
1A
100
AcDbEntity
  8
BLACK
  6
CONTINUOUS
100
AcDbLine
 10
0.6013385826771653
 20
2.3292519685039368
 30
0
 11
0.6017152362204724
 21
2.3291770472440945
 31
0
  0
LINE
  5
9EE
330
1A
100
AcDbEntity
  8
BLACK
  6
CONTINUOUS
100
AcDbLine
 10
0.3070472440944882
 20
2.3272834645669289
 30
0
 11
0.3070472440944882
 21
2.112716535433071
 31
0
  0
LINE
  5
9EF
330
1A
100
AcDbEntity
  8
BLACK
  6
CONTINUOUS
100
AcDbLine
 10
0.3070472440944882
 20
2.112716535433071
 30
0
 11
0.6003543307086614
 21
2.112716535433071
 31
0
  0
LINE
  5
9F0
330
1A
100
AcDbEntity
  8
BLACK
  6
CONTINUOUS
100
AcDbLine
 10
0.6003543307086614
 20
2.112716535433071
 30
0
 11
0.6003543307086614
 21
2.3272834645669289
 31
0
  0
LINE
  5
9F1
330
1A
100
AcDbEntity
  8
BLACK
  6
CONTINUOUS
100
AcDbLine
 10
0.6003543307086614
 20
2.3272834645669289
 30
0
 11
0.3070472440944882
 21
2.3272834645669289
 31
0
  0
LINE
  5
9F2
330
1A
100
AcDbEntity
  8
BLACK
  6
CONTINUOUS
100
AcDbLine
 10
-1.7553713779527558
 20
2.234570748031496
 30
0
 11
-1.7548387007874016
 21
2.2340380708661418
 31
0
  0
LINE
  5
9F3
330
1A
100
AcDbEntity
  8
BLACK
  6
CONTINUOUS
100
AcDbLine
 10
-1.7548387007874016
 20
2.2340380708661418
 30
0
 11
-1.754763779527559
 21
2.2336614173228346
 31
0
  0
LINE
  5
9F4
330
1A
100
AcDbEntity
  8
BLACK
  6
CONTINUOUS
100
AcDbLine
 10
-1.754763779527559
 20
2.2336614173228346
 30
0
 11
-1.754763779527559
 21
2.1171259842519685
 31
0
  0
LINE
  5
9F5
330
1A
100
AcDbEntity
  8
BLACK
  6
CONTINUOUS
100
AcDbLine
 10
-1.754763779527559
 20
2.1171259842519685
 30
0
 11
-1.7548387007874016
 21
2.1167493307086613
 31
0
  0
LINE
  5
9F6
330
1A
100
AcDbEntity
  8
BLACK
  6
CONTINUOUS
100
AcDbLine
 10
-1.7548387007874016
 20
2.1167493307086613
 30
0
 11
-1.7553713779527558
 21
2.1162166535433071
 31
0
  0
LINE
  5
9F7
330
1A
100
AcDbEntity
  8
BLACK
  6
CONTINUOUS
100
AcDbLine
 10
-1.7553713779527558
 20
2.1162166535433071
 30
0
 11
-1.755748031496063
 21
2.1161417322834644
 31
0
  0
LINE
  5
9F8
330
1A
100
AcDbEntity
  8
BLACK
  6
CONTINUOUS
100
AcDbLine
 10
-1.755748031496063
 20
2.1161417322834644
 30
0
 11
-1.813228346456693
 21
2.1161417322834644
 31
0
  0
LINE
  5
9F9
330
1A
100
AcDbEntity
  8
BLACK
  6
CONTINUOUS
100
AcDbLine
 10
-1.813228346456693
 20
2.1161417322834644
 30
0
 11
-1.8136049999999999
 21
2.1162166535433071
 31
0
  0
LINE
  5
9FA
330
1A
100
AcDbEntity
  8
BLACK
  6
CONTINUOUS
100
AcDbLine
 10
-1.8136049999999999
 20
2.1162166535433071
 30
0
 11
-1.8141376771653543
 21
2.1167493307086613
 31
0
  0
LINE
  5
9FB
330
1A
100
AcDbEntity
  8
BLACK
  6
CONTINUOUS
100
AcDbLine
 10
-1.8141376771653543
 20
2.1167493307086613
 30
0
 11
-1.8142125984251969
 21
2.1171259842519685
 31
0
  0
LINE
  5
9FC
330
1A
100
AcDbEntity
  8
BLACK
  6
CONTINUOUS
100
AcDbLine
 10
-1.8142125984251969
 20
2.1171259842519685
 30
0
 11
-1.8142125984251969
 21
2.2336614173228346
 31
0
  0
LINE
  5
9FD
330
1A
100
AcDbEntity
  8
BLACK
  6
CONTINUOUS
100
AcDbLine
 10
-1.8142125984251969
 20
2.2336614173228346
 30
0
 11
-1.8141376771653543
 21
2.2340380708661418
 31
0
  0
LINE
  5
9FE
330
1A
100
AcDbEntity
  8
BLACK
  6
CONTINUOUS
100
AcDbLine
 10
-1.8141376771653543
 20
2.2340380708661418
 30
0
 11
-1.8136049999999999
 21
2.234570748031496
 31
0
  0
LINE
  5
9FF
330
1A
100
AcDbEntity
  8
BLACK
  6
CONTINUOUS
100
AcDbLine
 10
-1.8136049999999999
 20
2.234570748031496
 30
0
 11
-1.813228346456693
 21
2.2346456692913383
 31
0
  0
LINE
  5
A00
330
1A
100
AcDbEntity
  8
BLACK
  6
CONTINUOUS
100
AcDbLine
 10
-1.813228346456693
 20
2.2346456692913383
 30
0
 11
-1.755748031496063
 21
2.2346456692913383
 31
0
  0
LINE
  5
A01
330
1A
100
AcDbEntity
  8
BLACK
  6
CONTINUOUS
100
AcDbLine
 10
-1.755748031496063
 20
2.2346456692913383
 30
0
 11
-1.7553713779527558
 21
2.234570748031496
 31
0
  0
LINE
  5
A02
330
1A
100
AcDbEntity
  8
BLACK
  6
CONTINUOUS
100
AcDbLine
 10
-1.812244094488189
 20
2.2326771653543305
 30
0
 11
-1.812244094488189
 21
2.1181102362204722
 31
0
  0
LINE
  5
A03
330
1A
100
AcDbEntity
  8
BLACK
  6
CONTINUOUS
100
AcDbLine
 10
-1.812244094488189
 20
2.1181102362204722
 30
0
 11
-1.7567322834645669
 21
2.1181102362204722
 31
0
  0
LINE
  5
A04
330
1A
100
AcDbEntity
  8
BLACK
  6
CONTINUOUS
100
AcDbLine
 10
-1.7567322834645669
 20
2.1181102362204722
 30
0
 11
-1.7567322834645669
 21
2.2326771653543305
 31
0
  0
LINE
  5
A05
330
1A
100
AcDbEntity
  8
BLACK
  6
CONTINUOUS
100
AcDbLine
 10
-1.7567322834645669
 20
2.2326771653543305
 30
0
 11
-1.812244094488189
 21
2.2326771653543305
 31
0
  0
LINE
  5
A06
330
1A
100
AcDbEntity
  8
BLACK
  6
CONTINUOUS
100
AcDbLine
 10
1.3589593307086614
 20
2.255338464566929
 30
0
 11
1.3594920078740158
 21
2.2548057874015748
 31
0
  0
LINE
  5
A07
330
1A
100
AcDbEntity
  8
BLACK
  6
CONTINUOUS
100
AcDbLine
 10
1.3594920078740158
 20
2.2548057874015748
 30
0
 11
1.3595669291338581
 21
2.2544291338582676
 31
0
  0
LINE
  5
A08
330
1A
100
AcDbEntity
  8
BLACK
  6
CONTINUOUS
100
AcDbLine
 10
1.3595669291338581
 20
2.2544291338582676
 30
0
 11
1.3595669291338581
 21
2.1205708661417324
 31
0
  0
LINE
  5
A09
330
1A
100
AcDbEntity
  8
BLACK
  6
CONTINUOUS
100
AcDbLine
 10
1.3595669291338581
 20
2.1205708661417324
 30
0
 11
1.3594920078740158
 21
2.1201942125984252
 31
0
  0
LINE
  5
A0A
330
1A
100
AcDbEntity
  8
BLACK
  6
CONTINUOUS
100
AcDbLine
 10
1.3594920078740158
 20
2.1201942125984252
 30
0
 11
1.3589593307086614
 21
2.119661535433071
 31
0
  0
LINE
  5
A0B
330
1A
100
AcDbEntity
  8
BLACK
  6
CONTINUOUS
100
AcDbLine
 10
1.3589593307086614
 20
2.119661535433071
 30
0
 11
1.3585826771653542
 21
2.1195866141732282
 31
0
  0
LINE
  5
A0C
330
1A
100
AcDbEntity
  8
BLACK
  6
CONTINUOUS
100
AcDbLine
 10
1.3585826771653542
 20
2.1195866141732282
 30
0
 11
1.2814173228346457
 21
2.1195866141732282
 31
0
  0
LINE
  5
A0D
330
1A
100
AcDbEntity
  8
BLACK
  6
CONTINUOUS
100
AcDbLine
 10
1.2814173228346457
 20
2.1195866141732282
 30
0
 11
1.2810406692913385
 21
2.119661535433071
 31
0
  0
LINE
  5
A0E
330
1A
100
AcDbEntity
  8
BLACK
  6
CONTINUOUS
100
AcDbLine
 10
1.2810406692913385
 20
2.119661535433071
 30
0
 11
1.2805079921259843
 21
2.1201942125984252
 31
0
  0
LINE
  5
A0F
330
1A
100
AcDbEntity
  8
BLACK
  6
CONTINUOUS
100
AcDbLine
 10
1.2805079921259843
 20
2.1201942125984252
 30
0
 11
1.2804330708661418
 21
2.1205708661417324
 31
0
  0
LINE
  5
A10
330
1A
100
AcDbEntity
  8
BLACK
  6
CONTINUOUS
100
AcDbLine
 10
1.2804330708661418
 20
2.1205708661417324
 30
0
 11
1.2804330708661418
 21
2.2544291338582676
 31
0
  0
LINE
  5
A11
330
1A
100
AcDbEntity
  8
BLACK
  6
CONTINUOUS
100
AcDbLine
 10
1.2804330708661418
 20
2.2544291338582676
 30
0
 11
1.2805079921259843
 21
2.2548057874015748
 31
0
  0
LINE
  5
A12
330
1A
100
AcDbEntity
  8
BLACK
  6
CONTINUOUS
100
AcDbLine
 10
1.2805079921259843
 20
2.2548057874015748
 30
0
 11
1.2810406692913385
 21
2.255338464566929
 31
0
  0
LINE
  5
A13
330
1A
100
AcDbEntity
  8
BLACK
  6
CONTINUOUS
100
AcDbLine
 10
1.2810406692913385
 20
2.255338464566929
 30
0
 11
1.2814173228346457
 21
2.2554133858267718
 31
0
  0
LINE
  5
A14
330
1A
100
AcDbEntity
  8
BLACK
  6
CONTINUOUS
100
AcDbLine
 10
1.2814173228346457
 20
2.2554133858267718
 30
0
 11
1.3585826771653542
 21
2.2554133858267718
 31
0
  0
LINE
  5
A15
330
1A
100
AcDbEntity
  8
BLACK
  6
CONTINUOUS
100
AcDbLine
 10
1.3585826771653542
 20
2.2554133858267718
 30
0
 11
1.3589593307086614
 21
2.255338464566929
 31
0
  0
LINE
  5
A16
330
1A
100
AcDbEntity
  8
BLACK
  6
CONTINUOUS
100
AcDbLine
 10
1.2824015748031496
 20
2.2534448818897639
 30
0
 11
1.2824015748031496
 21
2.1215551181102361
 31
0
  0
LINE
  5
A17
330
1A
100
AcDbEntity
  8
BLACK
  6
CONTINUOUS
100
AcDbLine
 10
1.2824015748031496
 20
2.1215551181102361
 30
0
 11
1.3575984251968503
 21
2.1215551181102361
 31
0
  0
LINE
  5
A18
330
1A
100
AcDbEntity
  8
BLACK
  6
CONTINUOUS
100
AcDbLine
 10
1.3575984251968503
 20
2.1215551181102361
 30
0
 11
1.3575984251968503
 21
2.2534448818897639
 31
0
  0
LINE
  5
A19
330
1A
100
AcDbEntity
  8
BLACK
  6
CONTINUOUS
100
AcDbLine
 10
1.3575984251968503
 20
2.2534448818897639
 30
0
 11
1.2824015748031496
 21
2.2534448818897639
 31
0
  0
LINE
  5
A1A
330
1A
100
AcDbEntity
  8
BLACK
  6
CONTINUOUS
100
AcDbLine
 10
-0.1609816141732283
 20
2.2133109055118108
 30
0
 11
-0.160448937007874
 21
2.2127782283464565
 31
0
  0
LINE
  5
A1B
330
1A
100
AcDbEntity
  8
BLACK
  6
CONTINUOUS
100
AcDbLine
 10
-0.160448937007874
 20
2.2127782283464565
 30
0
 11
-0.1603740157480315
 21
2.2124015748031494
 31
0
  0
LINE
  5
A1C
330
1A
100
AcDbEntity
  8
BLACK
  6
CONTINUOUS
100
AcDbLine
 10
-0.1603740157480315
 20
2.2124015748031494
 30
0
 11
-0.1603740157480315
 21
2.1375984251968503
 31
0
  0
LINE
  5
A1D
330
1A
100
AcDbEntity
  8
BLACK
  6
CONTINUOUS
100
AcDbLine
 10
-0.1603740157480315
 20
2.1375984251968503
 30
0
 11
-0.160448937007874
 21
2.1372217716535431
 31
0
  0
LINE
  5
A1E
330
1A
100
AcDbEntity
  8
BLACK
  6
CONTINUOUS
100
AcDbLine
 10
-0.160448937007874
 20
2.1372217716535431
 30
0
 11
-0.1609816141732283
 21
2.1366890944881889
 31
0
  0
LINE
  5
A1F
330
1A
100
AcDbEntity
  8
BLACK
  6
CONTINUOUS
100
AcDbLine
 10
-0.1609816141732283
 20
2.1366890944881889
 30
0
 11
-0.1613582677165354
 21
2.1366141732283466
 31
0
  0
LINE
  5
A20
330
1A
100
AcDbEntity
  8
BLACK
  6
CONTINUOUS
100
AcDbLine
 10
-0.1613582677165354
 20
2.1366141732283466
 30
0
 11
-0.2936417322834646
 21
2.1366141732283466
 31
0
  0
LINE
  5
A21
330
1A
100
AcDbEntity
  8
BLACK
  6
CONTINUOUS
100
AcDbLine
 10
-0.2936417322834646
 20
2.1366141732283466
 30
0
 11
-0.2940183858267716
 21
2.1366890944881889
 31
0
  0
LINE
  5
A22
330
1A
100
AcDbEntity
  8
BLACK
  6
CONTINUOUS
100
AcDbLine
 10
-0.2940183858267716
 20
2.1366890944881889
 30
0
 11
-0.294551062992126
 21
2.1372217716535431
 31
0
  0
LINE
  5
A23
330
1A
100
AcDbEntity
  8
BLACK
  6
CONTINUOUS
100
AcDbLine
 10
-0.294551062992126
 20
2.1372217716535431
 30
0
 11
-0.2946259842519685
 21
2.1375984251968503
 31
0
  0
LINE
  5
A24
330
1A
100
AcDbEntity
  8
BLACK
  6
CONTINUOUS
100
AcDbLine
 10
-0.2946259842519685
 20
2.1375984251968503
 30
0
 11
-0.2946259842519685
 21
2.2124015748031494
 31
0
  0
LINE
  5
A25
330
1A
100
AcDbEntity
  8
BLACK
  6
CONTINUOUS
100
AcDbLine
 10
-0.2946259842519685
 20
2.2124015748031494
 30
0
 11
-0.294551062992126
 21
2.2127782283464565
 31
0
  0
LINE
  5
A26
330
1A
100
AcDbEntity
  8
BLACK
  6
CONTINUOUS
100
AcDbLine
 10
-0.294551062992126
 20
2.2127782283464565
 30
0
 11
-0.2940183858267716
 21
2.2133109055118108
 31
0
  0
LINE
  5
A27
330
1A
100
AcDbEntity
  8
BLACK
  6
CONTINUOUS
100
AcDbLine
 10
-0.2940183858267716
 20
2.2133109055118108
 30
0
 11
-0.2936417322834646
 21
2.2133858267716535
 31
0
  0
LINE
  5
A28
330
1A
100
AcDbEntity
  8
BLACK
  6
CONTINUOUS
100
AcDbLine
 10
-0.2936417322834646
 20
2.2133858267716535
 30
0
 11
-0.1613582677165354
 21
2.2133858267716535
 31
0
  0
LINE
  5
A29
330
1A
100
AcDbEntity
  8
BLACK
  6
CONTINUOUS
100
AcDbLine
 10
-0.1613582677165354
 20
2.2133858267716535
 30
0
 11
-0.1609816141732283
 21
2.2133109055118108
 31
0
  0
LINE
  5
A2A
330
1A
100
AcDbEntity
  8
BLACK
  6
CONTINUOUS
100
AcDbLine
 10
-0.2926574803149606
 20
2.2114173228346456
 30
0
 11
-0.2926574803149606
 21
2.1385826771653544
 31
0
  0
LINE
  5
A2B
330
1A
100
AcDbEntity
  8
BLACK
  6
CONTINUOUS
100
AcDbLine
 10
-0.2926574803149606
 20
2.1385826771653544
 30
0
 11
-0.1623425196850394
 21
2.1385826771653544
 31
0
  0
LINE
  5
A2C
330
1A
100
AcDbEntity
  8
BLACK
  6
CONTINUOUS
100
AcDbLine
 10
-0.1623425196850394
 20
2.1385826771653544
 30
0
 11
-0.1623425196850394
 21
2.2114173228346456
 31
0
  0
LINE
  5
A2D
330
1A
100
AcDbEntity
  8
BLACK
  6
CONTINUOUS
100
AcDbLine
 10
-0.1623425196850394
 20
2.2114173228346456
 30
0
 11
-0.2926574803149606
 21
2.2114173228346456
 31
0
  0
LINE
  5
A2E
330
1A
100
AcDbEntity
  8
BLACK
  6
CONTINUOUS
100
AcDbLine
 10
-0.0259816141732283
 20
2.2133109055118108
 30
0
 11
-0.025448937007874
 21
2.2127782283464565
 31
0
  0
LINE
  5
A2F
330
1A
100
AcDbEntity
  8
BLACK
  6
CONTINUOUS
100
AcDbLine
 10
-0.025448937007874
 20
2.2127782283464565
 30
0
 11
-0.0253740157480315
 21
2.2124015748031494
 31
0
  0
LINE
  5
A30
330
1A
100
AcDbEntity
  8
BLACK
  6
CONTINUOUS
100
AcDbLine
 10
-0.0253740157480315
 20
2.2124015748031494
 30
0
 11
-0.0253740157480315
 21
2.1375984251968503
 31
0
  0
LINE
  5
A31
330
1A
100
AcDbEntity
  8
BLACK
  6
CONTINUOUS
100
AcDbLine
 10
-0.0253740157480315
 20
2.1375984251968503
 30
0
 11
-0.025448937007874
 21
2.1372217716535431
 31
0
  0
LINE
  5
A32
330
1A
100
AcDbEntity
  8
BLACK
  6
CONTINUOUS
100
AcDbLine
 10
-0.025448937007874
 20
2.1372217716535431
 30
0
 11
-0.0259816141732283
 21
2.1366890944881889
 31
0
  0
LINE
  5
A33
330
1A
100
AcDbEntity
  8
BLACK
  6
CONTINUOUS
100
AcDbLine
 10
-0.0259816141732283
 20
2.1366890944881889
 30
0
 11
-0.0263582677165354
 21
2.1366141732283466
 31
0
  0
LINE
  5
A34
330
1A
100
AcDbEntity
  8
BLACK
  6
CONTINUOUS
100
AcDbLine
 10
-0.0263582677165354
 20
2.1366141732283466
 30
0
 11
-0.1586417322834646
 21
2.1366141732283466
 31
0
  0
LINE
  5
A35
330
1A
100
AcDbEntity
  8
BLACK
  6
CONTINUOUS
100
AcDbLine
 10
-0.1586417322834646
 20
2.1366141732283466
 30
0
 11
-0.1590183858267717
 21
2.1366890944881889
 31
0
  0
LINE
  5
A36
330
1A
100
AcDbEntity
  8
BLACK
  6
CONTINUOUS
100
AcDbLine
 10
-0.1590183858267717
 20
2.1366890944881889
 30
0
 11
-0.159551062992126
 21
2.1372217716535431
 31
0
  0
LINE
  5
A37
330
1A
100
AcDbEntity
  8
BLACK
  6
CONTINUOUS
100
AcDbLine
 10
-0.159551062992126
 20
2.1372217716535431
 30
0
 11
-0.1596259842519685
 21
2.1375984251968503
 31
0
  0
LINE
  5
A38
330
1A
100
AcDbEntity
  8
BLACK
  6
CONTINUOUS
100
AcDbLine
 10
-0.1596259842519685
 20
2.1375984251968503
 30
0
 11
-0.1596259842519685
 21
2.2124015748031494
 31
0
  0
LINE
  5
A39
330
1A
100
AcDbEntity
  8
BLACK
  6
CONTINUOUS
100
AcDbLine
 10
-0.1596259842519685
 20
2.2124015748031494
 30
0
 11
-0.159551062992126
 21
2.2127782283464565
 31
0
  0
LINE
  5
A3A
330
1A
100
AcDbEntity
  8
BLACK
  6
CONTINUOUS
100
AcDbLine
 10
-0.159551062992126
 20
2.2127782283464565
 30
0
 11
-0.1590183858267717
 21
2.2133109055118108
 31
0
  0
LINE
  5
A3B
330
1A
100
AcDbEntity
  8
BLACK
  6
CONTINUOUS
100
AcDbLine
 10
-0.1590183858267717
 20
2.2133109055118108
 30
0
 11
-0.1586417322834646
 21
2.2133858267716535
 31
0
  0
LINE
  5
A3C
330
1A
100
AcDbEntity
  8
BLACK
  6
CONTINUOUS
100
AcDbLine
 10
-0.1586417322834646
 20
2.2133858267716535
 30
0
 11
-0.0263582677165354
 21
2.2133858267716535
 31
0
  0
LINE
  5
A3D
330
1A
100
AcDbEntity
  8
BLACK
  6
CONTINUOUS
100
AcDbLine
 10
-0.0263582677165354
 20
2.2133858267716535
 30
0
 11
-0.0259816141732283
 21
2.2133109055118108
 31
0
  0
LINE
  5
A3E
330
1A
100
AcDbEntity
  8
BLACK
  6
CONTINUOUS
100
AcDbLine
 10
-0.1576574803149606
 20
2.2114173228346456
 30
0
 11
-0.1576574803149606
 21
2.1385826771653544
 31
0
  0
LINE
  5
A3F
330
1A
100
AcDbEntity
  8
BLACK
  6
CONTINUOUS
100
AcDbLine
 10
-0.1576574803149606
 20
2.1385826771653544
 30
0
 11
-0.0273425196850394
 21
2.1385826771653544
 31
0
  0
LINE
  5
A40
330
1A
100
AcDbEntity
  8
BLACK
  6
CONTINUOUS
100
AcDbLine
 10
-0.0273425196850394
 20
2.1385826771653544
 30
0
 11
-0.0273425196850394
 21
2.2114173228346456
 31
0
  0
LINE
  5
A41
330
1A
100
AcDbEntity
  8
BLACK
  6
CONTINUOUS
100
AcDbLine
 10
-0.0273425196850394
 20
2.2114173228346456
 30
0
 11
-0.1576574803149606
 21
2.2114173228346456
 31
0
  0
LINE
  5
A42
330
1A
100
AcDbEntity
  8
BLACK
  6
CONTINUOUS
100
AcDbLine
 10
-1.1667887007874016
 20
2.2011061811023622
 30
0
 11
-1.1662560236220472
 21
2.200573503937008
 31
0
  0
LINE
  5
A43
330
1A
100
AcDbEntity
  8
BLACK
  6
CONTINUOUS
100
AcDbLine
 10
-1.1662560236220472
 20
2.200573503937008
 30
0
 11
-1.1661811023622046
 21
2.2001968503937008
 31
0
  0
LINE
  5
A44
330
1A
100
AcDbEntity
  8
BLACK
  6
CONTINUOUS
100
AcDbLine
 10
-1.1661811023622046
 20
2.2001968503937008
 30
0
 11
-1.1661811023622046
 21
2.1427165354330708
 31
0
  0
LINE
  5
A45
330
1A
100
AcDbEntity
  8
BLACK
  6
CONTINUOUS
100
AcDbLine
 10
-1.1661811023622046
 20
2.1427165354330708
 30
0
 11
-1.1662560236220472
 21
2.1423398818897637
 31
0
  0
LINE
  5
A46
330
1A
100
AcDbEntity
  8
BLACK
  6
CONTINUOUS
100
AcDbLine
 10
-1.1662560236220472
 20
2.1423398818897637
 30
0
 11
-1.1667887007874016
 21
2.1418072047244094
 31
0
  0
LINE
  5
A47
330
1A
100
AcDbEntity
  8
BLACK
  6
CONTINUOUS
100
AcDbLine
 10
-1.1667887007874016
 20
2.1418072047244094
 30
0
 11
-1.1671653543307086
 21
2.1417322834645667
 31
0
  0
LINE
  5
A48
330
1A
100
AcDbEntity
  8
BLACK
  6
CONTINUOUS
100
AcDbLine
 10
-1.1671653543307086
 20
2.1417322834645667
 30
0
 11
-1.2837007874015747
 21
2.1417322834645667
 31
0
  0
LINE
  5
A49
330
1A
100
AcDbEntity
  8
BLACK
  6
CONTINUOUS
100
AcDbLine
 10
-1.2837007874015747
 20
2.1417322834645667
 30
0
 11
-1.2840774409448819
 21
2.1418072047244094
 31
0
  0
LINE
  5
A4A
330
1A
100
AcDbEntity
  8
BLACK
  6
CONTINUOUS
100
AcDbLine
 10
-1.2840774409448819
 20
2.1418072047244094
 30
0
 11
-1.2846101181102363
 21
2.1423398818897637
 31
0
  0
LINE
  5
A4B
330
1A
100
AcDbEntity
  8
BLACK
  6
CONTINUOUS
100
AcDbLine
 10
-1.2846101181102363
 20
2.1423398818897637
 30
0
 11
-1.2846850393700786
 21
2.1427165354330708
 31
0
  0
LINE
  5
A4C
330
1A
100
AcDbEntity
  8
BLACK
  6
CONTINUOUS
100
AcDbLine
 10
-1.2846850393700786
 20
2.1427165354330708
 30
0
 11
-1.2846850393700786
 21
2.2001968503937008
 31
0
  0
LINE
  5
A4D
330
1A
100
AcDbEntity
  8
BLACK
  6
CONTINUOUS
100
AcDbLine
 10
-1.2846850393700786
 20
2.2001968503937008
 30
0
 11
-1.2846101181102363
 21
2.200573503937008
 31
0
  0
LINE
  5
A4E
330
1A
100
AcDbEntity
  8
BLACK
  6
CONTINUOUS
100
AcDbLine
 10
-1.2846101181102363
 20
2.200573503937008
 30
0
 11
-1.2840774409448819
 21
2.2011061811023622
 31
0
  0
LINE
  5
A4F
330
1A
100
AcDbEntity
  8
BLACK
  6
CONTINUOUS
100
AcDbLine
 10
-1.2840774409448819
 20
2.2011061811023622
 30
0
 11
-1.2837007874015747
 21
2.2011811023622045
 31
0
  0
LINE
  5
A50
330
1A
100
AcDbEntity
  8
BLACK
  6
CONTINUOUS
100
AcDbLine
 10
-1.2837007874015747
 20
2.2011811023622045
 30
0
 11
-1.1671653543307086
 21
2.2011811023622045
 31
0
  0
LINE
  5
A51
330
1A
100
AcDbEntity
  8
BLACK
  6
CONTINUOUS
100
AcDbLine
 10
-1.1671653543307086
 20
2.2011811023622045
 30
0
 11
-1.1667887007874016
 21
2.2011061811023622
 31
0
  0
LINE
  5
A52
330
1A
100
AcDbEntity
  8
BLACK
  6
CONTINUOUS
100
AcDbLine
 10
-1.2827165354330707
 20
2.1992125984251967
 30
0
 11
-1.2827165354330707
 21
2.1437007874015745
 31
0
  0
LINE
  5
A53
330
1A
100
AcDbEntity
  8
BLACK
  6
CONTINUOUS
100
AcDbLine
 10
-1.2827165354330707
 20
2.1437007874015745
 30
0
 11
-1.1681496062992125
 21
2.1437007874015745
 31
0
  0
LINE
  5
A54
330
1A
100
AcDbEntity
  8
BLACK
  6
CONTINUOUS
100
AcDbLine
 10
-1.1681496062992125
 20
2.1437007874015745
 30
0
 11
-1.1681496062992125
 21
2.1992125984251967
 31
0
  0
LINE
  5
A55
330
1A
100
AcDbEntity
  8
BLACK
  6
CONTINUOUS
100
AcDbLine
 10
-1.1681496062992125
 20
2.1992125984251967
 30
0
 11
-1.2827165354330707
 21
2.1992125984251967
 31
0
  0
LINE
  5
A56
330
1A
100
AcDbEntity
  8
BLACK
  6
CONTINUOUS
100
AcDbLine
 10
-1.5427729527559055
 20
2.2432321653543306
 30
0
 11
-1.5422402755905511
 21
2.2426994881889764
 31
0
  0
LINE
  5
A57
330
1A
100
AcDbEntity
  8
BLACK
  6
CONTINUOUS
100
AcDbLine
 10
-1.5422402755905511
 20
2.2426994881889764
 30
0
 11
-1.5421653543307086
 21
2.2423228346456692
 31
0
  0
LINE
  5
A58
330
1A
100
AcDbEntity
  8
BLACK
  6
CONTINUOUS
100
AcDbLine
 10
-1.5421653543307086
 20
2.2423228346456692
 30
0
 11
-1.5421653543307086
 21
2.2366141732283462
 31
0
  0
LINE
  5
A59
330
1A
100
AcDbEntity
  8
BLACK
  6
CONTINUOUS
100
AcDbLine
 10
-1.5421653543307086
 20
2.2366141732283462
 30
0
 11
-1.5148031496062992
 21
2.2366141732283462
 31
0
  0
LINE
  5
A5A
330
1A
100
AcDbEntity
  8
BLACK
  6
CONTINUOUS
100
AcDbLine
 10
-1.5148031496062992
 20
2.2366141732283462
 30
0
 11
-1.5144264960629921
 21
2.2365392519685039
 31
0
  0
LINE
  5
A5B
330
1A
100
AcDbEntity
  8
BLACK
  6
CONTINUOUS
100
AcDbLine
 10
-1.5144264960629921
 20
2.2365392519685039
 30
0
 11
-1.5138938188976379
 21
2.2360065748031497
 31
0
  0
LINE
  5
A5C
330
1A
100
AcDbEntity
  8
BLACK
  6
CONTINUOUS
100
AcDbLine
 10
-1.5138938188976379
 20
2.2360065748031497
 30
0
 11
-1.5138188976377953
 21
2.2356299212598425
 31
0
  0
LINE
  5
A5D
330
1A
100
AcDbEntity
  8
BLACK
  6
CONTINUOUS
100
AcDbLine
 10
-1.5138188976377953
 20
2.2356299212598425
 30
0
 11
-1.5138188976377953
 21
2.1624015748031495
 31
0
  0
LINE
  5
A5E
330
1A
100
AcDbEntity
  8
BLACK
  6
CONTINUOUS
100
AcDbLine
 10
-1.5138188976377953
 20
2.1624015748031495
 30
0
 11
-1.5138938188976379
 21
2.1620249212598424
 31
0
  0
LINE
  5
A5F
330
1A
100
AcDbEntity
  8
BLACK
  6
CONTINUOUS
100
AcDbLine
 10
-1.5138938188976379
 20
2.1620249212598424
 30
0
 11
-1.5144264960629921
 21
2.1614922440944881
 31
0
  0
LINE
  5
A60
330
1A
100
AcDbEntity
  8
BLACK
  6
CONTINUOUS
100
AcDbLine
 10
-1.5144264960629921
 20
2.1614922440944881
 30
0
 11
-1.5148031496062992
 21
2.1614173228346458
 31
0
  0
LINE
  5
A61
330
1A
100
AcDbEntity
  8
BLACK
  6
CONTINUOUS
100
AcDbLine
 10
-1.5148031496062992
 20
2.1614173228346458
 30
0
 11
-1.5421653543307086
 21
2.1614173228346458
 31
0
  0
LINE
  5
A62
330
1A
100
AcDbEntity
  8
BLACK
  6
CONTINUOUS
100
AcDbLine
 10
-1.5421653543307086
 20
2.1614173228346458
 30
0
 11
-1.5421653543307086
 21
2.1557086614173229
 31
0
  0
LINE
  5
A63
330
1A
100
AcDbEntity
  8
BLACK
  6
CONTINUOUS
100
AcDbLine
 10
-1.5421653543307086
 20
2.1557086614173229
 30
0
 11
-1.5422402755905511
 21
2.1553320078740157
 31
0
  0
LINE
  5
A64
330
1A
100
AcDbEntity
  8
BLACK
  6
CONTINUOUS
100
AcDbLine
 10
-1.5422402755905511
 20
2.1553320078740157
 30
0
 11
-1.5427729527559055
 21
2.1547993307086615
 31
0
  0
LINE
  5
A65
330
1A
100
AcDbEntity
  8
BLACK
  6
CONTINUOUS
100
AcDbLine
 10
-1.5427729527559055
 20
2.1547993307086615
 30
0
 11
-1.5431496062992125
 21
2.1547244094488187
 31
0
  0
LINE
  5
A66
330
1A
100
AcDbEntity
  8
BLACK
  6
CONTINUOUS
100
AcDbLine
 10
-1.5431496062992125
 20
2.1547244094488187
 30
0
 11
-1.6006299212598425
 21
2.1547244094488187
 31
0
  0
LINE
  5
A67
330
1A
100
AcDbEntity
  8
BLACK
  6
CONTINUOUS
100
AcDbLine
 10
-1.6006299212598425
 20
2.1547244094488187
 30
0
 11
-1.6010065748031497
 21
2.1547993307086615
 31
0
  0
LINE
  5
A68
330
1A
100
AcDbEntity
  8
BLACK
  6
CONTINUOUS
100
AcDbLine
 10
-1.6010065748031497
 20
2.1547993307086615
 30
0
 11
-1.6015392519685039
 21
2.1553320078740157
 31
0
  0
LINE
  5
A69
330
1A
100
AcDbEntity
  8
BLACK
  6
CONTINUOUS
100
AcDbLine
 10
-1.6015392519685039
 20
2.1553320078740157
 30
0
 11
-1.6016141732283464
 21
2.1557086614173229
 31
0
  0
LINE
  5
A6A
330
1A
100
AcDbEntity
  8
BLACK
  6
CONTINUOUS
100
AcDbLine
 10
-1.6016141732283464
 20
2.1557086614173229
 30
0
 11
-1.6016141732283464
 21
2.1614173228346458
 31
0
  0
LINE
  5
A6B
330
1A
100
AcDbEntity
  8
BLACK
  6
CONTINUOUS
100
AcDbLine
 10
-1.6016141732283464
 20
2.1614173228346458
 30
0
 11
-1.628976377952756
 21
2.1614173228346458
 31
0
  0
LINE
  5
A6C
330
1A
100
AcDbEntity
  8
BLACK
  6
CONTINUOUS
100
AcDbLine
 10
-1.628976377952756
 20
2.1614173228346458
 30
0
 11
-1.6293530314960629
 21
2.1614922440944881
 31
0
  0
LINE
  5
A6D
330
1A
100
AcDbEntity
  8
BLACK
  6
CONTINUOUS
100
AcDbLine
 10
-1.6293530314960629
 20
2.1614922440944881
 30
0
 11
-1.6298857086614174
 21
2.1620249212598424
 31
0
  0
LINE
  5
A6E
330
1A
100
AcDbEntity
  8
BLACK
  6
CONTINUOUS
100
AcDbLine
 10
-1.6298857086614174
 20
2.1620249212598424
 30
0
 11
-1.6299606299212599
 21
2.1624015748031495
 31
0
  0
LINE
  5
A6F
330
1A
100
AcDbEntity
  8
BLACK
  6
CONTINUOUS
100
AcDbLine
 10
-1.6299606299212599
 20
2.1624015748031495
 30
0
 11
-1.6299606299212599
 21
2.2356299212598425
 31
0
  0
LINE
  5
A70
330
1A
100
AcDbEntity
  8
BLACK
  6
CONTINUOUS
100
AcDbLine
 10
-1.6299606299212599
 20
2.2356299212598425
 30
0
 11
-1.6298857086614174
 21
2.2360065748031497
 31
0
  0
LINE
  5
A71
330
1A
100
AcDbEntity
  8
BLACK
  6
CONTINUOUS
100
AcDbLine
 10
-1.6298857086614174
 20
2.2360065748031497
 30
0
 11
-1.6293530314960629
 21
2.2365392519685039
 31
0
  0
LINE
  5
A72
330
1A
100
AcDbEntity
  8
BLACK
  6
CONTINUOUS
100
AcDbLine
 10
-1.6293530314960629
 20
2.2365392519685039
 30
0
 11
-1.628976377952756
 21
2.2366141732283462
 31
0
  0
LINE
  5
A73
330
1A
100
AcDbEntity
  8
BLACK
  6
CONTINUOUS
100
AcDbLine
 10
-1.628976377952756
 20
2.2366141732283462
 30
0
 11
-1.6016141732283464
 21
2.2366141732283462
 31
0
  0
LINE
  5
A74
330
1A
100
AcDbEntity
  8
BLACK
  6
CONTINUOUS
100
AcDbLine
 10
-1.6016141732283464
 20
2.2366141732283462
 30
0
 11
-1.6016141732283464
 21
2.2423228346456692
 31
0
  0
LINE
  5
A75
330
1A
100
AcDbEntity
  8
BLACK
  6
CONTINUOUS
100
AcDbLine
 10
-1.6016141732283464
 20
2.2423228346456692
 30
0
 11
-1.6015392519685039
 21
2.2426994881889764
 31
0
  0
LINE
  5
A76
330
1A
100
AcDbEntity
  8
BLACK
  6
CONTINUOUS
100
AcDbLine
 10
-1.6015392519685039
 20
2.2426994881889764
 30
0
 11
-1.6010065748031497
 21
2.2432321653543306
 31
0
  0
LINE
  5
A77
330
1A
100
AcDbEntity
  8
BLACK
  6
CONTINUOUS
100
AcDbLine
 10
-1.6010065748031497
 20
2.2432321653543306
 30
0
 11
-1.6006299212598425
 21
2.2433070866141733
 31
0
  0
LINE
  5
A78
330
1A
100
AcDbEntity
  8
BLACK
  6
CONTINUOUS
100
AcDbLine
 10
-1.6006299212598425
 20
2.2433070866141733
 30
0
 11
-1.5431496062992125
 21
2.2433070866141733
 31
0
  0
LINE
  5
A79
330
1A
100
AcDbEntity
  8
BLACK
  6
CONTINUOUS
100
AcDbLine
 10
-1.5431496062992125
 20
2.2433070866141733
 30
0
 11
-1.5427729527559055
 21
2.2432321653543306
 31
0
  0
LINE
  5
A7A
330
1A
100
AcDbEntity
  8
BLACK
  6
CONTINUOUS
100
AcDbLine
 10
-1.5996456692913386
 20
2.2413385826771655
 30
0
 11
-1.5996456692913386
 21
2.2356299212598425
 31
0
  0
LINE
  5
A7B
330
1A
100
AcDbEntity
  8
BLACK
  6
CONTINUOUS
100
AcDbLine
 10
-1.5996456692913386
 20
2.2356299212598425
 30
0
 11
-1.5997205905511811
 21
2.2352532677165353
 31
0
  0
LINE
  5
A7C
330
1A
100
AcDbEntity
  8
BLACK
  6
CONTINUOUS
100
AcDbLine
 10
-1.5997205905511811
 20
2.2352532677165353
 30
0
 11
-1.6002532677165353
 21
2.2347205905511811
 31
0
  0
LINE
  5
A7D
330
1A
100
AcDbEntity
  8
BLACK
  6
CONTINUOUS
100
AcDbLine
 10
-1.6002532677165353
 20
2.2347205905511811
 30
0
 11
-1.6006299212598425
 21
2.2346456692913383
 31
0
  0
LINE
  5
A7E
330
1A
100
AcDbEntity
  8
BLACK
  6
CONTINUOUS
100
AcDbLine
 10
-1.6006299212598425
 20
2.2346456692913383
 30
0
 11
-1.627992125984252
 21
2.2346456692913383
 31
0
  0
LINE
  5
A7F
330
1A
100
AcDbEntity
  8
BLACK
  6
CONTINUOUS
100
AcDbLine
 10
-1.627992125984252
 20
2.2346456692913383
 30
0
 11
-1.627992125984252
 21
2.1633858267716537
 31
0
  0
LINE
  5
A80
330
1A
100
AcDbEntity
  8
BLACK
  6
CONTINUOUS
100
AcDbLine
 10
-1.627992125984252
 20
2.1633858267716537
 30
0
 11
-1.6006299212598425
 21
2.1633858267716537
 31
0
  0
LINE
  5
A81
330
1A
100
AcDbEntity
  8
BLACK
  6
CONTINUOUS
100
AcDbLine
 10
-1.6006299212598425
 20
2.1633858267716537
 30
0
 11
-1.6002532677165353
 21
2.1633109055118109
 31
0
  0
LINE
  5
A82
330
1A
100
AcDbEntity
  8
BLACK
  6
CONTINUOUS
100
AcDbLine
 10
-1.6002532677165353
 20
2.1633109055118109
 30
0
 11
-1.5997205905511811
 21
2.1627782283464567
 31
0
  0
LINE
  5
A83
330
1A
100
AcDbEntity
  8
BLACK
  6
CONTINUOUS
100
AcDbLine
 10
-1.5997205905511811
 20
2.1627782283464567
 30
0
 11
-1.5996456692913386
 21
2.1624015748031495
 31
0
  0
LINE
  5
A84
330
1A
100
AcDbEntity
  8
BLACK
  6
CONTINUOUS
100
AcDbLine
 10
-1.5996456692913386
 20
2.1624015748031495
 30
0
 11
-1.5996456692913386
 21
2.1566929133858266
 31
0
  0
LINE
  5
A85
330
1A
100
AcDbEntity
  8
BLACK
  6
CONTINUOUS
100
AcDbLine
 10
-1.5996456692913386
 20
2.1566929133858266
 30
0
 11
-1.5441338582677164
 21
2.1566929133858266
 31
0
  0
LINE
  5
A86
330
1A
100
AcDbEntity
  8
BLACK
  6
CONTINUOUS
100
AcDbLine
 10
-1.5441338582677164
 20
2.1566929133858266
 30
0
 11
-1.5441338582677164
 21
2.1624015748031495
 31
0
  0
LINE
  5
A87
330
1A
100
AcDbEntity
  8
BLACK
  6
CONTINUOUS
100
AcDbLine
 10
-1.5441338582677164
 20
2.1624015748031495
 30
0
 11
-1.5440589370078739
 21
2.1627782283464567
 31
0
  0
LINE
  5
A88
330
1A
100
AcDbEntity
  8
BLACK
  6
CONTINUOUS
100
AcDbLine
 10
-1.5440589370078739
 20
2.1627782283464567
 30
0
 11
-1.5435262598425197
 21
2.1633109055118109
 31
0
  0
LINE
  5
A89
330
1A
100
AcDbEntity
  8
BLACK
  6
CONTINUOUS
100
AcDbLine
 10
-1.5435262598425197
 20
2.1633109055118109
 30
0
 11
-1.5431496062992125
 21
2.1633858267716537
 31
0
  0
LINE
  5
A8A
330
1A
100
AcDbEntity
  8
BLACK
  6
CONTINUOUS
100
AcDbLine
 10
-1.5431496062992125
 20
2.1633858267716537
 30
0
 11
-1.5157874015748032
 21
2.1633858267716537
 31
0
  0
LINE
  5
A8B
330
1A
100
AcDbEntity
  8
BLACK
  6
CONTINUOUS
100
AcDbLine
 10
-1.5157874015748032
 20
2.1633858267716537
 30
0
 11
-1.5157874015748032
 21
2.2346456692913383
 31
0
  0
LINE
  5
A8C
330
1A
100
AcDbEntity
  8
BLACK
  6
CONTINUOUS
100
AcDbLine
 10
-1.5157874015748032
 20
2.2346456692913383
 30
0
 11
-1.5431496062992125
 21
2.2346456692913383
 31
0
  0
LINE
  5
A8D
330
1A
100
AcDbEntity
  8
BLACK
  6
CONTINUOUS
100
AcDbLine
 10
-1.5431496062992125
 20
2.2346456692913383
 30
0
 11
-1.5435262598425197
 21
2.2347205905511811
 31
0
  0
LINE
  5
A8E
330
1A
100
AcDbEntity
  8
BLACK
  6
CONTINUOUS
100
AcDbLine
 10
-1.5435262598425197
 20
2.2347205905511811
 30
0
 11
-1.5440589370078739
 21
2.2352532677165353
 31
0
  0
LINE
  5
A8F
330
1A
100
AcDbEntity
  8
BLACK
  6
CONTINUOUS
100
AcDbLine
 10
-1.5440589370078739
 20
2.2352532677165353
 30
0
 11
-1.5441338582677164
 21
2.2356299212598425
 31
0
  0
LINE
  5
A90
330
1A
100
AcDbEntity
  8
BLACK
  6
CONTINUOUS
100
AcDbLine
 10
-1.5441338582677164
 20
2.2356299212598425
 30
0
 11
-1.5441338582677164
 21
2.2413385826771655
 31
0
  0
LINE
  5
A91
330
1A
100
AcDbEntity
  8
BLACK
  6
CONTINUOUS
100
AcDbLine
 10
-1.5441338582677164
 20
2.2413385826771655
 30
0
 11
-1.5996456692913386
 21
2.2413385826771655
 31
0
  0
LINE
  5
A92
330
1A
100
AcDbEntity
  8
BLACK
  6
CONTINUOUS
100
AcDbLine
 10
-1.816395
 20
2.2326022440944882
 30
0
 11
-1.8158623228346455
 21
2.2320695669291339
 31
0
  0
LINE
  5
A93
330
1A
100
AcDbEntity
  8
BLACK
  6
CONTINUOUS
100
AcDbLine
 10
-1.8158623228346455
 20
2.2320695669291339
 30
0
 11
-1.815787401574803
 21
2.2316929133858268
 31
0
  0
LINE
  5
A94
330
1A
100
AcDbEntity
  8
BLACK
  6
CONTINUOUS
100
AcDbLine
 10
-1.815787401574803
 20
2.2316929133858268
 30
0
 11
-1.815787401574803
 21
2.1742125984251968
 31
0
  0
LINE
  5
A95
330
1A
100
AcDbEntity
  8
BLACK
  6
CONTINUOUS
100
AcDbLine
 10
-1.815787401574803
 20
2.1742125984251968
 30
0
 11
-1.8158623228346455
 21
2.1738359448818896
 31
0
  0
LINE
  5
A96
330
1A
100
AcDbEntity
  8
BLACK
  6
CONTINUOUS
100
AcDbLine
 10
-1.8158623228346455
 20
2.1738359448818896
 30
0
 11
-1.816395
 21
2.1733032677165354
 31
0
  0
LINE
  5
A97
330
1A
100
AcDbEntity
  8
BLACK
  6
CONTINUOUS
100
AcDbLine
 10
-1.816395
 20
2.1733032677165354
 30
0
 11
-1.8167716535433069
 21
2.173228346456693
 31
0
  0
LINE
  5
A98
330
1A
100
AcDbEntity
  8
BLACK
  6
CONTINUOUS
100
AcDbLine
 10
-1.8167716535433069
 20
2.173228346456693
 30
0
 11
-1.9333070866141733
 21
2.173228346456693
 31
0
  0
LINE
  5
A99
330
1A
100
AcDbEntity
  8
BLACK
  6
CONTINUOUS
100
AcDbLine
 10
-1.9333070866141733
 20
2.173228346456693
 30
0
 11
-1.9336837401574802
 21
2.1733032677165354
 31
0
  0
LINE
  5
A9A
330
1A
100
AcDbEntity
  8
BLACK
  6
CONTINUOUS
100
AcDbLine
 10
-1.9336837401574802
 20
2.1733032677165354
 30
0
 11
-1.9342164173228347
 21
2.1738359448818896
 31
0
  0
LINE
  5
A9B
330
1A
100
AcDbEntity
  8
BLACK
  6
CONTINUOUS
100
AcDbLine
 10
-1.9342164173228347
 20
2.1738359448818896
 30
0
 11
-1.9342913385826772
 21
2.1742125984251968
 31
0
  0
LINE
  5
A9C
330
1A
100
AcDbEntity
  8
BLACK
  6
CONTINUOUS
100
AcDbLine
 10
-1.9342913385826772
 20
2.1742125984251968
 30
0
 11
-1.9342913385826772
 21
2.2316929133858268
 31
0
  0
LINE
  5
A9D
330
1A
100
AcDbEntity
  8
BLACK
  6
CONTINUOUS
100
AcDbLine
 10
-1.9342913385826772
 20
2.2316929133858268
 30
0
 11
-1.9342164173228347
 21
2.2320695669291339
 31
0
  0
LINE
  5
A9E
330
1A
100
AcDbEntity
  8
BLACK
  6
CONTINUOUS
100
AcDbLine
 10
-1.9342164173228347
 20
2.2320695669291339
 30
0
 11
-1.9336837401574802
 21
2.2326022440944882
 31
0
  0
LINE
  5
A9F
330
1A
100
AcDbEntity
  8
BLACK
  6
CONTINUOUS
100
AcDbLine
 10
-1.9336837401574802
 20
2.2326022440944882
 30
0
 11
-1.9333070866141733
 21
2.2326771653543305
 31
0
  0
LINE
  5
AA0
330
1A
100
AcDbEntity
  8
BLACK
  6
CONTINUOUS
100
AcDbLine
 10
-1.9333070866141733
 20
2.2326771653543305
 30
0
 11
-1.8167716535433069
 21
2.2326771653543305
 31
0
  0
LINE
  5
AA1
330
1A
100
AcDbEntity
  8
BLACK
  6
CONTINUOUS
100
AcDbLine
 10
-1.8167716535433069
 20
2.2326771653543305
 30
0
 11
-1.816395
 21
2.2326022440944882
 31
0
  0
LINE
  5
AA2
330
1A
100
AcDbEntity
  8
BLACK
  6
CONTINUOUS
100
AcDbLine
 10
-1.9323228346456693
 20
2.2307086614173226
 30
0
 11
-1.9323228346456693
 21
2.1751968503937009
 31
0
  0
LINE
  5
AA3
330
1A
100
AcDbEntity
  8
BLACK
  6
CONTINUOUS
100
AcDbLine
 10
-1.9323228346456693
 20
2.1751968503937009
 30
0
 11
-1.8177559055118109
 21
2.1751968503937009
 31
0
  0
LINE
  5
AA4
330
1A
100
AcDbEntity
  8
BLACK
  6
CONTINUOUS
100
AcDbLine
 10
-1.8177559055118109
 20
2.1751968503937009
 30
0
 11
-1.8177559055118109
 21
2.2307086614173226
 31
0
  0
LINE
  5
AA5
330
1A
100
AcDbEntity
  8
BLACK
  6
CONTINUOUS
100
AcDbLine
 10
-1.8177559055118109
 20
2.2307086614173226
 30
0
 11
-1.9323228346456693
 21
2.2307086614173226
 31
0
  0
LINE
  5
AA6
330
1A
100
AcDbEntity
  8
BLACK
  6
CONTINUOUS
100
AcDbLine
 10
-1.6352926377952754
 20
2.2326022440944882
 30
0
 11
-1.6347599606299212
 21
2.2320695669291339
 31
0
  0
LINE
  5
AA7
330
1A
100
AcDbEntity
  8
BLACK
  6
CONTINUOUS
100
AcDbLine
 10
-1.6347599606299212
 20
2.2320695669291339
 30
0
 11
-1.6346850393700787
 21
2.2316929133858268
 31
0
  0
LINE
  5
AA8
330
1A
100
AcDbEntity
  8
BLACK
  6
CONTINUOUS
100
AcDbLine
 10
-1.6346850393700787
 20
2.2316929133858268
 30
0
 11
-1.6346850393700787
 21
2.1742125984251968
 31
0
  0
LINE
  5
AA9
330
1A
100
AcDbEntity
  8
BLACK
  6
CONTINUOUS
100
AcDbLine
 10
-1.6346850393700787
 20
2.1742125984251968
 30
0
 11
-1.6347599606299212
 21
2.1738359448818896
 31
0
  0
LINE
  5
AAA
330
1A
100
AcDbEntity
  8
BLACK
  6
CONTINUOUS
100
AcDbLine
 10
-1.6347599606299212
 20
2.1738359448818896
 30
0
 11
-1.6352926377952754
 21
2.1733032677165354
 31
0
  0
LINE
  5
AAB
330
1A
100
AcDbEntity
  8
BLACK
  6
CONTINUOUS
100
AcDbLine
 10
-1.6352926377952754
 20
2.1733032677165354
 30
0
 11
-1.6356692913385826
 21
2.173228346456693
 31
0
  0
LINE
  5
AAC
330
1A
100
AcDbEntity
  8
BLACK
  6
CONTINUOUS
100
AcDbLine
 10
-1.6356692913385826
 20
2.173228346456693
 30
0
 11
-1.7522047244094487
 21
2.173228346456693
 31
0
  0
LINE
  5
AAD
330
1A
100
AcDbEntity
  8
BLACK
  6
CONTINUOUS
100
AcDbLine
 10
-1.7522047244094487
 20
2.173228346456693
 30
0
 11
-1.7525813779527559
 21
2.1733032677165354
 31
0
  0
LINE
  5
AAE
330
1A
100
AcDbEntity
  8
BLACK
  6
CONTINUOUS
100
AcDbLine
 10
-1.7525813779527559
 20
2.1733032677165354
 30
0
 11
-1.7531140551181101
 21
2.1738359448818896
 31
0
  0
LINE
  5
AAF
330
1A
100
AcDbEntity
  8
BLACK
  6
CONTINUOUS
100
AcDbLine
 10
-1.7531140551181101
 20
2.1738359448818896
 30
0
 11
-1.7531889763779527
 21
2.1742125984251968
 31
0
  0
LINE
  5
AB0
330
1A
100
AcDbEntity
  8
BLACK
  6
CONTINUOUS
100
AcDbLine
 10
-1.7531889763779527
 20
2.1742125984251968
 30
0
 11
-1.7531889763779527
 21
2.2316929133858268
 31
0
  0
LINE
  5
AB1
330
1A
100
AcDbEntity
  8
BLACK
  6
CONTINUOUS
100
AcDbLine
 10
-1.7531889763779527
 20
2.2316929133858268
 30
0
 11
-1.7531140551181101
 21
2.2320695669291339
 31
0
  0
LINE
  5
AB2
330
1A
100
AcDbEntity
  8
BLACK
  6
CONTINUOUS
100
AcDbLine
 10
-1.7531140551181101
 20
2.2320695669291339
 30
0
 11
-1.7525813779527559
 21
2.2326022440944882
 31
0
  0
LINE
  5
AB3
330
1A
100
AcDbEntity
  8
BLACK
  6
CONTINUOUS
100
AcDbLine
 10
-1.7525813779527559
 20
2.2326022440944882
 30
0
 11
-1.7522047244094487
 21
2.2326771653543305
 31
0
  0
LINE
  5
AB4
330
1A
100
AcDbEntity
  8
BLACK
  6
CONTINUOUS
100
AcDbLine
 10
-1.7522047244094487
 20
2.2326771653543305
 30
0
 11
-1.6356692913385826
 21
2.2326771653543305
 31
0
  0
LINE
  5
AB5
330
1A
100
AcDbEntity
  8
BLACK
  6
CONTINUOUS
100
AcDbLine
 10
-1.6356692913385826
 20
2.2326771653543305
 30
0
 11
-1.6352926377952754
 21
2.2326022440944882
 31
0
  0
LINE
  5
AB6
330
1A
100
AcDbEntity
  8
BLACK
  6
CONTINUOUS
100
AcDbLine
 10
-1.7512204724409448
 20
2.2307086614173226
 30
0
 11
-1.7512204724409448
 21
2.1751968503937009
 31
0
  0
LINE
  5
AB7
330
1A
100
AcDbEntity
  8
BLACK
  6
CONTINUOUS
100
AcDbLine
 10
-1.7512204724409448
 20
2.1751968503937009
 30
0
 11
-1.6366535433070866
 21
2.1751968503937009
 31
0
  0
LINE
  5
AB8
330
1A
100
AcDbEntity
  8
BLACK
  6
CONTINUOUS
100
AcDbLine
 10
-1.6366535433070866
 20
2.1751968503937009
 30
0
 11
-1.6366535433070866
 21
2.2307086614173226
 31
0
  0
LINE
  5
AB9
330
1A
100
AcDbEntity
  8
BLACK
  6
CONTINUOUS
100
AcDbLine
 10
-1.6366535433070866
 20
2.2307086614173226
 30
0
 11
-1.7512204724409448
 21
2.2307086614173226
 31
0
  0
LINE
  5
ABA
330
1A
100
AcDbEntity
  8
BLACK
  6
CONTINUOUS
100
AcDbLine
 10
-1.1943477559055118
 20
2.2640983070866141
 30
0
 11
-1.1938150787401574
 21
2.2635656299212599
 31
0
  0
LINE
  5
ABB
330
1A
100
AcDbEntity
  8
BLACK
  6
CONTINUOUS
100
AcDbLine
 10
-1.1938150787401574
 20
2.2635656299212599
 30
0
 11
-1.193740157480315
 21
2.2631889763779527
 31
0
  0
LINE
  5
ABC
330
1A
100
AcDbEntity
  8
BLACK
  6
CONTINUOUS
100
AcDbLine
 10
-1.193740157480315
 20
2.2631889763779527
 30
0
 11
-1.193740157480315
 21
2.2057086614173227
 31
0
  0
LINE
  5
ABD
330
1A
100
AcDbEntity
  8
BLACK
  6
CONTINUOUS
100
AcDbLine
 10
-1.193740157480315
 20
2.2057086614173227
 30
0
 11
-1.1938150787401574
 21
2.2053320078740155
 31
0
  0
LINE
  5
ABE
330
1A
100
AcDbEntity
  8
BLACK
  6
CONTINUOUS
100
AcDbLine
 10
-1.1938150787401574
 20
2.2053320078740155
 30
0
 11
-1.1943477559055118
 21
2.2047993307086613
 31
0
  0
LINE
  5
ABF
330
1A
100
AcDbEntity
  8
BLACK
  6
CONTINUOUS
100
AcDbLine
 10
-1.1943477559055118
 20
2.2047993307086613
 30
0
 11
-1.194724409448819
 21
2.204724409448819
 31
0
  0
LINE
  5
AC0
330
1A
100
AcDbEntity
  8
BLACK
  6
CONTINUOUS
100
AcDbLine
 10
-1.194724409448819
 20
2.204724409448819
 30
0
 11
-1.3112598425196851
 21
2.204724409448819
 31
0
  0
LINE
  5
AC1
330
1A
100
AcDbEntity
  8
BLACK
  6
CONTINUOUS
100
AcDbLine
 10
-1.3112598425196851
 20
2.204724409448819
 30
0
 11
-1.311636496062992
 21
2.2047993307086613
 31
0
  0
LINE
  5
AC2
330
1A
100
AcDbEntity
  8
BLACK
  6
CONTINUOUS
100
AcDbLine
 10
-1.311636496062992
 20
2.2047993307086613
 30
0
 11
-1.3121691732283465
 21
2.2053320078740155
 31
0
  0
LINE
  5
AC3
330
1A
100
AcDbEntity
  8
BLACK
  6
CONTINUOUS
100
AcDbLine
 10
-1.3121691732283465
 20
2.2053320078740155
 30
0
 11
-1.312244094488189
 21
2.2057086614173227
 31
0
  0
LINE
  5
AC4
330
1A
100
AcDbEntity
  8
BLACK
  6
CONTINUOUS
100
AcDbLine
 10
-1.312244094488189
 20
2.2057086614173227
 30
0
 11
-1.312244094488189
 21
2.2631889763779527
 31
0
  0
LINE
  5
AC5
330
1A
100
AcDbEntity
  8
BLACK
  6
CONTINUOUS
100
AcDbLine
 10
-1.312244094488189
 20
2.2631889763779527
 30
0
 11
-1.3121691732283465
 21
2.2635656299212599
 31
0
  0
LINE
  5
AC6
330
1A
100
AcDbEntity
  8
BLACK
  6
CONTINUOUS
100
AcDbLine
 10
-1.3121691732283465
 20
2.2635656299212599
 30
0
 11
-1.311636496062992
 21
2.2640983070866141
 31
0
  0
LINE
  5
AC7
330
1A
100
AcDbEntity
  8
BLACK
  6
CONTINUOUS
100
AcDbLine
 10
-1.311636496062992
 20
2.2640983070866141
 30
0
 11
-1.3112598425196851
 21
2.2641732283464568
 31
0
  0
LINE
  5
AC8
330
1A
100
AcDbEntity
  8
BLACK
  6
CONTINUOUS
100
AcDbLine
 10
-1.3112598425196851
 20
2.2641732283464568
 30
0
 11
-1.194724409448819
 21
2.2641732283464568
 31
0
  0
LINE
  5
AC9
330
1A
100
AcDbEntity
  8
BLACK
  6
CONTINUOUS
100
AcDbLine
 10
-1.194724409448819
 20
2.2641732283464568
 30
0
 11
-1.1943477559055118
 21
2.2640983070866141
 31
0
  0
LINE
  5
ACA
330
1A
100
AcDbEntity
  8
BLACK
  6
CONTINUOUS
100
AcDbLine
 10
-1.3102755905511811
 20
2.262204724409449
 30
0
 11
-1.3102755905511811
 21
2.2066929133858268
 31
0
  0
LINE
  5
ACB
330
1A
100
AcDbEntity
  8
BLACK
  6
CONTINUOUS
100
AcDbLine
 10
-1.3102755905511811
 20
2.2066929133858268
 30
0
 11
-1.1957086614173229
 21
2.2066929133858268
 31
0
  0
LINE
  5
ACC
330
1A
100
AcDbEntity
  8
BLACK
  6
CONTINUOUS
100
AcDbLine
 10
-1.1957086614173229
 20
2.2066929133858268
 30
0
 11
-1.1957086614173229
 21
2.262204724409449
 31
0
  0
LINE
  5
ACD
330
1A
100
AcDbEntity
  8
BLACK
  6
CONTINUOUS
100
AcDbLine
 10
-1.1957086614173229
 20
2.262204724409449
 30
0
 11
-1.3102755905511811
 21
2.262204724409449
 31
0
  0
LINE
  5
ACE
330
1A
100
AcDbEntity
  8
BLACK
  6
CONTINUOUS
100
AcDbLine
 10
-1.0704501181102362
 20
2.3231534251968502
 30
0
 11
-1.0699174409448819
 21
2.322620748031496
 31
0
  0
LINE
  5
ACF
330
1A
100
AcDbEntity
  8
BLACK
  6
CONTINUOUS
100
AcDbLine
 10
-1.0699174409448819
 20
2.322620748031496
 30
0
 11
-1.0698425196850394
 21
2.3222440944881888
 31
0
  0
LINE
  5
AD0
330
1A
100
AcDbEntity
  8
BLACK
  6
CONTINUOUS
100
AcDbLine
 10
-1.0698425196850394
 20
2.3222440944881888
 30
0
 11
-1.0698425196850394
 21
2.2647637795275588
 31
0
  0
LINE
  5
AD1
330
1A
100
AcDbEntity
  8
BLACK
  6
CONTINUOUS
100
AcDbLine
 10
-1.0698425196850394
 20
2.2647637795275588
 30
0
 11
-1.0699174409448819
 21
2.2643871259842521
 31
0
  0
LINE
  5
AD2
330
1A
100
AcDbEntity
  8
BLACK
  6
CONTINUOUS
100
AcDbLine
 10
-1.0699174409448819
 20
2.2643871259842521
 30
0
 11
-1.0700525984251967
 21
2.2642519685039368
 31
0
  0
LINE
  5
AD3
330
1A
100
AcDbEntity
  8
BLACK
  6
CONTINUOUS
100
AcDbLine
 10
-1.0700525984251967
 20
2.2642519685039368
 30
0
 11
-1.0699174409448819
 21
2.2641168110236221
 31
0
  0
LINE
  5
AD4
330
1A
100
AcDbEntity
  8
BLACK
  6
CONTINUOUS
100
AcDbLine
 10
-1.0699174409448819
 20
2.2641168110236221
 30
0
 11
-1.0698425196850394
 21
2.2637401574803149
 31
0
  0
LINE
  5
AD5
330
1A
100
AcDbEntity
  8
BLACK
  6
CONTINUOUS
100
AcDbLine
 10
-1.0698425196850394
 20
2.2637401574803149
 30
0
 11
-1.0698425196850394
 21
2.2062598425196849
 31
0
  0
LINE
  5
AD6
330
1A
100
AcDbEntity
  8
BLACK
  6
CONTINUOUS
100
AcDbLine
 10
-1.0698425196850394
 20
2.2062598425196849
 30
0
 11
-1.0699174409448819
 21
2.2058831889763777
 31
0
  0
LINE
  5
AD7
330
1A
100
AcDbEntity
  8
BLACK
  6
CONTINUOUS
100
AcDbLine
 10
-1.0699174409448819
 20
2.2058831889763777
 30
0
 11
-1.0704501181102362
 21
2.2053505118110235
 31
0
  0
LINE
  5
AD8
330
1A
100
AcDbEntity
  8
BLACK
  6
CONTINUOUS
100
AcDbLine
 10
-1.0704501181102362
 20
2.2053505118110235
 30
0
 11
-1.0708267716535433
 21
2.2052755905511812
 31
0
  0
LINE
  5
AD9
330
1A
100
AcDbEntity
  8
BLACK
  6
CONTINUOUS
100
AcDbLine
 10
-1.0708267716535433
 20
2.2052755905511812
 30
0
 11
-1.1873622047244095
 21
2.2052755905511812
 31
0
  0
LINE
  5
ADA
330
1A
100
AcDbEntity
  8
BLACK
  6
CONTINUOUS
100
AcDbLine
 10
-1.1873622047244095
 20
2.2052755905511812
 30
0
 11
-1.1877388582677164
 21
2.2053505118110235
 31
0
  0
LINE
  5
ADB
330
1A
100
AcDbEntity
  8
BLACK
  6
CONTINUOUS
100
AcDbLine
 10
-1.1877388582677164
 20
2.2053505118110235
 30
0
 11
-1.1882715354330708
 21
2.2058831889763777
 31
0
  0
LINE
  5
ADC
330
1A
100
AcDbEntity
  8
BLACK
  6
CONTINUOUS
100
AcDbLine
 10
-1.1882715354330708
 20
2.2058831889763777
 30
0
 11
-1.1883464566929134
 21
2.2062598425196849
 31
0
  0
LINE
  5
ADD
330
1A
100
AcDbEntity
  8
BLACK
  6
CONTINUOUS
100
AcDbLine
 10
-1.1883464566929134
 20
2.2062598425196849
 30
0
 11
-1.1883464566929134
 21
2.2637401574803149
 31
0
  0
LINE
  5
ADE
330
1A
100
AcDbEntity
  8
BLACK
  6
CONTINUOUS
100
AcDbLine
 10
-1.1883464566929134
 20
2.2637401574803149
 30
0
 11
-1.1882715354330708
 21
2.2641168110236221
 31
0
  0
LINE
  5
ADF
330
1A
100
AcDbEntity
  8
BLACK
  6
CONTINUOUS
100
AcDbLine
 10
-1.1882715354330708
 20
2.2641168110236221
 30
0
 11
-1.1881363779527558
 21
2.2642519685039368
 31
0
  0
LINE
  5
AE0
330
1A
100
AcDbEntity
  8
BLACK
  6
CONTINUOUS
100
AcDbLine
 10
-1.1881363779527558
 20
2.2642519685039368
 30
0
 11
-1.1882715354330708
 21
2.2643871259842521
 31
0
  0
LINE
  5
AE1
330
1A
100
AcDbEntity
  8
BLACK
  6
CONTINUOUS
100
AcDbLine
 10
-1.1882715354330708
 20
2.2643871259842521
 30
0
 11
-1.1883464566929134
 21
2.2647637795275588
 31
0
  0
LINE
  5
AE2
330
1A
100
AcDbEntity
  8
BLACK
  6
CONTINUOUS
100
AcDbLine
 10
-1.1883464566929134
 20
2.2647637795275588
 30
0
 11
-1.1883464566929134
 21
2.3222440944881888
 31
0
  0
LINE
  5
AE3
330
1A
100
AcDbEntity
  8
BLACK
  6
CONTINUOUS
100
AcDbLine
 10
-1.1883464566929134
 20
2.3222440944881888
 30
0
 11
-1.1882715354330708
 21
2.322620748031496
 31
0
  0
LINE
  5
AE4
330
1A
100
AcDbEntity
  8
BLACK
  6
CONTINUOUS
100
AcDbLine
 10
-1.1882715354330708
 20
2.322620748031496
 30
0
 11
-1.1877388582677164
 21
2.3231534251968502
 31
0
  0
LINE
  5
AE5
330
1A
100
AcDbEntity
  8
BLACK
  6
CONTINUOUS
100
AcDbLine
 10
-1.1877388582677164
 20
2.3231534251968502
 30
0
 11
-1.1873622047244095
 21
2.323228346456693
 31
0
  0
LINE
  5
AE6
330
1A
100
AcDbEntity
  8
BLACK
  6
CONTINUOUS
100
AcDbLine
 10
-1.1873622047244095
 20
2.323228346456693
 30
0
 11
-1.0708267716535433
 21
2.323228346456693
 31
0
  0
LINE
  5
AE7
330
1A
100
AcDbEntity
  8
BLACK
  6
CONTINUOUS
100
AcDbLine
 10
-1.0708267716535433
 20
2.323228346456693
 30
0
 11
-1.0704501181102362
 21
2.3231534251968502
 31
0
  0
LINE
  5
AE8
330
1A
100
AcDbEntity
  8
BLACK
  6
CONTINUOUS
100
AcDbLine
 10
-1.1863779527559055
 20
2.2627559055118112
 30
0
 11
-1.1863779527559055
 21
2.207244094488189
 31
0
  0
LINE
  5
AE9
330
1A
100
AcDbEntity
  8
BLACK
  6
CONTINUOUS
100
AcDbLine
 10
-1.1863779527559055
 20
2.207244094488189
 30
0
 11
-1.0718110236220473
 21
2.207244094488189
 31
0
  0
LINE
  5
AEA
330
1A
100
AcDbEntity
  8
BLACK
  6
CONTINUOUS
100
AcDbLine
 10
-1.0718110236220473
 20
2.207244094488189
 30
0
 11
-1.0718110236220473
 21
2.2627559055118112
 31
0
  0
LINE
  5
AEB
330
1A
100
AcDbEntity
  8
BLACK
  6
CONTINUOUS
100
AcDbLine
 10
-1.0718110236220473
 20
2.2627559055118112
 30
0
 11
-1.1863779527559055
 21
2.2627559055118112
 31
0
  0
LINE
  5
AEC
330
1A
100
AcDbEntity
  8
BLACK
  6
CONTINUOUS
100
AcDbLine
 10
-1.1863779527559055
 20
2.3212598425196851
 30
0
 11
-1.1863779527559055
 21
2.265748031496063
 31
0
  0
LINE
  5
AED
330
1A
100
AcDbEntity
  8
BLACK
  6
CONTINUOUS
100
AcDbLine
 10
-1.1863779527559055
 20
2.265748031496063
 30
0
 11
-1.0718110236220473
 21
2.265748031496063
 31
0
  0
LINE
  5
AEE
330
1A
100
AcDbEntity
  8
BLACK
  6
CONTINUOUS
100
AcDbLine
 10
-1.0718110236220473
 20
2.265748031496063
 30
0
 11
-1.0718110236220473
 21
2.3212598425196851
 31
0
  0
LINE
  5
AEF
330
1A
100
AcDbEntity
  8
BLACK
  6
CONTINUOUS
100
AcDbLine
 10
-1.0718110236220473
 20
2.3212598425196851
 30
0
 11
-1.1863779527559055
 21
2.3212598425196851
 31
0
  0
LINE
  5
AF0
330
1A
100
AcDbEntity
  8
BLACK
  6
CONTINUOUS
100
AcDbLine
 10
-0.6176942125984252
 20
2.2944920078740156
 30
0
 11
-0.6171615354330708
 21
2.2939593307086614
 31
0
  0
LINE
  5
AF1
330
1A
100
AcDbEntity
  8
BLACK
  6
CONTINUOUS
100
AcDbLine
 10
-0.6171615354330708
 20
2.2939593307086614
 30
0
 11
-0.6170866141732283
 21
2.2935826771653542
 31
0
  0
LINE
  5
AF2
330
1A
100
AcDbEntity
  8
BLACK
  6
CONTINUOUS
100
AcDbLine
 10
-0.6170866141732283
 20
2.2935826771653542
 30
0
 11
-0.6170866141732283
 21
2.2164173228346455
 31
0
  0
LINE
  5
AF3
330
1A
100
AcDbEntity
  8
BLACK
  6
CONTINUOUS
100
AcDbLine
 10
-0.6170866141732283
 20
2.2164173228346455
 30
0
 11
-0.6171615354330708
 21
2.2160406692913384
 31
0
  0
LINE
  5
AF4
330
1A
100
AcDbEntity
  8
BLACK
  6
CONTINUOUS
100
AcDbLine
 10
-0.6171615354330708
 20
2.2160406692913384
 30
0
 11
-0.6176942125984252
 21
2.2155079921259841
 31
0
  0
LINE
  5
AF5
330
1A
100
AcDbEntity
  8
BLACK
  6
CONTINUOUS
100
AcDbLine
 10
-0.6176942125984252
 20
2.2155079921259841
 30
0
 11
-0.6180708661417322
 21
2.2154330708661418
 31
0
  0
LINE
  5
AF6
330
1A
100
AcDbEntity
  8
BLACK
  6
CONTINUOUS
100
AcDbLine
 10
-0.6180708661417322
 20
2.2154330708661418
 30
0
 11
-0.7519291338582677
 21
2.2154330708661418
 31
0
  0
LINE
  5
AF7
330
1A
100
AcDbEntity
  8
BLACK
  6
CONTINUOUS
100
AcDbLine
 10
-0.7519291338582677
 20
2.2154330708661418
 30
0
 11
-0.7523057874015748
 21
2.2155079921259841
 31
0
  0
LINE
  5
AF8
330
1A
100
AcDbEntity
  8
BLACK
  6
CONTINUOUS
100
AcDbLine
 10
-0.7523057874015748
 20
2.2155079921259841
 30
0
 11
-0.7528384645669292
 21
2.2160406692913384
 31
0
  0
LINE
  5
AF9
330
1A
100
AcDbEntity
  8
BLACK
  6
CONTINUOUS
100
AcDbLine
 10
-0.7528384645669292
 20
2.2160406692913384
 30
0
 11
-0.7529133858267716
 21
2.2164173228346455
 31
0
  0
LINE
  5
AFA
330
1A
100
AcDbEntity
  8
BLACK
  6
CONTINUOUS
100
AcDbLine
 10
-0.7529133858267716
 20
2.2164173228346455
 30
0
 11
-0.7529133858267716
 21
2.2935826771653542
 31
0
  0
LINE
  5
AFB
330
1A
100
AcDbEntity
  8
BLACK
  6
CONTINUOUS
100
AcDbLine
 10
-0.7529133858267716
 20
2.2935826771653542
 30
0
 11
-0.7528384645669292
 21
2.2939593307086614
 31
0
  0
LINE
  5
AFC
330
1A
100
AcDbEntity
  8
BLACK
  6
CONTINUOUS
100
AcDbLine
 10
-0.7528384645669292
 20
2.2939593307086614
 30
0
 11
-0.7523057874015748
 21
2.2944920078740156
 31
0
  0
LINE
  5
AFD
330
1A
100
AcDbEntity
  8
BLACK
  6
CONTINUOUS
100
AcDbLine
 10
-0.7523057874015748
 20
2.2944920078740156
 30
0
 11
-0.7519291338582677
 21
2.2945669291338584
 31
0
  0
LINE
  5
AFE
330
1A
100
AcDbEntity
  8
BLACK
  6
CONTINUOUS
100
AcDbLine
 10
-0.7519291338582677
 20
2.2945669291338584
 30
0
 11
-0.6180708661417322
 21
2.2945669291338584
 31
0
  0
LINE
  5
AFF
330
1A
100
AcDbEntity
  8
BLACK
  6
CONTINUOUS
100
AcDbLine
 10
-0.6180708661417322
 20
2.2945669291338584
 30
0
 11
-0.6176942125984252
 21
2.2944920078740156
 31
0
  0
LINE
  5
B00
330
1A
100
AcDbEntity
  8
BLACK
  6
CONTINUOUS
100
AcDbLine
 10
-0.7509448818897637
 20
2.2925984251968505
 30
0
 11
-0.7509448818897637
 21
2.2174015748031497
 31
0
  0
LINE
  5
B01
330
1A
100
AcDbEntity
  8
BLACK
  6
CONTINUOUS
100
AcDbLine
 10
-0.7509448818897637
 20
2.2174015748031497
 30
0
 11
-0.6190551181102362
 21
2.2174015748031497
 31
0
  0
LINE
  5
B02
330
1A
100
AcDbEntity
  8
BLACK
  6
CONTINUOUS
100
AcDbLine
 10
-0.6190551181102362
 20
2.2174015748031497
 30
0
 11
-0.6190551181102362
 21
2.2925984251968505
 31
0
  0
LINE
  5
B03
330
1A
100
AcDbEntity
  8
BLACK
  6
CONTINUOUS
100
AcDbLine
 10
-0.6190551181102362
 20
2.2925984251968505
 30
0
 11
-0.7509448818897637
 21
2.2925984251968505
 31
0
  0
LINE
  5
B04
330
1A
100
AcDbEntity
  8
BLACK
  6
CONTINUOUS
100
AcDbLine
 10
-0.2009816141732284
 20
2.2933109055118108
 30
0
 11
-0.200448937007874
 21
2.2927782283464566
 31
0
  0
LINE
  5
B05
330
1A
100
AcDbEntity
  8
BLACK
  6
CONTINUOUS
100
AcDbLine
 10
-0.200448937007874
 20
2.2927782283464566
 30
0
 11
-0.2003740157480315
 21
2.2924015748031494
 31
0
  0
LINE
  5
B06
330
1A
100
AcDbEntity
  8
BLACK
  6
CONTINUOUS
100
AcDbLine
 10
-0.2003740157480315
 20
2.2924015748031494
 30
0
 11
-0.2003740157480315
 21
2.2175984251968504
 31
0
  0
LINE
  5
B07
330
1A
100
AcDbEntity
  8
BLACK
  6
CONTINUOUS
100
AcDbLine
 10
-0.2003740157480315
 20
2.2175984251968504
 30
0
 11
-0.200448937007874
 21
2.2172217716535432
 31
0
  0
LINE
  5
B08
330
1A
100
AcDbEntity
  8
BLACK
  6
CONTINUOUS
100
AcDbLine
 10
-0.200448937007874
 20
2.2172217716535432
 30
0
 11
-0.2009816141732284
 21
2.216689094488189
 31
0
  0
LINE
  5
B09
330
1A
100
AcDbEntity
  8
BLACK
  6
CONTINUOUS
100
AcDbLine
 10
-0.2009816141732284
 20
2.216689094488189
 30
0
 11
-0.2013582677165354
 21
2.2166141732283462
 31
0
  0
LINE
  5
B0A
330
1A
100
AcDbEntity
  8
BLACK
  6
CONTINUOUS
100
AcDbLine
 10
-0.2013582677165354
 20
2.2166141732283462
 30
0
 11
-0.3336417322834646
 21
2.2166141732283462
 31
0
  0
LINE
  5
B0B
330
1A
100
AcDbEntity
  8
BLACK
  6
CONTINUOUS
100
AcDbLine
 10
-0.3336417322834646
 20
2.2166141732283462
 30
0
 11
-0.3340183858267716
 21
2.216689094488189
 31
0
  0
LINE
  5
B0C
330
1A
100
AcDbEntity
  8
BLACK
  6
CONTINUOUS
100
AcDbLine
 10
-0.3340183858267716
 20
2.216689094488189
 30
0
 11
-0.334551062992126
 21
2.2172217716535432
 31
0
  0
LINE
  5
B0D
330
1A
100
AcDbEntity
  8
BLACK
  6
CONTINUOUS
100
AcDbLine
 10
-0.334551062992126
 20
2.2172217716535432
 30
0
 11
-0.3346259842519685
 21
2.2175984251968504
 31
0
  0
LINE
  5
B0E
330
1A
100
AcDbEntity
  8
BLACK
  6
CONTINUOUS
100
AcDbLine
 10
-0.3346259842519685
 20
2.2175984251968504
 30
0
 11
-0.3346259842519685
 21
2.2924015748031494
 31
0
  0
LINE
  5
B0F
330
1A
100
AcDbEntity
  8
BLACK
  6
CONTINUOUS
100
AcDbLine
 10
-0.3346259842519685
 20
2.2924015748031494
 30
0
 11
-0.334551062992126
 21
2.2927782283464566
 31
0
  0
LINE
  5
B10
330
1A
100
AcDbEntity
  8
BLACK
  6
CONTINUOUS
100
AcDbLine
 10
-0.334551062992126
 20
2.2927782283464566
 30
0
 11
-0.3340183858267716
 21
2.2933109055118108
 31
0
  0
LINE
  5
B11
330
1A
100
AcDbEntity
  8
BLACK
  6
CONTINUOUS
100
AcDbLine
 10
-0.3340183858267716
 20
2.2933109055118108
 30
0
 11
-0.3336417322834646
 21
2.2933858267716536
 31
0
  0
LINE
  5
B12
330
1A
100
AcDbEntity
  8
BLACK
  6
CONTINUOUS
100
AcDbLine
 10
-0.3336417322834646
 20
2.2933858267716536
 30
0
 11
-0.2013582677165354
 21
2.2933858267716536
 31
0
  0
LINE
  5
B13
330
1A
100
AcDbEntity
  8
BLACK
  6
CONTINUOUS
100
AcDbLine
 10
-0.2013582677165354
 20
2.2933858267716536
 30
0
 11
-0.2009816141732284
 21
2.2933109055118108
 31
0
  0
LINE
  5
B14
330
1A
100
AcDbEntity
  8
BLACK
  6
CONTINUOUS
100
AcDbLine
 10
-0.3326574803149606
 20
2.2914173228346457
 30
0
 11
-0.3326574803149606
 21
2.2185826771653541
 31
0
  0
LINE
  5
B15
330
1A
100
AcDbEntity
  8
BLACK
  6
CONTINUOUS
100
AcDbLine
 10
-0.3326574803149606
 20
2.2185826771653541
 30
0
 11
-0.2023425196850394
 21
2.2185826771653541
 31
0
  0
LINE
  5
B16
330
1A
100
AcDbEntity
  8
BLACK
  6
CONTINUOUS
100
AcDbLine
 10
-0.2023425196850394
 20
2.2185826771653541
 30
0
 11
-0.2023425196850394
 21
2.2914173228346457
 31
0
  0
LINE
  5
B17
330
1A
100
AcDbEntity
  8
BLACK
  6
CONTINUOUS
100
AcDbLine
 10
-0.2023425196850394
 20
2.2914173228346457
 30
0
 11
-0.3326574803149606
 21
2.2914173228346457
 31
0
  0
LINE
  5
B18
330
1A
100
AcDbEntity
  8
BLACK
  6
CONTINUOUS
100
AcDbLine
 10
0.0140183858267717
 20
2.2933109055118108
 30
0
 11
0.014551062992126
 21
2.2927782283464566
 31
0
  0
LINE
  5
B19
330
1A
100
AcDbEntity
  8
BLACK
  6
CONTINUOUS
100
AcDbLine
 10
0.014551062992126
 20
2.2927782283464566
 30
0
 11
0.0146259842519685
 21
2.2924015748031494
 31
0
  0
LINE
  5
B1A
330
1A
100
AcDbEntity
  8
BLACK
  6
CONTINUOUS
100
AcDbLine
 10
0.0146259842519685
 20
2.2924015748031494
 30
0
 11
0.0146259842519685
 21
2.2175984251968504
 31
0
  0
LINE
  5
B1B
330
1A
100
AcDbEntity
  8
BLACK
  6
CONTINUOUS
100
AcDbLine
 10
0.0146259842519685
 20
2.2175984251968504
 30
0
 11
0.014551062992126
 21
2.2172217716535432
 31
0
  0
LINE
  5
B1C
330
1A
100
AcDbEntity
  8
BLACK
  6
CONTINUOUS
100
AcDbLine
 10
0.014551062992126
 20
2.2172217716535432
 30
0
 11
0.0140183858267717
 21
2.216689094488189
 31
0
  0
LINE
  5
B1D
330
1A
100
AcDbEntity
  8
BLACK
  6
CONTINUOUS
100
AcDbLine
 10
0.0140183858267717
 20
2.216689094488189
 30
0
 11
0.0136417322834646
 21
2.2166141732283462
 31
0
  0
LINE
  5
B1E
330
1A
100
AcDbEntity
  8
BLACK
  6
CONTINUOUS
100
AcDbLine
 10
0.0136417322834646
 20
2.2166141732283462
 30
0
 11
-0.1186417322834646
 21
2.2166141732283462
 31
0
  0
LINE
  5
B1F
330
1A
100
AcDbEntity
  8
BLACK
  6
CONTINUOUS
100
AcDbLine
 10
-0.1186417322834646
 20
2.2166141732283462
 30
0
 11
-0.1190183858267717
 21
2.216689094488189
 31
0
  0
LINE
  5
B20
330
1A
100
AcDbEntity
  8
BLACK
  6
CONTINUOUS
100
AcDbLine
 10
-0.1190183858267717
 20
2.216689094488189
 30
0
 11
-0.119551062992126
 21
2.2172217716535432
 31
0
  0
LINE
  5
B21
330
1A
100
AcDbEntity
  8
BLACK
  6
CONTINUOUS
100
AcDbLine
 10
-0.119551062992126
 20
2.2172217716535432
 30
0
 11
-0.1196259842519685
 21
2.2175984251968504
 31
0
  0
LINE
  5
B22
330
1A
100
AcDbEntity
  8
BLACK
  6
CONTINUOUS
100
AcDbLine
 10
-0.1196259842519685
 20
2.2175984251968504
 30
0
 11
-0.1196259842519685
 21
2.2924015748031494
 31
0
  0
LINE
  5
B23
330
1A
100
AcDbEntity
  8
BLACK
  6
CONTINUOUS
100
AcDbLine
 10
-0.1196259842519685
 20
2.2924015748031494
 30
0
 11
-0.119551062992126
 21
2.2927782283464566
 31
0
  0
LINE
  5
B24
330
1A
100
AcDbEntity
  8
BLACK
  6
CONTINUOUS
100
AcDbLine
 10
-0.119551062992126
 20
2.2927782283464566
 30
0
 11
-0.1190183858267717
 21
2.2933109055118108
 31
0
  0
LINE
  5
B25
330
1A
100
AcDbEntity
  8
BLACK
  6
CONTINUOUS
100
AcDbLine
 10
-0.1190183858267717
 20
2.2933109055118108
 30
0
 11
-0.1186417322834646
 21
2.2933858267716536
 31
0
  0
LINE
  5
B26
330
1A
100
AcDbEntity
  8
BLACK
  6
CONTINUOUS
100
AcDbLine
 10
-0.1186417322834646
 20
2.2933858267716536
 30
0
 11
0.0136417322834646
 21
2.2933858267716536
 31
0
  0
LINE
  5
B27
330
1A
100
AcDbEntity
  8
BLACK
  6
CONTINUOUS
100
AcDbLine
 10
0.0136417322834646
 20
2.2933858267716536
 30
0
 11
0.0140183858267717
 21
2.2933109055118108
 31
0
  0
LINE
  5
B28
330
1A
100
AcDbEntity
  8
BLACK
  6
CONTINUOUS
100
AcDbLine
 10
-0.1176574803149606
 20
2.2914173228346457
 30
0
 11
-0.1176574803149606
 21
2.2185826771653541
 31
0
  0
LINE
  5
B29
330
1A
100
AcDbEntity
  8
BLACK
  6
CONTINUOUS
100
AcDbLine
 10
-0.1176574803149606
 20
2.2185826771653541
 30
0
 11
0.0126574803149606
 21
2.2185826771653541
 31
0
  0
LINE
  5
B2A
330
1A
100
AcDbEntity
  8
BLACK
  6
CONTINUOUS
100
AcDbLine
 10
0.0126574803149606
 20
2.2185826771653541
 30
0
 11
0.0126574803149606
 21
2.2914173228346457
 31
0
  0
LINE
  5
B2B
330
1A
100
AcDbEntity
  8
BLACK
  6
CONTINUOUS
100
AcDbLine
 10
0.0126574803149606
 20
2.2914173228346457
 30
0
 11
-0.1176574803149606
 21
2.2914173228346457
 31
0
  0
LINE
  5
B2C
330
1A
100
AcDbEntity
  8
BLACK
  6
CONTINUOUS
100
AcDbLine
 10
-1.4443477559055118
 20
2.356617992125984
 30
0
 11
-1.4438150787401574
 21
2.3560853149606298
 31
0
  0
LINE
  5
B2D
330
1A
100
AcDbEntity
  8
BLACK
  6
CONTINUOUS
100
AcDbLine
 10
-1.4438150787401574
 20
2.3560853149606298
 30
0
 11
-1.443740157480315
 21
2.3557086614173226
 31
0
  0
LINE
  5
B2E
330
1A
100
AcDbEntity
  8
BLACK
  6
CONTINUOUS
100
AcDbLine
 10
-1.443740157480315
 20
2.3557086614173226
 30
0
 11
-1.443740157480315
 21
2.2391732283464565
 31
0
  0
LINE
  5
B2F
330
1A
100
AcDbEntity
  8
BLACK
  6
CONTINUOUS
100
AcDbLine
 10
-1.443740157480315
 20
2.2391732283464565
 30
0
 11
-1.4438150787401574
 21
2.2387965748031498
 31
0
  0
LINE
  5
B30
330
1A
100
AcDbEntity
  8
BLACK
  6
CONTINUOUS
100
AcDbLine
 10
-1.4438150787401574
 20
2.2387965748031498
 30
0
 11
-1.4443477559055118
 21
2.2382638976377951
 31
0
  0
LINE
  5
B31
330
1A
100
AcDbEntity
  8
BLACK
  6
CONTINUOUS
100
AcDbLine
 10
-1.4443477559055118
 20
2.2382638976377951
 30
0
 11
-1.444724409448819
 21
2.2381889763779528
 31
0
  0
LINE
  5
B32
330
1A
100
AcDbEntity
  8
BLACK
  6
CONTINUOUS
100
AcDbLine
 10
-1.444724409448819
 20
2.2381889763779528
 30
0
 11
-1.5022047244094487
 21
2.2381889763779528
 31
0
  0
LINE
  5
B33
330
1A
100
AcDbEntity
  8
BLACK
  6
CONTINUOUS
100
AcDbLine
 10
-1.5022047244094487
 20
2.2381889763779528
 30
0
 11
-1.5025813779527559
 21
2.2382638976377951
 31
0
  0
LINE
  5
B34
330
1A
100
AcDbEntity
  8
BLACK
  6
CONTINUOUS
100
AcDbLine
 10
-1.5025813779527559
 20
2.2382638976377951
 30
0
 11
-1.5031140551181101
 21
2.2387965748031498
 31
0
  0
LINE
  5
B35
330
1A
100
AcDbEntity
  8
BLACK
  6
CONTINUOUS
100
AcDbLine
 10
-1.5031140551181101
 20
2.2387965748031498
 30
0
 11
-1.5031889763779527
 21
2.2391732283464565
 31
0
  0
LINE
  5
B36
330
1A
100
AcDbEntity
  8
BLACK
  6
CONTINUOUS
100
AcDbLine
 10
-1.5031889763779527
 20
2.2391732283464565
 30
0
 11
-1.5031889763779527
 21
2.3557086614173226
 31
0
  0
LINE
  5
B37
330
1A
100
AcDbEntity
  8
BLACK
  6
CONTINUOUS
100
AcDbLine
 10
-1.5031889763779527
 20
2.3557086614173226
 30
0
 11
-1.5031140551181101
 21
2.3560853149606298
 31
0
  0
LINE
  5
B38
330
1A
100
AcDbEntity
  8
BLACK
  6
CONTINUOUS
100
AcDbLine
 10
-1.5031140551181101
 20
2.3560853149606298
 30
0
 11
-1.5025813779527559
 21
2.356617992125984
 31
0
  0
LINE
  5
B39
330
1A
100
AcDbEntity
  8
BLACK
  6
CONTINUOUS
100
AcDbLine
 10
-1.5025813779527559
 20
2.356617992125984
 30
0
 11
-1.5022047244094487
 21
2.3566929133858268
 31
0
  0
LINE
  5
B3A
330
1A
100
AcDbEntity
  8
BLACK
  6
CONTINUOUS
100
AcDbLine
 10
-1.5022047244094487
 20
2.3566929133858268
 30
0
 11
-1.444724409448819
 21
2.3566929133858268
 31
0
  0
LINE
  5
B3B
330
1A
100
AcDbEntity
  8
BLACK
  6
CONTINUOUS
100
AcDbLine
 10
-1.444724409448819
 20
2.3566929133858268
 30
0
 11
-1.4443477559055118
 21
2.356617992125984
 31
0
  0
LINE
  5
B3C
330
1A
100
AcDbEntity
  8
BLACK
  6
CONTINUOUS
100
AcDbLine
 10
-1.5012204724409448
 20
2.3547244094488189
 30
0
 11
-1.5012204724409448
 21
2.2401574803149606
 31
0
  0
LINE
  5
B3D
330
1A
100
AcDbEntity
  8
BLACK
  6
CONTINUOUS
100
AcDbLine
 10
-1.5012204724409448
 20
2.2401574803149606
 30
0
 11
-1.4457086614173229
 21
2.2401574803149606
 31
0
  0
LINE
  5
B3E
330
1A
100
AcDbEntity
  8
BLACK
  6
CONTINUOUS
100
AcDbLine
 10
-1.4457086614173229
 20
2.2401574803149606
 30
0
 11
-1.4457086614173229
 21
2.3547244094488189
 31
0
  0
LINE
  5
B3F
330
1A
100
AcDbEntity
  8
BLACK
  6
CONTINUOUS
100
AcDbLine
 10
-1.4457086614173229
 20
2.3547244094488189
 30
0
 11
-1.5012204724409448
 21
2.3547244094488189
 31
0
  0
LINE
  5
B40
330
1A
100
AcDbEntity
  8
BLACK
  6
CONTINUOUS
100
AcDbLine
 10
-1.3813556299212597
 20
2.356617992125984
 30
0
 11
-1.3808229527559055
 21
2.3560853149606298
 31
0
  0
LINE
  5
B41
330
1A
100
AcDbEntity
  8
BLACK
  6
CONTINUOUS
100
AcDbLine
 10
-1.3808229527559055
 20
2.3560853149606298
 30
0
 11
-1.380748031496063
 21
2.3557086614173226
 31
0
  0
LINE
  5
B42
330
1A
100
AcDbEntity
  8
BLACK
  6
CONTINUOUS
100
AcDbLine
 10
-1.380748031496063
 20
2.3557086614173226
 30
0
 11
-1.380748031496063
 21
2.2391732283464565
 31
0
  0
LINE
  5
B43
330
1A
100
AcDbEntity
  8
BLACK
  6
CONTINUOUS
100
AcDbLine
 10
-1.380748031496063
 20
2.2391732283464565
 30
0
 11
-1.3808229527559055
 21
2.2387965748031498
 31
0
  0
LINE
  5
B44
330
1A
100
AcDbEntity
  8
BLACK
  6
CONTINUOUS
100
AcDbLine
 10
-1.3808229527559055
 20
2.2387965748031498
 30
0
 11
-1.3813556299212597
 21
2.2382638976377951
 31
0
  0
LINE
  5
B45
330
1A
100
AcDbEntity
  8
BLACK
  6
CONTINUOUS
100
AcDbLine
 10
-1.3813556299212597
 20
2.2382638976377951
 30
0
 11
-1.3817322834645669
 21
2.2381889763779528
 31
0
  0
LINE
  5
B46
330
1A
100
AcDbEntity
  8
BLACK
  6
CONTINUOUS
100
AcDbLine
 10
-1.3817322834645669
 20
2.2381889763779528
 30
0
 11
-1.4392125984251969
 21
2.2381889763779528
 31
0
  0
LINE
  5
B47
330
1A
100
AcDbEntity
  8
BLACK
  6
CONTINUOUS
100
AcDbLine
 10
-1.4392125984251969
 20
2.2381889763779528
 30
0
 11
-1.4395892519685038
 21
2.2382638976377951
 31
0
  0
LINE
  5
B48
330
1A
100
AcDbEntity
  8
BLACK
  6
CONTINUOUS
100
AcDbLine
 10
-1.4395892519685038
 20
2.2382638976377951
 30
0
 11
-1.4401219291338583
 21
2.2387965748031498
 31
0
  0
LINE
  5
B49
330
1A
100
AcDbEntity
  8
BLACK
  6
CONTINUOUS
100
AcDbLine
 10
-1.4401219291338583
 20
2.2387965748031498
 30
0
 11
-1.4401968503937008
 21
2.2391732283464565
 31
0
  0
LINE
  5
B4A
330
1A
100
AcDbEntity
  8
BLACK
  6
CONTINUOUS
100
AcDbLine
 10
-1.4401968503937008
 20
2.2391732283464565
 30
0
 11
-1.4401968503937008
 21
2.3557086614173226
 31
0
  0
LINE
  5
B4B
330
1A
100
AcDbEntity
  8
BLACK
  6
CONTINUOUS
100
AcDbLine
 10
-1.4401968503937008
 20
2.3557086614173226
 30
0
 11
-1.4401219291338583
 21
2.3560853149606298
 31
0
  0
LINE
  5
B4C
330
1A
100
AcDbEntity
  8
BLACK
  6
CONTINUOUS
100
AcDbLine
 10
-1.4401219291338583
 20
2.3560853149606298
 30
0
 11
-1.4395892519685038
 21
2.356617992125984
 31
0
  0
LINE
  5
B4D
330
1A
100
AcDbEntity
  8
BLACK
  6
CONTINUOUS
100
AcDbLine
 10
-1.4395892519685038
 20
2.356617992125984
 30
0
 11
-1.4392125984251969
 21
2.3566929133858268
 31
0
  0
LINE
  5
B4E
330
1A
100
AcDbEntity
  8
BLACK
  6
CONTINUOUS
100
AcDbLine
 10
-1.4392125984251969
 20
2.3566929133858268
 30
0
 11
-1.3817322834645669
 21
2.3566929133858268
 31
0
  0
LINE
  5
B4F
330
1A
100
AcDbEntity
  8
BLACK
  6
CONTINUOUS
100
AcDbLine
 10
-1.3817322834645669
 20
2.3566929133858268
 30
0
 11
-1.3813556299212597
 21
2.356617992125984
 31
0
  0
LINE
  5
B50
330
1A
100
AcDbEntity
  8
BLACK
  6
CONTINUOUS
100
AcDbLine
 10
-1.438228346456693
 20
2.3547244094488189
 30
0
 11
-1.438228346456693
 21
2.2401574803149606
 31
0
  0
LINE
  5
B51
330
1A
100
AcDbEntity
  8
BLACK
  6
CONTINUOUS
100
AcDbLine
 10
-1.438228346456693
 20
2.2401574803149606
 30
0
 11
-1.3827165354330708
 21
2.2401574803149606
 31
0
  0
LINE
  5
B52
330
1A
100
AcDbEntity
  8
BLACK
  6
CONTINUOUS
100
AcDbLine
 10
-1.3827165354330708
 20
2.2401574803149606
 30
0
 11
-1.3827165354330708
 21
2.3547244094488189
 31
0
  0
LINE
  5
B53
330
1A
100
AcDbEntity
  8
BLACK
  6
CONTINUOUS
100
AcDbLine
 10
-1.3827165354330708
 20
2.3547244094488189
 30
0
 11
-1.438228346456693
 21
2.3547244094488189
 31
0
  0
LINE
  5
B54
330
1A
100
AcDbEntity
  8
BLACK
  6
CONTINUOUS
100
AcDbLine
 10
-1.3183635039370079
 20
2.356617992125984
 30
0
 11
-1.3178308267716534
 21
2.3560853149606298
 31
0
  0
LINE
  5
B55
330
1A
100
AcDbEntity
  8
BLACK
  6
CONTINUOUS
100
AcDbLine
 10
-1.3178308267716534
 20
2.3560853149606298
 30
0
 11
-1.3177559055118111
 21
2.3557086614173226
 31
0
  0
LINE
  5
B56
330
1A
100
AcDbEntity
  8
BLACK
  6
CONTINUOUS
100
AcDbLine
 10
-1.3177559055118111
 20
2.3557086614173226
 30
0
 11
-1.3177559055118111
 21
2.2391732283464565
 31
0
  0
LINE
  5
B57
330
1A
100
AcDbEntity
  8
BLACK
  6
CONTINUOUS
100
AcDbLine
 10
-1.3177559055118111
 20
2.2391732283464565
 30
0
 11
-1.3178308267716534
 21
2.2387965748031498
 31
0
  0
LINE
  5
B58
330
1A
100
AcDbEntity
  8
BLACK
  6
CONTINUOUS
100
AcDbLine
 10
-1.3178308267716534
 20
2.2387965748031498
 30
0
 11
-1.3183635039370079
 21
2.2382638976377951
 31
0
  0
LINE
  5
B59
330
1A
100
AcDbEntity
  8
BLACK
  6
CONTINUOUS
100
AcDbLine
 10
-1.3183635039370079
 20
2.2382638976377951
 30
0
 11
-1.318740157480315
 21
2.2381889763779528
 31
0
  0
LINE
  5
B5A
330
1A
100
AcDbEntity
  8
BLACK
  6
CONTINUOUS
100
AcDbLine
 10
-1.318740157480315
 20
2.2381889763779528
 30
0
 11
-1.3762204724409448
 21
2.2381889763779528
 31
0
  0
LINE
  5
B5B
330
1A
100
AcDbEntity
  8
BLACK
  6
CONTINUOUS
100
AcDbLine
 10
-1.3762204724409448
 20
2.2381889763779528
 30
0
 11
-1.376597125984252
 21
2.2382638976377951
 31
0
  0
LINE
  5
B5C
330
1A
100
AcDbEntity
  8
BLACK
  6
CONTINUOUS
100
AcDbLine
 10
-1.376597125984252
 20
2.2382638976377951
 30
0
 11
-1.3771298031496062
 21
2.2387965748031498
 31
0
  0
LINE
  5
B5D
330
1A
100
AcDbEntity
  8
BLACK
  6
CONTINUOUS
100
AcDbLine
 10
-1.3771298031496062
 20
2.2387965748031498
 30
0
 11
-1.3772047244094487
 21
2.2391732283464565
 31
0
  0
LINE
  5
B5E
330
1A
100
AcDbEntity
  8
BLACK
  6
CONTINUOUS
100
AcDbLine
 10
-1.3772047244094487
 20
2.2391732283464565
 30
0
 11
-1.3772047244094487
 21
2.3557086614173226
 31
0
  0
LINE
  5
B5F
330
1A
100
AcDbEntity
  8
BLACK
  6
CONTINUOUS
100
AcDbLine
 10
-1.3772047244094487
 20
2.3557086614173226
 30
0
 11
-1.3771298031496062
 21
2.3560853149606298
 31
0
  0
LINE
  5
B60
330
1A
100
AcDbEntity
  8
BLACK
  6
CONTINUOUS
100
AcDbLine
 10
-1.3771298031496062
 20
2.3560853149606298
 30
0
 11
-1.376597125984252
 21
2.356617992125984
 31
0
  0
LINE
  5
B61
330
1A
100
AcDbEntity
  8
BLACK
  6
CONTINUOUS
100
AcDbLine
 10
-1.376597125984252
 20
2.356617992125984
 30
0
 11
-1.3762204724409448
 21
2.3566929133858268
 31
0
  0
LINE
  5
B62
330
1A
100
AcDbEntity
  8
BLACK
  6
CONTINUOUS
100
AcDbLine
 10
-1.3762204724409448
 20
2.3566929133858268
 30
0
 11
-1.318740157480315
 21
2.3566929133858268
 31
0
  0
LINE
  5
B63
330
1A
100
AcDbEntity
  8
BLACK
  6
CONTINUOUS
100
AcDbLine
 10
-1.318740157480315
 20
2.3566929133858268
 30
0
 11
-1.3183635039370079
 21
2.356617992125984
 31
0
  0
LINE
  5
B64
330
1A
100
AcDbEntity
  8
BLACK
  6
CONTINUOUS
100
AcDbLine
 10
-1.3752362204724409
 20
2.3547244094488189
 30
0
 11
-1.3752362204724409
 21
2.2401574803149606
 31
0
  0
LINE
  5
B65
330
1A
100
AcDbEntity
  8
BLACK
  6
CONTINUOUS
100
AcDbLine
 10
-1.3752362204724409
 20
2.2401574803149606
 30
0
 11
-1.319724409448819
 21
2.2401574803149606
 31
0
  0
LINE
  5
B66
330
1A
100
AcDbEntity
  8
BLACK
  6
CONTINUOUS
100
AcDbLine
 10
-1.319724409448819
 20
2.2401574803149606
 30
0
 11
-1.319724409448819
 21
2.3547244094488189
 31
0
  0
LINE
  5
B67
330
1A
100
AcDbEntity
  8
BLACK
  6
CONTINUOUS
100
AcDbLine
 10
-1.319724409448819
 20
2.3547244094488189
 30
0
 11
-1.3752362204724409
 21
2.3547244094488189
 31
0
  0
LINE
  5
B68
330
1A
100
AcDbEntity
  8
BLACK
  6
CONTINUOUS
100
AcDbLine
 10
1.5277782283464567
 20
2.374551062992126
 30
0
 11
1.5283109055118109
 21
2.3740183858267714
 31
0
  0
LINE
  5
B69
330
1A
100
AcDbEntity
  8
BLACK
  6
CONTINUOUS
100
AcDbLine
 10
1.5283109055118109
 20
2.3740183858267714
 30
0
 11
1.5283858267716535
 21
2.3736417322834646
 31
0
  0
LINE
  5
B6A
330
1A
100
AcDbEntity
  8
BLACK
  6
CONTINUOUS
100
AcDbLine
 10
1.5283858267716535
 20
2.3736417322834646
 30
0
 11
1.5283858267716535
 21
2.2413582677165356
 31
0
  0
LINE
  5
B6B
330
1A
100
AcDbEntity
  8
BLACK
  6
CONTINUOUS
100
AcDbLine
 10
1.5283858267716535
 20
2.2413582677165356
 30
0
 11
1.5283109055118109
 21
2.2409816141732284
 31
0
  0
LINE
  5
B6C
330
1A
100
AcDbEntity
  8
BLACK
  6
CONTINUOUS
100
AcDbLine
 10
1.5283109055118109
 20
2.2409816141732284
 30
0
 11
1.5277782283464567
 21
2.2404489370078742
 31
0
  0
LINE
  5
B6D
330
1A
100
AcDbEntity
  8
BLACK
  6
CONTINUOUS
100
AcDbLine
 10
1.5277782283464567
 20
2.2404489370078742
 30
0
 11
1.5274015748031495
 21
2.2403740157480314
 31
0
  0
LINE
  5
B6E
330
1A
100
AcDbEntity
  8
BLACK
  6
CONTINUOUS
100
AcDbLine
 10
1.5274015748031495
 20
2.2403740157480314
 30
0
 11
1.4525984251968505
 21
2.2403740157480314
 31
0
  0
LINE
  5
B6F
330
1A
100
AcDbEntity
  8
BLACK
  6
CONTINUOUS
100
AcDbLine
 10
1.4525984251968505
 20
2.2403740157480314
 30
0
 11
1.4522217716535433
 21
2.2404489370078742
 31
0
  0
LINE
  5
B70
330
1A
100
AcDbEntity
  8
BLACK
  6
CONTINUOUS
100
AcDbLine
 10
1.4522217716535433
 20
2.2404489370078742
 30
0
 11
1.4516890944881888
 21
2.2409816141732284
 31
0
  0
LINE
  5
B71
330
1A
100
AcDbEntity
  8
BLACK
  6
CONTINUOUS
100
AcDbLine
 10
1.4516890944881888
 20
2.2409816141732284
 30
0
 11
1.4516141732283465
 21
2.2413582677165356
 31
0
  0
LINE
  5
B72
330
1A
100
AcDbEntity
  8
BLACK
  6
CONTINUOUS
100
AcDbLine
 10
1.4516141732283465
 20
2.2413582677165356
 30
0
 11
1.4516141732283465
 21
2.3736417322834646
 31
0
  0
LINE
  5
B73
330
1A
100
AcDbEntity
  8
BLACK
  6
CONTINUOUS
100
AcDbLine
 10
1.4516141732283465
 20
2.3736417322834646
 30
0
 11
1.4516890944881888
 21
2.3740183858267714
 31
0
  0
LINE
  5
B74
330
1A
100
AcDbEntity
  8
BLACK
  6
CONTINUOUS
100
AcDbLine
 10
1.4516890944881888
 20
2.3740183858267714
 30
0
 11
1.4522217716535433
 21
2.374551062992126
 31
0
  0
LINE
  5
B75
330
1A
100
AcDbEntity
  8
BLACK
  6
CONTINUOUS
100
AcDbLine
 10
1.4522217716535433
 20
2.374551062992126
 30
0
 11
1.4525984251968505
 21
2.3746259842519684
 31
0
  0
LINE
  5
B76
330
1A
100
AcDbEntity
  8
BLACK
  6
CONTINUOUS
100
AcDbLine
 10
1.4525984251968505
 20
2.3746259842519684
 30
0
 11
1.5274015748031495
 21
2.3746259842519684
 31
0
  0
LINE
  5
B77
330
1A
100
AcDbEntity
  8
BLACK
  6
CONTINUOUS
100
AcDbLine
 10
1.5274015748031495
 20
2.3746259842519684
 30
0
 11
1.5277782283464567
 21
2.374551062992126
 31
0
  0
LINE
  5
B78
330
1A
100
AcDbEntity
  8
BLACK
  6
CONTINUOUS
100
AcDbLine
 10
1.4535826771653544
 20
2.3726574803149605
 30
0
 11
1.4535826771653544
 21
2.2423425196850393
 31
0
  0
LINE
  5
B79
330
1A
100
AcDbEntity
  8
BLACK
  6
CONTINUOUS
100
AcDbLine
 10
1.4535826771653544
 20
2.2423425196850393
 30
0
 11
1.5264173228346456
 21
2.2423425196850393
 31
0
  0
LINE
  5
B7A
330
1A
100
AcDbEntity
  8
BLACK
  6
CONTINUOUS
100
AcDbLine
 10
1.5264173228346456
 20
2.2423425196850393
 30
0
 11
1.5264173228346456
 21
2.3726574803149605
 31
0
  0
LINE
  5
B7B
330
1A
100
AcDbEntity
  8
BLACK
  6
CONTINUOUS
100
AcDbLine
 10
1.5264173228346456
 20
2.3726574803149605
 30
0
 11
1.4535826771653544
 21
2.3726574803149605
 31
0
  0
LINE
  5
B7C
330
1A
100
AcDbEntity
  8
BLACK
  6
CONTINUOUS
100
AcDbLine
 10
-1.5073398818897636
 20
2.3763030314960631
 30
0
 11
-1.5068072047244094
 21
2.3757703543307085
 31
0
  0
LINE
  5
B7D
330
1A
100
AcDbEntity
  8
BLACK
  6
CONTINUOUS
100
AcDbLine
 10
-1.5068072047244094
 20
2.3757703543307085
 30
0
 11
-1.5067322834645669
 21
2.3753937007874013
 31
0
  0
LINE
  5
B7E
330
1A
100
AcDbEntity
  8
BLACK
  6
CONTINUOUS
100
AcDbLine
 10
-1.5067322834645669
 20
2.3753937007874013
 30
0
 11
-1.5067322834645669
 21
2.2588582677165352
 31
0
  0
LINE
  5
B7F
330
1A
100
AcDbEntity
  8
BLACK
  6
CONTINUOUS
100
AcDbLine
 10
-1.5067322834645669
 20
2.2588582677165352
 30
0
 11
-1.5068072047244094
 21
2.2584816141732285
 31
0
  0
LINE
  5
B80
330
1A
100
AcDbEntity
  8
BLACK
  6
CONTINUOUS
100
AcDbLine
 10
-1.5068072047244094
 20
2.2584816141732285
 30
0
 11
-1.5073398818897636
 21
2.2579489370078738
 31
0
  0
LINE
  5
B81
330
1A
100
AcDbEntity
  8
BLACK
  6
CONTINUOUS
100
AcDbLine
 10
-1.5073398818897636
 20
2.2579489370078738
 30
0
 11
-1.5077165354330708
 21
2.2578740157480315
 31
0
  0
LINE
  5
B82
330
1A
100
AcDbEntity
  8
BLACK
  6
CONTINUOUS
100
AcDbLine
 10
-1.5077165354330708
 20
2.2578740157480315
 30
0
 11
-1.5651968503937008
 21
2.2578740157480315
 31
0
  0
LINE
  5
B83
330
1A
100
AcDbEntity
  8
BLACK
  6
CONTINUOUS
100
AcDbLine
 10
-1.5651968503937008
 20
2.2578740157480315
 30
0
 11
-1.5655735039370078
 21
2.2579489370078738
 31
0
  0
LINE
  5
B84
330
1A
100
AcDbEntity
  8
BLACK
  6
CONTINUOUS
100
AcDbLine
 10
-1.5655735039370078
 20
2.2579489370078738
 30
0
 11
-1.5661061811023622
 21
2.2584816141732285
 31
0
  0
LINE
  5
B85
330
1A
100
AcDbEntity
  8
BLACK
  6
CONTINUOUS
100
AcDbLine
 10
-1.5661061811023622
 20
2.2584816141732285
 30
0
 11
-1.5661811023622048
 21
2.2588582677165352
 31
0
  0
LINE
  5
B86
330
1A
100
AcDbEntity
  8
BLACK
  6
CONTINUOUS
100
AcDbLine
 10
-1.5661811023622048
 20
2.2588582677165352
 30
0
 11
-1.5661811023622048
 21
2.3753937007874013
 31
0
  0
LINE
  5
B87
330
1A
100
AcDbEntity
  8
BLACK
  6
CONTINUOUS
100
AcDbLine
 10
-1.5661811023622048
 20
2.3753937007874013
 30
0
 11
-1.5661061811023622
 21
2.3757703543307085
 31
0
  0
LINE
  5
B88
330
1A
100
AcDbEntity
  8
BLACK
  6
CONTINUOUS
100
AcDbLine
 10
-1.5661061811023622
 20
2.3757703543307085
 30
0
 11
-1.5655735039370078
 21
2.3763030314960631
 31
0
  0
LINE
  5
B89
330
1A
100
AcDbEntity
  8
BLACK
  6
CONTINUOUS
100
AcDbLine
 10
-1.5655735039370078
 20
2.3763030314960631
 30
0
 11
-1.5651968503937008
 21
2.3763779527559055
 31
0
  0
LINE
  5
B8A
330
1A
100
AcDbEntity
  8
BLACK
  6
CONTINUOUS
100
AcDbLine
 10
-1.5651968503937008
 20
2.3763779527559055
 30
0
 11
-1.5077165354330708
 21
2.3763779527559055
 31
0
  0
LINE
  5
B8B
330
1A
100
AcDbEntity
  8
BLACK
  6
CONTINUOUS
100
AcDbLine
 10
-1.5077165354330708
 20
2.3763779527559055
 30
0
 11
-1.5073398818897636
 21
2.3763030314960631
 31
0
  0
LINE
  5
B8C
330
1A
100
AcDbEntity
  8
BLACK
  6
CONTINUOUS
100
AcDbLine
 10
-1.5642125984251969
 20
2.3744094488188976
 30
0
 11
-1.5642125984251969
 21
2.2598425196850394
 31
0
  0
LINE
  5
B8D
330
1A
100
AcDbEntity
  8
BLACK
  6
CONTINUOUS
100
AcDbLine
 10
-1.5642125984251969
 20
2.2598425196850394
 30
0
 11
-1.5087007874015748
 21
2.2598425196850394
 31
0
  0
LINE
  5
B8E
330
1A
100
AcDbEntity
  8
BLACK
  6
CONTINUOUS
100
AcDbLine
 10
-1.5087007874015748
 20
2.2598425196850394
 30
0
 11
-1.5087007874015748
 21
2.3744094488188976
 31
0
  0
LINE
  5
B8F
330
1A
100
AcDbEntity
  8
BLACK
  6
CONTINUOUS
100
AcDbLine
 10
-1.5087007874015748
 20
2.3744094488188976
 30
0
 11
-1.5642125984251969
 21
2.3744094488188976
 31
0
  0
LINE
  5
B90
330
1A
100
AcDbEntity
  8
BLACK
  6
CONTINUOUS
100
AcDbLine
 10
-1.1943477559055118
 20
2.3270904330708659
 30
0
 11
-1.1938150787401574
 21
2.3265577559055117
 31
0
  0
LINE
  5
B91
330
1A
100
AcDbEntity
  8
BLACK
  6
CONTINUOUS
100
AcDbLine
 10
-1.1938150787401574
 20
2.3265577559055117
 30
0
 11
-1.193740157480315
 21
2.3261811023622045
 31
0
  0
LINE
  5
B92
330
1A
100
AcDbEntity
  8
BLACK
  6
CONTINUOUS
100
AcDbLine
 10
-1.193740157480315
 20
2.3261811023622045
 30
0
 11
-1.193740157480315
 21
2.2687007874015745
 31
0
  0
LINE
  5
B93
330
1A
100
AcDbEntity
  8
BLACK
  6
CONTINUOUS
100
AcDbLine
 10
-1.193740157480315
 20
2.2687007874015745
 30
0
 11
-1.1938150787401574
 21
2.2683241338582678
 31
0
  0
LINE
  5
B94
330
1A
100
AcDbEntity
  8
BLACK
  6
CONTINUOUS
100
AcDbLine
 10
-1.1938150787401574
 20
2.2683241338582678
 30
0
 11
-1.1943477559055118
 21
2.2677914566929132
 31
0
  0
LINE
  5
B95
330
1A
100
AcDbEntity
  8
BLACK
  6
CONTINUOUS
100
AcDbLine
 10
-1.1943477559055118
 20
2.2677914566929132
 30
0
 11
-1.194724409448819
 21
2.2677165354330708
 31
0
  0
LINE
  5
B96
330
1A
100
AcDbEntity
  8
BLACK
  6
CONTINUOUS
100
AcDbLine
 10
-1.194724409448819
 20
2.2677165354330708
 30
0
 11
-1.3112598425196851
 21
2.2677165354330708
 31
0
  0
LINE
  5
B97
330
1A
100
AcDbEntity
  8
BLACK
  6
CONTINUOUS
100
AcDbLine
 10
-1.3112598425196851
 20
2.2677165354330708
 30
0
 11
-1.311636496062992
 21
2.2677914566929132
 31
0
  0
LINE
  5
B98
330
1A
100
AcDbEntity
  8
BLACK
  6
CONTINUOUS
100
AcDbLine
 10
-1.311636496062992
 20
2.2677914566929132
 30
0
 11
-1.3121691732283465
 21
2.2683241338582678
 31
0
  0
LINE
  5
B99
330
1A
100
AcDbEntity
  8
BLACK
  6
CONTINUOUS
100
AcDbLine
 10
-1.3121691732283465
 20
2.2683241338582678
 30
0
 11
-1.312244094488189
 21
2.2687007874015745
 31
0
  0
LINE
  5
B9A
330
1A
100
AcDbEntity
  8
BLACK
  6
CONTINUOUS
100
AcDbLine
 10
-1.312244094488189
 20
2.2687007874015745
 30
0
 11
-1.312244094488189
 21
2.3261811023622045
 31
0
  0
LINE
  5
B9B
330
1A
100
AcDbEntity
  8
BLACK
  6
CONTINUOUS
100
AcDbLine
 10
-1.312244094488189
 20
2.3261811023622045
 30
0
 11
-1.3121691732283465
 21
2.3265577559055117
 31
0
  0
LINE
  5
B9C
330
1A
100
AcDbEntity
  8
BLACK
  6
CONTINUOUS
100
AcDbLine
 10
-1.3121691732283465
 20
2.3265577559055117
 30
0
 11
-1.311636496062992
 21
2.3270904330708659
 31
0
  0
LINE
  5
B9D
330
1A
100
AcDbEntity
  8
BLACK
  6
CONTINUOUS
100
AcDbLine
 10
-1.311636496062992
 20
2.3270904330708659
 30
0
 11
-1.3112598425196851
 21
2.3271653543307087
 31
0
  0
LINE
  5
B9E
330
1A
100
AcDbEntity
  8
BLACK
  6
CONTINUOUS
100
AcDbLine
 10
-1.3112598425196851
 20
2.3271653543307087
 30
0
 11
-1.194724409448819
 21
2.3271653543307087
 31
0
  0
LINE
  5
B9F
330
1A
100
AcDbEntity
  8
BLACK
  6
CONTINUOUS
100
AcDbLine
 10
-1.194724409448819
 20
2.3271653543307087
 30
0
 11
-1.1943477559055118
 21
2.3270904330708659
 31
0
  0
LINE
  5
BA0
330
1A
100
AcDbEntity
  8
BLACK
  6
CONTINUOUS
100
AcDbLine
 10
-1.3102755905511811
 20
2.3251968503937008
 30
0
 11
-1.3102755905511811
 21
2.2696850393700787
 31
0
  0
LINE
  5
BA1
330
1A
100
AcDbEntity
  8
BLACK
  6
CONTINUOUS
100
AcDbLine
 10
-1.3102755905511811
 20
2.2696850393700787
 30
0
 11
-1.1957086614173229
 21
2.2696850393700787
 31
0
  0
LINE
  5
BA2
330
1A
100
AcDbEntity
  8
BLACK
  6
CONTINUOUS
100
AcDbLine
 10
-1.1957086614173229
 20
2.2696850393700787
 30
0
 11
-1.1957086614173229
 21
2.3251968503937008
 31
0
  0
LINE
  5
BA3
330
1A
100
AcDbEntity
  8
BLACK
  6
CONTINUOUS
100
AcDbLine
 10
-1.1957086614173229
 20
2.3251968503937008
 30
0
 11
-1.3102755905511811
 21
2.3251968503937008
 31
0
  0
LINE
  5
BA4
330
1A
100
AcDbEntity
  8
BLACK
  6
CONTINUOUS
100
AcDbLine
 10
-1.9591115354330708
 20
2.391066811023622
 30
0
 11
-1.9585788582677164
 21
2.3905341338582677
 31
0
  0
LINE
  5
BA5
330
1A
100
AcDbEntity
  8
BLACK
  6
CONTINUOUS
100
AcDbLine
 10
-1.9585788582677164
 20
2.3905341338582677
 30
0
 11
-1.9585039370078741
 21
2.3901574803149606
 31
0
  0
LINE
  5
BA6
330
1A
100
AcDbEntity
  8
BLACK
  6
CONTINUOUS
100
AcDbLine
 10
-1.9585039370078741
 20
2.3901574803149606
 30
0
 11
-1.9585039370078741
 21
2.2736220472440944
 31
0
  0
LINE
  5
BA7
330
1A
100
AcDbEntity
  8
BLACK
  6
CONTINUOUS
100
AcDbLine
 10
-1.9585039370078741
 20
2.2736220472440944
 30
0
 11
-1.9585788582677164
 21
2.2732453937007873
 31
0
  0
LINE
  5
BA8
330
1A
100
AcDbEntity
  8
BLACK
  6
CONTINUOUS
100
AcDbLine
 10
-1.9585788582677164
 20
2.2732453937007873
 30
0
 11
-1.9591115354330708
 21
2.2727127165354331
 31
0
  0
LINE
  5
BA9
330
1A
100
AcDbEntity
  8
BLACK
  6
CONTINUOUS
100
AcDbLine
 10
-1.9591115354330708
 20
2.2727127165354331
 30
0
 11
-1.959488188976378
 21
2.2726377952755903
 31
0
  0
LINE
  5
BAA
330
1A
100
AcDbEntity
  8
BLACK
  6
CONTINUOUS
100
AcDbLine
 10
-1.959488188976378
 20
2.2726377952755903
 30
0
 11
-2.016968503937008
 21
2.2726377952755903
 31
0
  0
LINE
  5
BAB
330
1A
100
AcDbEntity
  8
BLACK
  6
CONTINUOUS
100
AcDbLine
 10
-2.016968503937008
 20
2.2726377952755903
 30
0
 11
-2.0173451574803147
 21
2.2727127165354331
 31
0
  0
LINE
  5
BAC
330
1A
100
AcDbEntity
  8
BLACK
  6
CONTINUOUS
100
AcDbLine
 10
-2.0173451574803147
 20
2.2727127165354331
 30
0
 11
-2.0178778346456694
 21
2.2732453937007873
 31
0
  0
LINE
  5
BAD
330
1A
100
AcDbEntity
  8
BLACK
  6
CONTINUOUS
100
AcDbLine
 10
-2.0178778346456694
 20
2.2732453937007873
 30
0
 11
-2.0179527559055117
 21
2.2736220472440944
 31
0
  0
LINE
  5
BAE
330
1A
100
AcDbEntity
  8
BLACK
  6
CONTINUOUS
100
AcDbLine
 10
-2.0179527559055117
 20
2.2736220472440944
 30
0
 11
-2.0179527559055117
 21
2.3901574803149606
 31
0
  0
LINE
  5
BAF
330
1A
100
AcDbEntity
  8
BLACK
  6
CONTINUOUS
100
AcDbLine
 10
-2.0179527559055117
 20
2.3901574803149606
 30
0
 11
-2.0178778346456694
 21
2.3905341338582677
 31
0
  0
LINE
  5
BB0
330
1A
100
AcDbEntity
  8
BLACK
  6
CONTINUOUS
100
AcDbLine
 10
-2.0178778346456694
 20
2.3905341338582677
 30
0
 11
-2.0173451574803147
 21
2.391066811023622
 31
0
  0
LINE
  5
BB1
330
1A
100
AcDbEntity
  8
BLACK
  6
CONTINUOUS
100
AcDbLine
 10
-2.0173451574803147
 20
2.391066811023622
 30
0
 11
-2.016968503937008
 21
2.3911417322834647
 31
0
  0
LINE
  5
BB2
330
1A
100
AcDbEntity
  8
BLACK
  6
CONTINUOUS
100
AcDbLine
 10
-2.016968503937008
 20
2.3911417322834647
 30
0
 11
-1.959488188976378
 21
2.3911417322834647
 31
0
  0
LINE
  5
BB3
330
1A
100
AcDbEntity
  8
BLACK
  6
CONTINUOUS
100
AcDbLine
 10
-1.959488188976378
 20
2.3911417322834647
 30
0
 11
-1.9591115354330708
 21
2.391066811023622
 31
0
  0
LINE
  5
BB4
330
1A
100
AcDbEntity
  8
BLACK
  6
CONTINUOUS
100
AcDbLine
 10
-2.0159842519685038
 20
2.3891732283464568
 30
0
 11
-2.0159842519685038
 21
2.2746062992125982
 31
0
  0
LINE
  5
BB5
330
1A
100
AcDbEntity
  8
BLACK
  6
CONTINUOUS
100
AcDbLine
 10
-2.0159842519685038
 20
2.2746062992125982
 30
0
 11
-1.9604724409448819
 21
2.2746062992125982
 31
0
  0
LINE
  5
BB6
330
1A
100
AcDbEntity
  8
BLACK
  6
CONTINUOUS
100
AcDbLine
 10
-1.9604724409448819
 20
2.2746062992125982
 30
0
 11
-1.9604724409448819
 21
2.3891732283464568
 31
0
  0
LINE
  5
BB7
330
1A
100
AcDbEntity
  8
BLACK
  6
CONTINUOUS
100
AcDbLine
 10
-1.9604724409448819
 20
2.3891732283464568
 30
0
 11
-2.0159842519685038
 21
2.3891732283464568
 31
0
  0
LINE
  5
BB8
330
1A
100
AcDbEntity
  8
BLACK
  6
CONTINUOUS
100
AcDbLine
 10
-0.4610406692913386
 20
2.4303384645669293
 30
0
 11
-0.4605079921259843
 21
2.4298057874015746
 31
0
  0
LINE
  5
BB9
330
1A
100
AcDbEntity
  8
BLACK
  6
CONTINUOUS
100
AcDbLine
 10
-0.4605079921259843
 20
2.4298057874015746
 30
0
 11
-0.4604330708661417
 21
2.4294291338582679
 31
0
  0
LINE
  5
BBA
330
1A
100
AcDbEntity
  8
BLACK
  6
CONTINUOUS
100
AcDbLine
 10
-0.4604330708661417
 20
2.4294291338582679
 30
0
 11
-0.4604330708661417
 21
2.4259316535433069
 31
0
  0
LINE
  5
BBB
330
1A
100
AcDbEntity
  8
BLACK
  6
CONTINUOUS
100
AcDbLine
 10
-0.4604330708661417
 20
2.4259316535433069
 30
0
 11
-0.4600616929133858
 21
2.426303031496063
 31
0
  0
LINE
  5
BBC
330
1A
100
AcDbEntity
  8
BLACK
  6
CONTINUOUS
100
AcDbLine
 10
-0.4600616929133858
 20
2.426303031496063
 30
0
 11
-0.4596850393700787
 21
2.4263779527559053
 31
0
  0
LINE
  5
BBD
330
1A
100
AcDbEntity
  8
BLACK
  6
CONTINUOUS
100
AcDbLine
 10
-0.4596850393700787
 20
2.4263779527559053
 30
0
 11
-0.361259842519685
 21
2.4263779527559053
 31
0
  0
LINE
  5
BBE
330
1A
100
AcDbEntity
  8
BLACK
  6
CONTINUOUS
100
AcDbLine
 10
-0.361259842519685
 20
2.4263779527559053
 30
0
 11
-0.3608831889763779
 21
2.426303031496063
 31
0
  0
LINE
  5
BBF
330
1A
100
AcDbEntity
  8
BLACK
  6
CONTINUOUS
100
AcDbLine
 10
-0.3608831889763779
 20
2.426303031496063
 30
0
 11
-0.3603505118110236
 21
2.4257703543307088
 31
0
  0
LINE
  5
BC0
330
1A
100
AcDbEntity
  8
BLACK
  6
CONTINUOUS
100
AcDbLine
 10
-0.3603505118110236
 20
2.4257703543307088
 30
0
 11
-0.3602755905511811
 21
2.4253937007874016
 31
0
  0
LINE
  5
BC1
330
1A
100
AcDbEntity
  8
BLACK
  6
CONTINUOUS
100
AcDbLine
 10
-0.3602755905511811
 20
2.4253937007874016
 30
0
 11
-0.3602755905511811
 21
2.2994094488188974
 31
0
  0
LINE
  5
BC2
330
1A
100
AcDbEntity
  8
BLACK
  6
CONTINUOUS
100
AcDbLine
 10
-0.3602755905511811
 20
2.2994094488188974
 30
0
 11
-0.3603505118110236
 21
2.2990327952755907
 31
0
  0
LINE
  5
BC3
330
1A
100
AcDbEntity
  8
BLACK
  6
CONTINUOUS
100
AcDbLine
 10
-0.3603505118110236
 20
2.2990327952755907
 30
0
 11
-0.3608831889763779
 21
2.298500118110236
 31
0
  0
LINE
  5
BC4
330
1A
100
AcDbEntity
  8
BLACK
  6
CONTINUOUS
100
AcDbLine
 10
-0.3608831889763779
 20
2.298500118110236
 30
0
 11
-0.361259842519685
 21
2.2984251968503937
 31
0
  0
LINE
  5
BC5
330
1A
100
AcDbEntity
  8
BLACK
  6
CONTINUOUS
100
AcDbLine
 10
-0.361259842519685
 20
2.2984251968503937
 30
0
 11
-0.4596850393700787
 21
2.2984251968503937
 31
0
  0
LINE
  5
BC6
330
1A
100
AcDbEntity
  8
BLACK
  6
CONTINUOUS
100
AcDbLine
 10
-0.4596850393700787
 20
2.2984251968503937
 30
0
 11
-0.4600616929133858
 21
2.298500118110236
 31
0
  0
LINE
  5
BC7
330
1A
100
AcDbEntity
  8
BLACK
  6
CONTINUOUS
100
AcDbLine
 10
-0.4600616929133858
 20
2.298500118110236
 30
0
 11
-0.4604330708661417
 21
2.2988714960629921
 31
0
  0
LINE
  5
BC8
330
1A
100
AcDbEntity
  8
BLACK
  6
CONTINUOUS
100
AcDbLine
 10
-0.4604330708661417
 20
2.2988714960629921
 30
0
 11
-0.4604330708661417
 21
2.2955708661417322
 31
0
  0
LINE
  5
BC9
330
1A
100
AcDbEntity
  8
BLACK
  6
CONTINUOUS
100
AcDbLine
 10
-0.4604330708661417
 20
2.2955708661417322
 30
0
 11
-0.4605079921259843
 21
2.295194212598425
 31
0
  0
LINE
  5
BCA
330
1A
100
AcDbEntity
  8
BLACK
  6
CONTINUOUS
100
AcDbLine
 10
-0.4605079921259843
 20
2.295194212598425
 30
0
 11
-0.4610406692913386
 21
2.2946615354330708
 31
0
  0
LINE
  5
BCB
330
1A
100
AcDbEntity
  8
BLACK
  6
CONTINUOUS
100
AcDbLine
 10
-0.4610406692913386
 20
2.2946615354330708
 30
0
 11
-0.4614173228346456
 21
2.2945866141732285
 31
0
  0
LINE
  5
BCC
330
1A
100
AcDbEntity
  8
BLACK
  6
CONTINUOUS
100
AcDbLine
 10
-0.4614173228346456
 20
2.2945866141732285
 30
0
 11
-0.5385826771653544
 21
2.2945866141732285
 31
0
  0
LINE
  5
BCD
330
1A
100
AcDbEntity
  8
BLACK
  6
CONTINUOUS
100
AcDbLine
 10
-0.5385826771653544
 20
2.2945866141732285
 30
0
 11
-0.5389593307086614
 21
2.2946615354330708
 31
0
  0
LINE
  5
BCE
330
1A
100
AcDbEntity
  8
BLACK
  6
CONTINUOUS
100
AcDbLine
 10
-0.5389593307086614
 20
2.2946615354330708
 30
0
 11
-0.5394920078740157
 21
2.295194212598425
 31
0
  0
LINE
  5
BCF
330
1A
100
AcDbEntity
  8
BLACK
  6
CONTINUOUS
100
AcDbLine
 10
-0.5394920078740157
 20
2.295194212598425
 30
0
 11
-0.5395669291338583
 21
2.2955708661417322
 31
0
  0
LINE
  5
BD0
330
1A
100
AcDbEntity
  8
BLACK
  6
CONTINUOUS
100
AcDbLine
 10
-0.5395669291338583
 20
2.2955708661417322
 30
0
 11
-0.5395669291338583
 21
2.4294291338582679
 31
0
  0
LINE
  5
BD1
330
1A
100
AcDbEntity
  8
BLACK
  6
CONTINUOUS
100
AcDbLine
 10
-0.5395669291338583
 20
2.4294291338582679
 30
0
 11
-0.5394920078740157
 21
2.4298057874015746
 31
0
  0
LINE
  5
BD2
330
1A
100
AcDbEntity
  8
BLACK
  6
CONTINUOUS
100
AcDbLine
 10
-0.5394920078740157
 20
2.4298057874015746
 30
0
 11
-0.5389593307086614
 21
2.4303384645669293
 31
0
  0
LINE
  5
BD3
330
1A
100
AcDbEntity
  8
BLACK
  6
CONTINUOUS
100
AcDbLine
 10
-0.5389593307086614
 20
2.4303384645669293
 30
0
 11
-0.5385826771653544
 21
2.4304133858267716
 31
0
  0
LINE
  5
BD4
330
1A
100
AcDbEntity
  8
BLACK
  6
CONTINUOUS
100
AcDbLine
 10
-0.5385826771653544
 20
2.4304133858267716
 30
0
 11
-0.4614173228346456
 21
2.4304133858267716
 31
0
  0
LINE
  5
BD5
330
1A
100
AcDbEntity
  8
BLACK
  6
CONTINUOUS
100
AcDbLine
 10
-0.4614173228346456
 20
2.4304133858267716
 30
0
 11
-0.4610406692913386
 21
2.4303384645669293
 31
0
  0
LINE
  5
BD6
330
1A
100
AcDbEntity
  8
BLACK
  6
CONTINUOUS
100
AcDbLine
 10
-0.5375984251968504
 20
2.4284448818897637
 30
0
 11
-0.5375984251968504
 21
2.2965551181102364
 31
0
  0
LINE
  5
BD7
330
1A
100
AcDbEntity
  8
BLACK
  6
CONTINUOUS
100
AcDbLine
 10
-0.5375984251968504
 20
2.2965551181102364
 30
0
 11
-0.4624015748031496
 21
2.2965551181102364
 31
0
  0
LINE
  5
BD8
330
1A
100
AcDbEntity
  8
BLACK
  6
CONTINUOUS
100
AcDbLine
 10
-0.4624015748031496
 20
2.2965551181102364
 30
0
 11
-0.4624015748031496
 21
2.4284448818897637
 31
0
  0
LINE
  5
BD9
330
1A
100
AcDbEntity
  8
BLACK
  6
CONTINUOUS
100
AcDbLine
 10
-0.4624015748031496
 20
2.4284448818897637
 30
0
 11
-0.5375984251968504
 21
2.4284448818897637
 31
0
  0
LINE
  5
BDA
330
1A
100
AcDbEntity
  8
BLACK
  6
CONTINUOUS
100
AcDbLine
 10
-0.4587007874015748
 20
2.4244094488188974
 30
0
 11
-0.4587007874015748
 21
2.3003937007874016
 31
0
  0
LINE
  5
BDB
330
1A
100
AcDbEntity
  8
BLACK
  6
CONTINUOUS
100
AcDbLine
 10
-0.4587007874015748
 20
2.3003937007874016
 30
0
 11
-0.362244094488189
 21
2.3003937007874016
 31
0
  0
LINE
  5
BDC
330
1A
100
AcDbEntity
  8
BLACK
  6
CONTINUOUS
100
AcDbLine
 10
-0.362244094488189
 20
2.3003937007874016
 30
0
 11
-0.362244094488189
 21
2.4244094488188974
 31
0
  0
LINE
  5
BDD
330
1A
100
AcDbEntity
  8
BLACK
  6
CONTINUOUS
100
AcDbLine
 10
-0.362244094488189
 20
2.4244094488188974
 30
0
 11
-0.4587007874015748
 21
2.4244094488188974
 31
0
  0
LINE
  5
BDE
330
1A
100
AcDbEntity
  8
BLACK
  6
CONTINUOUS
100
AcDbLine
 10
0.4510065748031496
 20
2.4094920078740159
 30
0
 11
0.4515392519685039
 21
2.4089593307086612
 31
0
  0
LINE
  5
BDF
330
1A
100
AcDbEntity
  8
BLACK
  6
CONTINUOUS
100
AcDbLine
 10
0.4515392519685039
 20
2.4089593307086612
 30
0
 11
0.4516141732283465
 21
2.4085826771653545
 31
0
  0
LINE
  5
BE0
330
1A
100
AcDbEntity
  8
BLACK
  6
CONTINUOUS
100
AcDbLine
 10
0.4516141732283465
 20
2.4085826771653545
 30
0
 11
0.4516141732283465
 21
2.3314173228346458
 31
0
  0
LINE
  5
BE1
330
1A
100
AcDbEntity
  8
BLACK
  6
CONTINUOUS
100
AcDbLine
 10
0.4516141732283465
 20
2.3314173228346458
 30
0
 11
0.4515392519685039
 21
2.3310406692913386
 31
0
  0
LINE
  5
BE2
330
1A
100
AcDbEntity
  8
BLACK
  6
CONTINUOUS
100
AcDbLine
 10
0.4515392519685039
 20
2.3310406692913386
 30
0
 11
0.4510065748031496
 21
2.3305079921259844
 31
0
  0
LINE
  5
BE3
330
1A
100
AcDbEntity
  8
BLACK
  6
CONTINUOUS
100
AcDbLine
 10
0.4510065748031496
 20
2.3305079921259844
 30
0
 11
0.4506299212598425
 21
2.3304330708661416
 31
0
  0
LINE
  5
BE4
330
1A
100
AcDbEntity
  8
BLACK
  6
CONTINUOUS
100
AcDbLine
 10
0.4506299212598425
 20
2.3304330708661416
 30
0
 11
0.3167716535433071
 21
2.3304330708661416
 31
0
  0
LINE
  5
BE5
330
1A
100
AcDbEntity
  8
BLACK
  6
CONTINUOUS
100
AcDbLine
 10
0.3167716535433071
 20
2.3304330708661416
 30
0
 11
0.316395
 21
2.3305079921259844
 31
0
  0
LINE
  5
BE6
330
1A
100
AcDbEntity
  8
BLACK
  6
CONTINUOUS
100
AcDbLine
 10
0.316395
 20
2.3305079921259844
 30
0
 11
0.3158623228346457
 21
2.3310406692913386
 31
0
  0
LINE
  5
BE7
330
1A
100
AcDbEntity
  8
BLACK
  6
CONTINUOUS
100
AcDbLine
 10
0.3158623228346457
 20
2.3310406692913386
 30
0
 11
0.3157874015748031
 21
2.3314173228346458
 31
0
  0
LINE
  5
BE8
330
1A
100
AcDbEntity
  8
BLACK
  6
CONTINUOUS
100
AcDbLine
 10
0.3157874015748031
 20
2.3314173228346458
 30
0
 11
0.3157874015748031
 21
2.4085826771653545
 31
0
  0
LINE
  5
BE9
330
1A
100
AcDbEntity
  8
BLACK
  6
CONTINUOUS
100
AcDbLine
 10
0.3157874015748031
 20
2.4085826771653545
 30
0
 11
0.3158623228346457
 21
2.4089593307086612
 31
0
  0
LINE
  5
BEA
330
1A
100
AcDbEntity
  8
BLACK
  6
CONTINUOUS
100
AcDbLine
 10
0.3158623228346457
 20
2.4089593307086612
 30
0
 11
0.316395
 21
2.4094920078740159
 31
0
  0
LINE
  5
BEB
330
1A
100
AcDbEntity
  8
BLACK
  6
CONTINUOUS
100
AcDbLine
 10
0.316395
 20
2.4094920078740159
 30
0
 11
0.3167716535433071
 21
2.4095669291338582
 31
0
  0
LINE
  5
BEC
330
1A
100
AcDbEntity
  8
BLACK
  6
CONTINUOUS
100
AcDbLine
 10
0.3167716535433071
 20
2.4095669291338582
 30
0
 11
0.4506299212598425
 21
2.4095669291338582
 31
0
  0
LINE
  5
BED
330
1A
100
AcDbEntity
  8
BLACK
  6
CONTINUOUS
100
AcDbLine
 10
0.4506299212598425
 20
2.4095669291338582
 30
0
 11
0.4510065748031496
 21
2.4094920078740159
 31
0
  0
LINE
  5
BEE
330
1A
100
AcDbEntity
  8
BLACK
  6
CONTINUOUS
100
AcDbLine
 10
0.317755905511811
 20
2.4075984251968503
 30
0
 11
0.317755905511811
 21
2.3324015748031495
 31
0
  0
LINE
  5
BEF
330
1A
100
AcDbEntity
  8
BLACK
  6
CONTINUOUS
100
AcDbLine
 10
0.317755905511811
 20
2.3324015748031495
 30
0
 11
0.4496456692913386
 21
2.3324015748031495
 31
0
  0
LINE
  5
BF0
330
1A
100
AcDbEntity
  8
BLACK
  6
CONTINUOUS
100
AcDbLine
 10
0.4496456692913386
 20
2.3324015748031495
 30
0
 11
0.4496456692913386
 21
2.4075984251968503
 31
0
  0
LINE
  5
BF1
330
1A
100
AcDbEntity
  8
BLACK
  6
CONTINUOUS
100
AcDbLine
 10
0.4496456692913386
 20
2.4075984251968503
 30
0
 11
0.317755905511811
 21
2.4075984251968503
 31
0
  0
LINE
  5
BF2
330
1A
100
AcDbEntity
  8
BLACK
  6
CONTINUOUS
100
AcDbLine
 10
-1.1943477559055118
 20
2.3900825590551182
 30
0
 11
-1.1938150787401574
 21
2.3895498818897636
 31
0
  0
LINE
  5
BF3
330
1A
100
AcDbEntity
  8
BLACK
  6
CONTINUOUS
100
AcDbLine
 10
-1.1938150787401574
 20
2.3895498818897636
 30
0
 11
-1.193740157480315
 21
2.3891732283464568
 31
0
  0
LINE
  5
BF4
330
1A
100
AcDbEntity
  8
BLACK
  6
CONTINUOUS
100
AcDbLine
 10
-1.193740157480315
 20
2.3891732283464568
 30
0
 11
-1.193740157480315
 21
2.3316929133858268
 31
0
  0
LINE
  5
BF5
330
1A
100
AcDbEntity
  8
BLACK
  6
CONTINUOUS
100
AcDbLine
 10
-1.193740157480315
 20
2.3316929133858268
 30
0
 11
-1.1938150787401574
 21
2.3313162598425197
 31
0
  0
LINE
  5
BF6
330
1A
100
AcDbEntity
  8
BLACK
  6
CONTINUOUS
100
AcDbLine
 10
-1.1938150787401574
 20
2.3313162598425197
 30
0
 11
-1.1943477559055118
 21
2.3307835826771655
 31
0
  0
LINE
  5
BF7
330
1A
100
AcDbEntity
  8
BLACK
  6
CONTINUOUS
100
AcDbLine
 10
-1.1943477559055118
 20
2.3307835826771655
 30
0
 11
-1.194724409448819
 21
2.3307086614173227
 31
0
  0
LINE
  5
BF8
330
1A
100
AcDbEntity
  8
BLACK
  6
CONTINUOUS
100
AcDbLine
 10
-1.194724409448819
 20
2.3307086614173227
 30
0
 11
-1.3112598425196851
 21
2.3307086614173227
 31
0
  0
LINE
  5
BF9
330
1A
100
AcDbEntity
  8
BLACK
  6
CONTINUOUS
100
AcDbLine
 10
-1.3112598425196851
 20
2.3307086614173227
 30
0
 11
-1.311636496062992
 21
2.3307835826771655
 31
0
  0
LINE
  5
BFA
330
1A
100
AcDbEntity
  8
BLACK
  6
CONTINUOUS
100
AcDbLine
 10
-1.311636496062992
 20
2.3307835826771655
 30
0
 11
-1.3121691732283465
 21
2.3313162598425197
 31
0
  0
LINE
  5
BFB
330
1A
100
AcDbEntity
  8
BLACK
  6
CONTINUOUS
100
AcDbLine
 10
-1.3121691732283465
 20
2.3313162598425197
 30
0
 11
-1.312244094488189
 21
2.3316929133858268
 31
0
  0
LINE
  5
BFC
330
1A
100
AcDbEntity
  8
BLACK
  6
CONTINUOUS
100
AcDbLine
 10
-1.312244094488189
 20
2.3316929133858268
 30
0
 11
-1.312244094488189
 21
2.3891732283464568
 31
0
  0
LINE
  5
BFD
330
1A
100
AcDbEntity
  8
BLACK
  6
CONTINUOUS
100
AcDbLine
 10
-1.312244094488189
 20
2.3891732283464568
 30
0
 11
-1.3121691732283465
 21
2.3895498818897636
 31
0
  0
LINE
  5
BFE
330
1A
100
AcDbEntity
  8
BLACK
  6
CONTINUOUS
100
AcDbLine
 10
-1.3121691732283465
 20
2.3895498818897636
 30
0
 11
-1.311636496062992
 21
2.3900825590551182
 31
0
  0
LINE
  5
BFF
330
1A
100
AcDbEntity
  8
BLACK
  6
CONTINUOUS
100
AcDbLine
 10
-1.311636496062992
 20
2.3900825590551182
 30
0
 11
-1.3112598425196851
 21
2.3901574803149606
 31
0
  0
LINE
  5
C00
330
1A
100
AcDbEntity
  8
BLACK
  6
CONTINUOUS
100
AcDbLine
 10
-1.3112598425196851
 20
2.3901574803149606
 30
0
 11
-1.194724409448819
 21
2.3901574803149606
 31
0
  0
LINE
  5
C01
330
1A
100
AcDbEntity
  8
BLACK
  6
CONTINUOUS
100
AcDbLine
 10
-1.194724409448819
 20
2.3901574803149606
 30
0
 11
-1.1943477559055118
 21
2.3900825590551182
 31
0
  0
LINE
  5
C02
330
1A
100
AcDbEntity
  8
BLACK
  6
CONTINUOUS
100
AcDbLine
 10
-1.3102755905511811
 20
2.3881889763779527
 30
0
 11
-1.3102755905511811
 21
2.3326771653543306
 31
0
  0
LINE
  5
C03
330
1A
100
AcDbEntity
  8
BLACK
  6
CONTINUOUS
100
AcDbLine
 10
-1.3102755905511811
 20
2.3326771653543306
 30
0
 11
-1.1957086614173229
 21
2.3326771653543306
 31
0
  0
LINE
  5
C04
330
1A
100
AcDbEntity
  8
BLACK
  6
CONTINUOUS
100
AcDbLine
 10
-1.1957086614173229
 20
2.3326771653543306
 30
0
 11
-1.1957086614173229
 21
2.3881889763779527
 31
0
  0
LINE
  5
C05
330
1A
100
AcDbEntity
  8
BLACK
  6
CONTINUOUS
100
AcDbLine
 10
-1.1957086614173229
 20
2.3881889763779527
 30
0
 11
-1.3102755905511811
 21
2.3881889763779527
 31
0
  0
LINE
  5
C06
330
1A
100
AcDbEntity
  8
BLACK
  6
CONTINUOUS
100
AcDbLine
 10
-1.095922559055118
 20
2.471578622047244
 30
0
 11
-1.0953898818897638
 21
2.4710459448818898
 31
0
  0
LINE
  5
C07
330
1A
100
AcDbEntity
  8
BLACK
  6
CONTINUOUS
100
AcDbLine
 10
-1.0953898818897638
 20
2.4710459448818898
 30
0
 11
-1.0953149606299213
 21
2.4706692913385826
 31
0
  0
LINE
  5
C08
330
1A
100
AcDbEntity
  8
BLACK
  6
CONTINUOUS
100
AcDbLine
 10
-1.0953149606299213
 20
2.4706692913385826
 30
0
 11
-1.0953149606299213
 21
2.3368110236220474
 31
0
  0
LINE
  5
C09
330
1A
100
AcDbEntity
  8
BLACK
  6
CONTINUOUS
100
AcDbLine
 10
-1.0953149606299213
 20
2.3368110236220474
 30
0
 11
-1.0953898818897638
 21
2.3364343700787402
 31
0
  0
LINE
  5
C0A
330
1A
100
AcDbEntity
  8
BLACK
  6
CONTINUOUS
100
AcDbLine
 10
-1.0953898818897638
 20
2.3364343700787402
 30
0
 11
-1.095922559055118
 21
2.3359016929133856
 31
0
  0
LINE
  5
C0B
330
1A
100
AcDbEntity
  8
BLACK
  6
CONTINUOUS
100
AcDbLine
 10
-1.095922559055118
 20
2.3359016929133856
 30
0
 11
-1.0962992125984252
 21
2.3358267716535432
 31
0
  0
LINE
  5
C0C
330
1A
100
AcDbEntity
  8
BLACK
  6
CONTINUOUS
100
AcDbLine
 10
-1.0962992125984252
 20
2.3358267716535432
 30
0
 11
-1.1734645669291339
 21
2.3358267716535432
 31
0
  0
LINE
  5
C0D
330
1A
100
AcDbEntity
  8
BLACK
  6
CONTINUOUS
100
AcDbLine
 10
-1.1734645669291339
 20
2.3358267716535432
 30
0
 11
-1.1738412204724409
 21
2.3359016929133856
 31
0
  0
LINE
  5
C0E
330
1A
100
AcDbEntity
  8
BLACK
  6
CONTINUOUS
100
AcDbLine
 10
-1.1738412204724409
 20
2.3359016929133856
 30
0
 11
-1.1743738976377953
 21
2.3364343700787402
 31
0
  0
LINE
  5
C0F
330
1A
100
AcDbEntity
  8
BLACK
  6
CONTINUOUS
100
AcDbLine
 10
-1.1743738976377953
 20
2.3364343700787402
 30
0
 11
-1.1744488188976379
 21
2.3368110236220474
 31
0
  0
LINE
  5
C10
330
1A
100
AcDbEntity
  8
BLACK
  6
CONTINUOUS
100
AcDbLine
 10
-1.1744488188976379
 20
2.3368110236220474
 30
0
 11
-1.1744488188976379
 21
2.4706692913385826
 31
0
  0
LINE
  5
C11
330
1A
100
AcDbEntity
  8
BLACK
  6
CONTINUOUS
100
AcDbLine
 10
-1.1744488188976379
 20
2.4706692913385826
 30
0
 11
-1.1743738976377953
 21
2.4710459448818898
 31
0
  0
LINE
  5
C12
330
1A
100
AcDbEntity
  8
BLACK
  6
CONTINUOUS
100
AcDbLine
 10
-1.1743738976377953
 20
2.4710459448818898
 30
0
 11
-1.1738412204724409
 21
2.471578622047244
 31
0
  0
LINE
  5
C13
330
1A
100
AcDbEntity
  8
BLACK
  6
CONTINUOUS
100
AcDbLine
 10
-1.1738412204724409
 20
2.471578622047244
 30
0
 11
-1.1734645669291339
 21
2.4716535433070868
 31
0
  0
LINE
  5
C14
330
1A
100
AcDbEntity
  8
BLACK
  6
CONTINUOUS
100
AcDbLine
 10
-1.1734645669291339
 20
2.4716535433070868
 30
0
 11
-1.0962992125984252
 21
2.4716535433070868
 31
0
  0
LINE
  5
C15
330
1A
100
AcDbEntity
  8
BLACK
  6
CONTINUOUS
100
AcDbLine
 10
-1.0962992125984252
 20
2.4716535433070868
 30
0
 11
-1.095922559055118
 21
2.471578622047244
 31
0
  0
LINE
  5
C16
330
1A
100
AcDbEntity
  8
BLACK
  6
CONTINUOUS
100
AcDbLine
 10
-1.17248031496063
 20
2.4696850393700789
 30
0
 11
-1.17248031496063
 21
2.3377952755905511
 31
0
  0
LINE
  5
C17
330
1A
100
AcDbEntity
  8
BLACK
  6
CONTINUOUS
100
AcDbLine
 10
-1.17248031496063
 20
2.3377952755905511
 30
0
 11
-1.0972834645669292
 21
2.3377952755905511
 31
0
  0
LINE
  5
C18
330
1A
100
AcDbEntity
  8
BLACK
  6
CONTINUOUS
100
AcDbLine
 10
-1.0972834645669292
 20
2.3377952755905511
 30
0
 11
-1.0972834645669292
 21
2.4696850393700789
 31
0
  0
LINE
  5
C19
330
1A
100
AcDbEntity
  8
BLACK
  6
CONTINUOUS
100
AcDbLine
 10
-1.0972834645669292
 20
2.4696850393700789
 30
0
 11
-1.17248031496063
 21
2.4696850393700789
 31
0
  0
LINE
  5
C1A
330
1A
100
AcDbEntity
  8
BLACK
  6
CONTINUOUS
100
AcDbLine
 10
-1.0132453937007875
 20
2.471578622047244
 30
0
 11
-1.012712716535433
 21
2.4710459448818898
 31
0
  0
LINE
  5
C1B
330
1A
100
AcDbEntity
  8
BLACK
  6
CONTINUOUS
100
AcDbLine
 10
-1.012712716535433
 20
2.4710459448818898
 30
0
 11
-1.0126377952755905
 21
2.4706692913385826
 31
0
  0
LINE
  5
C1C
330
1A
100
AcDbEntity
  8
BLACK
  6
CONTINUOUS
100
AcDbLine
 10
-1.0126377952755905
 20
2.4706692913385826
 30
0
 11
-1.0126377952755905
 21
2.3368110236220474
 31
0
  0
LINE
  5
C1D
330
1A
100
AcDbEntity
  8
BLACK
  6
CONTINUOUS
100
AcDbLine
 10
-1.0126377952755905
 20
2.3368110236220474
 30
0
 11
-1.012712716535433
 21
2.3364343700787402
 31
0
  0
LINE
  5
C1E
330
1A
100
AcDbEntity
  8
BLACK
  6
CONTINUOUS
100
AcDbLine
 10
-1.012712716535433
 20
2.3364343700787402
 30
0
 11
-1.0132453937007875
 21
2.3359016929133856
 31
0
  0
LINE
  5
C1F
330
1A
100
AcDbEntity
  8
BLACK
  6
CONTINUOUS
100
AcDbLine
 10
-1.0132453937007875
 20
2.3359016929133856
 30
0
 11
-1.0136220472440944
 21
2.3358267716535432
 31
0
  0
LINE
  5
C20
330
1A
100
AcDbEntity
  8
BLACK
  6
CONTINUOUS
100
AcDbLine
 10
-1.0136220472440944
 20
2.3358267716535432
 30
0
 11
-1.0907874015748031
 21
2.3358267716535432
 31
0
  0
LINE
  5
C21
330
1A
100
AcDbEntity
  8
BLACK
  6
CONTINUOUS
100
AcDbLine
 10
-1.0907874015748031
 20
2.3358267716535432
 30
0
 11
-1.0911640551181103
 21
2.3359016929133856
 31
0
  0
LINE
  5
C22
330
1A
100
AcDbEntity
  8
BLACK
  6
CONTINUOUS
100
AcDbLine
 10
-1.0911640551181103
 20
2.3359016929133856
 30
0
 11
-1.0916967322834645
 21
2.3364343700787402
 31
0
  0
LINE
  5
C23
330
1A
100
AcDbEntity
  8
BLACK
  6
CONTINUOUS
100
AcDbLine
 10
-1.0916967322834645
 20
2.3364343700787402
 30
0
 11
-1.0917716535433071
 21
2.3368110236220474
 31
0
  0
LINE
  5
C24
330
1A
100
AcDbEntity
  8
BLACK
  6
CONTINUOUS
100
AcDbLine
 10
-1.0917716535433071
 20
2.3368110236220474
 30
0
 11
-1.0917716535433071
 21
2.4706692913385826
 31
0
  0
LINE
  5
C25
330
1A
100
AcDbEntity
  8
BLACK
  6
CONTINUOUS
100
AcDbLine
 10
-1.0917716535433071
 20
2.4706692913385826
 30
0
 11
-1.0916967322834645
 21
2.4710459448818898
 31
0
  0
LINE
  5
C26
330
1A
100
AcDbEntity
  8
BLACK
  6
CONTINUOUS
100
AcDbLine
 10
-1.0916967322834645
 20
2.4710459448818898
 30
0
 11
-1.0911640551181103
 21
2.471578622047244
 31
0
  0
LINE
  5
C27
330
1A
100
AcDbEntity
  8
BLACK
  6
CONTINUOUS
100
AcDbLine
 10
-1.0911640551181103
 20
2.471578622047244
 30
0
 11
-1.0907874015748031
 21
2.4716535433070868
 31
0
  0
LINE
  5
C28
330
1A
100
AcDbEntity
  8
BLACK
  6
CONTINUOUS
100
AcDbLine
 10
-1.0907874015748031
 20
2.4716535433070868
 30
0
 11
-1.0136220472440944
 21
2.4716535433070868
 31
0
  0
LINE
  5
C29
330
1A
100
AcDbEntity
  8
BLACK
  6
CONTINUOUS
100
AcDbLine
 10
-1.0136220472440944
 20
2.4716535433070868
 30
0
 11
-1.0132453937007875
 21
2.471578622047244
 31
0
  0
LINE
  5
C2A
330
1A
100
AcDbEntity
  8
BLACK
  6
CONTINUOUS
100
AcDbLine
 10
-1.0898031496062992
 20
2.4696850393700789
 30
0
 11
-1.0898031496062992
 21
2.3377952755905511
 31
0
  0
LINE
  5
C2B
330
1A
100
AcDbEntity
  8
BLACK
  6
CONTINUOUS
100
AcDbLine
 10
-1.0898031496062992
 20
2.3377952755905511
 30
0
 11
-1.0146062992125984
 21
2.3377952755905511
 31
0
  0
LINE
  5
C2C
330
1A
100
AcDbEntity
  8
BLACK
  6
CONTINUOUS
100
AcDbLine
 10
-1.0146062992125984
 20
2.3377952755905511
 30
0
 11
-1.0146062992125984
 21
2.4696850393700789
 31
0
  0
LINE
  5
C2D
330
1A
100
AcDbEntity
  8
BLACK
  6
CONTINUOUS
100
AcDbLine
 10
-1.0146062992125984
 20
2.4696850393700789
 30
0
 11
-1.0898031496062992
 21
2.4696850393700789
 31
0
  0
LINE
  5
C2E
330
1A
100
AcDbEntity
  8
BLACK
  6
CONTINUOUS
100
AcDbLine
 10
-1.1778123228346455
 20
2.4707912204724409
 30
0
 11
-1.1772796456692913
 21
2.4702585433070867
 31
0
  0
LINE
  5
C2F
330
1A
100
AcDbEntity
  8
BLACK
  6
CONTINUOUS
100
AcDbLine
 10
-1.1772796456692913
 20
2.4702585433070867
 30
0
 11
-1.1772047244094488
 21
2.4698818897637795
 31
0
  0
LINE
  5
C30
330
1A
100
AcDbEntity
  8
BLACK
  6
CONTINUOUS
100
AcDbLine
 10
-1.1772047244094488
 20
2.4698818897637795
 30
0
 11
-1.1772047244094488
 21
2.3927165354330708
 31
0
  0
LINE
  5
C31
330
1A
100
AcDbEntity
  8
BLACK
  6
CONTINUOUS
100
AcDbLine
 10
-1.1772047244094488
 20
2.3927165354330708
 30
0
 11
-1.1772796456692913
 21
2.3923398818897637
 31
0
  0
LINE
  5
C32
330
1A
100
AcDbEntity
  8
BLACK
  6
CONTINUOUS
100
AcDbLine
 10
-1.1772796456692913
 20
2.3923398818897637
 30
0
 11
-1.1778123228346455
 21
2.3918072047244094
 31
0
  0
LINE
  5
C33
330
1A
100
AcDbEntity
  8
BLACK
  6
CONTINUOUS
100
AcDbLine
 10
-1.1778123228346455
 20
2.3918072047244094
 30
0
 11
-1.1781889763779527
 21
2.3917322834645667
 31
0
  0
LINE
  5
C34
330
1A
100
AcDbEntity
  8
BLACK
  6
CONTINUOUS
100
AcDbLine
 10
-1.1781889763779527
 20
2.3917322834645667
 30
0
 11
-1.3120472440944881
 21
2.3917322834645667
 31
0
  0
LINE
  5
C35
330
1A
100
AcDbEntity
  8
BLACK
  6
CONTINUOUS
100
AcDbLine
 10
-1.3120472440944881
 20
2.3917322834645667
 30
0
 11
-1.3124238976377953
 21
2.3918072047244094
 31
0
  0
LINE
  5
C36
330
1A
100
AcDbEntity
  8
BLACK
  6
CONTINUOUS
100
AcDbLine
 10
-1.3124238976377953
 20
2.3918072047244094
 30
0
 11
-1.3129565748031495
 21
2.3923398818897637
 31
0
  0
LINE
  5
C37
330
1A
100
AcDbEntity
  8
BLACK
  6
CONTINUOUS
100
AcDbLine
 10
-1.3129565748031495
 20
2.3923398818897637
 30
0
 11
-1.3130314960629921
 21
2.3927165354330708
 31
0
  0
LINE
  5
C38
330
1A
100
AcDbEntity
  8
BLACK
  6
CONTINUOUS
100
AcDbLine
 10
-1.3130314960629921
 20
2.3927165354330708
 30
0
 11
-1.3130314960629921
 21
2.4698818897637795
 31
0
  0
LINE
  5
C39
330
1A
100
AcDbEntity
  8
BLACK
  6
CONTINUOUS
100
AcDbLine
 10
-1.3130314960629921
 20
2.4698818897637795
 30
0
 11
-1.3129565748031495
 21
2.4702585433070867
 31
0
  0
LINE
  5
C3A
330
1A
100
AcDbEntity
  8
BLACK
  6
CONTINUOUS
100
AcDbLine
 10
-1.3129565748031495
 20
2.4702585433070867
 30
0
 11
-1.3124238976377953
 21
2.4707912204724409
 31
0
  0
LINE
  5
C3B
330
1A
100
AcDbEntity
  8
BLACK
  6
CONTINUOUS
100
AcDbLine
 10
-1.3124238976377953
 20
2.4707912204724409
 30
0
 11
-1.3120472440944881
 21
2.4708661417322832
 31
0
  0
LINE
  5
C3C
330
1A
100
AcDbEntity
  8
BLACK
  6
CONTINUOUS
100
AcDbLine
 10
-1.3120472440944881
 20
2.4708661417322832
 30
0
 11
-1.1781889763779527
 21
2.4708661417322832
 31
0
  0
LINE
  5
C3D
330
1A
100
AcDbEntity
  8
BLACK
  6
CONTINUOUS
100
AcDbLine
 10
-1.1781889763779527
 20
2.4708661417322832
 30
0
 11
-1.1778123228346455
 21
2.4707912204724409
 31
0
  0
LINE
  5
C3E
330
1A
100
AcDbEntity
  8
BLACK
  6
CONTINUOUS
100
AcDbLine
 10
-1.3110629921259842
 20
2.4688976377952754
 30
0
 11
-1.3110629921259842
 21
2.3937007874015745
 31
0
  0
LINE
  5
C3F
330
1A
100
AcDbEntity
  8
BLACK
  6
CONTINUOUS
100
AcDbLine
 10
-1.3110629921259842
 20
2.3937007874015745
 30
0
 11
-1.1791732283464567
 21
2.3937007874015745
 31
0
  0
LINE
  5
C40
330
1A
100
AcDbEntity
  8
BLACK
  6
CONTINUOUS
100
AcDbLine
 10
-1.1791732283464567
 20
2.3937007874015745
 30
0
 11
-1.1791732283464567
 21
2.4688976377952754
 31
0
  0
LINE
  5
C41
330
1A
100
AcDbEntity
  8
BLACK
  6
CONTINUOUS
100
AcDbLine
 10
-1.1791732283464567
 20
2.4688976377952754
 30
0
 11
-1.3110629921259842
 21
2.4688976377952754
 31
0
  0
LINE
  5
C42
330
1A
100
AcDbEntity
  8
BLACK
  6
CONTINUOUS
100
AcDbLine
 10
-0.8085209842519685
 20
2.5150825590551182
 30
0
 11
-0.8079883070866142
 21
2.5145498818897636
 31
0
  0
LINE
  5
C43
330
1A
100
AcDbEntity
  8
BLACK
  6
CONTINUOUS
100
AcDbLine
 10
-0.8079883070866142
 20
2.5145498818897636
 30
0
 11
-0.8079133858267716
 21
2.5141732283464568
 31
0
  0
LINE
  5
C44
330
1A
100
AcDbEntity
  8
BLACK
  6
CONTINUOUS
100
AcDbLine
 10
-0.8079133858267716
 20
2.5141732283464568
 30
0
 11
-0.8079133858267716
 21
2.3937007874015745
 31
0
  0
LINE
  5
C45
330
1A
100
AcDbEntity
  8
BLACK
  6
CONTINUOUS
100
AcDbLine
 10
-0.8079133858267716
 20
2.3937007874015745
 30
0
 11
-0.8079883070866142
 21
2.3933241338582678
 31
0
  0
LINE
  5
C46
330
1A
100
AcDbEntity
  8
BLACK
  6
CONTINUOUS
100
AcDbLine
 10
-0.8079883070866142
 20
2.3933241338582678
 30
0
 11
-0.8085209842519685
 21
2.3927914566929132
 31
0
  0
LINE
  5
C47
330
1A
100
AcDbEntity
  8
BLACK
  6
CONTINUOUS
100
AcDbLine
 10
-0.8085209842519685
 20
2.3927914566929132
 30
0
 11
-0.8088976377952756
 21
2.3927165354330708
 31
0
  0
LINE
  5
C48
330
1A
100
AcDbEntity
  8
BLACK
  6
CONTINUOUS
100
AcDbLine
 10
-0.8088976377952756
 20
2.3927165354330708
 30
0
 11
-0.9490551181102362
 21
2.3927165354330708
 31
0
  0
LINE
  5
C49
330
1A
100
AcDbEntity
  8
BLACK
  6
CONTINUOUS
100
AcDbLine
 10
-0.9490551181102362
 20
2.3927165354330708
 30
0
 11
-0.9494317716535433
 21
2.3927914566929132
 31
0
  0
LINE
  5
C4A
330
1A
100
AcDbEntity
  8
BLACK
  6
CONTINUOUS
100
AcDbLine
 10
-0.9494317716535433
 20
2.3927914566929132
 30
0
 11
-0.9499644488188976
 21
2.3933241338582678
 31
0
  0
LINE
  5
C4B
330
1A
100
AcDbEntity
  8
BLACK
  6
CONTINUOUS
100
AcDbLine
 10
-0.9499644488188976
 20
2.3933241338582678
 30
0
 11
-0.9500393700787402
 21
2.3937007874015745
 31
0
  0
LINE
  5
C4C
330
1A
100
AcDbEntity
  8
BLACK
  6
CONTINUOUS
100
AcDbLine
 10
-0.9500393700787402
 20
2.3937007874015745
 30
0
 11
-0.9500393700787402
 21
2.5141732283464568
 31
0
  0
LINE
  5
C4D
330
1A
100
AcDbEntity
  8
BLACK
  6
CONTINUOUS
100
AcDbLine
 10
-0.9500393700787402
 20
2.5141732283464568
 30
0
 11
-0.9499644488188976
 21
2.5145498818897636
 31
0
  0
LINE
  5
C4E
330
1A
100
AcDbEntity
  8
BLACK
  6
CONTINUOUS
100
AcDbLine
 10
-0.9499644488188976
 20
2.5145498818897636
 30
0
 11
-0.9494317716535433
 21
2.5150825590551182
 31
0
  0
LINE
  5
C4F
330
1A
100
AcDbEntity
  8
BLACK
  6
CONTINUOUS
100
AcDbLine
 10
-0.9494317716535433
 20
2.5150825590551182
 30
0
 11
-0.9490551181102362
 21
2.5151574803149606
 31
0
  0
LINE
  5
C50
330
1A
100
AcDbEntity
  8
BLACK
  6
CONTINUOUS
100
AcDbLine
 10
-0.9490551181102362
 20
2.5151574803149606
 30
0
 11
-0.8088976377952756
 21
2.5151574803149606
 31
0
  0
LINE
  5
C51
330
1A
100
AcDbEntity
  8
BLACK
  6
CONTINUOUS
100
AcDbLine
 10
-0.8088976377952756
 20
2.5151574803149606
 30
0
 11
-0.8085209842519685
 21
2.5150825590551182
 31
0
  0
LINE
  5
C52
330
1A
100
AcDbEntity
  8
BLACK
  6
CONTINUOUS
100
AcDbLine
 10
-0.9480708661417323
 20
2.5131889763779527
 30
0
 11
-0.9480708661417323
 21
2.3946850393700787
 31
0
  0
LINE
  5
C53
330
1A
100
AcDbEntity
  8
BLACK
  6
CONTINUOUS
100
AcDbLine
 10
-0.9480708661417323
 20
2.3946850393700787
 30
0
 11
-0.8098818897637795
 21
2.3946850393700787
 31
0
  0
LINE
  5
C54
330
1A
100
AcDbEntity
  8
BLACK
  6
CONTINUOUS
100
AcDbLine
 10
-0.8098818897637795
 20
2.3946850393700787
 30
0
 11
-0.8098818897637795
 21
2.5131889763779527
 31
0
  0
LINE
  5
C55
330
1A
100
AcDbEntity
  8
BLACK
  6
CONTINUOUS
100
AcDbLine
 10
-0.8098818897637795
 20
2.5131889763779527
 30
0
 11
-0.9480708661417323
 21
2.5131889763779527
 31
0
  0
LINE
  5
C56
330
1A
100
AcDbEntity
  8
BLACK
  6
CONTINUOUS
100
AcDbLine
 10
-0.4002532677165354
 20
2.5121298031496062
 30
0
 11
-0.3997205905511811
 21
2.511597125984252
 31
0
  0
LINE
  5
C57
330
1A
100
AcDbEntity
  8
BLACK
  6
CONTINUOUS
100
AcDbLine
 10
-0.3997205905511811
 20
2.511597125984252
 30
0
 11
-0.3996456692913386
 21
2.5112204724409448
 31
0
  0
LINE
  5
C58
330
1A
100
AcDbEntity
  8
BLACK
  6
CONTINUOUS
100
AcDbLine
 10
-0.3996456692913386
 20
2.5112204724409448
 30
0
 11
-0.3996456692913386
 21
2.4340551181102361
 31
0
  0
LINE
  5
C59
330
1A
100
AcDbEntity
  8
BLACK
  6
CONTINUOUS
100
AcDbLine
 10
-0.3996456692913386
 20
2.4340551181102361
 30
0
 11
-0.3997205905511811
 21
2.4336784645669289
 31
0
  0
LINE
  5
C5A
330
1A
100
AcDbEntity
  8
BLACK
  6
CONTINUOUS
100
AcDbLine
 10
-0.3997205905511811
 20
2.4336784645669289
 30
0
 11
-0.4002532677165354
 21
2.4331457874015747
 31
0
  0
LINE
  5
C5B
330
1A
100
AcDbEntity
  8
BLACK
  6
CONTINUOUS
100
AcDbLine
 10
-0.4002532677165354
 20
2.4331457874015747
 30
0
 11
-0.4006299212598425
 21
2.4330708661417324
 31
0
  0
LINE
  5
C5C
330
1A
100
AcDbEntity
  8
BLACK
  6
CONTINUOUS
100
AcDbLine
 10
-0.4006299212598425
 20
2.4330708661417324
 30
0
 11
-0.534488188976378
 21
2.4330708661417324
 31
0
  0
LINE
  5
C5D
330
1A
100
AcDbEntity
  8
BLACK
  6
CONTINUOUS
100
AcDbLine
 10
-0.534488188976378
 20
2.4330708661417324
 30
0
 11
-0.534864842519685
 21
2.4331457874015747
 31
0
  0
LINE
  5
C5E
330
1A
100
AcDbEntity
  8
BLACK
  6
CONTINUOUS
100
AcDbLine
 10
-0.534864842519685
 20
2.4331457874015747
 30
0
 11
-0.5353975196850393
 21
2.4336784645669289
 31
0
  0
LINE
  5
C5F
330
1A
100
AcDbEntity
  8
BLACK
  6
CONTINUOUS
100
AcDbLine
 10
-0.5353975196850393
 20
2.4336784645669289
 30
0
 11
-0.5354724409448819
 21
2.4340551181102361
 31
0
  0
LINE
  5
C60
330
1A
100
AcDbEntity
  8
BLACK
  6
CONTINUOUS
100
AcDbLine
 10
-0.5354724409448819
 20
2.4340551181102361
 30
0
 11
-0.5354724409448819
 21
2.5112204724409448
 31
0
  0
LINE
  5
C61
330
1A
100
AcDbEntity
  8
BLACK
  6
CONTINUOUS
100
AcDbLine
 10
-0.5354724409448819
 20
2.5112204724409448
 30
0
 11
-0.5353975196850393
 21
2.511597125984252
 31
0
  0
LINE
  5
C62
330
1A
100
AcDbEntity
  8
BLACK
  6
CONTINUOUS
100
AcDbLine
 10
-0.5353975196850393
 20
2.511597125984252
 30
0
 11
-0.534864842519685
 21
2.5121298031496062
 31
0
  0
LINE
  5
C63
330
1A
100
AcDbEntity
  8
BLACK
  6
CONTINUOUS
100
AcDbLine
 10
-0.534864842519685
 20
2.5121298031496062
 30
0
 11
-0.534488188976378
 21
2.512204724409449
 31
0
  0
LINE
  5
C64
330
1A
100
AcDbEntity
  8
BLACK
  6
CONTINUOUS
100
AcDbLine
 10
-0.534488188976378
 20
2.512204724409449
 30
0
 11
-0.4006299212598425
 21
2.512204724409449
 31
0
  0
LINE
  5
C65
330
1A
100
AcDbEntity
  8
BLACK
  6
CONTINUOUS
100
AcDbLine
 10
-0.4006299212598425
 20
2.512204724409449
 30
0
 11
-0.4002532677165354
 21
2.5121298031496062
 31
0
  0
LINE
  5
C66
330
1A
100
AcDbEntity
  8
BLACK
  6
CONTINUOUS
100
AcDbLine
 10
-0.533503937007874
 20
2.5102362204724411
 30
0
 11
-0.533503937007874
 21
2.4350393700787403
 31
0
  0
LINE
  5
C67
330
1A
100
AcDbEntity
  8
BLACK
  6
CONTINUOUS
100
AcDbLine
 10
-0.533503937007874
 20
2.4350393700787403
 30
0
 11
-0.4016141732283465
 21
2.4350393700787403
 31
0
  0
LINE
  5
C68
330
1A
100
AcDbEntity
  8
BLACK
  6
CONTINUOUS
100
AcDbLine
 10
-0.4016141732283465
 20
2.4350393700787403
 30
0
 11
-0.4016141732283465
 21
2.5102362204724411
 31
0
  0
LINE
  5
C69
330
1A
100
AcDbEntity
  8
BLACK
  6
CONTINUOUS
100
AcDbLine
 10
-0.4016141732283465
 20
2.5102362204724411
 30
0
 11
-0.533503937007874
 21
2.5102362204724411
 31
0
  0
CIRCLE
  5
C6A
330
1A
100
AcDbEntity
  8
BLACK
100
AcDbCircle
 10
1.7
 20
1.9450000000000001
 30
0
 40
0.0068897637795276
  0
CIRCLE
  5
C6B
330
1A
100
AcDbEntity
  8
BLACK
100
AcDbCircle
 10
1.5999999999999999
 20
1.9450000000000001
 30
0
 40
0.0068897637795276
  0
CIRCLE
  5
C6C
330
1A
100
AcDbEntity
  8
BLACK
100
AcDbCircle
 10
1.7
 20
2.0449999999999999
 30
0
 40
0.0068897637795276
  0
CIRCLE
  5
C6D
330
1A
100
AcDbEntity
  8
BLACK
100
AcDbCircle
 10
1.5999999999999999
 20
2.0449999999999999
 30
0
 40
0.0068897637795276
  0
CIRCLE
  5
C6E
330
1A
100
AcDbEntity
  8
BLACK
100
AcDbCircle
 10
1.7
 20
2.145
 30
0
 40
0.0068897637795276
  0
CIRCLE
  5
C6F
330
1A
100
AcDbEntity
  8
BLACK
100
AcDbCircle
 10
1.5999999999999999
 20
2.145
 30
0
 40
0.0068897637795276
  0
CIRCLE
  5
C70
330
1A
100
AcDbEntity
  8
BLACK
100
AcDbCircle
 10
-0.24
 20
0.635
 30
0
 40
0.0068897637795276
  0
CIRCLE
  5
C71
330
1A
100
AcDbEntity
  8
BLACK
100
AcDbCircle
 10
-0.24
 20
0.535
 30
0
 40
0.0068897637795276
  0
CIRCLE
  5
C72
330
1A
100
AcDbEntity
  8
BLACK
100
AcDbCircle
 10
-0.34
 20
0.635
 30
0
 40
0.0068897637795276
  0
CIRCLE
  5
C73
330
1A
100
AcDbEntity
  8
BLACK
100
AcDbCircle
 10
-0.34
 20
0.535
 30
0
 40
0.0068897637795276
  0
CIRCLE
  5
C74
330
1A
100
AcDbEntity
  8
BLACK
100
AcDbCircle
 10
-0.44
 20
0.635
 30
0
 40
0.0068897637795276
  0
CIRCLE
  5
C75
330
1A
100
AcDbEntity
  8
BLACK
100
AcDbCircle
 10
-0.44
 20
0.535
 30
0
 40
0.0068897637795276
  0
CIRCLE
  5
C76
330
1A
100
AcDbEntity
  8
BLACK
100
AcDbCircle
 10
-0.54
 20
0.635
 30
0
 40
0.0068897637795276
  0
CIRCLE
  5
C77
330
1A
100
AcDbEntity
  8
BLACK
100
AcDbCircle
 10
-0.54
 20
0.535
 30
0
 40
0.0068897637795276
  0
CIRCLE
  5
C78
330
1A
100
AcDbEntity
  8
BLACK
100
AcDbCircle
 10
-0.64
 20
0.635
 30
0
 40
0.0068897637795276
  0
CIRCLE
  5
C79
330
1A
100
AcDbEntity
  8
BLACK
100
AcDbCircle
 10
-0.64
 20
0.535
 30
0
 40
0.0068897637795276
  0
CIRCLE
  5
C7A
330
1A
100
AcDbEntity
  8
BLACK
100
AcDbCircle
 10
-1.99
 20
2.625
 30
0
 40
0.0068897637795276
  0
CIRCLE
  5
C7B
330
1A
100
AcDbEntity
  8
BLACK
100
AcDbCircle
 10
1.6099999999999999
 20
2.625
 30
0
 40
0.0068897637795276
  0
CIRCLE
  5
C7C
330
1A
100
AcDbEntity
  8
BLACK
100
AcDbCircle
 10
-1.2407874015748031
 20
2.6364173228346455
 30
0
 40
0.0068897637795276
  0
CIRCLE
  5
C7D
330
1A
100
AcDbEntity
  8
BLACK
100
AcDbCircle
 10
-1.2407874015748031
 20
2.7364173228346456
 30
0
 40
0.0068897637795276
  0
CIRCLE
  5
C7E
330
1A
100
AcDbEntity
  8
BLACK
100
AcDbCircle
 10
-1.1407874015748032
 20
2.6364173228346455
 30
0
 40
0.0068897637795276
  0
CIRCLE
  5
C7F
330
1A
100
AcDbEntity
  8
BLACK
100
AcDbCircle
 10
-1.1407874015748032
 20
2.7364173228346456
 30
0
 40
0.0068897637795276
  0
CIRCLE
  5
C80
330
1A
100
AcDbEntity
  8
BLACK
100
AcDbCircle
 10
-1.0407874015748031
 20
2.6364173228346455
 30
0
 40
0.0068897637795276
  0
CIRCLE
  5
C81
330
1A
100
AcDbEntity
  8
BLACK
100
AcDbCircle
 10
-1.0407874015748031
 20
2.7364173228346456
 30
0
 40
0.0068897637795276
  0
CIRCLE
  5
C82
330
1A
100
AcDbEntity
  8
BLACK
100
AcDbCircle
 10
-0.9407874015748031
 20
2.6364173228346455
 30
0
 40
0.0068897637795276
  0
CIRCLE
  5
C83
330
1A
100
AcDbEntity
  8
BLACK
100
AcDbCircle
 10
-0.9407874015748031
 20
2.7364173228346456
 30
0
 40
0.0068897637795276
  0
CIRCLE
  5
C84
330
1A
100
AcDbEntity
  8
BLACK
100
AcDbCircle
 10
-0.8407874015748031
 20
2.6364173228346455
 30
0
 40
0.0068897637795276
  0
CIRCLE
  5
C85
330
1A
100
AcDbEntity
  8
BLACK
100
AcDbCircle
 10
-0.8407874015748031
 20
2.7364173228346456
 30
0
 40
0.0068897637795276
  0
CIRCLE
  5
C86
330
1A
100
AcDbEntity
  8
BLACK
100
AcDbCircle
 10
-0.7407874015748032
 20
2.6364173228346455
 30
0
 40
0.0068897637795276
  0
CIRCLE
  5
C87
330
1A
100
AcDbEntity
  8
BLACK
100
AcDbCircle
 10
-0.7407874015748032
 20
2.7364173228346456
 30
0
 40
0.0068897637795276
  0
CIRCLE
  5
C88
330
1A
100
AcDbEntity
  8
BLACK
100
AcDbCircle
 10
-0.6407874015748032
 20
2.6364173228346455
 30
0
 40
0.0068897637795276
  0
CIRCLE
  5
C89
330
1A
100
AcDbEntity
  8
BLACK
100
AcDbCircle
 10
-0.6407874015748032
 20
2.7364173228346456
 30
0
 40
0.0068897637795276
  0
CIRCLE
  5
C8A
330
1A
100
AcDbEntity
  8
BLACK
100
AcDbCircle
 10
-0.5035826771653543
 20
2.6374015748031496
 30
0
 40
0.0068897637795276
  0
CIRCLE
  5
C8B
330
1A
100
AcDbEntity
  8
BLACK
100
AcDbCircle
 10
-0.5035826771653543
 20
2.7374015748031497
 30
0
 40
0.0068897637795276
  0
CIRCLE
  5
C8C
330
1A
100
AcDbEntity
  8
BLACK
100
AcDbCircle
 10
-0.4035826771653543
 20
2.6374015748031496
 30
0
 40
0.0068897637795276
  0
CIRCLE
  5
C8D
330
1A
100
AcDbEntity
  8
BLACK
100
AcDbCircle
 10
-0.4035826771653543
 20
2.7374015748031497
 30
0
 40
0.0068897637795276
  0
CIRCLE
  5
C8E
330
1A
100
AcDbEntity
  8
BLACK
100
AcDbCircle
 10
-0.3035826771653543
 20
2.6374015748031496
 30
0
 40
0.0068897637795276
  0
CIRCLE
  5
C8F
330
1A
100
AcDbEntity
  8
BLACK
100
AcDbCircle
 10
-0.3035826771653543
 20
2.7374015748031497
 30
0
 40
0.0068897637795276
  0
CIRCLE
  5
C90
330
1A
100
AcDbEntity
  8
BLACK
100
AcDbCircle
 10
-1.99
 20
0.625
 30
0
 40
0.0068897637795276
  0
CIRCLE
  5
C91
330
1A
100
AcDbEntity
  8
BLACK
100
AcDbCircle
 10
-1.2793700787401574
 20
1.8277559055118109
 30
0
 40
0.0068897637795276
  0
CIRCLE
  5
C92
330
1A
100
AcDbEntity
  8
BLACK
100
AcDbCircle
 10
-1.2793700787401574
 20
1.0009842519685039
 30
0
 40
0.0068897637795276
  0
CIRCLE
  5
C93
330
1A
100
AcDbEntity
  8
BLACK
100
AcDbCircle
 10
-1.99
 20
2.2050000000000001
 30
0
 40
0.0068897637795276
  0
CIRCLE
  5
C94
330
1A
100
AcDbEntity
  8
BLACK
100
AcDbCircle
 10
-2.0899999999999999
 20
2.3050000000000002
 30
0
 40
0.0068897637795276
  0
CIRCLE
  5
C95
330
1A
100
AcDbEntity
  8
BLACK
100
AcDbCircle
 10
-2.0899999999999999
 20
2.105
 30
0
 40
0.0068897637795276
  0
CIRCLE
  5
C96
330
1A
100
AcDbEntity
  8
BLACK
100
AcDbCircle
 10
-1.8899999999999999
 20
2.3050000000000002
 30
0
 40
0.0068897637795276
  0
CIRCLE
  5
C97
330
1A
100
AcDbEntity
  8
BLACK
100
AcDbCircle
 10
-1.8899999999999999
 20
2.105
 30
0
 40
0.0068897637795276
  0
CIRCLE
  5
C98
330
1A
100
AcDbEntity
  8
BLACK
100
AcDbCircle
 10
0.9399999999999999
 20
2.4049999999999998
 30
0
 40
0.0068897637795276
  0
CIRCLE
  5
C99
330
1A
100
AcDbEntity
  8
BLACK
100
AcDbCircle
 10
1.235275590551181
 20
2.4049999999999998
 30
0
 40
0.0068897637795276
  0
CIRCLE
  5
C9A
330
1A
100
AcDbEntity
  8
BLACK
100
AcDbCircle
 10
-1.0069291338582678
 20
1.776496062992126
 30
0
 40
0.0068897637795276
  0
CIRCLE
  5
C9B
330
1A
100
AcDbEntity
  8
BLACK
100
AcDbCircle
 10
-0.9069291338582677
 20
1.776496062992126
 30
0
 40
0.0068897637795276
  0
CIRCLE
  5
C9C
330
1A
100
AcDbEntity
  8
BLACK
100
AcDbCircle
 10
1.6099999999999999
 20
0.625
 30
0
 40
0.0068897637795276
  0
CIRCLE
  5
C9D
330
1A
100
AcDbEntity
  8
BLACK
100
AcDbCircle
 10
-1.47
 20
2.6149999999999998
 30
0
 40
0.0068897637795276
  0
CIRCLE
  5
C9E
330
1A
100
AcDbEntity
  8
BLACK
100
AcDbCircle
 10
-1.47
 20
2.7149999999999999
 30
0
 40
0.0068897637795276
  0
CIRCLE
  5
C9F
330
1A
100
AcDbEntity
  8
BLACK
100
AcDbCircle
 10
-1.3699999999999999
 20
2.6149999999999998
 30
0
 40
0.0068897637795276
  0
CIRCLE
  5
CA0
330
1A
100
AcDbEntity
  8
BLACK
100
AcDbCircle
 10
-1.3699999999999999
 20
2.7149999999999999
 30
0
 40
0.0068897637795276
  0
CIRCLE
  5
CA1
330
1A
100
AcDbEntity
  8
BLACK
100
AcDbCircle
 10
0.33
 20
2.0049999999999999
 30
0
 40
0.0068897637795276
  0
CIRCLE
  5
CA2
330
1A
100
AcDbEntity
  8
BLACK
100
AcDbCircle
 10
0.43
 20
2.0049999999999999
 30
0
 40
0.0068897637795276
  0
CIRCLE
  5
CA3
330
1A
100
AcDbEntity
  8
BLACK
100
AcDbCircle
 10
-1.1699999999999999
 20
0.535
 30
0
 40
0.0068897637795276
  0
CIRCLE
  5
CA4
330
1A
100
AcDbEntity
  8
BLACK
100
AcDbCircle
 10
-1.1699999999999999
 20
0.635
 30
0
 40
0.0068897637795276
  0
CIRCLE
  5
CA5
330
1A
100
AcDbEntity
  8
BLACK
100
AcDbCircle
 10
-1.0700000000000001
 20
0.535
 30
0
 40
0.0068897637795276
  0
CIRCLE
  5
CA6
330
1A
100
AcDbEntity
  8
BLACK
100
AcDbCircle
 10
-1.0700000000000001
 20
0.635
 30
0
 40
0.0068897637795276
  0
CIRCLE
  5
CA7
330
1A
100
AcDbEntity
  8
BLACK
100
AcDbCircle
 10
-0.97
 20
0.535
 30
0
 40
0.0068897637795276
  0
CIRCLE
  5
CA8
330
1A
100
AcDbEntity
  8
BLACK
100
AcDbCircle
 10
-0.97
 20
0.635
 30
0
 40
0.0068897637795276
  0
CIRCLE
  5
CA9
330
1A
100
AcDbEntity
  8
BLACK
100
AcDbCircle
 10
-0.87
 20
0.535
 30
0
 40
0.0068897637795276
  0
CIRCLE
  5
CAA
330
1A
100
AcDbEntity
  8
BLACK
100
AcDbCircle
 10
-0.87
 20
0.635
 30
0
 40
0.0068897637795276
  0
CIRCLE
  5
CAB
330
1A
100
AcDbEntity
  8
BLACK
100
AcDbCircle
 10
-0.77
 20
0.535
 30
0
 40
0.0068897637795276
  0
CIRCLE
  5
CAC
330
1A
100
AcDbEntity
  8
BLACK
100
AcDbCircle
 10
-0.77
 20
0.635
 30
0
 40
0.0068897637795276
  0
CIRCLE
  5
CAD
330
1A
100
AcDbEntity
  8
BLACK
100
AcDbCircle
 10
1.5682677165354331
 20
1.7659448818897638
 30
0
 40
0.0068897637795276
  0
CIRCLE
  5
CAE
330
1A
100
AcDbEntity
  8
BLACK
100
AcDbCircle
 10
1.6682677165354329
 20
1.7659448818897638
 30
0
 40
0.0068897637795276
  0
CIRCLE
  5
CAF
330
1A
100
AcDbEntity
  8
BLACK
100
AcDbCircle
 10
1.5682677165354331
 20
1.6659448818897638
 30
0
 40
0.0068897637795276
  0
CIRCLE
  5
CB0
330
1A
100
AcDbEntity
  8
BLACK
100
AcDbCircle
 10
1.6682677165354329
 20
1.6659448818897638
 30
0
 40
0.0068897637795276
  0
CIRCLE
  5
CB1
330
1A
100
AcDbEntity
  8
BLACK
100
AcDbCircle
 10
1.5682677165354331
 20
1.5659448818897637
 30
0
 40
0.0068897637795276
  0
CIRCLE
  5
CB2
330
1A
100
AcDbEntity
  8
BLACK
100
AcDbCircle
 10
1.6682677165354329
 20
1.5659448818897637
 30
0
 40
0.0068897637795276
  0
CIRCLE
  5
CB3
330
1A
100
AcDbEntity
  8
BLACK
100
AcDbCircle
 10
-0.9194488188976377
 20
2.2426181102362204
 30
0
 40
0.0039370078740157
  0
CIRCLE
  5
CB4
330
1A
100
AcDbEntity
  8
BLACK
100
AcDbCircle
 10
-0.9607874015748031
 20
2.2426181102362204
 30
0
 40
0.0039370078740157
  0
CIRCLE
  5
CB5
330
1A
100
AcDbEntity
  8
BLACK
100
AcDbCircle
 10
-1.0021259842519685
 20
2.2426181102362204
 30
0
 40
0.0039370078740157
  0
CIRCLE
  5
CB6
330
1A
100
AcDbEntity
  8
BLACK
100
AcDbCircle
 10
-0.9194488188976377
 20
2.2012795275590551
 30
0
 40
0.0039370078740157
  0
CIRCLE
  5
CB7
330
1A
100
AcDbEntity
  8
BLACK
100
AcDbCircle
 10
-0.9607874015748031
 20
2.2012795275590551
 30
0
 40
0.0039370078740157
  0
CIRCLE
  5
CB8
330
1A
100
AcDbEntity
  8
BLACK
100
AcDbCircle
 10
-1.0021259842519685
 20
2.2012795275590551
 30
0
 40
0.0039370078740157
  0
CIRCLE
  5
CB9
330
1A
100
AcDbEntity
  8
BLACK
100
AcDbCircle
 10
-0.9194488188976377
 20
2.1599409448818898
 30
0
 40
0.0039370078740157
  0
CIRCLE
  5
CBA
330
1A
100
AcDbEntity
  8
BLACK
100
AcDbCircle
 10
-0.9607874015748031
 20
2.1599409448818898
 30
0
 40
0.0039370078740157
  0
CIRCLE
  5
CBB
330
1A
100
AcDbEntity
  8
BLACK
100
AcDbCircle
 10
-1.0021259842519685
 20
2.1599409448818898
 30
0
 40
0.0039370078740157
  0
CIRCLE
  5
CBC
330
1A
100
AcDbEntity
  8
BLACK
100
AcDbCircle
 10
-0.4301574803149606
 20
2.3624015748031497
 30
0
 40
0.0068897637795276
  0
CIRCLE
  5
CBD
330
1A
100
AcDbEntity
  8
BLACK
100
AcDbCircle
 10
-0.3907874015748031
 20
2.3624015748031497
 30
0
 40
0.0068897637795276
  0
CIRCLE
  5
CBE
330
1A
100
AcDbEntity
  8
BLACK
100
AcDbCircle
 10
1.7
 20
1.9450000000000001
 30
0
 40
0.0068897637795276
  0
CIRCLE
  5
CBF
330
1A
100
AcDbEntity
  8
BLACK
100
AcDbCircle
 10
1.5999999999999999
 20
1.9450000000000001
 30
0
 40
0.0068897637795276
  0
CIRCLE
  5
CC0
330
1A
100
AcDbEntity
  8
BLACK
100
AcDbCircle
 10
1.7
 20
2.0449999999999999
 30
0
 40
0.0068897637795276
  0
CIRCLE
  5
CC1
330
1A
100
AcDbEntity
  8
BLACK
100
AcDbCircle
 10
1.5999999999999999
 20
2.0449999999999999
 30
0
 40
0.0068897637795276
  0
CIRCLE
  5
CC2
330
1A
100
AcDbEntity
  8
BLACK
100
AcDbCircle
 10
1.7
 20
2.145
 30
0
 40
0.0068897637795276
  0
CIRCLE
  5
CC3
330
1A
100
AcDbEntity
  8
BLACK
100
AcDbCircle
 10
1.5999999999999999
 20
2.145
 30
0
 40
0.0068897637795276
  0
CIRCLE
  5
CC4
330
1A
100
AcDbEntity
  8
BLACK
100
AcDbCircle
 10
-0.24
 20
0.635
 30
0
 40
0.0068897637795276
  0
CIRCLE
  5
CC5
330
1A
100
AcDbEntity
  8
BLACK
100
AcDbCircle
 10
-0.24
 20
0.535
 30
0
 40
0.0068897637795276
  0
CIRCLE
  5
CC6
330
1A
100
AcDbEntity
  8
BLACK
100
AcDbCircle
 10
-0.34
 20
0.635
 30
0
 40
0.0068897637795276
  0
CIRCLE
  5
CC7
330
1A
100
AcDbEntity
  8
BLACK
100
AcDbCircle
 10
-0.34
 20
0.535
 30
0
 40
0.0068897637795276
  0
CIRCLE
  5
CC8
330
1A
100
AcDbEntity
  8
BLACK
100
AcDbCircle
 10
-0.44
 20
0.635
 30
0
 40
0.0068897637795276
  0
CIRCLE
  5
CC9
330
1A
100
AcDbEntity
  8
BLACK
100
AcDbCircle
 10
-0.44
 20
0.535
 30
0
 40
0.0068897637795276
  0
CIRCLE
  5
CCA
330
1A
100
AcDbEntity
  8
BLACK
100
AcDbCircle
 10
-0.54
 20
0.635
 30
0
 40
0.0068897637795276
  0
CIRCLE
  5
CCB
330
1A
100
AcDbEntity
  8
BLACK
100
AcDbCircle
 10
-0.54
 20
0.535
 30
0
 40
0.0068897637795276
  0
CIRCLE
  5
CCC
330
1A
100
AcDbEntity
  8
BLACK
100
AcDbCircle
 10
-0.64
 20
0.635
 30
0
 40
0.0068897637795276
  0
CIRCLE
  5
CCD
330
1A
100
AcDbEntity
  8
BLACK
100
AcDbCircle
 10
-0.64
 20
0.535
 30
0
 40
0.0068897637795276
  0
CIRCLE
  5
CCE
330
1A
100
AcDbEntity
  8
BLACK
100
AcDbCircle
 10
-1.99
 20
2.625
 30
0
 40
0.0068897637795276
  0
CIRCLE
  5
CCF
330
1A
100
AcDbEntity
  8
BLACK
100
AcDbCircle
 10
1.6099999999999999
 20
2.625
 30
0
 40
0.0068897637795276
  0
CIRCLE
  5
CD0
330
1A
100
AcDbEntity
  8
BLACK
100
AcDbCircle
 10
-1.2407874015748031
 20
2.6364173228346455
 30
0
 40
0.0068897637795276
  0
CIRCLE
  5
CD1
330
1A
100
AcDbEntity
  8
BLACK
100
AcDbCircle
 10
-1.2407874015748031
 20
2.7364173228346456
 30
0
 40
0.0068897637795276
  0
CIRCLE
  5
CD2
330
1A
100
AcDbEntity
  8
BLACK
100
AcDbCircle
 10
-1.1407874015748032
 20
2.6364173228346455
 30
0
 40
0.0068897637795276
  0
CIRCLE
  5
CD3
330
1A
100
AcDbEntity
  8
BLACK
100
AcDbCircle
 10
-1.1407874015748032
 20
2.7364173228346456
 30
0
 40
0.0068897637795276
  0
CIRCLE
  5
CD4
330
1A
100
AcDbEntity
  8
BLACK
100
AcDbCircle
 10
-1.0407874015748031
 20
2.6364173228346455
 30
0
 40
0.0068897637795276
  0
CIRCLE
  5
CD5
330
1A
100
AcDbEntity
  8
BLACK
100
AcDbCircle
 10
-1.0407874015748031
 20
2.7364173228346456
 30
0
 40
0.0068897637795276
  0
CIRCLE
  5
CD6
330
1A
100
AcDbEntity
  8
BLACK
100
AcDbCircle
 10
-0.9407874015748031
 20
2.6364173228346455
 30
0
 40
0.0068897637795276
  0
CIRCLE
  5
CD7
330
1A
100
AcDbEntity
  8
BLACK
100
AcDbCircle
 10
-0.9407874015748031
 20
2.7364173228346456
 30
0
 40
0.0068897637795276
  0
CIRCLE
  5
CD8
330
1A
100
AcDbEntity
  8
BLACK
100
AcDbCircle
 10
-0.8407874015748031
 20
2.6364173228346455
 30
0
 40
0.0068897637795276
  0
CIRCLE
  5
CD9
330
1A
100
AcDbEntity
  8
BLACK
100
AcDbCircle
 10
-0.8407874015748031
 20
2.7364173228346456
 30
0
 40
0.0068897637795276
  0
CIRCLE
  5
CDA
330
1A
100
AcDbEntity
  8
BLACK
100
AcDbCircle
 10
-0.7407874015748032
 20
2.6364173228346455
 30
0
 40
0.0068897637795276
  0
CIRCLE
  5
CDB
330
1A
100
AcDbEntity
  8
BLACK
100
AcDbCircle
 10
-0.7407874015748032
 20
2.7364173228346456
 30
0
 40
0.0068897637795276
  0
CIRCLE
  5
CDC
330
1A
100
AcDbEntity
  8
BLACK
100
AcDbCircle
 10
-0.6407874015748032
 20
2.6364173228346455
 30
0
 40
0.0068897637795276
  0
CIRCLE
  5
CDD
330
1A
100
AcDbEntity
  8
BLACK
100
AcDbCircle
 10
-0.6407874015748032
 20
2.7364173228346456
 30
0
 40
0.0068897637795276
  0
CIRCLE
  5
CDE
330
1A
100
AcDbEntity
  8
BLACK
100
AcDbCircle
 10
-0.5035826771653543
 20
2.6374015748031496
 30
0
 40
0.0068897637795276
  0
CIRCLE
  5
CDF
330
1A
100
AcDbEntity
  8
BLACK
100
AcDbCircle
 10
-0.5035826771653543
 20
2.7374015748031497
 30
0
 40
0.0068897637795276
  0
CIRCLE
  5
CE0
330
1A
100
AcDbEntity
  8
BLACK
100
AcDbCircle
 10
-0.4035826771653543
 20
2.6374015748031496
 30
0
 40
0.0068897637795276
  0
CIRCLE
  5
CE1
330
1A
100
AcDbEntity
  8
BLACK
100
AcDbCircle
 10
-0.4035826771653543
 20
2.7374015748031497
 30
0
 40
0.0068897637795276
  0
CIRCLE
  5
CE2
330
1A
100
AcDbEntity
  8
BLACK
100
AcDbCircle
 10
-0.3035826771653543
 20
2.6374015748031496
 30
0
 40
0.0068897637795276
  0
CIRCLE
  5
CE3
330
1A
100
AcDbEntity
  8
BLACK
100
AcDbCircle
 10
-0.3035826771653543
 20
2.7374015748031497
 30
0
 40
0.0068897637795276
  0
CIRCLE
  5
CE4
330
1A
100
AcDbEntity
  8
BLACK
100
AcDbCircle
 10
-1.99
 20
0.625
 30
0
 40
0.0068897637795276
  0
CIRCLE
  5
CE5
330
1A
100
AcDbEntity
  8
BLACK
100
AcDbCircle
 10
-1.2793700787401574
 20
1.8277559055118109
 30
0
 40
0.0068897637795276
  0
CIRCLE
  5
CE6
330
1A
100
AcDbEntity
  8
BLACK
100
AcDbCircle
 10
-1.2793700787401574
 20
1.0009842519685039
 30
0
 40
0.0068897637795276
  0
CIRCLE
  5
CE7
330
1A
100
AcDbEntity
  8
BLACK
100
AcDbCircle
 10
-1.99
 20
2.2050000000000001
 30
0
 40
0.0068897637795276
  0
CIRCLE
  5
CE8
330
1A
100
AcDbEntity
  8
BLACK
100
AcDbCircle
 10
-2.0899999999999999
 20
2.3050000000000002
 30
0
 40
0.0068897637795276
  0
CIRCLE
  5
CE9
330
1A
100
AcDbEntity
  8
BLACK
100
AcDbCircle
 10
-2.0899999999999999
 20
2.105
 30
0
 40
0.0068897637795276
  0
CIRCLE
  5
CEA
330
1A
100
AcDbEntity
  8
BLACK
100
AcDbCircle
 10
-1.8899999999999999
 20
2.3050000000000002
 30
0
 40
0.0068897637795276
  0
CIRCLE
  5
CEB
330
1A
100
AcDbEntity
  8
BLACK
100
AcDbCircle
 10
-1.8899999999999999
 20
2.105
 30
0
 40
0.0068897637795276
  0
CIRCLE
  5
CEC
330
1A
100
AcDbEntity
  8
BLACK
100
AcDbCircle
 10
0.9399999999999999
 20
2.4049999999999998
 30
0
 40
0.0068897637795276
  0
CIRCLE
  5
CED
330
1A
100
AcDbEntity
  8
BLACK
100
AcDbCircle
 10
1.235275590551181
 20
2.4049999999999998
 30
0
 40
0.0068897637795276
  0
CIRCLE
  5
CEE
330
1A
100
AcDbEntity
  8
BLACK
100
AcDbCircle
 10
-1.0069291338582678
 20
1.776496062992126
 30
0
 40
0.0068897637795276
  0
CIRCLE
  5
CEF
330
1A
100
AcDbEntity
  8
BLACK
100
AcDbCircle
 10
-0.9069291338582677
 20
1.776496062992126
 30
0
 40
0.0068897637795276
  0
CIRCLE
  5
CF0
330
1A
100
AcDbEntity
  8
BLACK
100
AcDbCircle
 10
1.6099999999999999
 20
0.625
 30
0
 40
0.0068897637795276
  0
CIRCLE
  5
CF1
330
1A
100
AcDbEntity
  8
BLACK
100
AcDbCircle
 10
-1.47
 20
2.6149999999999998
 30
0
 40
0.0068897637795276
  0
CIRCLE
  5
CF2
330
1A
100
AcDbEntity
  8
BLACK
100
AcDbCircle
 10
-1.47
 20
2.7149999999999999
 30
0
 40
0.0068897637795276
  0
CIRCLE
  5
CF3
330
1A
100
AcDbEntity
  8
BLACK
100
AcDbCircle
 10
-1.3699999999999999
 20
2.6149999999999998
 30
0
 40
0.0068897637795276
  0
CIRCLE
  5
CF4
330
1A
100
AcDbEntity
  8
BLACK
100
AcDbCircle
 10
-1.3699999999999999
 20
2.7149999999999999
 30
0
 40
0.0068897637795276
  0
CIRCLE
  5
CF5
330
1A
100
AcDbEntity
  8
BLACK
100
AcDbCircle
 10
0.33
 20
2.0049999999999999
 30
0
 40
0.0068897637795276
  0
CIRCLE
  5
CF6
330
1A
100
AcDbEntity
  8
BLACK
100
AcDbCircle
 10
0.43
 20
2.0049999999999999
 30
0
 40
0.0068897637795276
  0
CIRCLE
  5
CF7
330
1A
100
AcDbEntity
  8
BLACK
100
AcDbCircle
 10
-1.1699999999999999
 20
0.535
 30
0
 40
0.0068897637795276
  0
CIRCLE
  5
CF8
330
1A
100
AcDbEntity
  8
BLACK
100
AcDbCircle
 10
-1.1699999999999999
 20
0.635
 30
0
 40
0.0068897637795276
  0
CIRCLE
  5
CF9
330
1A
100
AcDbEntity
  8
BLACK
100
AcDbCircle
 10
-1.0700000000000001
 20
0.535
 30
0
 40
0.0068897637795276
  0
CIRCLE
  5
CFA
330
1A
100
AcDbEntity
  8
BLACK
100
AcDbCircle
 10
-1.0700000000000001
 20
0.635
 30
0
 40
0.0068897637795276
  0
CIRCLE
  5
CFB
330
1A
100
AcDbEntity
  8
BLACK
100
AcDbCircle
 10
-0.97
 20
0.535
 30
0
 40
0.0068897637795276
  0
CIRCLE
  5
CFC
330
1A
100
AcDbEntity
  8
BLACK
100
AcDbCircle
 10
-0.97
 20
0.635
 30
0
 40
0.0068897637795276
  0
CIRCLE
  5
CFD
330
1A
100
AcDbEntity
  8
BLACK
100
AcDbCircle
 10
-0.87
 20
0.535
 30
0
 40
0.0068897637795276
  0
CIRCLE
  5
CFE
330
1A
100
AcDbEntity
  8
BLACK
100
AcDbCircle
 10
-0.87
 20
0.635
 30
0
 40
0.0068897637795276
  0
CIRCLE
  5
CFF
330
1A
100
AcDbEntity
  8
BLACK
100
AcDbCircle
 10
-0.77
 20
0.535
 30
0
 40
0.0068897637795276
  0
CIRCLE
  5
D00
330
1A
100
AcDbEntity
  8
BLACK
100
AcDbCircle
 10
-0.77
 20
0.635
 30
0
 40
0.0068897637795276
  0
CIRCLE
  5
D01
330
1A
100
AcDbEntity
  8
BLACK
100
AcDbCircle
 10
1.5682677165354331
 20
1.7659448818897638
 30
0
 40
0.0068897637795276
  0
CIRCLE
  5
D02
330
1A
100
AcDbEntity
  8
BLACK
100
AcDbCircle
 10
1.6682677165354329
 20
1.7659448818897638
 30
0
 40
0.0068897637795276
  0
CIRCLE
  5
D03
330
1A
100
AcDbEntity
  8
BLACK
100
AcDbCircle
 10
1.5682677165354331
 20
1.6659448818897638
 30
0
 40
0.0068897637795276
  0
CIRCLE
  5
D04
330
1A
100
AcDbEntity
  8
BLACK
100
AcDbCircle
 10
1.6682677165354329
 20
1.6659448818897638
 30
0
 40
0.0068897637795276
  0
CIRCLE
  5
D05
330
1A
100
AcDbEntity
  8
BLACK
100
AcDbCircle
 10
1.5682677165354331
 20
1.5659448818897637
 30
0
 40
0.0068897637795276
  0
CIRCLE
  5
D06
330
1A
100
AcDbEntity
  8
BLACK
100
AcDbCircle
 10
1.6682677165354329
 20
1.5659448818897637
 30
0
 40
0.0068897637795276
  0
CIRCLE
  5
D07
330
1A
100
AcDbEntity
  8
BLACK
100
AcDbCircle
 10
-0.9194488188976377
 20
2.2426181102362204
 30
0
 40
0.0039370078740157
  0
CIRCLE
  5
D08
330
1A
100
AcDbEntity
  8
BLACK
100
AcDbCircle
 10
-0.9607874015748031
 20
2.2426181102362204
 30
0
 40
0.0039370078740157
  0
CIRCLE
  5
D09
330
1A
100
AcDbEntity
  8
BLACK
100
AcDbCircle
 10
-1.0021259842519685
 20
2.2426181102362204
 30
0
 40
0.0039370078740157
  0
CIRCLE
  5
D0A
330
1A
100
AcDbEntity
  8
BLACK
100
AcDbCircle
 10
-0.9194488188976377
 20
2.2012795275590551
 30
0
 40
0.0039370078740157
  0
CIRCLE
  5
D0B
330
1A
100
AcDbEntity
  8
BLACK
100
AcDbCircle
 10
-0.9607874015748031
 20
2.2012795275590551
 30
0
 40
0.0039370078740157
  0
CIRCLE
  5
D0C
330
1A
100
AcDbEntity
  8
BLACK
100
AcDbCircle
 10
-1.0021259842519685
 20
2.2012795275590551
 30
0
 40
0.0039370078740157
  0
CIRCLE
  5
D0D
330
1A
100
AcDbEntity
  8
BLACK
100
AcDbCircle
 10
-0.9194488188976377
 20
2.1599409448818898
 30
0
 40
0.0039370078740157
  0
CIRCLE
  5
D0E
330
1A
100
AcDbEntity
  8
BLACK
100
AcDbCircle
 10
-0.9607874015748031
 20
2.1599409448818898
 30
0
 40
0.0039370078740157
  0
CIRCLE
  5
D0F
330
1A
100
AcDbEntity
  8
BLACK
100
AcDbCircle
 10
-1.0021259842519685
 20
2.1599409448818898
 30
0
 40
0.0039370078740157
  0
CIRCLE
  5
D10
330
1A
100
AcDbEntity
  8
BLACK
100
AcDbCircle
 10
-0.4301574803149606
 20
2.3624015748031497
 30
0
 40
0.0068897637795276
  0
CIRCLE
  5
D11
330
1A
100
AcDbEntity
  8
BLACK
100
AcDbCircle
 10
-0.3907874015748031
 20
2.3624015748031497
 30
0
 40
0.0068897637795276
  0
ENDSEC
  0
SECTION
  2
OBJECTS
  0
DICTIONARY
  5
20
330
0
100
AcDbDictionary
281
1
  3
ACAD_GROUP
350
D12
  3
ACAD_LAYOUT
350
21
  3
ACAD_PLOTSTYLENAME
350
11
  0
DICTIONARY
  5
D12
330
20
100
AcDbDictionary
281
1
  0
ACDBDICTIONARYWDFLT
  5
11
330
20
100
AcDbDictionary
281
1
  3
Normal
350
10
100
AcDbDictionaryWithDefault
340
10
  0
ACDBPLACEHOLDER
  5
10
330
11
  0
DICTIONARY
  5
21
330
20
100
AcDbDictionary
281
1
  3
Model
350
1D
  3
Layout1
350
1E
  3
Layout2
350
1F
  0
LAYOUT
  5
1D
330
21
100
AcDbPlotSettings
  1

  2
none_device
  4
A3
  6

 40
0.0
 41
0.0
 42
0.0
 43
0.0
 44
420.0
 45
297.0
 46
0.0
 47
0.0
 48
0.0
 49
0.0
140
0.0
141
0.0
142
1.0
143
1.0
 70
1024
 72
1
 73
0
 74
5
  7

 75
16
 76
0
 77
2
 78
300
147
1.0
148
0.0
149
0.0
100
AcDbLayout
  1
Model
 70
1
 71
0
 10
0.0
 20
0.0
 11
420.0
 21
297.0
 12
0.0
 22
0.0
 32
0.0
 14
1e+20
 24
1e+20
 34
1e+20
 15
-1e+20
 25
-1e+20
 35
-1e+20
146
0.0
 13
0.0
 23
0.0
 33
0.0
 16
1.0
 26
0.0
 36
0.0
 17
0.0
 27
1.0
 37
0.0
 76
0
330
1A
  0
LAYOUT
  5
1E
330
21
100
AcDbPlotSettings
  1

  2
none_device
  4
A3
  6

 40
0.0
 41
0.0
 42
0.0
 43
0.0
 44
420.0
 45
297.0
 46
0.0
 47
0.0
 48
0.0
 49
0.0
140
0.0
141
0.0
142
1.0
143
1.0
 70
0
 72
1
 73
0
 74
5
  7

 75
16
 76
0
 77
2
 78
300
147
1.0
148
0.0
149
0.0
100
AcDbLayout
  1
Layout1
 70
1
 71
1
 10
0.0
 20
0.0
 11
420.0
 21
297.0
 12
0.0
 22
0.0
 32
0.0
 14
1e+20
 24
1e+20
 34
1e+20
 15
-1e+20
 25
-1e+20
 35
-1e+20
146
0.0
 13
0.0
 23
0.0
 33
0.0
 16
1.0
 26
0.0
 36
0.0
 17
0.0
 27
1.0
 37
0.0
 76
0
330
1B
  0
LAYOUT
  5
1F
330
21
100
AcDbPlotSettings
  1

  2
none_device
  4
A3
  6

 40
0.0
 41
0.0
 42
0.0
 43
0.0
 44
420.0
 45
297.0
 46
0.0
 47
0.0
 48
0.0
 49
0.0
140
0.0
141
0.0
142
1.0
143
1.0
 70
0
 72
1
 73
0
 74
5
  7

 75
16
 76
0
 77
2
 78
300
147
1.0
148
0.0
149
0.0
100
AcDbLayout
  1
Layout2
 70
1
 71
2
 10
0.0
 20
0.0
 11
420.0
 21
297.0
 12
0.0
 22
0.0
 32
0.0
 14
1e+20
 24
1e+20
 34
1e+20
 15
-1e+20
 25
-1e+20
 35
-1e+20
146
0.0
 13
0.0
 23
0.0
 33
0.0
 16
1.0
 26
0.0
 36
0.0
 17
0.0
 27
1.0
 37
0.0
 76
0
330
1C
  0
ENDSEC
  0
EOF
